1,0,0,0,1,0,0,0,1,0,0,0,0,0,0
1,-1.6677e-05,-1.35149e-05,1.6677e-05,1,-5.55087e-07,1.35149e-05,5.54861e-07,1,4.63134e-07,-4.64663e-07,4.44861e-07,0.000185253,-0.000185865,0.000177945
1,-2.98814e-05,-1.6544e-05,2.98815e-05,1,3.48649e-06,1.65439e-05,-3.48699e-06,1,1.77e-06,-1.03341e-06,1.17101e-06,0.000337492,-4.16314e-05,0.000112514
1,-3.72335e-05,-3.73652e-05,3.72335e-05,1,-3.47435e-07,3.73652e-05,3.46043e-07,1,3.15482e-06,-1.32483e-06,1.72909e-06,0.000216436,-7.49379e-05,0.000110717
1,-4.16467e-05,-4.52062e-05,4.16467e-05,1,-6.31922e-07,4.52062e-05,6.30039e-07,1,4.75868e-06,-1.85289e-06,2.16919e-06,0.000425107,-0.000136286,6.53227e-05
1,-4.2694e-05,-4.31759e-05,4.26937e-05,1,-8.24811e-06,4.31763e-05,8.24627e-06,1,7.50584e-06,-2.85069e-06,2.12626e-06,0.000673756,-0.000262834,-8.24921e-05
1,-3.61139e-05,-4.84693e-05,3.61133e-05,1,-1.31633e-05,4.84698e-05,1.31616e-05,1,8.61228e-06,-4.35642e-06,1.88359e-06,0.000767417,-0.000220047,2.57853e-05
1,-3.95859e-05,-5.89595e-05,3.95858e-05,1,-8.45045e-07,5.89595e-05,8.42711e-07,1,1.06787e-05,-4.75876e-06,1.52417e-06,0.00053653,-0.000209494,-0.000104925
1,-4.26849e-05,-6.52591e-05,4.26853e-05,1,6.23959e-06,6.52588e-05,-6.24238e-06,1,1.2505e-05,-5.39897e-06,9.71616e-07,0.000771902,-0.000426232,-0.000125199
1,-4.7057e-05,-8.2115e-05,4.70568e-05,1,-2.09238e-06,8.21151e-05,2.08852e-06,1,1.40277e-05,-7.39861e-06,8.34211e-07,0.000930923,-0.00038159,-7.19075e-05
1,-4.93519e-05,-8.25105e-05,4.93525e-05,1,6.91376e-06,8.25102e-05,-6.91783e-06,1,1.69208e-05,-7.7801e-06,1.28656e-06,0.00110797,-0.000313791,0.000398625
1,-5.4266e-05,-8.31408e-05,5.42665e-05,1,5.3314e-06,8.31405e-05,-5.33591e-06,1,2.03155e-05,-8.59996e-06,2.68533e-06,0.00116361,-0.000308918,0.00033099
1,-6.84806e-05,-8.56017e-05,6.84816e-05,1,1.19469e-05,8.56009e-05,-1.19528e-05,1,2.31543e-05,-8.31104e-06,3.55043e-06,0.000995732,-0.000188768,0.000286124
1,-7.39343e-05,-9.17846e-05,7.39348e-05,1,5.61604e-06,9.17842e-05,-5.62283e-06,1,2.46731e-05,-9.8353e-06,4.67033e-06,0.000892873,-0.000457696,0.00030205
1,-7.09737e-05,-0.000100825,7.09746e-05,1,8.65983e-06,0.000100825,-8.66699e-06,1,2.4354e-05,-1.0941e-05,5.53283e-06,0.0003926,-0.000553063,0.00045745
1,-6.64026e-05,-0.000110371,6.64048e-05,1,2.01136e-05,0.00011037,-2.01209e-05,1,2.3249e-05,-9.81225e-06,6.56637e-06,0.000627461,-0.000344972,0.000617824
1,-5.91497e-05,-0.000118057,5.91533e-05,1,3.06702e-05,0.000118056,-3.06772e-05,1,2.21081e-05,-7.24715e-06,7.91888e-06,0.000282902,-5.03059e-05,0.00058837
1,-6.32748e-05,-0.000114916,6.32786e-05,1,3.3202e-05,0.000114914,-3.32093e-05,1,2.22863e-05,-5.7208e-06,9.77712e-06,0.000141634,-0.000122446,0.000797351
1,-7.71252e-05,-0.000103512,7.71281e-05,1,2.77589e-05,0.00010351,-2.77669e-05,1,2.51172e-05,-6.61561e-06,1.16911e-05,0.000233777,-0.000220888,0.000655927
1,-7.91215e-05,-0.000116192,7.91241e-05,1,2.17959e-05,0.000116191,-2.18051e-05,1,2.40782e-05,-8.8761e-06,1.30651e-05,0.000170225,-0.000457101,0.000659898
1,-6.41301e-05,-0.000130363,6.41327e-05,1,2.04826e-05,0.000130362,-2.0491e-05,1,2.09971e-05,-1.05849e-05,1.41149e-05,0.000120091,-0.000456374,0.000788096
1,-5.50958e-05,-0.000130505,5.50976e-05,1,1.35384e-05,0.000130504,-1.35455e-05,1,2.00298e-05,-1.33128e-05,1.53602e-05,-7.91457e-05,-0.000436518,0.00063342
1,-5.72113e-05,-0.0001379,5.7213e-05,1,1.25593e-05,0.000137899,-1.25672e-05,1,1.79471e-05,-1.46818e-05,1.62751e-05,-0.000257023,-0.000328077,0.000748247
1,-5.92619e-05,-0.000147193,5.92638e-05,1,1.25491e-05,0.000147192,-1.25579e-05,1,1.5126e-05,-1.51363e-05,1.72681e-05,-0.000220687,-0.000194054,0.000697343
1,-4.79844e-05,-0.000153305,4.79867e-05,1,1.49723e-05,0.000153305,-1.49797e-05,1,1.33129e-05,-1.45627e-05,1.80455e-05,3.39497e-05,-7.26834e-05,0.000714985
1,-6.02148e-05,-0.000168284,6.02166e-05,1,1.09858e-05,0.000168283,-1.09959e-05,1,9.40732e-06,-1.57074e-05,1.91016e-05,-8.31529e-05,-0.000273094,0.00045763
1,-6.79708e-05,-0.000165639,6.79729e-05,1,1.28518e-05,0.000165638,-1.28631e-05,1,9.05637e-06,-1.58807e-05,1.91776e-05,-0.000134051,-0.000229339,0.000227196
1,-7.38301e-05,-0.000164031,7.38323e-05,1,1.391e-05,0.00016403,-1.39221e-05,1,9.89017e-06,-1.56444e-05,1.92854e-05,-6.79556e-05,-6.81831e-05,0.000148908
1,-7.94499e-05,-0.000166285,7.94515e-05,1,1.00809e-05,0.000166284,-1.00941e-05,1,1.03115e-05,-1.61315e-05,2.00659e-05,8.46332e-05,0.000323673,0.000373246
1,-8.46795e-05,-0.000182725,8.46816e-05,1,1.11482e-05,0.000182724,-1.11637e-05,1,6.76723e-06,-1.52004e-05,2.06418e-05,0.000195725,0.0005543,0.000184406
1,-0.000101724,-0.000183533,0.000101728,1,1.77182e-05,0.000183531,-1.77369e-05,1,5.74171e-06,-1.22415e-05,2.08123e-05,-1.48847e-05,0.000774636,0.000220562
1,-0.000108394,-0.00019537,0.000108396,1,1.0551e-05,0.000195369,-1.05722e-05,1,2.13686e-06,-1.31986e-05,2.18826e-05,-6.25515e-05,0.000494295,0.000335784
1,-0.000115135,-0.000206817,0.000115135,1,3.36825e-06,0.000206816,-3.39207e-06,1,-2.13045e-06,-1.57186e-05,2.25894e-05,-7.69514e-05,0.000366126,0.000381303
1,-0.000124379,-0.000216111,0.000124381,1,7.44831e-06,0.00021611,-7.47519e-06,1,-6.06369e-06,-1.52433e-05,2.22991e-05,-0.000170729,0.000335111,0.00019537
1,-0.000126132,-0.000211878,0.000126131,1,-3.74527e-06,0.000211878,3.71855e-06,1,-5.95622e-06,-1.87189e-05,2.29141e-05,1.63295e-05,0.000165306,0.000317482
1,-0.000136272,-0.000215658,0.00013627,1,-6.90044e-06,0.000215659,6.87105e-06,1,-6.39097e-06,-2.08011e-05,2.30506e-05,0.000170189,0.00012321,0.000433038
1,-0.000135227,-0.000221156,0.000135226,1,-3.64278e-06,0.000221157,3.61288e-06,1,-7.76102e-06,-2.02846e-05,2.29492e-05,0.000150261,0.000200851,0.000632842
1,-0.000140436,-0.000218595,0.000140433,1,-1.39374e-05,0.000218597,1.39067e-05,1,-7.75915e-06,-2.33981e-05,2.37466e-05,-0.000185913,6.69789e-05,0.000485891
1,-0.000153754,-0.000218137,0.000153751,1,-1.48066e-05,0.000218139,1.47731e-05,1,-7.9837e-06,-2.46665e-05,2.36481e-05,-0.000331384,6.21361e-05,0.000549335
1,-0.000154715,-0.000227109,0.000154713,1,-1.01704e-05,0.000227111,1.01352e-05,1,-1.09246e-05,-2.35597e-05,2.32993e-05,-0.000341426,9.32394e-05,0.000493719
1,-0.000161669,-0.000222115,0.000161667,1,-1.00807e-05,0.000222117,1.00448e-05,1,-1.04497e-05,-2.29069e-05,2.35931e-05,-0.000163893,0.000286206,0.000764725
1,-0.000157987,-0.000234364,0.000157984,1,-1.3656e-05,0.000234366,1.3619e-05,1,-1.4106e-05,-2.36055e-05,2.4221e-05,-0.000237441,0.000214234,0.000808185
1,-0.000162472,-0.000241469,0.000162469,1,-1.40579e-05,0.000241471,1.40187e-05,1,-1.79141e-05,-2.41159e-05,2.43081e-05,-0.000274781,-2.85211e-05,0.000773697
1,-0.000165837,-0.000235874,0.000165834,1,-1.57811e-05,0.000235876,1.57419e-05,1,-1.80141e-05,-2.50306e-05,2.43537e-05,-0.000374077,-0.000113163,0.000991405
1,-0.000177043,-0.000251135,0.000177038,1,-1.99828e-05,0.000251139,1.99383e-05,1,-2.31535e-05,-2.68169e-05,2.47053e-05,-0.000299115,-0.000268568,0.000995241
1,-0.000168197,-0.000253023,0.000168192,1,-2.1815e-05,0.000253027,2.17724e-05,1,-2.58615e-05,-2.81957e-05,2.4532e-05,-0.000235023,-0.000371394,0.00107249
1,-0.000167313,-0.000256101,0.000167305,1,-3.0034e-05,0.000256106,2.99912e-05,1,-2.80812e-05,-3.15921e-05,2.47681e-05,-7.49934e-05,-0.000475585,0.000992568
1,-0.000173627,-0.000256329,0.000173619,1,-3.20291e-05,0.000256335,3.19846e-05,1,-2.91309e-05,-3.33245e-05,2.44458e-05,5.28973e-05,-0.000289062,0.000876824
1,-0.000169349,-0.000265659,0.000169339,1,-3.79662e-05,0.000265665,3.79212e-05,1,-3.29693e-05,-3.56534e-05,2.45002e-05,-0.000102927,-9.36976e-05,0.000832973
1,-0.000174887,-0.000274982,0.000174877,1,-3.88167e-05,0.000274988,3.87686e-05,1,-3.77958e-05,-3.66432e-05,2.42741e-05,2.44011e-05,-0.000231555,0.000818236
1,-0.000179079,-0.000277119,0.000179067,1,-4.36395e-05,0.000277127,4.35899e-05,1,-4.07957e-05,-3.88027e-05,2.41825e-05,-9.26499e-05,-0.000325787,0.000719168
1,-0.000183561,-0.000273972,0.000183549,1,-4.48955e-05,0.00027398,4.48452e-05,1,-4.16884e-05,-4.01851e-05,2.36468e-05,-0.000199661,-0.000475085,0.000592131
1,-0.000178882,-0.000277616,0.000178867,1,-5.27872e-05,0.000277626,5.27376e-05,1,-4.41903e-05,-4.37383e-05,2.34855e-05,-0.000487074,-0.000725199,0.000563169
1,-0.000178968,-0.000282941,0.000178952,1,-5.59019e-05,0.000282951,5.58513e-05,1,-4.75513e-05,-4.61445e-05,2.30891e-05,-0.000389067,-0.000694761,0.00066561
1,-0.000175715,-0.000273848,0.000175698,1,-6.23402e-05,0.000273859,6.22921e-05,1,-4.62765e-05,-4.94414e-05,2.27761e-05,-0.000162981,-0.00103803,0.000509598
1,-0.000184773,-0.000280467,0.000184755,1,-6.41824e-05,0.000280479,6.41306e-05,1,-4.85172e-05,-5.15101e-05,2.224e-05,-0.000425465,-0.00102943,0.000535443
1,-0.000191219,-0.00029423,0.000191199,1,-6.7806e-05,0.000294243,6.77497e-05,1,-5.46066e-05,-5.32914e-05,2.21492e-05,-0.000542207,-0.000792408,0.00051432
1,-0.000192999,-0.000299682,0.000192977,1,-7.55407e-05,0.000299696,7.54829e-05,1,-5.91231e-05,-5.62049e-05,2.24364e-05,-0.000410164,-0.000733142,0.000695552
1,-0.000183502,-0.00030875,0.000183478,1,-7.72427e-05,0.000308764,7.71861e-05,1,-6.37676e-05,-5.75786e-05,2.22438e-05,-0.000160253,-0.000648498,0.000710849
1,-0.000186416,-0.000322472,0.00018639,1,-8.02632e-05,0.000322487,8.02031e-05,1,-6.99719e-05,-5.90314e-05,2.23536e-05,-9.42113e-05,-0.000706547,0.000869923
1,-0.000192703,-0.000324321,0.000192678,1,-7.5817e-05,0.000324336,7.57545e-05,1,-7.31197e-05,-5.7905e-05,2.19526e-05,-8.34173e-05,-0.000540666,0.000781779
1,-0.000200001,-0.000325814,0.000199976,1,-7.83989e-05,0.00032583,7.83337e-05,1,-7.5129e-05,-5.84001e-05,2.21004e-05,-4.50462e-05,-0.000597261,0.000774645
1,-0.00018485,-0.000329799,0.000184823,1,-8.16007e-05,0.000329814,8.15397e-05,1,-7.72617e-05,-5.98042e-05,2.2071e-05,0.000141066,-0.000690468,0.000849738
1,-0.000182779,-0.000328682,0.000182757,1,-6.54918e-05,0.000328694,6.54318e-05,1,-7.77925e-05,-5.47728e-05,2.10235e-05,-7.90395e-06,-0.000492444,0.000985482
1,-0.000180045,-0.000322854,0.000180022,1,-7.07158e-05,0.000322867,7.06577e-05,1,-7.64605e-05,-5.48274e-05,2.18638e-05,0.000190244,-0.000447801,0.00105045
1,-0.000180426,-0.000333207,0.0001804,1,-7.90146e-05,0.000333221,7.89545e-05,1,-7.9513e-05,-5.77261e-05,2.256e-05,-7.50025e-05,-0.000691823,0.00103207
1,-0.000190479,-0.000347783,0.000190451,1,-8.01822e-05,0.000347798,8.01159e-05,1,-8.54871e-05,-5.91787e-05,2.24124e-05,-4.82038e-05,-0.000600528,0.000829725
1,-0.000184199,-0.000351561,0.000184174,1,-7.04039e-05,0.000351574,7.03391e-05,1,-8.86015e-05,-5.63265e-05,2.14656e-05,0.00013026,-0.000413991,0.000673437
1,-0.000190842,-0.000364387,0.000190816,1,-7.27023e-05,0.000364401,7.26327e-05,1,-9.35839e-05,-5.60459e-05,2.1945e-05,0.000209725,-0.000177721,0.000608321
1,-0.000190117,-0.000357334,0.000190087,1,-8.16839e-05,0.00035735,8.16159e-05,1,-9.29695e-05,-5.90196e-05,2.24699e-05,0.000291919,-0.00045462,0.000487105
1,-0.000190364,-0.000357412,0.000190333,1,-8.62688e-05,0.000357429,8.62008e-05,1,-9.24057e-05,-6.17667e-05,2.23758e-05,0.000414589,-0.000481165,0.000487348
1,-0.000193909,-0.000355964,0.000193877,1,-8.9192e-05,0.000355982,8.91229e-05,1,-9.13467e-05,-6.37902e-05,2.22397e-05,0.000460272,-0.000615308,0.000524672
1,-0.000190108,-0.000363245,0.000190076,1,-8.82957e-05,0.000363261,8.82266e-05,1,-9.29338e-05,-6.44012e-05,2.20342e-05,0.000427852,-0.000791581,0.000748404
1,-0.00019684,-0.000357274,0.000196809,1,-8.65034e-05,0.000357291,8.64331e-05,1,-9.1509e-05,-6.39521e-05,2.20167e-05,0.000199874,-0.000552517,0.000682422
1,-0.000202285,-0.000355707,0.000202255,1,-8.19265e-05,0.000355724,8.18545e-05,1,-9.06484e-05,-6.21933e-05,2.18352e-05,-0.000158584,-0.000560602,0.000481669
1,-0.000205061,-0.000362443,0.000205029,1,-8.85277e-05,0.000362461,8.84533e-05,1,-9.25517e-05,-6.38872e-05,2.24557e-05,-0.000242693,-0.0004109,0.000374243
1,-0.000203601,-0.000348316,0.000203573,1,-8.04678e-05,0.000348332,8.03969e-05,1,-8.80967e-05,-6.1565e-05,2.18494e-05,4.29448e-06,-0.000359811,0.000307677
1,-0.000214349,-0.000347605,0.000214321,1,-7.99727e-05,0.000347622,7.98982e-05,1,-8.55285e-05,-6.08011e-05,2.21135e-05,9.43673e-05,-0.000458361,0.000270742
1,-0.000217977,-0.000349703,0.000217945,1,-9.21727e-05,0.000349723,9.20965e-05,1,-8.48425e-05,-6.48513e-05,2.3059e-05,1.77599e-05,-0.000607587,0.000309663
1,-0.00022909,-0.000351901,0.00022906,1,-8.73077e-05,0.000351921,8.72271e-05,1,-8.46173e-05,-6.44733e-05,2.26282e-05,0.00013334,-0.000552832,0.000292889
1,-0.000234039,-0.00035179,0.000234006,1,-9.29529e-05,0.000351812,9.28706e-05,1,-8.38358e-05,-6.63371e-05,2.31232e-05,0.000214565,-0.000691838,0.000497189
1,-0.000235495,-0.000342301,0.00023546,1,-0.000101966,0.000342325,0.000101886,1,-7.9692e-05,-7.0022e-05,2.35621e-05,0.000501843,-0.000654367,0.000287872
1,-0.000231961,-0.000351786,0.000231926,1,-0.0001008,0.000351809,0.000100718,1,-8.02864e-05,-7.0924e-05,2.31218e-05,0.000514926,-0.000663441,0.000130131
1,-0.000237434,-0.000360997,0.000237395,1,-0.000107795,0.000361023,0.00010771,1,-8.30834e-05,-7.36727e-05,2.35633e-05,0.000292042,-0.000620224,0.00018491
1,-0.000253178,-0.000350773,0.00025314,1,-0.000106966,0.0003508,0.000106877,1,-8.04464e-05,-7.41454e-05,2.34162e-05,0.000314336,-0.00057674,7.70997e-05
1,-0.000260995,-0.000361477,0.000260956,1,-0.000106352,0.000361504,0.000106258,1,-8.2411e-05,-7.40566e-05,2.35525e-05,0.000234507,-0.00058872,0.00031615
1,-0.000257151,-0.000362594,0.000257112,1,-0.00010841,0.000362622,0.000108317,1,-8.31388e-05,-7.46279e-05,2.38911e-05,0.000154869,-0.000494513,0.000267053
1,-0.000254125,-0.000371833,0.000254083,1,-0.000112076,0.000371862,0.000111981,1,-8.61806e-05,-7.61959e-05,2.41035e-05,-9.00556e-05,-0.000621701,-7.00362e-06
1,-0.000259452,-0.000371467,0.000259412,1,-0.000106442,0.000371495,0.000106346,1,-8.70195e-05,-7.49161e-05,2.35485e-05,-0.00021096,-0.000456063,-0.000195666
1,-0.000265365,-0.000375005,0.000265323,1,-0.000111962,0.000375035,0.000111862,1,-8.85054e-05,-7.65258e-05,2.40302e-05,-0.000472397,-0.000689163,-6.74873e-05
1,-0.000271588,-0.000382309,0.000271543,1,-0.000116718,0.000382341,0.000116615,1,-9.13402e-05,-7.85981e-05,2.44231e-05,-0.000524922,-0.000505829,-4.8793e-05
1,-0.000267596,-0.000378283,0.000267556,1,-0.000106449,0.000378311,0.000106348,1,-9.07041e-05,-7.5814e-05,2.36295e-05,-0.000447244,-0.000723321,-7.90694e-06
1,-0.000274024,-0.000383525,0.000273981,1,-0.00011343,0.000383556,0.000113325,1,-9.20845e-05,-7.7683e-05,2.43559e-05,-0.000571112,-0.000922632,0.000138001
1,-0.00026883,-0.000378308,0.000268786,1,-0.000114434,0.000378338,0.000114332,1,-9.08181e-05,-7.874e-05,2.42478e-05,-0.000515166,-0.000909771,1.4647e-05
1,-0.000274279,-0.000386266,0.000274235,1,-0.000114379,0.000386297,0.000114274,1,-9.2746e-05,-7.9379e-05,2.39731e-05,-0.000536217,-0.00106796,-0.000303687
1,-0.000268286,-0.000402228,0.000268236,1,-0.000125143,0.000402262,0.000125036,1,-9.86726e-05,-8.36169e-05,2.43506e-05,-0.000670814,-0.00113345,-0.000301265
1,-0.000275234,-0.000414903,0.000275179,1,-0.000131589,0.00041494,0.000131475,1,-0.000104782,-8.69494e-05,2.45517e-05,-0.000493979,-0.000844246,-0.000245246
1,-0.00027382,-0.000407255,0.000273768,1,-0.000126961,0.000407289,0.000126849,1,-0.000104726,-8.62254e-05,2.39885e-05,-0.000848638,-0.000901999,-9.00695e-05
1,-0.000266941,-0.000422578,0.000266883,1,-0.00013763,0.000422615,0.000137518,1,-0.000110334,-8.99567e-05,2.46653e-05,-0.00106784,-0.00118292,-2.42401e-05
1,-0.000269172,-0.000422248,0.000269117,1,-0.000132296,0.000422284,0.000132183,1,-0.000112777,-8.94862e-05,2.40672e-05,-0.001301,-0.00118726,0.000169045
1,-0.000271325,-0.000441768,0.000271262,1,-0.000141919,0.000441807,0.000141799,1,-0.000120087,-9.27013e-05,2.47848e-05,-0.000941775,-0.00122939,0.000176068
1,-0.000269475,-0.000439139,0.000269408,1,-0.000151985,0.00043918,0.000151867,1,-0.000121829,-9.69581e-05,2.52082e-05,-0.000878935,-0.0011224,0.000444468
1,-0.000270828,-0.000449465,0.000270763,1,-0.000145049,0.000449504,0.000144928,1,-0.000125914,-9.59677e-05,2.43757e-05,-0.000893734,-0.00119038,0.000182994
1,-0.000285813,-0.000460332,0.000285741,1,-0.000155211,0.000460377,0.000155079,1,-0.000131476,-9.92035e-05,2.49463e-05,-0.00104977,-0.00106556,0.000226276
1,-0.000303074,-0.000466434,0.000303,1,-0.000157515,0.000466481,0.000157374,1,-0.000136098,-0.000100891,2.4827e-05,-0.00121484,-0.00117655,0.000246207
1,-0.000312626,-0.000467796,0.000312551,1,-0.000161571,0.000467846,0.000161425,1,-0.000139047,-0.000102944,2.4654e-05,-0.00144916,-0.00122983,0.000208468
1,-0.000311083,-0.000467188,0.000311008,1,-0.000160622,0.000467238,0.000160476,1,-0.00014043,-0.000103337,2.40947e-05,-0.00125306,-0.00115082,0.000198278
1,-0.000310863,-0.000475229,0.000310784,1,-0.000165297,0.000475281,0.00016515,1,-0.000143769,-0.00010505,2.41719e-05,-0.00115698,-0.00108434,0.000185782
1,-0.00030565,-0.000475862,0.000305572,1,-0.000163548,0.000475912,0.000163402,1,-0.000145383,-0.000104873,2.38499e-05,-0.000950172,-0.000972134,0.000354984
1,-0.000299145,-0.000482562,0.000299065,1,-0.000166189,0.000482612,0.000166045,1,-0.000148535,-0.000105587,2.39834e-05,-0.00103614,-0.000812648,0.000236161
1,-0.000302583,-0.000470065,0.000302506,1,-0.000163128,0.000470115,0.000162986,1,-0.00014599,-0.000104803,2.35306e-05,-0.000710702,-0.000935412,0.000212902
1,-0.000322867,-0.00048198,0.000322783,1,-0.000173817,0.000482036,0.000173661,1,-0.000149091,-0.000108596,2.41302e-05,-0.000627994,-0.00132817,0.000260209
1,-0.000319125,-0.000497136,0.000319039,1,-0.000172965,0.000497191,0.000172806,1,-0.00015543,-0.000109737,2.34929e-05,-0.000703005,-0.0011873,0.00014576
1,-0.000320162,-0.000495248,0.000320078,1,-0.00017044,0.000495303,0.000170281,1,-0.000157506,-0.000109244,2.2962e-05,-0.000543693,-0.00114113,0.000193874
1,-0.000328313,-0.000494189,0.000328226,1,-0.000177346,0.000494247,0.000177184,1,-0.000158257,-0.000111442,2.33398e-05,-0.000483038,-0.00117519,0.000289646
1,-0.000339738,-0.000501689,0.000339649,1,-0.000177399,0.000501749,0.000177229,1,-0.000161195,-0.000112133,2.31452e-05,-0.000424881,-0.00117188,0.000247773
1,-0.000340433,-0.000507272,0.000340342,1,-0.000179588,0.000507333,0.000179415,1,-0.00016434,-0.000112982,2.31277e-05,-0.000378155,-0.000987153,0.000352262
1,-0.000347813,-0.000517177,0.000347718,1,-0.000183721,0.000517241,0.000183542,1,-0.000169015,-0.000114592,2.3334e-05,-0.000445012,-0.00110442,0.000333871
1,-0.000353322,-0.000528037,0.000353221,1,-0.000190474,0.000528104,0.000190288,1,-0.000174511,-0.000117284,2.36761e-05,-0.000394846,-0.000925562,0.000514826
1,-0.000357371,-0.000541083,0.000357269,1,-0.000189578,0.000541151,0.000189384,1,-0.000180968,-0.000117533,2.36219e-05,-0.000555184,-0.000874944,0.000711353
1,-0.000349708,-0.00054617,0.000349605,1,-0.000189287,0.000546236,0.000189096,1,-0.000185406,-0.000117538,2.3524e-05,-0.000662102,-0.00089713,0.000617367
1,-0.000353381,-0.00054066,0.00035328,1,-0.000186929,0.000540726,0.000186738,1,-0.000185285,-0.000116864,2.31863e-05,-0.000360019,-0.000854454,0.000413135
1,-0.000363693,-0.000545888,0.000363586,1,-0.000197266,0.00054596,0.000197067,1,-0.000187016,-0.000120273,2.38028e-05,-0.000512796,-0.000951159,0.000463061
1,-0.000372557,-0.000544157,0.000372451,1,-0.000195427,0.000544229,0.000195224,1,-0.000187166,-0.000120716,2.33794e-05,-0.00040379,-0.000930938,0.000471872
1,-0.000370848,-0.000546743,0.000370741,1,-0.000195107,0.000546815,0.000194904,1,-0.000187933,-0.000120707,2.32844e-05,-0.000332411,-0.00083705,0.000620129
1,-0.000367699,-0.000558831,0.00036759,1,-0.000194519,0.000558902,0.000194314,1,-0.000191961,-0.000120402,2.34063e-05,-0.000319904,-0.000748486,0.000594757
1,-0.000364841,-0.000549195,0.000364734,1,-0.000194877,0.000549266,0.000194677,1,-0.000190181,-0.000120483,2.33668e-05,-0.000183502,-0.000798244,0.000444612
1,-0.000375003,-0.000558072,0.0003749,1,-0.000183808,0.000558141,0.000183598,1,-0.000192139,-0.000116705,2.28376e-05,-0.000280087,-0.000571919,0.000460763
1,-0.00038455,-0.000552063,0.000384449,1,-0.000184237,0.000552134,0.000184024,1,-0.000190932,-0.000115434,2.32791e-05,-0.000258843,-0.000409906,0.000254632
1,-0.000386085,-0.000555343,0.000385986,1,-0.000179016,0.000555413,0.000178802,1,-0.000191093,-0.000113163,2.32636e-05,-3.29808e-05,-0.000488373,0.000461608
1,-0.000384379,-0.000562686,0.000384277,1,-0.000182504,0.000562756,0.000182287,1,-0.000192789,-0.000113732,2.38552e-05,0.000288263,-0.000554793,0.000389943
1,-0.000389457,-0.000573755,0.000389351,1,-0.000185622,0.000573827,0.000185399,1,-0.000196293,-0.000115017,2.43606e-05,0.000318979,-0.000717933,0.000776681
1,-0.000391446,-0.000573357,0.000391336,1,-0.000193249,0.000573433,0.000193025,1,-0.000197156,-0.000117926,2.48748e-05,0.000258428,-0.000516966,0.000426404
1,-0.000392365,-0.000579825,0.000392243,1,-0.000210788,0.000579908,0.000210561,1,-0.000199282,-0.000124758,2.57031e-05,0.000269856,-0.000624857,0.00049127
1,-0.000395332,-0.000576781,0.000395208,1,-0.000214127,0.000576865,0.000213899,1,-0.000198656,-0.000128065,2.53249e-05,0.000206961,-0.000628964,0.000502371
1,-0.000406012,-0.000572288,0.000405891,1,-0.000211296,0.000572374,0.000211064,1,-0.000196679,-0.000128379,2.46665e-05,0.000128188,-0.000743233,0.000287359
1,-0.000404367,-0.000583962,0.000404243,1,-0.000212605,0.000584048,0.000212369,1,-0.000199612,-0.000129324,2.45111e-05,-0.000162301,-0.000847975,0.000236825
1,-0.00040649,-0.000585234,0.000406368,1,-0.000208272,0.000585319,0.000208034,1,-0.000200671,-0.000128314,2.41891e-05,6.42552e-05,-0.000824354,0.000257038
1,-0.000408534,-0.00057439,0.00040841,1,-0.000215422,0.000574478,0.000215187,1,-0.000197105,-0.000130336,2.48825e-05,2.18742e-05,-0.000763651,0.000482476
1,-0.000407741,-0.000568649,0.000407615,1,-0.000220301,0.000568739,0.000220069,1,-0.00019361,-0.000132443,2.5174e-05,2.8163e-05,-0.000622187,0.000214733
1,-0.000410475,-0.000571946,0.000410347,1,-0.000223432,0.000572038,0.000223198,1,-0.000192941,-0.000133943,2.54588e-05,4.27498e-05,-0.000517941,0.000609843
1,-0.000413793,-0.000569126,0.000413663,1,-0.00022838,0.00056922,0.000228145,1,-0.000191315,-0.000135976,2.59435e-05,0.000120503,-0.00064698,0.000641749
1,-0.000420942,-0.000569325,0.000420803,1,-0.000243742,0.000569427,0.000243503,1,-0.000190456,-0.000141896,2.68813e-05,5.59721e-05,-0.000745705,0.000780304
1,-0.000425224,-0.000573243,0.000425077,1,-0.000256582,0.000573352,0.000256338,1,-0.000191002,-0.000148104,2.72048e-05,0.000116765,-0.000717956,0.000606925
1,-0.000423077,-0.000578121,0.000422921,1,-0.000270054,0.000578235,0.000269809,1,-0.000192314,-0.000154615,2.72899e-05,0.000136259,-0.000571302,0.000424183
1,-0.000416612,-0.000582788,0.000416453,1,-0.000272793,0.000582902,0.00027255,1,-0.000193896,-0.000157674,2.67559e-05,7.06295e-05,-0.000694003,0.000596968
1,-0.000417016,-0.000578612,0.000416862,1,-0.000266974,0.000578723,0.000266733,1,-0.000192811,-0.000156994,2.60248e-05,8.92339e-05,-0.000871183,0.000638728
1,-0.000420707,-0.00058075,0.000420546,1,-0.000277868,0.000580867,0.000277623,1,-0.00019293,-0.000160669,2.67577e-05,8.64607e-05,-0.000828408,0.000687548
1,-0.000428877,-0.00057644,0.000428713,1,-0.000284478,0.000576562,0.000284231,1,-0.000191254,-0.000163892,2.696e-05,0.000208163,-0.000725163,0.000607766
1,-0.000421187,-0.000577523,0.00042102,1,-0.000289993,0.000577645,0.00028975,1,-0.000190695,-0.000167058,2.67655e-05,0.000194176,-0.00103654,0.000510732
1,-0.000430714,-0.000589748,0.000430542,1,-0.0002917,0.000589874,0.000291446,1,-0.000194242,-0.000168863,2.65483e-05,0.0001428,-0.000866794,0.00049557
1,-0.00042793,-0.00058875,0.000427756,1,-0.000295399,0.000588876,0.000295147,1,-0.000194936,-0.000170551,2.65776e-05,0.000371414,-0.000772034,0.000533279
1,-0.000427282,-0.000590919,0.000427109,1,-0.000293772,0.000591044,0.00029352,1,-0.000195552,-0.000170493,2.63163e-05,0.00037813,-0.000713036,0.00041675
1,-0.000420651,-0.00059403,0.000420478,1,-0.000292048,0.000594153,0.000291798,1,-0.000196767,-0.000170202,2.59197e-05,0.000321993,-0.000852134,9.93356e-05
1,-0.000422995,-0.000595908,0.000422817,1,-0.000299262,0.000596034,0.00029901,1,-0.000197881,-0.000172902,2.60956e-05,0.000372888,-0.000860584,-4.75742e-05
1,-0.000429944,-0.000610137,0.000429764,1,-0.000293741,0.000610263,0.000293479,1,-0.000202587,-0.000171986,2.55604e-05,0.000514029,-0.000929035,9.28822e-05
1,-0.000429486,-0.000610262,0.000429307,1,-0.000293033,0.000610388,0.000292771,1,-0.00020443,-0.000171746,2.54478e-05,0.000375355,-0.00112054,6.7628e-05
1,-0.000429287,-0.000617117,0.000429103,1,-0.000298046,0.000617245,0.000297781,1,-0.000207737,-0.000173639,2.57437e-05,0.000202598,-0.00123211,0.000240814
1,-0.000426975,-0.000638953,0.000426784,1,-0.000299069,0.000639081,0.000298796,1,-0.000216374,-0.000174697,2.5741e-05,-2.16452e-05,-0.00122256,0.000177253
1,-0.000421952,-0.000632213,0.000421768,1,-0.000291702,0.000632336,0.000291435,1,-0.00021765,-0.000172389,2.50584e-05,4.7368e-05,-0.000862187,4.04896e-05
1,-0.000413323,-0.000630416,0.000413145,1,-0.000283416,0.000630533,0.000283155,1,-0.000217659,-0.00016851,2.47344e-05,0.000126006,-0.000531948,2.00927e-05
1,-0.000420584,-0.000615438,0.000420407,1,-0.000287359,0.000615559,0.0002871,1,-0.000213123,-0.000168566,2.53543e-05,0.00022949,-0.000791142,8.86309e-05
1,-0.000422846,-0.000635706,0.000422664,1,-0.000286732,0.000635828,0.000286463,1,-0.000218523,-0.000168568,2.54545e-05,-0.000219436,-0.000869326,0.000159564
1,-0.000428196,-0.000652386,0.000428012,1,-0.000282267,0.000652507,0.000281988,1,-0.000226728,-0.000166711,2.54448e-05,-0.000505098,-0.000402234,0.000247606
1,-0.000433057,-0.000658988,0.000432869,1,-0.000284886,0.000659111,0.000284601,1,-0.000232374,-0.000166662,2.59253e-05,-0.000414651,-0.000468186,0.000195734
1,-0.000449776,-0.000651331,0.000449594,1,-0.000279463,0.000651457,0.00027917,1,-0.000232089,-0.000164632,2.56931e-05,-0.000250814,-0.000381061,0.000377756
1,-0.000440924,-0.000643676,0.000440745,1,-0.000279144,0.000643799,0.00027886,1,-0.000229967,-0.000163894,2.55744e-05,-0.000389932,-0.000414201,0.000130377
1,-0.000449567,-0.000649452,0.000449382,1,-0.000284946,0.00064958,0.000284654,1,-0.000231447,-0.000165751,2.57748e-05,-0.000216675,-0.000389988,-5.71162e-05
1,-0.000452544,-0.000647118,0.000452354,1,-0.000293649,0.000647251,0.000293357,1,-0.000231386,-0.000169266,2.59732e-05,-9.91333e-05,-0.000448483,0.00013109
1,-0.000452276,-0.00065712,0.000452073,1,-0.000308708,0.00065726,0.000308411,1,-0.000234882,-0.000175632,2.64548e-05,-0.000129386,-0.000688508,0.000162054
1,-0.000460155,-0.00065275,0.000459953,1,-0.000310192,0.000652893,0.000309892,1,-0.00023519,-0.000178197,2.57743e-05,-0.000277793,-0.000615805,0.000228705
1,-0.000462042,-0.000643844,0.000461837,1,-0.00031927,0.000643992,0.000318972,1,-0.000232816,-0.000182135,2.5767e-05,-6.20061e-05,-0.000713796,0.000300198
1,-0.000473256,-0.000648518,0.000473053,1,-0.000312793,0.000648666,0.000312487,1,-0.000233447,-0.000181068,2.50009e-05,-3.62737e-05,-0.000534041,0.000414396
1,-0.00047488,-0.000655217,0.000474666,1,-0.000325645,0.000655371,0.000325334,1,-0.000235945,-0.000185176,2.57048e-05,0.000233972,-0.000756897,0.000368975
1,-0.000472671,-0.0006591,0.000472452,1,-0.000332468,0.000659257,0.000332157,1,-0.000238108,-0.000188806,2.56972e-05,0.000188049,-0.000681275,0.000567065
1,-0.000467792,-0.000660254,0.00046757,1,-0.000336577,0.000660411,0.000336268,1,-0.000239562,-0.000190882,2.56155e-05,0.000127284,-0.000139973,0.000397712
1,-0.000480235,-0.000659934,0.000480005,1,-0.000347558,0.000660101,0.000347241,1,-0.000240501,-0.000194633,2.62398e-05,-9.72137e-05,6.65444e-05,0.000489037
1,-0.000486823,-0.00066545,0.000486585,1,-0.000358325,0.000665625,0.000358001,1,-0.000242933,-0.000199264,2.64918e-05,-4.4278e-05,2.77544e-05,0.000204366
1,-0.000482331,-0.000661465,0.0004821,1,-0.000350006,0.000661634,0.000349687,1,-0.000242215,-0.000197916,2.53092e-05,0.000269732,5.46853e-05,0.000465297
1,-0.000477938,-0.000653985,0.000477705,1,-0.000355362,0.000654154,0.00035505,1,-0.000239249,-0.000199541,2.54749e-05,0.000513012,-0.000144839,0.000334818
1,-0.000468629,-0.000664858,0.000468384,1,-0.000369018,0.00066503,0.000368706,1,-0.000241376,-0.000204982,2.6011e-05,0.000669513,-0.000260666,0.000373339
1,-0.000462535,-0.0006751,0.000462284,1,-0.00037156,0.000675272,0.000371248,1,-0.000245333,-0.000207745,2.56486e-05,0.000486973,-0.000401038,0.000442383
1,-0.000463945,-0.000668413,0.000463691,1,-0.000380315,0.000668589,0.000380005,1,-0.000244779,-0.000211932,2.57036e-05,0.000505398,-0.00063371,0.000435543
1,-0.000480785,-0.000672945,0.000480527,1,-0.000383196,0.000673129,0.000382873,1,-0.00024595,-0.000214344,2.55158e-05,0.000443491,-0.00058998,0.000510914
1,-0.000485787,-0.000678849,0.00048552,1,-0.000394631,0.00067904,0.000394301,1,-0.000248419,-0.000218965,2.59716e-05,0.000253689,-0.000643381,0.000571425
1,-0.000493758,-0.0006808,0.000493487,1,-0.000397552,0.000680997,0.000397216,1,-0.00025011,-0.000221257,2.58076e-05,3.59086e-05,-0.000497231,0.000624482
1,-0.00050141,-0.000687933,0.00050113,1,-0.000407463,0.000688137,0.000407118,1,-0.000253036,-0.000225282,2.62024e-05,6.38242e-05,-0.000548721,0.000549919
1,-0.000505952,-0.0006879,0.000505678,1,-0.000398716,0.000688101,0.000398368,1,-0.000253626,-0.000223742,2.5253e-05,0.00017749,-0.00072656,0.000701766
1,-0.000504281,-0.000688993,0.000504002,1,-0.000405982,0.000689198,0.000405635,1,-0.00025378,-0.000225885,2.57476e-05,0.000364933,-0.000615255,0.000649016
1,-0.000500693,-0.000683305,0.000500412,1,-0.000410271,0.00068351,0.000409929,1,-0.000251398,-0.000227884,2.58798e-05,0.000573556,-0.000560609,0.000667478
1,-0.000497837,-0.000684205,0.000497557,1,-0.000409238,0.000684409,0.000408898,1,-0.000250232,-0.000228411,2.56098e-05,0.000648313,-0.000849895,0.000656155
1,-0.000509818,-0.000679832,0.000509534,1,-0.000417795,0.000680045,0.000417448,1,-0.000248251,-0.000231611,2.6187e-05,0.000478615,-0.000750722,0.000837348
1,-0.000501579,-0.000683352,0.000501294,1,-0.000417438,0.000683562,0.000417096,1,-0.000248489,-0.000232551,2.58485e-05,0.000406706,-0.00083438,0.00053486
1,-0.000508791,-0.000687411,0.0005085,1,-0.000422625,0.000687626,0.000422275,1,-0.000249537,-0.000234692,2.61676e-05,0.000489615,-0.000764644,0.000849713
1,-0.000508434,-0.000690016,0.000508138,1,-0.000428692,0.000690234,0.000428341,1,-0.000250316,-0.00023717,2.66397e-05,0.000496012,-0.00062023,0.000840796
1,-0.000513562,-0.00071344,0.000513251,1,-0.000436778,0.000713665,0.000436411,1,-0.000258049,-0.000240468,2.72624e-05,9.13489e-05,-0.000486105,0.000816577
1,-0.000517428,-0.00070775,0.000517119,1,-0.000437725,0.000707976,0.000437358,1,-0.000258918,-0.00024181,2.71139e-05,0.000178208,-0.000678995,0.000915908
1,-0.000517232,-0.000700851,0.000516927,1,-0.000434039,0.000701075,0.000433677,1,-0.000256501,-0.000241034,2.67115e-05,0.000278983,-0.000450948,0.000779732
1,-0.000509949,-0.00071342,0.000509636,1,-0.000439108,0.000713643,0.000438744,1,-0.00025931,-0.000242388,2.71977e-05,0.000215605,-0.000336203,0.00078962
1,-0.000508051,-0.000716956,0.000507728,1,-0.000450082,0.000717184,0.000449718,1,-0.000261409,-0.000246622,2.77857e-05,1.31592e-05,-0.000483571,0.000527948
1,-0.000504138,-0.000715938,0.000503801,1,-0.00047059,0.000716175,0.000470229,1,-0.000261688,-0.000255384,2.83539e-05,0.000142522,-0.00080093,0.000379231
1,-0.00049342,-0.000719432,0.000493081,1,-0.000471677,0.000719665,0.000471322,1,-0.00026235,-0.000258857,2.74253e-05,0.000165069,-0.000824566,0.00054951
1,-0.00049903,-0.000724661,0.000498692,1,-0.000465747,0.000724894,0.000465386,1,-0.000264008,-0.000258093,2.68152e-05,3.55442e-05,-0.00087698,0.000736842
1,-0.000496766,-0.000727367,0.00049643,1,-0.000461853,0.000727597,0.000461491,1,-0.00026541,-0.000256792,2.65823e-05,-3.22948e-05,-0.000947184,0.000533332
1,-0.000492497,-0.000728665,0.000492159,1,-0.000464158,0.000728893,0.000463799,1,-0.000266215,-0.000257388,2.67137e-05,-1.61496e-05,-0.000892529,0.000385065
1,-0.000494785,-0.000736293,0.000494434,1,-0.000476214,0.000736528,0.00047585,1,-0.000268842,-0.000261777,2.74108e-05,-4.73515e-05,-0.00094728,0.000271628
1,-0.00049354,-0.000740018,0.000493187,1,-0.000477502,0.000740254,0.000477137,1,-0.000270777,-0.000263799,2.69113e-05,-3.58001e-05,-0.000979714,-4.33882e-05
1,-0.000500277,-0.000749579,0.000499911,1,-0.000487651,0.000749823,0.000487276,1,-0.000274474,-0.000268024,2.73012e-05,-7.23202e-05,-0.000994284,0.000244276
1,-0.000493714,-0.000746133,0.000493346,1,-0.000492645,0.000746376,0.000492277,1,-0.000274575,-0.000270741,2.74753e-05,-2.93269e-06,-0.000802146,0.00060054
1,-0.000478656,-0.000744463,0.000478283,1,-0.000501818,0.000744703,0.000501461,1,-0.000274005,-0.000274626,2.78187e-05,-1.91116e-06,-0.000871934,0.000470426
1,-0.000479909,-0.000747157,0.00047953,1,-0.000507016,0.0007474,0.000506658,1,-0.000274574,-0.000277824,2.76597e-05,4.82187e-05,-0.000909686,0.000311349
1,-0.000484957,-0.000756082,0.000484576,1,-0.000503846,0.000756327,0.00050348,1,-0.000277392,-0.000277805,2.72356e-05,0.000184675,-0.000884313,0.000631376
1,-0.000476826,-0.000762286,0.000476432,1,-0.000516494,0.000762532,0.000516131,1,-0.000280505,-0.000282046,2.80831e-05,7.07552e-05,-0.000850203,0.000658322
1,-0.000479498,-0.000765138,0.000479101,1,-0.000519566,0.000765387,0.000519199,1,-0.000282716,-0.000284476,2.78944e-05,1.59531e-05,-0.00096471,0.000536052
1,-0.000478239,-0.000764004,0.000477836,1,-0.000526579,0.000764256,0.000526214,1,-0.000283303,-0.000287674,2.78325e-05,6.06778e-05,-0.000712156,0.000346226
1,-0.000479804,-0.000765322,0.000479397,1,-0.000531314,0.000765577,0.000530947,1,-0.000284056,-0.000290113,2.77126e-05,3.26618e-05,-0.000619554,0.000341556
1,-0.000473974,-0.00076281,0.000473562,1,-0.000540206,0.000763065,0.000539844,1,-0.000283665,-0.000293966,2.78334e-05,0.000135366,-0.000733092,0.000369077
1,-0.000474635,-0.000755513,0.000474224,1,-0.000544121,0.000755771,0.000543763,1,-0.000281344,-0.000296695,2.74074e-05,7.21667e-05,-0.000741068,0.000123665
1,-0.000483439,-0.000750047,0.000483024,1,-0.000553475,0.000750314,0.000553113,1,-0.000279026,-0.000300829,2.74458e-05,0.00014233,-0.000749171,0.00021757
1,-0.000485652,-0.000754124,0.000485232,1,-0.000558041,0.000754394,0.000557675,1,-0.000279753,-0.000303813,2.71308e-05,1.11933e-05,-0.000881041,0.000136111
1,-0.000499615,-0.000767115,0.000499186,1,-0.000559556,0.000767395,0.000559173,1,-0.000284711,-0.000305154,2.69021e-05,-0.000235052,-0.000535951,0.000135681
1,-0.000499804,-0.000771976,0.000499368,1,-0.000564208,0.000772258,0.000563823,1,-0.000288754,-0.000307039,2.68407e-05,-0.000445759,-0.000614416,-8.16206e-05
1,-0.000488891,-0.000772188,0.000488442,1,-0.000582362,0.000772472,0.000581985,1,-0.000290988,-0.000313904,2.74648e-05,-0.000563653,-0.000596449,4.25867e-05
1,-0.000490776,-0.000769495,0.000490324,1,-0.00058682,0.000769783,0.000586443,1,-0.000291419,-0.000317608,2.69571e-05,-0.000706958,-0.00070287,-5.68478e-05
1,-0.00048171,-0.000780027,0.000481249,1,-0.000591449,0.000780311,0.000591074,1,-0.000295375,-0.000320622,2.64751e-05,-0.000713147,-0.000661867,-0.000227855
1,-0.000481895,-0.000775041,0.000481426,1,-0.000605003,0.000775333,0.000604629,1,-0.000295527,-0.000326543,2.66201e-05,-0.000621484,-0.00102269,-0.000161488
1,-0.000475562,-0.000777665,0.000475082,1,-0.000617692,0.000777958,0.000617323,1,-0.000296412,-0.000333038,2.65498e-05,-0.000351204,-0.00103378,-0.000131028
1,-0.000468057,-0.000784884,0.000467571,1,-0.000619458,0.000785174,0.000619091,1,-0.000298853,-0.000335825,2.58069e-05,-0.000196816,-0.00104378,-0.00016476
1,-0.000458006,-0.000795788,0.000457503,1,-0.000632697,0.000796078,0.000632332,0.999999,-0.000303265,-0.000341394,2.61022e-05,-5.38313e-05,-0.00104242,-0.00014832
1,-0.000453859,-0.000799953,0.00045335,1,-0.000636003,0.000800242,0.00063564,0.999999,-0.000306255,-0.000344047,2.59058e-05,-7.58745e-05,-0.000811724,0.000146086
1,-0.000453262,-0.000803714,0.000452745,1,-0.000643624,0.000804006,0.00064326,0.999999,-0.000308915,-0.000347436,2.60786e-05,-0.000193465,-0.000929632,-8.35813e-05
1,-0.000457575,-0.00079532,0.000457064,1,-0.00064296,0.000795614,0.000642596,0.999999,-0.000307613,-0.00034844,2.55664e-05,-0.000331959,-0.00101162,0.000203457
1,-0.000460173,-0.000800939,0.000459648,1,-0.000654983,0.00080124,0.000654615,0.999999,-0.000309318,-0.000353088,2.60858e-05,-0.000294056,-0.00120574,0.000114782
1,-0.000456061,-0.000803567,0.000455529,1,-0.000661585,0.000803868,0.000661219,0.999999,-0.000310891,-0.000357031,2.58407e-05,-0.000299345,-0.00124978,0.000109085
1,-0.000450854,-0.000792566,0.000450323,1,-0.000670024,0.000792867,0.000669666,0.999999,-0.000307991,-0.000361231,2.57271e-05,-0.000138495,-0.00121199,0.000170207
1,-0.000459586,-0.000806404,0.000459034,1,-0.000684072,0.000806718,0.000683701,0.999999,-0.000311458,-0.000367319,2.61861e-05,-0.000241252,-0.00114879,3.1318e-05
1,-0.000461038,-0.00080698,0.000460477,1,-0.000695506,0.0008073,0.000695134,0.999999,-0.00031316,-0.000373068,2.61369e-05,-0.000353355,-0.00108185,-2.66933e-05
1,-0.000462393,-0.000810941,0.000461827,1,-0.000698341,0.000811263,0.000697966,0.999999,-0.000315066,-0.000375842,2.55568e-05,-0.000271546,-0.00097842,-0.000172599
1,-0.000461097,-0.000826561,0.000460518,1,-0.000700995,0.000826884,0.000700614,0.999999,-0.000320524,-0.000377874,2.52586e-05,-0.000124662,-0.00115724,-0.000159982
1,-0.000460178,-0.000821619,0.000459593,1,-0.000712036,0.000821946,0.000711658,0.999999,-0.00032091,-0.000382386,2.56454e-05,-0.000198989,-0.00109363,2.9415e-06
1,-0.00045262,-0.00081983,0.000452028,1,-0.000721427,0.000820157,0.000721056,0.999999,-0.000320467,-0.000387084,2.58197e-05,-0.000135066,-0.00133646,0.000182637
1,-0.000449649,-0.000814757,0.000449058,1,-0.000725525,0.000815083,0.000725159,0.999999,-0.000318603,-0.000390193,2.54638e-05,-0.00019727,-0.00126781,-4.64269e-05
1,-0.000461279,-0.000812649,0.000460684,1,-0.000732997,0.000812987,0.000732622,0.999999,-0.00031745,-0.000393689,2.54797e-05,-0.000405993,-0.00107063,-0.000200287
1,-0.000470832,-0.00082252,0.00047021,1,-0.000756038,0.000822875,0.000755651,0.999999,-0.000320358,-0.00040235,2.67067e-05,-0.000391462,-0.00098258,4.37517e-05
1,-0.000467489,-0.00081588,0.000466874,1,-0.000754184,0.000816232,0.000753803,0.999999,-0.000318986,-0.000403978,2.59703e-05,-0.000385091,-0.000683131,0.000104368
1,-0.000459769,-0.000817413,0.000459144,1,-0.000765049,0.000817765,0.000764674,0.999999,-0.000318837,-0.000407945,2.6577e-05,-0.000321028,-0.000637834,0.000403748
1,-0.000467244,-0.000817958,0.000466611,1,-0.000772998,0.000818319,0.000772616,0.999999,-0.000318633,-0.000411876,2.68563e-05,-0.000235257,-0.000753167,0.000196351
1,-0.000473001,-0.000807772,0.000472372,1,-0.000779125,0.000808141,0.000778743,0.999999,-0.000315074,-0.000415444,2.66894e-05,-0.000273945,-0.00093763,0.000334708
1,-0.00047402,-0.000814916,0.000473375,1,-0.000790641,0.00081529,0.000790254,0.999999,-0.000316021,-0.000420817,2.69441e-05,-0.000375713,-0.0011211,0.00029428
1,-0.000477403,-0.000813968,0.000476756,1,-0.000794365,0.000814347,0.000793977,0.999999,-0.000315947,-0.000423885,2.65724e-05,-0.000450181,-0.000997899,0.000247259
1,-0.000473945,-0.000818664,0.000473287,1,-0.000804075,0.000819045,0.000803687,0.999999,-0.000317174,-0.000428189,2.67698e-05,-0.0003241,-0.000984114,0.000196846
1,-0.000475299,-0.000820781,0.000474635,1,-0.000809046,0.000821165,0.000808656,0.999999,-0.000318078,-0.000431263,2.66531e-05,-0.000511198,-0.000930714,0.000132546
1,-0.000482861,-0.000815591,0.000482195,1,-0.000816758,0.000815985,0.000816364,0.999999,-0.000316781,-0.000434736,2.69374e-05,-0.000591009,-0.000863966,0.000380551
1,-0.000480601,-0.000815191,0.000479921,1,-0.000833584,0.000815591,0.000833192,0.999999,-0.00031626,-0.000441448,2.78083e-05,-0.000758528,-0.000957084,0.000537818
1,-0.000489938,-0.000811035,0.000489262,1,-0.000833148,0.000811443,0.000832751,0.999999,-0.000314481,-0.000443328,2.73121e-05,-0.000657738,-0.000889165,0.000542465
1,-0.00049159,-0.000808035,0.000490909,1,-0.000843564,0.000808449,0.000843167,0.999999,-0.000312482,-0.000447549,2.75879e-05,-0.000481456,-0.000901445,0.000393495
1,-0.000495233,-0.000812241,0.000494547,1,-0.000844448,0.000812659,0.000844046,0.999999,-0.000312692,-0.000449569,2.69449e-05,-0.00051373,-0.00113218,1.43461e-05
1,-0.000490116,-0.000813376,0.000489421,1,-0.00085497,0.000813794,0.000854571,0.999999,-0.000312978,-0.000454534,2.6783e-05,-0.000478943,-0.00141969,-0.000190891
1,-0.000494835,-0.000821927,0.000494125,1,-0.000863771,0.000822354,0.000863365,0.999999,-0.000315544,-0.000459164,2.66986e-05,-0.000452673,-0.000961095,-0.000377458
1,-0.000490296,-0.000813382,0.000489593,1,-0.000864474,0.000813806,0.000864075,0.999999,-0.000313622,-0.000460529,2.62093e-05,-0.000594732,-0.000818074,-0.000379972
1,-0.000486333,-0.00081502,0.00048562,0.999999,-0.000874729,0.000815445,0.000874333,0.999999,-0.000313385,-0.000464469,2.66551e-05,-0.000474961,-0.000841427,-0.000385354
1,-0.000495834,-0.000821005,0.000495122,1,-0.000867921,0.000821435,0.000867514,0.999999,-0.000314685,-0.000463149,2.62098e-05,-0.000309034,-0.000605907,-0.000128919
1,-0.00050121,-0.000817259,0.000500505,1,-0.000862429,0.00081769,0.00086202,0.999999,-0.000313504,-0.000460911,2.59752e-05,-0.000118992,-0.000790264,-0.000415665
1,-0.000479316,-0.000809483,0.000478605,0.999999,-0.000878258,0.000809904,0.00087787,0.999999,-0.000310251,-0.000465806,2.68685e-05,0.000137223,-0.000697643,-0.000288469
1,-0.00048344,-0.000812907,0.000482724,0.999999,-0.000879866,0.000813332,0.000879473,0.999999,-0.000309737,-0.000467667,2.68671e-05,0.000168662,-0.000658609,-0.000162895
1,-0.000483475,-0.000817017,0.000482745,0.999999,-0.000892561,0.000817448,0.000892166,0.999999,-0.00031116,-0.000472693,2.74938e-05,-0.000199504,-0.000872738,-0.000137826
1,-0.000489376,-0.000818627,0.000488627,0.999999,-0.000915735,0.000819074,0.000915335,0.999999,-0.000312636,-0.000482403,2.83545e-05,-0.000266475,-0.00107416,-0.000146205
1,-0.000494989,-0.000811646,0.000494244,0.999999,-0.000917566,0.0008121,0.000917164,0.999999,-0.000310983,-0.000486242,2.73835e-05,-0.000382188,-0.00117125,-3.45515e-05
1,-0.000504654,-0.000823439,0.000503895,0.999999,-0.000921098,0.000823903,0.000920683,0.999999,-0.000314214,-0.000488839,2.70019e-05,-0.000320666,-0.00108015,-0.000231661
1,-0.000505325,-0.000826763,0.000504559,0.999999,-0.000926734,0.000827231,0.000926316,0.999999,-0.000316419,-0.000491737,2.68222e-05,-0.000295036,-0.00119276,-0.000214465
1,-0.000518106,-0.0008267,0.000517333,0.999999,-0.000934637,0.000827184,0.000934209,0.999999,-0.000317153,-0.000495408,2.69495e-05,-0.000165486,-0.00115683,-0.000195026
1,-0.000515473,-0.000827301,0.000514689,0.999999,-0.000947094,0.000827789,0.000946668,0.999999,-0.000317604,-0.000500593,2.72589e-05,-0.000133922,-0.000905472,-0.000238953
1,-0.000509639,-0.00083476,0.000508856,0.999999,-0.000938588,0.000835238,0.000938163,0.999999,-0.000320078,-0.000498988,2.62501e-05,-0.000128116,-0.000589507,-0.00033099
1,-0.000509224,-0.000835073,0.000508437,0.999999,-0.000941571,0.000835552,0.000941146,0.999999,-0.000321123,-0.000499209,2.67093e-05,2.38224e-05,-0.000494811,0.000100062
1,-0.000505289,-0.00084166,0.000504492,0.999999,-0.000947089,0.000842138,0.000946664,0.999999,-0.000323779,-0.000500932,2.73348e-05,-0.000127046,-0.000505845,9.77992e-05
1,-0.000503691,-0.000841871,0.000502887,0.999999,-0.000954043,0.000842351,0.000953619,0.999999,-0.000325185,-0.000503869,2.76242e-05,-0.000184822,-0.000614515,0.000146046
0.999999,-0.000517622,-0.000855951,0.000516795,0.999999,-0.000966752,0.00085645,0.000966309,0.999999,-0.000330296,-0.000509349,2.81204e-05,-6.39657e-06,-0.000863223,8.13969e-05
0.999999,-0.000528154,-0.000856085,0.000527323,0.999999,-0.000970049,0.000856596,0.000969597,0.999999,-0.000331986,-0.000512664,2.73422e-05,0.000174608,-0.00110609,-0.000292515
1,-0.000524899,-0.000849386,0.000524078,0.999999,-0.00096624,0.000849892,0.000965794,0.999999,-0.000330422,-0.000512806,2.61549e-05,0.000207011,-0.00103288,-0.000250835
1,-0.000526355,-0.000845903,0.000525534,0.999999,-0.000969729,0.000846413,0.000969284,0.999999,-0.000329019,-0.000514135,2.61852e-05,0.000169097,-0.00112458,1.73611e-05
0.999999,-0.000524604,-0.000853137,0.000523775,0.999999,-0.000971446,0.000853646,0.000970998,0.999999,-0.000331178,-0.000515293,2.61347e-05,3.95396e-05,-0.00120993,-8.5094e-05
1,-0.00052399,-0.000851448,0.000523152,0.999999,-0.00098413,0.000851963,0.000983685,0.999999,-0.000331756,-0.000520218,2.66272e-05,0.000125837,-0.001394,6.14364e-05
0.999999,-0.000522475,-0.000856647,0.000521627,0.999999,-0.000990137,0.000857164,0.00098969,0.999999,-0.000333677,-0.000523844,2.65516e-05,0.000178506,-0.00131477,0.000157796
0.999999,-0.000525957,-0.000861979,0.000525097,0.999999,-0.000997728,0.000862503,0.000997275,0.999999,-0.00033657,-0.000527599,2.65776e-05,-0.000186345,-0.00134799,5.21063e-05
0.999999,-0.000525464,-0.000856824,0.0005246,0.999999,-0.00100743,0.000857353,0.00100698,0.999999,-0.000336508,-0.000532196,2.64595e-05,-0.00014679,-0.00127195,-0.000177396
1,-0.000522703,-0.000852433,0.000521843,0.999999,-0.00100922,0.00085296,0.00100878,0.999999,-0.000335067,-0.000534263,2.59034e-05,2.38113e-05,-0.00122234,6.36242e-06
0.999999,-0.000517861,-0.000857816,0.000516993,0.999999,-0.00101139,0.000858339,0.00101095,0.999999,-0.000336131,-0.000535788,2.57213e-05,0.000205944,-0.00130283,-7.59088e-06
0.999999,-0.000525459,-0.000860603,0.000524594,0.999999,-0.00100535,0.00086113,0.0010049,0.999999,-0.000337284,-0.000534397,2.51355e-05,0.000270129,-0.00132138,-3.83115e-05
0.999999,-0.000517325,-0.000861367,0.000516457,0.999999,-0.00100831,0.000861888,0.00100786,0.999999,-0.000338287,-0.000535098,2.53158e-05,5.8612e-05,-0.00131608,9.82571e-05
0.999999,-0.000520242,-0.000857735,0.000519372,0.999999,-0.00101532,0.000858263,0.00101488,0.999999,-0.000337824,-0.000537793,2.5721e-05,0.000110525,-0.00145677,0.000122644
1,-0.000521494,-0.000851301,0.000520628,0.999999,-0.00101711,0.00085183,0.00101666,0.999999,-0.000335663,-0.000539512,2.53603e-05,0.000112967,-0.00154448,-8.52899e-05
0.999999,-0.000508853,-0.00086168,0.000507983,0.999999,-0.00100918,0.000862193,0.00100874,0.999999,-0.00033826,-0.000537603,2.44407e-05,6.34366e-05,-0.00139199,-0.000173482
0.999999,-0.000508406,-0.000861932,0.000507544,0.999999,-0.00100051,0.00086244,0.00100007,0.999999,-0.000339529,-0.000534198,2.39668e-05,-9.83104e-05,-0.00137041,-0.000281453
0.999999,-0.000508057,-0.000862197,0.000507192,0.999999,-0.0010028,0.000862706,0.00100237,0.999999,-0.000340252,-0.000534022,2.44805e-05,2.36033e-05,-0.00141068,-9.29137e-05
0.999999,-0.000496874,-0.000869256,0.000496006,0.999999,-0.00099807,0.000869752,0.000997638,0.999999,-0.000342498,-0.000532399,2.43802e-05,0.000187706,-0.0013836,-0.000125779
1,-0.000484697,-0.000866806,0.000483823,0.999999,-0.00100787,0.000867294,0.00100745,0.999999,-0.00034253,-0.000535069,2.52163e-05,0.000139087,-0.00107542,-0.000104636
1,-0.000486578,-0.000868889,0.000485699,0.999999,-0.00101199,0.000869381,0.00101157,0.999999,-0.000342995,-0.000537079,2.54807e-05,0.000375,-0.0011042,-0.000164657
1,-0.000496992,-0.000864656,0.000496113,0.999999,-0.00101722,0.000865161,0.00101679,0.999999,-0.000341315,-0.000539466,2.55997e-05,0.000641479,-0.000980644,-0.000320715
1,-0.000502701,-0.000861177,0.000501823,0.999999,-0.00101919,0.000861688,0.00101876,0.999999,-0.000339314,-0.00054083,2.54488e-05,0.00058294,-0.000986612,-0.000236279
1,-0.000496005,-0.000852773,0.000495144,0.999999,-0.00100911,0.000853273,0.00100869,0.999999,-0.000335913,-0.000537948,2.45885e-05,0.00044255,-0.00103614,-0.000184266
1,-0.00049666,-0.000846831,0.000495799,0.999999,-0.00101599,0.000847335,0.00101557,0.999999,-0.000333058,-0.000539447,2.52296e-05,0.000298189,-0.000902414,-0.000231818
1,-0.000502461,-0.000850375,0.000501592,0.999999,-0.0010214,0.000850888,0.00102097,0.999999,-0.000333057,-0.000541885,2.54738e-05,0.000414121,-0.00117974,-0.000352262
1,-0.000515418,-0.000849216,0.000514547,0.999999,-0.00102603,0.000849744,0.00102559,0.999999,-0.000332515,-0.000544461,2.5528e-05,0.000313803,-0.00124209,-0.000164307
1,-0.000507415,-0.00084376,0.000506561,0.999999,-0.00101205,0.000844273,0.00101162,0.999999,-0.000330292,-0.000540709,2.43643e-05,0.000405539,-0.00137633,-6.65523e-05
1,-0.00051336,-0.00083941,0.000512503,0.999999,-0.00102003,0.000839933,0.0010196,0.999999,-0.000328096,-0.000542288,2.52395e-05,0.000284391,-0.00112509,-6.05689e-05
1,-0.000503583,-0.000834849,0.00050273,0.999999,-0.00102154,0.000835363,0.00102112,0.999999,-0.000325631,-0.00054332,2.51844e-05,0.000415423,-0.00134226,-0.000233425
1,-0.000499862,-0.00084064,0.000498999,0.999999,-0.00102671,0.000841153,0.00102629,0.999999,-0.000326326,-0.000545917,2.5197e-05,0.000369771,-0.0014965,-0.000386118
1,-0.000501092,-0.00084721,0.000500208,0.999999,-0.00104371,0.000847733,0.00104329,0.999999,-0.000328667,-0.000553017,2.5819e-05,0.000269848,-0.00179366,-0.000429262
1,-0.00050112,-0.000855896,0.000500219,0.999999,-0.0010521,0.000856422,0.00105167,0.999999,-0.00033224,-0.000558481,2.5552e-05,0.000110182,-0.00187289,-0.000475621
1,-0.000491073,-0.000846926,0.000490189,0.999999,-0.00104438,0.000847438,0.00104396,0.999999,-0.000330667,-0.000557925,2.40899e-05,-8.97013e-05,-0.00178836,-0.00089318
1,-0.000488988,-0.000859664,0.000488102,0.999999,-0.00103103,0.000860167,0.00103061,0.999999,-0.000334092,-0.000553336,2.31537e-05,-0.000107421,-0.00141922,-0.000950124
1,-0.000488429,-0.000864156,0.000487527,0.999999,-0.00104272,0.000864665,0.0010423,0.999999,-0.000336423,-0.000555909,2.44499e-05,0.000229968,-0.00164937,-0.000790058
1,-0.000480844,-0.000870477,0.000479937,0.999999,-0.00104281,0.000870978,0.0010424,0.999999,-0.000338664,-0.000556966,2.45524e-05,0.000268136,-0.00186539,-0.000515387
1,-0.000487752,-0.000867782,0.000486849,0.999999,-0.00104108,0.00086829,0.00104066,0.999999,-0.000338376,-0.000556719,2.47062e-05,0.000239223,-0.00175935,-0.00025477
1,-0.000488013,-0.000869215,0.000487106,0.999999,-0.00104372,0.000869724,0.00104329,0.999999,-0.000338655,-0.000557269,2.52905e-05,0.000169425,-0.00160711,-7.01358e-05
0.999999,-0.000485104,-0.000877654,0.000484189,0.999999,-0.00104252,0.000878159,0.00104209,0.999999,-0.000341402,-0.000556914,2.5544e-05,5.41028e-05,-0.00166325,5.34554e-05
0.999999,-0.00049101,-0.000881958,0.000490098,0.999999,-0.00103421,0.000882465,0.00103378,0.999999,-0.00034382,-0.000554067,2.52882e-05,-0.000141687,-0.0016529,-1.13848e-05
0.999999,-0.0004964,-0.000878093,0.000495483,0.999999,-0.00104342,0.000878611,0.00104299,0.999999,-0.000343691,-0.000556221,2.62434e-05,-0.000219831,-0.00147738,5.85658e-05
1,-0.00049555,-0.000867746,0.000494639,0.999999,-0.00104936,0.000868266,0.00104893,0.999999,-0.000340263,-0.000558628,2.65882e-05,-0.000166571,-0.00137963,5.73592e-05
0.999999,-0.00050365,-0.000865592,0.000502731,0.999999,-0.00106123,0.000866126,0.00106079,0.999999,-0.000338569,-0.000563514,2.70986e-05,-0.000513814,-0.00159185,2.58074e-05
1,-0.000496204,-0.000857294,0.000495289,0.999999,-0.00106702,0.000857823,0.0010666,0.999999,-0.000335669,-0.000567119,2.67962e-05,-0.000656965,-0.00141572,-3.15773e-05
1,-0.000499692,-0.000865677,0.000498747,0.999999,-0.00109195,0.000866222,0.00109152,0.999999,-0.000337455,-0.000576809,2.78716e-05,-0.00058469,-0.00153246,-0.000119683
0.999999,-0.000517451,-0.000867293,0.000516501,0.999999,-0.00109498,0.000867859,0.00109453,0.999999,-0.000338101,-0.000580894,2.7158e-05,-0.000280757,-0.00150672,-0.000101216
0.999999,-0.000519638,-0.000870311,0.000518676,0.999999,-0.00110469,0.000870884,0.00110424,0.999999,-0.000339241,-0.000585769,2.70138e-05,-0.000507003,-0.00169621,-0.000150952
0.999999,-0.000517788,-0.000881231,0.000516816,0.999999,-0.00110254,0.000881801,0.00110208,0.999999,-0.000343343,-0.000586795,2.63622e-05,-0.000599277,-0.0017081,0.000154768
0.999999,-0.000523287,-0.000889408,0.000522292,0.999999,-0.00111884,0.000889992,0.00111837,0.999999,-0.000347653,-0.000592661,2.73645e-05,-0.000593476,-0.00166428,0.000192909
0.999999,-0.000523712,-0.000901025,0.000522705,0.999999,-0.00111757,0.00090161,0.0011171,0.999999,-0.000352726,-0.000593837,2.70005e-05,-0.000467039,-0.00151014,0.000383285
0.999999,-0.00051994,-0.000902933,0.000518929,0.999999,-0.00111884,0.000903514,0.00111837,0.999999,-0.000355376,-0.000594707,2.68986e-05,-0.000747363,-0.00159306,0.000265545
0.999999,-0.000525993,-0.000912489,0.000524971,0.999999,-0.00112018,0.000913077,0.0011197,0.999999,-0.000359685,-0.000595511,2.68945e-05,-0.000697316,-0.00142204,0.000195599
0.999999,-0.000527994,-0.00091375,0.000526972,0.999999,-0.001118,0.000914339,0.00111752,0.999999,-0.000361728,-0.000595016,2.65814e-05,-0.000740149,-0.00138904,-2.84911e-06
0.999999,-0.000520641,-0.000910463,0.000519626,0.999999,-0.00111503,0.000911043,0.00111456,0.999999,-0.000361645,-0.00059403,2.62804e-05,-0.000793211,-0.00146608,0.000179418
0.999999,-0.000519976,-0.000911147,0.000518958,0.999999,-0.0011178,0.000911728,0.00111733,0.999999,-0.000361802,-0.000594994,2.64752e-05,-0.000480984,-0.0016896,9.78059e-05
0.999999,-0.000522835,-0.000933364,0.000521803,0.999999,-0.0011052,0.000933941,0.00110471,0.999999,-0.00036893,-0.000591262,2.56841e-05,-0.000733493,-0.00158821,3.69694e-05
0.999999,-0.000529099,-0.000933189,0.000528065,0.999999,-0.00110854,0.000933775,0.00110804,0.999999,-0.000371802,-0.000591252,2.62514e-05,-0.000589906,-0.00157301,0.000146519
0.999999,-0.000535759,-0.000936181,0.000534715,0.999999,-0.00111482,0.000936778,0.00111432,0.999999,-0.000373631,-0.000593442,2.68312e-05,-0.000311792,-0.00180333,0.000337794
0.999999,-0.000537061,-0.00093148,0.000536012,0.999999,-0.00112609,0.000932084,0.00112559,0.999999,-0.000372607,-0.000598084,2.72381e-05,-0.000131697,-0.00176701,0.000209532
0.999999,-0.000542208,-0.000930928,0.000541145,0.999999,-0.00114206,0.000931546,0.00114156,0.999999,-0.000371945,-0.000605009,2.7728e-05,6.654e-05,-0.00188837,0.000464755
0.999999,-0.000543698,-0.000929538,0.000542625,0.999999,-0.00115404,0.000930165,0.00115354,0.999999,-0.000371198,-0.000611273,2.78196e-05,0.000111381,-0.00192776,0.000669858
0.999999,-0.000544619,-0.000926142,0.000543549,0.999999,-0.00115559,0.00092677,0.00115508,0.999999,-0.000369755,-0.000613892,2.71326e-05,0.000272535,-0.00195994,0.000570145
0.999999,-0.000551497,-0.000923752,0.000550425,0.999999,-0.00116108,0.000924391,0.00116057,0.999999,-0.000368343,-0.000616634,2.70131e-05,0.00045709,-0.0017796,0.000615074
0.999999,-0.000548265,-0.000924807,0.000547188,0.999999,-0.00116366,0.000925444,0.00116315,0.999999,-0.000368455,-0.000618432,2.66926e-05,0.000113079,-0.00181435,0.000401004
0.999999,-0.000544155,-0.000927572,0.000543066,0.999999,-0.00117352,0.00092821,0.00117302,0.999999,-0.000370098,-0.000622526,2.68296e-05,-0.000105189,-0.00169882,0.000289648
0.999999,-0.000539704,-0.000922336,0.000538617,0.999999,-0.00117804,0.000922971,0.00117754,0.999999,-0.000369399,-0.000625097,2.66909e-05,-0.000151491,-0.00139486,0.000419535
0.999999,-0.000542442,-0.000919105,0.000541352,0.999999,-0.00118576,0.000919747,0.00118526,0.999999,-0.000368053,-0.00062837,2.69497e-05,0.000169727,-0.00144671,0.000418915
0.999999,-0.000545133,-0.000925811,0.000544024,0.999999,-0.00119806,0.000926464,0.00119755,0.999999,-0.000369707,-0.000633675,2.7441e-05,3.98239e-05,-0.00156444,0.000655789
0.999999,-0.000546751,-0.000923568,0.000545645,0.999999,-0.00119819,0.000924223,0.00119769,0.999999,-0.000369865,-0.000635221,2.69539e-05,-8.8061e-05,-0.00123287,0.000478342
0.999999,-0.000552122,-0.000924527,0.000551015,0.999999,-0.00119685,0.000925187,0.00119634,0.999999,-0.000370424,-0.000635082,2.66586e-05,-6.66999e-05,-0.00116476,0.000535051
0.999999,-0.000551171,-0.000907593,0.00055008,0.999999,-0.00120176,0.000908254,0.00120126,0.999999,-0.000365154,-0.000636677,2.68858e-05,0.000167295,-0.00120624,0.000730465
0.999999,-0.000559006,-0.000905053,0.000557908,0.999999,-0.00121368,0.00090573,0.00121317,0.999999,-0.0003623,-0.0006413,2.74572e-05,0.000266789,-0.00128636,0.000589093
0.999999,-0.000560994,-0.000910498,0.000559876,0.999999,-0.0012271,0.000911186,0.00122659,0.999999,-0.000363049,-0.000647439,2.77489e-05,0.000205475,-0.00136604,0.000690956
0.999999,-0.000562295,-0.000912939,0.000561174,0.999999,-0.00122778,0.000913628,0.00122727,0.999999,-0.000364226,-0.000649461,2.72069e-05,6.52437e-05,-0.00110178,0.00070073
0.999999,-0.000568765,-0.000908056,0.000567651,0.999999,-0.00122654,0.000908753,0.00122603,0.999999,-0.000363229,-0.000649554,2.6797e-05,5.87327e-05,-0.00101838,0.000524184
0.999999,-0.000563027,-0.000912862,0.000561899,0.999999,-0.00123554,0.000913557,0.00123502,0.999999,-0.000364491,-0.000652688,2.71828e-05,5.87262e-05,-0.000968159,0.000558683
0.999999,-0.000562635,-0.000913452,0.000561493,0.999999,-0.0012501,0.000914154,0.00124959,0.999999,-0.000364975,-0.000658721,2.77744e-05,0.000275482,-0.00117453,0.000619716
0.999999,-0.000563137,-0.000919338,0.000561971,0.999999,-0.00126845,0.000920052,0.00126793,0.999999,-0.000366879,-0.000667233,2.81609e-05,0.000219707,-0.00143594,0.000521227
0.999999,-0.000562076,-0.000926055,0.000560886,0.999999,-0.00128451,0.000926776,0.00128399,0.999999,-0.000369682,-0.000675904,2.78904e-05,0.000222422,-0.00163421,0.000230971
0.999999,-0.00055653,-0.000928117,0.000555334,0.999999,-0.00128853,0.000928833,0.00128801,0.999999,-0.000371412,-0.000680413,2.68296e-05,-2.74535e-05,-0.00163103,0.000234661
0.999999,-0.000556338,-0.000926297,0.000555142,0.999999,-0.00129129,0.000927014,0.00129078,0.999999,-0.000371747,-0.000683004,2.63207e-05,-0.000202368,-0.0016565,0.00032015
0.999999,-0.000557714,-0.000938219,0.000556499,0.999999,-0.00129516,0.00093894,0.00129464,0.999999,-0.000375741,-0.000685218,2.63079e-05,-0.000199193,-0.00152782,0.00024169
0.999999,-0.000561899,-0.000931338,0.000560698,0.999999,-0.00128989,0.000932061,0.00128937,0.999999,-0.00037479,-0.000684291,2.56485e-05,-0.000168364,-0.00169077,0.000155549
0.999999,-0.000561278,-0.000946195,0.000560052,0.999999,-0.00129533,0.000946921,0.0012948,0.999999,-0.000379162,-0.000686018,2.61526e-05,-0.000221851,-0.00158266,0.000419787
0.999999,-0.000545504,-0.000950512,0.000544269,0.999999,-0.00129914,0.00095122,0.00129862,0.999999,-0.000382133,-0.00068793,2.63144e-05,-0.000336587,-0.00172223,0.000313095
0.999999,-0.000536971,-0.000954468,0.000535729,0.999999,-0.00130095,0.000955165,0.00130044,0.999999,-0.000384427,-0.000689373,2.6346e-05,-0.000336397,-0.00175257,0.000583214
0.999999,-0.000541956,-0.000953361,0.000540712,0.999999,-0.00130423,0.000954067,0.00130371,0.999999,-0.000384785,-0.000691043,2.66304e-05,-0.00034204,-0.00183737,0.000607343
0.999999,-0.000538249,-0.000953043,0.000537006,0.999999,-0.00130448,0.000953745,0.00130396,0.999999,-0.000384762,-0.000691736,2.6507e-05,-0.000446278,-0.00170917,0.000497652
0.999999,-0.000540479,-0.000955249,0.000539228,0.999999,-0.0013093,0.000955956,0.00130878,0.999999,-0.000385472,-0.000693506,2.68177e-05,-0.00047247,-0.00154249,0.000475253
0.999999,-0.000542895,-0.000960397,0.000541627,0.999999,-0.00132081,0.000961113,0.00132029,0.999999,-0.000387255,-0.000697764,2.74811e-05,-0.000416741,-0.00133175,0.000313206
0.999999,-0.000544661,-0.000959017,0.000543377,0.999999,-0.00133814,0.000959745,0.00133762,0.999999,-0.000387146,-0.000704949,2.80909e-05,-0.000230454,-0.00141601,0.000218842
0.999999,-0.000540043,-0.000976311,0.000538734,0.999999,-0.0013411,0.000977034,0.00134058,0.999999,-0.000392016,-0.000708471,2.753e-05,-2.9849e-05,-0.00153945,0.000222166
0.999999,-0.000538655,-0.000971007,0.000537343,0.999999,-0.00135133,0.000971734,0.00135081,0.999999,-0.000391812,-0.000713424,2.75716e-05,-7.34821e-05,-0.00168889,0.00026236
0.999999,-0.000542987,-0.000963368,0.000541678,0.999999,-0.0013589,0.000964105,0.00135838,0.999999,-0.000389104,-0.000717751,2.74449e-05,2.4566e-05,-0.00170583,0.000262749
0.999999,-0.000552775,-0.000954076,0.000551472,0.999999,-0.00136463,0.000954829,0.0013641,0.999999,-0.000385047,-0.000721249,2.71814e-05,-9.62968e-05,-0.0017842,0.000126665
0.999999,-0.00055513,-0.000941826,0.000553835,0.999999,-0.00137502,0.000942589,0.0013745,0.999999,-0.000379809,-0.000725923,2.7227e-05,-0.000204187,-0.00157854,0.000104728
0.999999,-0.000562685,-0.000939951,0.000561395,0.999999,-0.00137211,0.000940722,0.00137158,0.999999,-0.000377275,-0.000726195,2.67121e-05,-0.000253143,-0.00150339,0.000291719
0.999999,-0.000555623,-0.000932033,0.00055435,0.999999,-0.00136467,0.00093279,0.00136415,0.999999,-0.000373581,-0.000723702,2.61888e-05,-7.81724e-05,-0.00136981,0.000282196
0.999999,-0.000556587,-0.000941489,0.000555289,0.999999,-0.00137876,0.000942256,0.00137823,0.999999,-0.000375367,-0.000727578,2.74749e-05,-0.000301757,-0.00120538,0.000341655
0.999999,-0.000551288,-0.000924596,0.000549999,0.999999,-0.00139412,0.000925364,0.00139361,0.999999,-0.000370839,-0.000733899,2.80901e-05,-0.000355407,-0.00134846,0.000306358
0.999999,-0.000543608,-0.000926047,0.00054231,0.999999,-0.00140094,0.000926807,0.00140043,0.999999,-0.000369675,-0.000738264,2.7913e-05,-0.000407761,-0.00127203,0.00047398
0.999999,-0.0005452,-0.000933914,0.000543888,0.999999,-0.00140481,0.000934679,0.0014043,0.999999,-0.000371748,-0.000741105,2.76386e-05,-0.000418002,-0.00132536,0.000146018
0.999999,-0.000546082,-0.000931716,0.000544761,0.999999,-0.00141785,0.000932489,0.00141734,0.999999,-0.000372036,-0.000746596,2.79303e-05,-0.00063037,-0.00127715,0.00024659
0.999999,-0.00054506,-0.000937944,0.000543726,0.999999,-0.00142186,0.000938718,0.00142135,0.999999,-0.000374099,-0.00074954,2.77767e-05,-0.000448958,-0.00116037,0.000379009
0.999999,-0.000551363,-0.000942088,0.000550011,0.999999,-0.00143484,0.000942878,0.00143432,0.999999,-0.000376048,-0.000754631,2.85048e-05,-0.000430098,-0.00104751,0.000617568
0.999999,-0.000550666,-0.000934683,0.000549327,0.999999,-0.00143194,0.00093547,0.00143143,0.999999,-0.000374299,-0.000754902,2.80042e-05,-0.000429852,-0.000862167,0.000641865
0.999999,-0.000560128,-0.000937311,0.000558779,0.999999,-0.00143864,0.000938116,0.00143812,0.999999,-0.000374514,-0.000757217,2.84049e-05,-0.000320233,-0.00091341,0.000650471
0.999999,-0.000565569,-0.000945019,0.000564198,0.999999,-0.00145103,0.000945839,0.0014505,0.999999,-0.000377341,-0.000762045,2.90039e-05,-0.000633743,-0.000768488,0.000627997
0.999999,-0.000556262,-0.00095082,0.000554874,0.999999,-0.00145958,0.000951631,0.00145905,0.999998,-0.00038065,-0.000766186,2.90741e-05,-0.000751441,-0.000559035,0.000629043
0.999999,-0.000560333,-0.000960931,0.000558926,0.999999,-0.00146404,0.00096175,0.0014635,0.999998,-0.000385098,-0.000769028,2.88789e-05,-0.000602981,-0.000679394,0.000424982
0.999999,-0.000548627,-0.000958473,0.000547219,0.999999,-0.00146776,0.000959277,0.00146724,0.999998,-0.000385974,-0.000771315,2.85317e-05,-0.000704982,-0.000532651,0.000469526
0.999999,-0.000550816,-0.000958642,0.000549398,0.999999,-0.00147892,0.000959455,0.00147839,0.999998,-0.00038683,-0.000775857,2.89923e-05,-0.000939982,-0.000712704,0.000634047
0.999999,-0.000541074,-0.000969067,0.000539636,0.999999,-0.00148417,0.000969868,0.00148364,0.999998,-0.000390596,-0.000779195,2.88494e-05,-0.000719836,-0.000697621,0.000597944
0.999999,-0.000531235,-0.000954482,0.000529815,0.999999,-0.00148757,0.000955271,0.00148707,0.999998,-0.00038733,-0.000781615,2.84486e-05,-0.00081773,-0.0008636,0.000652035
0.999999,-0.000533221,-0.000950785,0.000531792,0.999999,-0.00150187,0.000951585,0.00150137,0.999998,-0.000385457,-0.000787525,2.89335e-05,-0.000960041,-0.00100424,0.000735719
0.999999,-0.000536572,-0.0009511,0.000535136,0.999999,-0.00150919,0.000951909,0.00150868,0.999998,-0.000385314,-0.000792055,2.87243e-05,-0.00112987,-0.00114325,0.00075019
0.999999,-0.000530736,-0.000956232,0.000529296,0.999999,-0.0015056,0.00095703,0.00150509,0.999998,-0.000386906,-0.000792522,2.78578e-05,-0.000857251,-0.00119719,0.00080954
0.999999,-0.00053377,-0.000953673,0.000532339,0.999999,-0.00150015,0.000954473,0.00149964,0.999998,-0.000386512,-0.000790959,2.73782e-05,-0.000792292,-0.00116997,0.000916642
0.999999,-0.000537351,-0.000968576,0.000535895,0.999999,-0.00150258,0.000969382,0.00150206,0.999998,-0.000391452,-0.000791412,2.77158e-05,-0.000967959,-0.00120875,0.000827589
0.999999,-0.000528625,-0.000959612,0.000527181,0.999999,-0.00150363,0.000960406,0.00150313,0.999998,-0.00039057,-0.000791948,2.75574e-05,-0.000817726,-0.00108811,0.00071197
0.999999,-0.000518563,-0.000964146,0.000517114,0.999999,-0.00150268,0.000964924,0.00150218,0.999998,-0.000392008,-0.000791767,2.74384e-05,-0.00111175,-0.00101792,0.000836538
0.999999,-0.000514238,-0.00096252,0.000512772,0.999999,-0.00152323,0.000963302,0.00152273,0.999998,-0.000392614,-0.00079884,2.86106e-05,-0.00111089,-0.00115825,0.000648827
0.999999,-0.00051984,-0.000963785,0.000518372,0.999999,-0.00152289,0.000964575,0.00152239,0.999998,-0.000393146,-0.000801168,2.78136e-05,-0.000948162,-0.00128771,0.000589331
0.999999,-0.000528859,-0.000966189,0.000527377,0.999999,-0.00153287,0.000966999,0.00153236,0.999998,-0.000394163,-0.000805413,2.8036e-05,-0.000925247,-0.00117929,0.000706075
0.999999,-0.000527769,-0.000980187,0.000526255,0.999999,-0.0015437,0.000981,0.00154318,0.999998,-0.00039929,-0.000810525,2.82166e-05,-0.00108972,-0.00135715,0.000596086
0.999999,-0.000528438,-0.000983439,0.000526907,0.999999,-0.00155651,0.000984261,0.00155599,0.999998,-0.000402308,-0.000816806,2.82803e-05,-0.000901065,-0.00151259,0.000679924
0.999999,-0.000519043,-0.000980586,0.000517513,0.999999,-0.00155994,0.000981395,0.00155943,0.999998,-0.000402377,-0.000820149,2.75302e-05,-0.000885419,-0.00139445,0.000405648
0.999999,-0.00051303,-0.00099606,0.000511462,0.999999,-0.00157358,0.000996866,0.00157307,0.999998,-0.00040732,-0.00082608,2.7707e-05,-0.000680257,-0.00138902,0.000247347
0.999999,-0.000515354,-0.000996898,0.000513785,0.999999,-0.00157296,0.000997707,0.00157244,0.999998,-0.000409377,-0.000827995,2.68923e-05,-0.000896737,-0.00155572,0.000217678
0.999999,-0.000516165,-0.000990437,0.000514604,0.999999,-0.00157589,0.000991249,0.00157538,0.999998,-0.000408391,-0.000829691,2.66701e-05,-0.000921855,-0.00129281,0.000245786
0.999999,-0.000514751,-0.000985291,0.000513199,0.999999,-0.00157435,0.0009861,0.00157384,0.999998,-0.000406541,-0.000829448,2.65412e-05,-0.00097968,-0.00123287,0.0005348
0.999999,-0.000501889,-0.000979477,0.000500343,0.999999,-0.0015779,0.000980267,0.0015774,0.999998,-0.000404129,-0.000830599,2.69167e-05,-0.000909588,-0.00138393,0.000829468
0.999999,-0.000503593,-0.000965818,0.000502055,0.999999,-0.00159192,0.000966618,0.00159144,0.999998,-0.000398976,-0.000835963,2.77155e-05,-0.000883318,-0.00162233,0.000832474
0.999999,-0.00050152,-0.000975747,0.000499958,0.999999,-0.00160003,0.000976548,0.00159954,0.999998,-0.000400413,-0.000840958,2.74711e-05,-0.00102022,-0.00192552,0.00051555
0.999999,-0.000498177,-0.000973838,0.00049661,0.999999,-0.00160899,0.000974638,0.0016085,0.999998,-0.000400286,-0.00084599,2.71414e-05,-0.000815522,-0.00183896,0.000534345
0.999999,-0.000494679,-0.000977334,0.000493093,0.999999,-0.00162265,0.000978135,0.00162217,0.999998,-0.00040128,-0.000852314,2.73796e-05,-0.000882808,-0.00186916,0.000582776
0.999999,-0.000486271,-0.000980043,0.000484674,0.999999,-0.00162952,0.000980834,0.00162905,0.999998,-0.000402479,-0.000856756,2.72023e-05,-0.000843231,-0.00194015,0.000829738
0.999999,-0.000474476,-0.000983432,0.000472866,0.999999,-0.00163728,0.000984208,0.00163682,0.999998,-0.000404048,-0.000861073,2.72029e-05,-0.00096197,-0.00209056,0.000881418
0.999999,-0.000479454,-0.000988619,0.00047783,0.999999,-0.00164285,0.000989405,0.00164237,0.999998,-0.00040639,-0.000864627,2.71741e-05,-0.00102579,-0.00221241,0.000972912
0.999999,-0.000478772,-0.000979227,0.000477164,0.999999,-0.00164201,0.000980012,0.00164155,0.999998,-0.000404164,-0.000865608,2.66025e-05,-0.000965022,-0.00204267,0.000715393
0.999999,-0.000483091,-0.000994988,0.000481455,0.999999,-0.00164334,0.000995781,0.00164286,0.999998,-0.00040823,-0.000866426,2.65726e-05,-0.000885823,-0.00193639,0.000688441
0.999999,-0.000480135,-0.000987315,0.000478497,0.999999,-0.00165893,0.00098811,0.00165846,0.999998,-0.000407158,-0.000872109,2.73973e-05,-0.000823553,-0.00212035,0.000833561
0.999999,-0.000479094,-0.000988639,0.000477437,0.999998,-0.001676,0.00098944,0.00167552,0.999998,-0.00040718,-0.000879685,2.81285e-05,-0.000900223,-0.00207185,0.00113506
0.999999,-0.000487513,-0.000993792,0.000485848,0.999998,-0.00167507,0.000994607,0.00167458,0.999998,-0.00040863,-0.000881807,2.74937e-05,-0.000820724,-0.00221696,0.00100059
0.999999,-0.000481009,-0.000991925,0.000479342,0.999998,-0.00168051,0.000992732,0.00168003,0.999998,-0.000408389,-0.000884726,2.71875e-05,-0.000774161,-0.00214993,0.000745104
0.999999,-0.000483924,-0.000985673,0.000482261,0.999998,-0.00168666,0.000986488,0.00168618,0.999998,-0.000405993,-0.000887833,2.71013e-05,-0.000550777,-0.00204722,0.000726068
0.999999,-0.000482068,-0.000990389,0.000480392,0.999998,-0.00169152,0.000991203,0.00169104,0.999998,-0.000406252,-0.000890315,2.72906e-05,-0.000459696,-0.00190958,0.00105688
0.999999,-0.000470999,-0.000982071,0.000469344,0.999998,-0.00168449,0.000982863,0.00168403,0.999998,-0.000403234,-0.000888702,2.66521e-05,-0.000243282,-0.00192007,0.000877146
0.999999,-0.000474797,-0.000986916,0.000473122,0.999998,-0.00169737,0.000987721,0.0016969,0.999998,-0.000409664,-0.000911486,6.79627e-05,-0.000239106,-0.00230606,0.0015498
0.999999,-0.000488801,-0.000921551,0.000487304,0.999999,-0.00162369,0.000922344,0.00162324,0.999998,-0.000408814,-0.000954397,0.000245386,0.00535598,-0.004609,0.0327741
1,-0.000493921,-0.00078011,0.000492781,0.999999,-0.00146043,0.00078083,0.00146005,0.999999,-0.000390168,-0.00100007,0.00057584,0.01093,-0.00697743,0.0630697
1,-0.000504183,-0.000551064,0.00050351,0.999999,-0.00122053,0.000551679,0.00122025,0.999999,-0.000347937,-0.00104712,0.00104589,0.0164464,-0.00881165,0.0920308
1,-0.000533665,-0.000268303,0.000533414,0.999999,-0.000932879,0.000268801,0.000932735,1,-0.000287478,-0.00110036,0.00164965,0.0218672,-0.0107409,0.119928
1,-0.000556685,6.38299e-05,0.000556723,1,-0.000592704,-6.34999e-05,0.000592739,1,-0.000201882,-0.00112919,0.0023126,0.0275455,-0.0119055,0.145012
1,-0.000591401,0.000458747,0.0005915,1,-0.000217477,-0.000458618,0.000217748,1,-0.000101066,-0.00121045,0.00321787,0.0329483,-0.013638,0.171369
0.999999,-0.000610662,0.000888833,0.000610506,1,0.000175846,-0.00088894,-0.000175303,1,2.3217e-05,-0.00127187,0.00419005,0.0378316,-0.015112,0.195291
0.999999,-0.000633892,0.00135386,0.000633104,1,0.000582912,-0.00135423,-0.000582054,0.999999,0.000174936,-0.00130367,0.00516937,0.0427096,-0.0156533,0.215716
0.999998,-0.00066951,0.00185026,0.000667674,0.999999,0.000992783,-0.00185092,-0.000991545,0.999998,0.000337067,-0.00140878,0.00642302,0.0471813,-0.0173637,0.238454
0.999997,-0.000695325,0.00236299,0.000691989,0.999999,0.00141212,-0.00236397,-0.00141048,0.999996,0.000517728,-0.00148413,0.0077055,0.0513742,-0.018069,0.258699
0.999996,-0.000713752,0.00290019,0.000708436,0.999998,0.00183354,-0.00290149,-0.00183148,0.999994,0.000716316,-0.00156083,0.00906966,0.0555582,-0.0186287,0.277634
0.999994,-0.000737176,0.00347071,0.000729329,0.999997,0.00226161,-0.00347237,-0.00225906,0.999991,0.000935913,-0.00163893,0.0105172,0.0593859,-0.0192147,0.295177
0.999991,-0.000751118,0.00405418,0.000740194,0.999996,0.0026953,-0.00405619,-0.00269227,0.999988,0.00117018,-0.00171554,0.0120437,0.0628837,-0.0194568,0.311467
0.999989,-0.000743709,0.00465459,0.000729223,0.999995,0.00311311,-0.00465688,-0.00310968,0.999984,0.00141766,-0.00179462,0.0136453,0.0661997,-0.0197323,0.326758
0.999986,-0.000737024,0.00528148,0.000718439,0.999994,0.0035199,-0.00528404,-0.00351606,0.99998,0.00168255,-0.00187815,0.0153224,0.0687064,-0.0198183,0.340674
0.999982,-0.000727618,0.00592469,0.00070447,0.999992,0.00390822,-0.00592749,-0.00390398,0.999975,0.00196421,-0.00195788,0.0170651,0.0711296,-0.0195978,0.353363
0.999978,-0.000715109,0.00659177,0.000686812,0.999991,0.00429395,-0.00659478,-0.00428933,0.999969,0.00225231,-0.00203414,0.0188569,0.0732127,-0.0192969,0.364824
0.999973,-0.000702954,0.00726345,0.000669034,0.999989,0.00467135,-0.00726665,-0.00466636,0.999963,0.00254299,-0.00210906,0.0206991,0.0746762,-0.0191443,0.375302
0.999968,-0.00068004,0.00796834,0.000639911,0.999987,0.00503753,-0.00797167,-0.00503227,0.999956,0.00284354,-0.00218365,0.0225874,0.0757522,-0.018598,0.384596
0.999962,-0.000645193,0.00869883,0.000598297,0.999985,0.00539257,-0.00870219,-0.00538716,0.999948,0.00315847,-0.00225585,0.0245223,0.0767877,-0.01813,0.392767
0.999955,-0.000605596,0.00943533,0.000551449,0.999983,0.00574029,-0.00943865,-0.00573483,0.999939,0.0034761,-0.00232575,0.0264881,0.0776251,-0.0174201,0.399555
0.999948,-0.000570391,0.0101926,0.000508464,0.999981,0.0060772,-0.0101959,-0.0060717,0.99993,0.00380105,-0.0023924,0.0284834,0.0782994,-0.0165721,0.4055
0.99994,-0.000516638,0.0109627,0.000446661,0.99998,0.00638467,-0.0109658,-0.00637939,0.99992,0.00413323,-0.0024605,0.0305042,0.0788578,-0.0159416,0.410286
0.999931,-0.000466691,0.0117265,0.000388254,0.999978,0.00669024,-0.0117294,-0.00668522,0.999909,0.00446708,-0.00252054,0.0325432,0.0787838,-0.0150585,0.413917
0.999922,-0.000414929,0.0125114,0.00032781,0.999976,0.00696436,-0.012514,-0.00695971,0.999897,0.00481038,-0.00257877,0.0345972,0.0790257,-0.0139159,0.41631
0.999912,-0.000361912,0.0132683,0.000266289,0.999974,0.00720795,-0.0132706,-0.00720378,0.999886,0.0051511,-0.00263674,0.036661,0.0789526,-0.0131512,0.417885
0.999902,-0.000312892,0.0140287,0.000208727,0.999972,0.00742599,-0.0140306,-0.00742233,0.999874,0.00550279,-0.00269701,0.0387365,0.0787915,-0.0124749,0.418698
0.999891,-0.000259597,0.01478,0.000146919,0.999971,0.00762429,-0.0147815,-0.00762128,0.999862,0.00585137,-0.00274894,0.0408034,0.078312,-0.0112902,0.418082
0.99988,-0.000210077,0.0155122,8.90401e-05,0.99997,0.00780295,-0.0155134,-0.00780063,0.999849,0.00619661,-0.00279503,0.0428635,0.0778375,-0.0104178,0.416817
0.999868,-0.000143426,0.0162491,1.41697e-05,0.999968,0.00795456,-0.0162497,-0.00795328,0.999836,0.00654893,-0.002841,0.0449195,0.0773638,-0.00947298,0.414538
0.999856,-8.60117e-05,0.0169529,-5.12274e-05,0.999967,0.00809472,-0.0169531,-0.00809442,0.999824,0.00689664,-0.00288255,0.0469618,0.0767863,-0.00869107,0.411365
0.999844,-3.91059e-05,0.0176596,-0.000106356,0.999966,0.00823598,-0.0176594,-0.00823658,0.99981,0.00724665,-0.00291555,0.0489835,0.0764437,-0.00738759,0.40754
0.999832,2.81413e-05,0.0183333,-0.000181461,0.999965,0.00836131,-0.0183324,-0.00836323,0.999797,0.00759331,-0.00294856,0.050987,0.0757571,-0.00623784,0.402879
0.999819,0.000117572,0.0189998,-0.000279176,0.999964,0.00850312,-0.0189981,-0.00850689,0.999783,0.00794138,-0.0029759,0.0529634,0.0750069,-0.00514677,0.397704
0.999807,0.000192222,0.0196503,-0.000362272,0.999963,0.00865065,-0.0196479,-0.00865609,0.999769,0.00830267,-0.00299812,0.0549218,0.0744022,-0.00394288,0.391961
0.999794,0.000272065,0.0202851,-0.000450719,0.999961,0.00880314,-0.0202819,-0.00881047,0.999755,0.00866326,-0.00301683,0.0568505,0.0739772,-0.00263388,0.385696
0.999782,0.000361784,0.0208992,-0.000549679,0.999959,0.00898549,-0.0208951,-0.00899502,0.999741,0.00902357,-0.00302773,0.0587429,0.0733387,-0.0016254,0.37853
0.999769,0.000476062,0.0214895,-0.000673455,0.999958,0.00917925,-0.0214842,-0.0091916,0.999727,0.00938456,-0.00303482,0.0605997,0.072819,-0.00050396,0.371072
0.999757,0.00058987,0.0220546,-0.000797136,0.999956,0.00939023,-0.0220481,-0.00940553,0.999713,0.0097558,-0.00303468,0.0624287,0.0725255,0.000699399,0.363246
0.999744,0.000707073,0.0225991,-0.000924989,0.999953,0.00963367,-0.0225913,-0.00965211,0.999698,0.0101274,-0.00302691,0.0642167,0.0723219,0.00224987,0.355064
0.999733,0.000829416,0.0231043,-0.00105843,0.99995,0.00990176,-0.023095,-0.00992357,0.999684,0.0104975,-0.00301133,0.0659608,0.0721033,0.00342907,0.346542
0.999721,0.000971981,0.0235821,-0.00121217,0.999948,0.0101732,-0.023571,-0.010199,0.99967,0.0108669,-0.00299039,0.0676621,0.0716261,0.00469253,0.337904
0.999711,0.00111544,0.0240332,-0.00136752,0.999944,0.0104751,-0.0240201,-0.0105049,0.999656,0.0112345,-0.00296181,0.0693172,0.0709968,0.00586779,0.328851
0.9997,0.00125973,0.0244656,-0.0015239,0.999941,0.010782,-0.0244505,-0.0108161,0.999643,0.0116013,-0.00292966,0.0709285,0.0705932,0.0069969,0.3197
0.99969,0.00142952,0.0248594,-0.00170626,0.999937,0.0111146,-0.0248419,-0.0111536,0.999629,0.0119666,-0.0028873,0.0724893,0.0701802,0.00846856,0.310154
0.99968,0.00160385,0.0252446,-0.00189363,0.999933,0.0114592,-0.0252245,-0.0115033,0.999616,0.012333,-0.00283926,0.0740045,0.0698018,0.00931009,0.300626
0.999671,0.00177461,0.0255955,-0.00207755,0.999928,0.0118141,-0.0255726,-0.0118634,0.999603,0.0126968,-0.00278776,0.0754715,0.0693435,0.0103642,0.290978
0.999662,0.00197478,0.0259246,-0.00229129,0.999923,0.0121848,-0.0258986,-0.0122401,0.99959,0.0130601,-0.00272863,0.0768893,0.0687455,0.0113056,0.281379
0.999654,0.00216654,0.026225,-0.00249692,0.999918,0.012572,-0.0261956,-0.0126332,0.999577,0.0134191,-0.00266443,0.0782578,0.0676943,0.0121485,0.271777
0.999646,0.00236975,0.0264998,-0.00271361,0.999912,0.0129475,-0.0264668,-0.0130149,0.999565,0.0137732,-0.00260138,0.0795809,0.0666974,0.0127556,0.262224
0.999639,0.00258477,0.0267584,-0.00294262,0.999907,0.0133426,-0.0267215,-0.0134165,0.999553,0.0141243,-0.00253385,0.0808549,0.0653771,0.0134117,0.252583
0.999632,0.00281312,0.0269964,-0.00318539,0.9999,0.0137565,-0.026955,-0.0138374,0.999541,0.0144722,-0.00245961,0.0820792,0.0643566,0.0139544,0.243104
0.999625,0.00304863,0.0272178,-0.00343545,0.999894,0.0141763,-0.0271717,-0.0142645,0.999529,0.0148171,-0.00238165,0.0832567,0.063239,0.0144896,0.233372
0.999618,0.00328948,0.0274324,-0.00369053,0.999887,0.0145819,-0.0273813,-0.0146775,0.999517,0.015169,-0.00230231,0.0843842,0.0622508,0.014969,0.223794
0.999612,0.00352717,0.0276197,-0.00394262,0.99988,0.0150017,-0.0275634,-0.0151048,0.999506,0.0155235,-0.00221751,0.0854598,0.0609888,0.0156815,0.214368
0.999606,0.00377473,0.0278009,-0.00420476,0.999872,0.015426,-0.0277392,-0.0155368,0.999494,0.0158806,-0.00212215,0.0864913,0.0594945,0.0155639,0.208744
0.999601,0.00403321,0.0279618,-0.00447764,0.999864,0.0158498,-0.0278941,-0.0159687,0.999483,0.0162326,-0.00201367,0.0874763,0.0580753,0.0164953,0.199879
0.999596,0.00429767,0.0281127,-0.0047556,0.999857,0.0162424,-0.0280389,-0.0163696,0.999473,0.0165791,-0.00190697,0.0884218,0.05646,0.0172001,0.191049
0.99959,0.00454725,0.0282524,-0.00501786,0.999849,0.016609,-0.0281726,-0.0167439,0.999463,0.0169186,-0.00180846,0.0893286,0.0548277,0.0176069,0.182201
0.999586,0.00480353,0.0283699,-0.00528624,0.999842,0.0169644,-0.0282839,-0.0171073,0.999454,0.0172453,-0.00170613,0.0901894,0.0532366,0.0178251,0.173856
0.999582,0.00505614,0.0284681,-0.00554994,0.999835,0.0172937,-0.028376,-0.0174445,0.999445,0.0175576,-0.00160545,0.0910093,0.0515929,0.018216,0.165955
0.999578,0.00531685,0.028572,-0.00582151,0.999828,0.0176085,-0.0284734,-0.0177674,0.999437,0.0178639,-0.00150131,0.0917952,0.0499411,0.0185482,0.158279
0.999573,0.00559057,0.0286657,-0.0061053,0.999821,0.0179003,-0.0285605,-0.0180677,0.999429,0.0181611,-0.00139824,0.0925529,0.0479145,0.0190265,0.151022
0.999569,0.00586443,0.0287493,-0.0063891,0.999814,0.018192,-0.0286373,-0.0183679,0.999421,0.0184463,-0.00128161,0.0932681,0.0463265,0.0189444,0.147957
0.999566,0.00613247,0.0288283,-0.00666605,0.999808,0.0184494,-0.0287096,-0.0186336,0.999414,0.0187212,-0.00117105,0.0939529,0.0444183,0.019426,0.140856
0.999561,0.00639957,0.0289134,-0.00694234,0.999801,0.0187111,-0.0287879,-0.0189036,0.999407,0.0189891,-0.00105636,0.094606,0.0421506,0.0199618,0.134016
0.999557,0.00668424,0.0289939,-0.0072356,0.999794,0.0189531,-0.0288612,-0.0191544,0.9994,0.0192464,-0.000937748,0.0952285,0.040023,0.0202999,0.127597
0.999553,0.00695026,0.0290677,-0.00750993,0.999788,0.0191892,-0.0289281,-0.0193989,0.999393,0.0194907,-0.000818592,0.0958216,0.0376746,0.0204517,0.121406
0.999549,0.00721727,0.0291407,-0.00778479,0.999781,0.019409,-0.0289942,-0.0196271,0.999387,0.0197221,-0.000698774,0.0963875,0.035187,0.0208876,0.115563
0.999545,0.00747289,0.029222,-0.00804827,0.999775,0.0196221,-0.0290688,-0.0198483,0.99938,0.0199445,-0.00057678,0.0969302,0.032877,0.0215356,0.110264
0.999541,0.00773443,0.029302,-0.00831703,0.999769,0.0198129,-0.029142,-0.0200475,0.999374,0.0201553,-0.000453073,0.0974486,0.0304426,0.0220022,0.105331
0.999536,0.0079853,0.0293785,-0.00857458,0.999763,0.0199873,-0.029212,-0.0202299,0.999369,0.0203529,-0.000330121,0.0979431,0.0282006,0.0223273,0.100628
0.999532,0.00823505,0.0294444,-0.00883023,0.999758,0.0201412,-0.0292714,-0.0203917,0.999363,0.0205339,-0.000207877,0.0984117,0.0259168,0.0223992,0.095875
0.999528,0.00847627,0.0295202,-0.00907703,0.999753,0.0202764,-0.0293411,-0.0205348,0.999359,0.0207049,-8.90348e-05,0.0988617,0.0236969,0.0223055,0.0913688
0.999524,0.00871998,0.0295945,-0.00932631,0.999748,0.020412,-0.0294091,-0.0206783,0.999354,0.0208641,3.81109e-05,0.0992893,0.0212895,0.0225917,0.0872814
0.99952,0.00895879,0.0296706,-0.00956967,0.999744,0.0205111,-0.0294793,-0.0207852,0.999349,0.0210125,0.000159978,0.0997014,0.0191748,0.0224976,0.0833016
0.999515,0.00919936,0.0297487,-0.00981488,0.999739,0.0206111,-0.0295513,-0.0208931,0.999345,0.0211552,0.000289559,0.100092,0.0169207,0.0228307,0.0795147
0.999511,0.0094343,0.0298199,-0.0100537,0.999735,0.0206884,-0.0296169,-0.0209781,0.999341,0.0212888,0.000417198,0.100466,0.0146308,0.0233039,0.0756802
0.999506,0.0096597,0.0299087,-0.0102832,0.999732,0.0207625,-0.0297001,-0.0210598,0.999337,0.0214221,0.000548088,0.100825,0.012601,0.0233982,0.0721802
0.999501,0.00986854,0.0299979,-0.0104952,0.999728,0.0208046,-0.0297845,-0.021109,0.999333,0.0215503,0.000669147,0.101171,0.0108706,0.0236031,0.0690661
0.999497,0.0100898,0.0300678,-0.0107194,0.999725,0.02085,-0.0298491,-0.0211618,0.99933,0.0216604,0.00080045,0.101504,0.00901661,0.023891,0.0662575
0.999493,0.0102888,0.0301327,-0.0109206,0.999722,0.0208777,-0.0299095,-0.0211962,0.999328,0.0217549,0.000928265,0.101819,0.00707267,0.0241622,0.0635642
0.999489,0.0104959,0.0302043,-0.0111301,0.999719,0.0209057,-0.0299764,-0.0212312,0.999325,0.0218397,0.0010614,0.102119,0.00504404,0.0247178,0.0609435
0.999484,0.010694,0.0302718,-0.01133,0.999717,0.0209188,-0.0300396,-0.021251,0.999323,0.021914,0.00119374,0.102408,0.00308788,0.0247408,0.0580909
0.999481,0.0108876,0.0303328,-0.0115252,0.999715,0.0209259,-0.0300963,-0.0212647,0.999321,0.0219764,0.00132761,0.102684,0.00115167,0.0247683,0.0555475
0.999477,0.0110709,0.0303779,-0.0117094,0.999713,0.0209217,-0.0301376,-0.0212665,0.99932,0.0220234,0.00146086,0.102947,-0.00068774,0.0247541,0.0531277
0.999474,0.011247,0.0304188,-0.0118859,0.999711,0.0209068,-0.0301749,-0.0212574,0.999319,0.0220586,0.00159246,0.103199,-0.00244572,0.0246499,0.0505907
0.999471,0.0114324,0.030457,-0.0120719,0.999709,0.0208963,-0.0302092,-0.0212529,0.999318,0.0220832,0.00173006,0.10344,-0.00407476,0.024805,0.0481389
0.999468,0.0115994,0.030489,-0.0122387,0.999707,0.0208659,-0.0302381,-0.0212279,0.999317,0.0220984,0.00186296,0.103672,-0.00558094,0.0247872,0.0459432
0.999465,0.011761,0.0305271,-0.0123999,0.999706,0.0208234,-0.0302733,-0.0211908,0.999317,0.0221085,0.00199175,0.103895,-0.00730218,0.0250518,0.0437328
0.999462,0.0119182,0.0305493,-0.0125567,0.999705,0.0207956,-0.0302925,-0.021168,0.999317,0.0221068,0.00212806,0.104106,-0.00896248,0.0249635,0.0416926
0.99946,0.0120607,0.0305732,-0.0126984,0.999704,0.0207475,-0.0303139,-0.0211245,0.999317,0.0220984,0.00225929,0.104309,-0.0104376,0.024923,0.0401681
0.999458,0.0121981,0.0305777,-0.0128347,0.999703,0.0207098,-0.030316,-0.021091,0.999318,0.0220769,0.00239526,0.104501,-0.011964,0.0249458,0.0380058
0.999456,0.0123251,0.0305835,-0.0129601,0.999703,0.020653,-0.0303199,-0.0210381,0.999319,0.0220479,0.00252524,0.104685,-0.0135248,0.0249938,0.0362491
0.999455,0.012452,0.0305808,-0.0130858,0.999702,0.0206136,-0.030315,-0.0210026,0.99932,0.0220099,0.00266184,0.104859,-0.0147361,0.0250251,0.0344325
0.999453,0.0125735,0.0305831,-0.013206,0.999701,0.0205671,-0.0303154,-0.0209597,0.999321,0.0219677,0.00279798,0.105025,-0.0161154,0.0250046,0.0327833
0.999451,0.012695,0.0305969,-0.0133265,0.999701,0.0205237,-0.0303272,-0.0209201,0.999321,0.0219256,0.00293588,0.105185,-0.0170282,0.0250904,0.0310778
0.99945,0.0128057,0.0305891,-0.0134354,0.9997,0.0204699,-0.0303178,-0.0208696,0.999322,0.0218736,0.00307034,0.105335,-0.0181721,0.0250052,0.0296137
0.999449,0.0129071,0.0305844,-0.0135353,0.9997,0.0204229,-0.0303116,-0.0208256,0.999324,0.0218168,0.00320543,0.105477,-0.0189131,0.0248691,0.0282835
0.999448,0.0130057,0.0305711,-0.0136321,0.9997,0.020373,-0.0302969,-0.0207785,0.999325,0.0217527,0.00333923,0.105611,-0.0200198,0.0247928,0.026751
0.999448,0.0130938,0.0305487,-0.0137183,0.999699,0.0203256,-0.0302734,-0.0207334,0.999327,0.0216806,0.00347225,0.105736,-0.0208101,0.0245731,0.0252727
0.999447,0.0131758,0.0305317,-0.0137984,0.999699,0.0202704,-0.0302555,-0.0206805,0.999328,0.0216058,0.00360095,0.105855,-0.0215391,0.024482,0.0237854
0.999447,0.0132514,0.0305025,-0.0138719,0.999699,0.0202202,-0.0302254,-0.0206322,0.99933,0.0215241,0.00372964,0.105965,-0.0220143,0.0243018,0.0224489
0.999447,0.013316,0.0304565,-0.0139339,0.9997,0.0201651,-0.0301789,-0.0205784,0.999333,0.0214321,0.00385511,0.106067,-0.02276,0.0239135,0.020837
0.999447,0.0133815,0.0304244,-0.013997,0.9997,0.0201106,-0.0301462,-0.0205253,0.999335,0.0213389,0.0039789,0.106163,-0.0234167,0.0237066,0.0190591
0.999448,0.0134376,0.0303854,-0.0140509,0.9997,0.0200595,-0.0301067,-0.0204753,0.999337,0.0212416,0.00410312,0.106251,-0.0239314,0.0238089,0.0175369
0.999449,0.0134794,0.0303432,-0.0140903,0.999701,0.0200072,-0.0300645,-0.0204237,0.999339,0.0211403,0.0042259,0.106334,-0.0246505,0.0235935,0.0162191
0.999449,0.0135317,0.0303124,-0.0141404,0.999701,0.0199577,-0.0300333,-0.0203753,0.999341,0.0210391,0.00434968,0.106411,-0.02499,0.0235814,0.0149949
0.99945,0.013572,0.03027,-0.0141786,0.999701,0.0199141,-0.0299907,-0.0203323,0.999343,0.020933,0.00447526,0.106481,-0.025356,0.0235619,0.0138062
0.99945,0.0136141,0.0302486,-0.0142188,0.999702,0.0198679,-0.0299691,-0.0202871,0.999345,0.0208305,0.00459965,0.106547,-0.0255755,0.0234638,0.0126992
0.99945,0.0136415,0.0302216,-0.0142442,0.999702,0.0198186,-0.0299422,-0.0202382,0.999347,0.0207266,0.00472133,0.106609,-0.0257847,0.023608,0.011776
0.999451,0.0136688,0.0301924,-0.0142699,0.999702,0.0197826,-0.029913,-0.0202026,0.999348,0.0206198,0.0048468,0.106663,-0.0259778,0.023737,0.0107793
0.999452,0.0136846,0.0301501,-0.0142834,0.999703,0.0197364,-0.0298711,-0.0201562,0.999351,0.0205059,0.00496818,0.106712,-0.0263598,0.0235745,0.00969697
0.999452,0.0137042,0.0301292,-0.0143007,0.999704,0.0196754,-0.0298506,-0.0200955,0.999352,0.0203951,0.00508164,0.106758,-0.0266586,0.0233491,0.00864434
0.999452,0.0137127,0.0301158,-0.0143082,0.999705,0.0196455,-0.0298375,-0.0200657,0.999353,0.0202883,0.00520322,0.106797,-0.0262695,0.0232613,0.00761726
0.999453,0.0137189,0.030094,-0.0143133,0.999705,0.019624,-0.0298159,-0.020044,0.999354,0.0201796,0.00533108,0.106832,-0.0261646,0.0233238,0.00667548
0.999453,0.0137208,0.0300779,-0.0143136,0.999706,0.0195847,-0.0298003,-0.0200045,0.999356,0.0200709,0.00545431,0.106865,-0.0260582,0.0232347,0.00590083
0.999454,0.0137205,0.0300621,-0.0143123,0.999706,0.0195586,-0.0297849,-0.0199782,0.999357,0.0199616,0.00558135,0.106893,-0.025977,0.0235795,0.00512696
0.999455,0.0137092,0.0300407,-0.0142994,0.999707,0.0195194,-0.0297643,-0.0199383,0.999358,0.0198499,0.00570449,0.106917,-0.0256678,0.023845,0.00438286
0.999455,0.0137118,0.0300308,-0.0143008,0.999708,0.0194874,-0.0297548,-0.0199062,0.999359,0.0197402,0.00582975,0.106938,-0.0253463,0.0237917,0.00382622
0.999455,0.0137019,0.0300215,-0.0142897,0.999709,0.0194528,-0.0297462,-0.0198712,0.99936,0.0196317,0.00595383,0.106956,-0.0251527,0.0237445,0.00332286
0.999456,0.0136857,0.0300097,-0.0142723,0.99971,0.0194205,-0.0297352,-0.0198382,0.999361,0.0195228,0.00607822,0.10697,-0.0248783,0.0238793,0.00273589
0.999456,0.0136786,0.0300022,-0.0142642,0.99971,0.0193938,-0.0297282,-0.0198112,0.999362,0.0194154,0.00620568,0.106981,-0.0243117,0.0239908,0.00230214
0.999457,0.0136577,0.0299933,-0.0142422,0.999711,0.0193635,-0.0297202,-0.0197801,0.999363,0.0193093,0.00633213,0.106989,-0.0236542,0.0242278,0.00169999
0.999457,0.0136357,0.0299891,-0.0142193,0.999712,0.0193344,-0.0297169,-0.0197504,0.999363,0.0192056,0.00645866,0.106995,-0.0231356,0.0241565,0.00114469
0.999458,0.0136119,0.029979,-0.0141946,0.999713,0.0193089,-0.0297076,-0.019724,0.999364,0.0191013,0.00658656,0.106998,-0.0225724,0.0242242,0.000543054
0.999458,0.0135871,0.029979,-0.014169,0.999714,0.0192854,-0.0297084,-0.0196997,0.999364,0.0190012,0.0067159,0.106999,-0.0217768,0.0243203,0.000258531
0.999458,0.0135692,0.0299875,-0.0141509,0.999714,0.0192703,-0.0297175,-0.0196842,0.999364,0.0189059,0.00684985,0.106998,-0.0214504,0.0244396,-0.000294396
0.999458,0.0135404,0.029992,-0.0141212,0.999715,0.019241,-0.0297229,-0.0196541,0.999365,0.0188124,0.00698024,0.106996,-0.0207919,0.0248549,-0.0005985
0.999459,0.0135031,0.0299898,-0.014083,0.999716,0.0192104,-0.0297219,-0.0196223,0.999366,0.018719,0.00710916,0.106991,-0.020035,0.0251307,-0.00102252
0.999459,0.0134615,0.029992,-0.0140407,0.999717,0.0191854,-0.0297253,-0.0195961,0.999366,0.0186283,0.00723938,0.106984,-0.0194728,0.0250766,-0.0012885
0.99946,0.0134199,0.0299955,-0.0139982,0.999719,0.0191555,-0.02973,-0.019565,0.999366,0.0185404,0.00736858,0.106975,-0.0187198,0.0252149,-0.00180176
0.99946,0.0133727,0.0300022,-0.0139504,0.99972,0.0191286,-0.0297379,-0.0195368,0.999367,0.0184564,0.00749861,0.106964,-0.017966,0.0252902,-0.00224217
0.999461,0.0133308,0.0300053,-0.0139077,0.999721,0.019103,-0.0297423,-0.01951,0.999367,0.018374,0.00763023,0.106951,-0.0171512,0.0253773,-0.00278556
0.999461,0.013278,0.0300171,-0.0138546,0.999722,0.0190839,-0.0297554,-0.0194895,0.999367,0.0182974,0.00776511,0.106937,-0.0163783,0.0255277,-0.00309382
0.999462,0.0132191,0.0300181,-0.0137956,0.999723,0.0190778,-0.0297576,-0.0194816,0.999367,0.0182198,0.00790783,0.10692,-0.0157306,0.0258429,-0.00323348
0.999462,0.0131535,0.0300299,-0.0137298,0.999724,0.0190639,-0.0297708,-0.0194659,0.999367,0.0181476,0.00804995,0.106904,-0.015173,0.0264059,-0.00372066
0.999463,0.0130901,0.0300498,-0.013666,0.999725,0.0190409,-0.0297923,-0.0194413,0.999367,0.0180827,0.00818765,0.106889,-0.0142243,0.0265719,-0.00395006
0.999463,0.0130189,0.0300597,-0.0135945,0.999727,0.0190234,-0.0298038,-0.0194218,0.999367,0.018018,0.00832638,0.106871,-0.013308,0.0269241,-0.00403649
0.999464,0.0129503,0.030083,-0.0135259,0.999728,0.01901,-0.0298286,-0.0194067,0.999367,0.0179604,0.00846707,0.106851,-0.0124962,0.0270039,-0.00428295
0.999464,0.0128776,0.0300988,-0.0134531,0.999729,0.0189963,-0.029846,-0.019391,0.999366,0.0179037,0.00860763,0.106831,-0.0118985,0.0271202,-0.00434971
0.999465,0.0128059,0.0301078,-0.0133812,0.99973,0.0189827,-0.0298566,-0.0193754,0.999366,0.0178462,0.00874794,0.106809,-0.0111289,0.0272819,-0.00465229
0.999465,0.0127269,0.0301271,-0.0133022,0.999731,0.0189733,-0.0298776,-0.0193639,0.999366,0.0177947,0.00888983,0.106786,-0.0103339,0.0273542,-0.00488902
0.999466,0.0126499,0.0301341,-0.0132249,0.999733,0.0189624,-0.0298862,-0.0193507,0.999366,0.0177423,0.00903118,0.106764,-0.00974737,0.0275312,-0.00499739
0.999467,0.0125762,0.0301416,-0.0131513,0.999734,0.0189574,-0.0298952,-0.0193437,0.999366,0.0176918,0.00917487,0.10674,-0.00887354,0.027793,-0.00499428
0.999467,0.0124993,0.0301519,-0.0130745,0.999735,0.0189559,-0.029907,-0.01934,0.999366,0.0176453,0.00932013,0.106715,-0.00809824,0.0277495,-0.00538336
0.999468,0.0124193,0.0301706,-0.012995,0.999736,0.0189595,-0.0299272,-0.0193414,0.999365,0.0176056,0.00946792,0.10669,-0.00737005,0.0279773,-0.00530332
0.999468,0.0123325,0.0301868,-0.0129086,0.999737,0.0189638,-0.029945,-0.0193433,0.999364,0.0175697,0.00961711,0.106664,-0.00662474,0.0281162,-0.00524523
0.999469,0.0122368,0.0302037,-0.0128134,0.999738,0.0189701,-0.0299637,-0.019347,0.999364,0.0175376,0.00976755,0.106638,-0.00597021,0.0282173,-0.00507466
0.99947,0.0121406,0.030206,-0.0127168,0.999739,0.0189552,-0.029968,-0.0193292,0.999364,0.0175032,0.00990943,0.106615,-0.00547385,0.0282448,-0.00516227
0.99947,0.0120554,0.0302311,-0.0126319,0.999741,0.0189538,-0.0299948,-0.0193256,0.999363,0.0174787,0.010054,0.106589,-0.00482056,0.0284001,-0.00545587
0.999471,0.0119701,0.03025,-0.0125471,0.999742,0.018957,-0.0300153,-0.0193266,0.999363,0.0174585,0.0102007,0.106562,-0.00388946,0.0283132,-0.00519202
0.999471,0.0118779,0.0302755,-0.0124557,0.999742,0.0189701,-0.0300424,-0.0193371,0.999362,0.0174448,0.0103518,0.106535,-0.00308869,0.0284959,-0.00525042
0.999471,0.0117886,0.0302957,-0.0123667,0.999744,0.0189657,-0.0300644,-0.0193303,0.999361,0.0174335,0.0104969,0.10651,-0.00240016,0.0284953,-0.00516026
0.999472,0.0116958,0.0303175,-0.0122748,0.999744,0.0189807,-0.0300878,-0.0193428,0.99936,0.0174259,0.0106476,0.106483,-0.00178555,0.0285067,-0.00495027
0.999473,0.0115987,0.0303341,-0.0121782,0.999746,0.0189887,-0.0301062,-0.0193481,0.999359,0.0174199,0.0107967,0.106458,-0.00118182,0.0284786,-0.0049003
0.999473,0.011488,0.0303479,-0.0120678,0.999747,0.0189929,-0.030122,-0.0193492,0.999359,0.0174158,0.0109432,0.106433,-0.000490277,0.0282932,-0.00505026
0.999474,0.0113881,0.0303545,-0.0119686,0.999748,0.0190128,-0.0301303,-0.0193662,0.999358,0.0174121,0.011095,0.106407,0.00033738,0.0282539,-0.00509847
0.999475,0.0112793,0.0303707,-0.0118607,0.999749,0.0190322,-0.0301484,-0.0193824,0.999357,0.0174145,0.0112489,0.106382,0.00123001,0.0286809,-0.00488667
0.999476,0.0111743,0.0303866,-0.0117565,0.999749,0.0190488,-0.0301661,-0.0193961,0.999357,0.0174212,0.0114026,0.106359,0.00200917,0.0286965,-0.00476372
0.999476,0.0110653,0.0304065,-0.0116479,0.999751,0.0190515,-0.0301881,-0.0193957,0.999356,0.0174329,0.0115502,0.106337,0.00258464,0.0286644,-0.00472296
0.999477,0.0109532,0.0304102,-0.0115366,0.999752,0.0190741,-0.0301937,-0.019415,0.999355,0.0174425,0.0117034,0.106313,0.00296791,0.0287486,-0.00474294
0.999479,0.0108399,0.0304083,-0.011424,0.999752,0.0191009,-0.0301937,-0.0194384,0.999355,0.0174508,0.0118598,0.106291,0.00333482,0.0289469,-0.00482262
0.99948,0.0107325,0.030399,-0.011317,0.999753,0.0191224,-0.0301862,-0.0194565,0.999355,0.0174578,0.0120145,0.10627,0.00375563,0.0288572,-0.00449884
0.999481,0.0106238,0.0304046,-0.0112092,0.999754,0.0191492,-0.0301937,-0.0194801,0.999354,0.0174716,0.0121702,0.106249,0.0041987,0.0288123,-0.00454063
0.999482,0.0105033,0.0304227,-0.0110901,0.999754,0.0191833,-0.0302138,-0.0195107,0.999353,0.0174945,0.0123284,0.106229,0.00466174,0.0287352,-0.00397734
0.999483,0.0103914,0.0304277,-0.0109788,0.999755,0.0192008,-0.0302208,-0.0195249,0.999353,0.017518,0.0124801,0.106212,0.0050171,0.0287195,-0.00365472
0.999484,0.0102812,0.0304404,-0.0108698,0.999756,0.0192327,-0.0302353,-0.0195537,0.999352,0.0175466,0.0126347,0.106193,0.0057765,0.0288638,-0.00329896
0.999485,0.0101737,0.0304492,-0.0107631,0.999757,0.0192579,-0.0302459,-0.0195757,0.999351,0.017578,0.0127859,0.106176,0.00649511,0.0285641,-0.00332585
0.999486,0.0100604,0.030451,-0.0106507,0.999757,0.0192831,-0.0302496,-0.0195975,0.99935,0.0176095,0.0129353,0.10616,0.00697662,0.0287152,-0.00321647
0.999486,0.0099565,0.0304625,-0.0105479,0.999758,0.0193165,-0.0302627,-0.0196279,0.999349,0.0176459,0.013085,0.106145,0.00702625,0.0285621,-0.00304908
0.999487,0.00983277,0.030466,-0.0104253,0.999758,0.0193507,-0.0302683,-0.0196584,0.999348,0.0176833,0.0132341,0.10613,0.00729108,0.0284301,-0.00282204
0.999488,0.0097118,0.030474,-0.0103058,0.999759,0.0193958,-0.0302783,-0.0197,0.999347,0.0177245,0.0133859,0.106116,0.00788272,0.0283973,-0.0028675
0.999489,0.00959878,0.0304753,-0.0101938,0.999759,0.0194283,-0.0302815,-0.019729,0.999347,0.017767,0.0135348,0.106103,0.00852934,0.0281538,-0.00246302
0.99949,0.00947293,0.0304843,-0.0100692,0.99976,0.0194652,-0.0302926,-0.0197623,0.999346,0.0178143,0.0136822,0.106092,0.00907391,0.0279457,-0.00214782
0.999491,0.0093676,0.0304916,-0.00996528,0.99976,0.0195087,-0.0303016,-0.0198026,0.999345,0.0178635,0.0138319,0.106081,0.009424,0.02788,-0.00213832
0.999492,0.00923236,0.0304888,-0.00983095,0.999761,0.019542,-0.0303011,-0.0198318,0.999344,0.0179127,0.0139765,0.106071,0.00992069,0.0279044,-0.00206179
0.999494,0.00911385,0.0304791,-0.00971361,0.999761,0.019588,-0.0302933,-0.0198742,0.999343,0.01796,0.0141234,0.10606,0.00987154,0.0274136,-0.0019759
0.999496,0.00899251,0.030461,-0.009593,0.999761,0.019625,-0.0302772,-0.0199073,0.999343,0.0180048,0.0142665,0.10605,0.0101915,0.0272201,-0.00193315
0.999497,0.00887569,0.0304585,-0.00947755,0.999762,0.0196726,-0.0302767,-0.0199513,0.999342,0.0180548,0.0144114,0.106041,0.0104003,0.0271513,-0.00164125
0.999498,0.00874461,0.0304536,-0.00934797,0.999762,0.0197265,-0.0302738,-0.0200013,0.999342,0.0181075,0.0145579,0.106034,0.0105229,0.027205,-0.00136218
0.999499,0.00861902,0.0304454,-0.00922367,0.999762,0.0197759,-0.0302677,-0.0200468,0.999341,0.0181613,0.014703,0.106028,0.0107617,0.0270319,-0.00150104
0.999501,0.00847844,0.0304358,-0.00908452,0.999762,0.0198306,-0.0302604,-0.0200972,0.99934,0.0182166,0.0148474,0.106023,0.0107917,0.0268125,-0.00118602
0.999502,0.00835319,0.0304283,-0.00896044,0.999762,0.0198754,-0.0302551,-0.0201381,0.999339,0.0182735,0.0149887,0.106019,0.0109415,0.0267379,-0.00114034
0.999503,0.00822739,0.030419,-0.00883622,0.999762,0.0199348,-0.0302478,-0.0201937,0.999338,0.0183317,0.0151333,0.106015,0.011267,0.026603,-0.00108048
0.999505,0.00809813,0.0303953,-0.00870825,0.999762,0.0199945,-0.0302262,-0.0202493,0.999338,0.0183867,0.0152784,0.106011,0.0114875,0.0265603,-0.000696039
0.999507,0.00796592,0.0303834,-0.00857741,0.999762,0.0200489,-0.0302165,-0.0202996,0.999337,0.0184451,0.0154205,0.10601,0.0116804,0.0263239,-0.000537678
0.999508,0.00784541,0.0303752,-0.00845789,0.999762,0.020088,-0.0302104,-0.020335,0.999337,0.0185062,0.0155563,0.10601,0.0118365,0.026082,-0.000249312
0.999509,0.00772144,0.0303604,-0.00833564,0.999762,0.0201562,-0.0301975,-0.0203994,0.999336,0.0185669,0.0156994,0.106009,0.0119555,0.0260151,-4.64766e-05
0.999511,0.00760569,0.0303418,-0.00822157,0.999762,0.0202252,-0.0301807,-0.0204648,0.999335,0.0186265,0.0158446,0.106009,0.0121286,0.0256406,-2.32671e-05
0.999512,0.00748632,0.0303163,-0.00810384,0.999761,0.0202978,-0.0301571,-0.0205335,0.999334,0.0186839,0.0159911,0.106009,0.0121547,0.0255461,0.0003887
0.999514,0.00735791,0.030293,-0.0079764,0.999761,0.020347,-0.030136,-0.0205788,0.999334,0.0187416,0.0161285,0.106013,0.0120491,0.0255022,0.00081207
0.999516,0.00724114,0.0302702,-0.00786105,0.999761,0.0204106,-0.0301151,-0.0206387,0.999333,0.0187996,0.0162679,0.106016,0.0121843,0.0254756,0.000667033
0.999517,0.00710791,0.0302435,-0.00772911,0.999761,0.0204726,-0.0300908,-0.0206965,0.999333,0.0188577,0.0164047,0.106019,0.0122734,0.0252183,0.000843116
0.999519,0.00698922,0.0302155,-0.00761141,0.99976,0.0205261,-0.0300648,-0.0207462,0.999333,0.018915,0.0165376,0.106023,0.0122812,0.0250709,0.0010853
0.999521,0.0068651,0.0301839,-0.0074887,0.99976,0.0205957,-0.0300353,-0.0208119,0.999332,0.0189711,0.0166735,0.106027,0.0122522,0.0247399,0.00122633
0.999522,0.00674512,0.0301666,-0.00737056,0.999759,0.0206699,-0.0300199,-0.0208824,0.999331,0.0190316,0.0168112,0.106032,0.012086,0.02448,0.00132186
0.999523,0.00661123,0.0301527,-0.00723807,0.999759,0.0207274,-0.0300084,-0.0209357,0.99933,0.0190959,0.016942,0.106041,0.0120902,0.02436,0.0015382
0.999525,0.00648248,0.0301307,-0.00711095,0.999758,0.0207981,-0.0299886,-0.0210025,0.99933,0.0191523,0.0170873,0.106045,0.0119118,0.0245356,0.00158318
0.999525,0.00631767,0.0301745,-0.00694461,0.999761,0.0207177,-0.0300364,-0.0209174,0.99933,0.0192059,0.0172721,0.106046,0.0142676,0.025882,0.00221262
0.999522,0.00608092,0.030307,-0.00670017,0.99977,0.0203728,-0.0301761,-0.0205661,0.999333,0.0192794,0.017463,0.106063,0.0180872,0.0267637,0.00409482
0.999519,0.00580448,0.0304742,-0.00641014,0.999783,0.0198147,-0.0303525,-0.0200005,0.999339,0.0193929,0.0176491,0.106091,0.0245752,0.0276276,0.00551054
0.999516,0.00552028,0.0306165,-0.00610844,0.999798,0.0191505,-0.0305046,-0.0193283,0.999348,0.0195468,0.0177919,0.10612,0.0309189,0.0251137,0.00303683
0.999515,0.00526041,0.0306974,-0.00583206,0.999811,0.0185623,-0.0305939,-0.0187323,0.999356,0.0197416,0.0178871,0.106132,0.0382997,0.0216798,-0.00030674
0.999516,0.00503437,0.0306875,-0.00559297,0.99982,0.0181446,-0.0305906,-0.0183074,0.999364,0.0199785,0.0179406,0.106122,0.0465949,0.017177,-0.00444099
0.99952,0.00486976,0.0306028,-0.00541959,0.999825,0.0179096,-0.0305102,-0.0180668,0.999371,0.020264,0.0179617,0.106089,0.0553018,0.0125355,-0.00811644
0.999526,0.00474318,0.0304208,-0.00528853,0.999826,0.0178716,-0.0303308,-0.018024,0.999377,0.0205954,0.0179764,0.106034,0.0646185,0.00764819,-0.0109689
0.999534,0.00463766,0.0301593,-0.00518025,0.999826,0.0179378,-0.0300708,-0.0180857,0.999384,0.0209797,0.0179831,0.105962,0.0753634,0.00274178,-0.0143221
0.999545,0.00455289,0.0298028,-0.00509193,0.999824,0.0180363,-0.0297154,-0.0181798,0.999393,0.0214156,0.0179828,0.105876,0.0866355,-0.00188301,-0.0171019
0.999559,0.00447112,0.029373,-0.0050049,0.999823,0.0181242,-0.0292868,-0.0182632,0.999404,0.0219086,0.017981,0.105777,0.098567,-0.00608955,-0.0195162
0.999574,0.00438802,0.028868,-0.00491335,0.999823,0.0181519,-0.0287833,-0.018286,0.999418,0.0224669,0.017975,0.105664,0.11128,-0.00993038,-0.0225306
0.999591,0.00429886,0.0282651,-0.00481125,0.999825,0.0180848,-0.0281825,-0.0182134,0.999437,0.023093,0.0179582,0.105535,0.124841,-0.0135259,-0.0258799
0.999612,0.00421529,0.0275456,-0.00471013,0.999828,0.0179244,-0.0274653,-0.0180472,0.99946,0.0237916,0.017927,0.105385,0.139214,-0.0170518,-0.0302997
0.999635,0.0041485,0.0267024,-0.00462125,0.999833,0.0176673,-0.0266247,-0.0177842,0.999487,0.0245652,0.0178766,0.105215,0.15432,-0.0207217,-0.0347219
0.999661,0.0041002,0.0257207,-0.00454675,0.99984,0.0173269,-0.0256456,-0.017438,0.999519,0.0254165,0.0177998,0.105028,0.169802,-0.0243025,-0.0385129
0.999689,0.00406119,0.0245935,-0.00447869,0.999846,0.0169445,-0.0245209,-0.0170493,0.999554,0.026351,0.0176972,0.104827,0.185957,-0.0281978,-0.0413549
0.99972,0.00405736,0.0232916,-0.00444315,0.999853,0.0165355,-0.0232211,-0.0166344,0.999592,0.0273667,0.0175632,0.10462,0.203147,-0.0326438,-0.0429387
0.999754,0.00408047,0.0218179,-0.00443287,0.99986,0.0161276,-0.021749,-0.0162203,0.999632,0.0284623,0.0174007,0.104408,0.220632,-0.0377391,-0.0435906
0.999788,0.00412396,0.0201787,-0.00444162,0.999867,0.0157226,-0.0201111,-0.0158089,0.999673,0.0296392,0.0172104,0.1042,0.239292,-0.043423,-0.0422446
0.999822,0.00417764,0.0183835,-0.00445931,0.999873,0.0153078,-0.0183172,-0.015387,0.999714,0.0308998,0.0170002,0.103999,0.258546,-0.0490766,-0.0404347
0.999856,0.00423309,0.0164532,-0.00447755,0.99988,0.0148498,-0.0163884,-0.0149213,0.999754,0.0322503,0.0167765,0.103808,0.278548,-0.0552068,-0.0374151
0.999887,0.00430934,0.0143902,-0.00451491,0.999888,0.0142835,-0.014327,-0.0143469,0.999794,0.0336968,0.016535,0.103635,0.299673,-0.0613724,-0.0337623
0.999916,0.00441137,0.0121965,-0.00457657,0.999898,0.0135502,-0.0121355,-0.0136049,0.999834,0.0352448,0.0162749,0.103478,0.321687,-0.0675687,-0.0305039
0.999941,0.00451615,0.00988065,-0.00464058,0.99991,0.012607,-0.00982283,-0.0126521,0.999872,0.0369031,0.0159969,0.103334,0.344866,-0.0742149,-0.0276172
0.999962,0.00458754,0.00742977,-0.00467211,0.999924,0.0114058,-0.00737688,-0.01144,0.999907,0.038719,0.0156538,0.103203,0.369649,-0.0814693,-0.0256933
0.999978,0.00462352,0.00484037,-0.00467107,0.99994,0.0098588,-0.0047945,-0.00988119,0.99994,0.0406512,0.0152843,0.10309,0.395018,-0.0892296,-0.0237075
0.999987,0.00459648,0.00216388,-0.00461343,0.999958,0.00789302,-0.00212751,-0.0079029,0.999967,0.042704,0.0148799,0.102985,0.421507,-0.0983881,-0.0234119
0.99999,0.00447182,-0.000612182,-0.00446841,0.999975,0.00546448,0.000636603,-0.00546169,0.999985,0.0447672,0.014005,0.103084,0.446772,-0.113768,-0.0232214
0.999987,0.00468069,-0.00217077,-0.00466898,0.999975,0.00536983,0.00219585,-0.00535963,0.999983,0.0469371,0.0133244,0.103196,0.47055,-0.121711,-0.0133271
0.999982,0.0048822,-0.00348323,-0.00486442,0.999975,0.00509324,0.00350801,-0.00507621,0.999981,0.0492173,0.0128078,0.103386,0.499776,-0.128203,-0.00211746
0.999977,0.00505917,-0.00450889,-0.00503949,0.999978,0.00436562,0.00453087,-0.0043428,0.99998,0.0516124,0.012359,0.103657,0.529046,-0.132974,0.0070735
0.999973,0.00523359,-0.0052288,-0.00521683,0.999981,0.00321468,0.00524552,-0.00318731,0.999981,0.0541295,0.0119081,0.103975,0.557802,-0.135474,0.0143848
0.999969,0.00540721,-0.00565347,-0.00539715,0.999984,0.00179303,0.00566308,-0.00176246,0.999982,0.0567711,0.0114145,0.104306,0.584823,-0.135839,0.0177811
0.999968,0.00560819,-0.00578888,-0.00560664,0.999984,0.000283603,0.00579038,-0.000251137,0.999983,0.0595861,0.0109998,0.104567,0.610265,-0.133411,0.017287
0.999964,0.00588457,-0.00605765,-0.00589711,0.99998,-0.00205542,0.00604544,0.00209107,0.99998,0.0626123,0.0103742,0.104791,0.630863,-0.130628,0.0130737
0.999961,0.00620813,-0.00623271,-0.00623437,0.999972,-0.00419979,0.00620646,0.00423848,0.999972,0.0657359,0.00973027,0.104984,0.648474,-0.124395,0.00509162
0.999958,0.00656739,-0.00642076,-0.00660569,0.99996,-0.00596352,0.00638134,0.00600568,0.999962,0.0689424,0.00909801,0.105116,0.662429,-0.114169,-0.00857493
0.999954,0.00698061,-0.00664995,-0.0070288,0.999949,-0.0072506,0.00659899,0.00729701,0.999952,0.0722079,0.00851244,0.105192,0.675063,-0.102282,-0.0179759
0.999949,0.00742404,-0.00686275,-0.00747969,0.999939,-0.00811926,0.00680206,0.00817018,0.999943,0.0755226,0.0079932,0.10524,0.687053,-0.0886654,-0.0219437
0.999944,0.00788483,-0.00700107,-0.00794524,0.999931,-0.00864359,0.00693243,0.00869874,0.999938,0.0788861,0.00755375,0.105273,0.698211,-0.0746601,-0.022583
0.99994,0.00834546,-0.00705374,-0.00840806,0.999925,-0.00889113,0.00697901,0.00894991,0.999936,0.0822966,0.00717578,0.10531,0.709433,-0.062922,-0.0216389
0.999937,0.00875405,-0.00701609,-0.00881614,0.999922,-0.00886749,0.00693792,0.00892878,0.999936,0.0857577,0.00685301,0.105343,0.720812,-0.0527984,-0.0217491
0.999935,0.00911487,-0.00690154,-0.00917394,0.999921,-0.00857625,0.00682283,0.00863901,0.999939,0.0892781,0.00657339,0.105363,0.733613,-0.0437468,-0.0239791
0.999933,0.00940034,-0.00672115,-0.00945415,0.999923,-0.00801942,0.00664525,0.00808243,0.999945,0.0928671,0.00634662,0.105351,0.747649,-0.0350774,-0.0278732
0.999932,0.00964523,-0.00651236,-0.00969229,0.999927,-0.00723325,0.00644212,0.00729588,0.999953,0.0965366,0.00617481,0.105295,0.763353,-0.0264237,-0.0344757
0.999932,0.00983416,-0.0063034,-0.00987372,0.999932,-0.00627483,0.00624127,0.00633664,0.99996,0.100296,0.00606218,0.105187,0.781011,-0.0172541,-0.0423067
0.999932,0.00998234,-0.00610097,-0.0100141,0.999936,-0.00520246,0.00604865,0.0052632,0.999968,0.104164,0.00600738,0.10501,0.800248,-0.00830284,-0.0526836
0.999931,0.0100717,-0.00596522,-0.0100961,0.999941,-0.00407416,0.00592383,0.00413411,0.999974,0.108144,0.00600657,0.104763,0.820485,0.000838317,-0.0647907
0.999931,0.0100977,-0.00592751,-0.0101152,0.999945,-0.00292617,0.00589763,0.00298593,0.999978,0.112231,0.00606283,0.104447,0.841312,0.0100451,-0.0774107
0.999931,0.0100728,-0.00597206,-0.0100837,0.999948,-0.00179606,0.00595366,0.00185616,0.999981,0.116426,0.00617692,0.104066,0.862419,0.0197403,-0.0895324
0.999932,0.00998983,-0.0060721,-0.00999457,0.99995,-0.000751149,0.00606429,0.000811785,0.999981,0.120725,0.00634555,0.103629,0.883182,0.0297503,-0.100236
0.999932,0.0098604,-0.00623722,-0.00985927,0.999951,0.000212237,0.00623901,-0.000150728,0.999981,0.125117,0.00657348,0.103145,0.903698,0.0397391,-0.109725
0.999932,0.00969347,-0.00642668,-0.00968693,0.999953,0.00104726,0.00643652,-0.000984936,0.999979,0.129605,0.00685434,0.102616,0.923166,0.0491693,-0.118114
0.999933,0.00947602,-0.00665714,-0.00946473,0.999954,0.00172627,0.00667319,-0.00166314,0.999976,0.134183,0.00718999,0.102051,0.942582,0.0584144,-0.124179
0.999933,0.00924831,-0.00692196,-0.00923304,0.999955,0.00223454,0.00694231,-0.00217048,0.999974,0.138841,0.00756801,0.101513,0.961172,0.0671297,-0.12767
0.999934,0.00898564,-0.00721602,-0.00896737,0.999957,0.00256002,0.00723871,-0.00249514,0.999971,0.143575,0.00798965,0.100983,0.97984,0.0756494,-0.129825
0.999934,0.00871224,-0.00753792,-0.0086917,0.999958,0.00275333,0.00756159,-0.00268763,0.999968,0.148389,0.00845545,0.10045,0.998435,0.0837244,-0.130369
0.999933,0.00843622,-0.00787848,-0.00841416,0.999961,0.00282922,0.00790204,-0.00276274,0.999965,0.153297,0.00896049,0.0999141,1.01702,0.0918582,-0.129401
0.999933,0.00813681,-0.00825867,-0.00811399,0.999963,0.00279295,0.00828109,-0.00272575,0.999962,0.158297,0.00949446,0.0993879,1.03616,0.0996075,-0.126051
0.999931,0.00786578,-0.00867546,-0.00784299,0.999966,0.00265788,0.00869607,-0.00258966,0.999959,0.163394,0.0100491,0.0988807,1.05615,0.106785,-0.120544
0.999929,0.00759252,-0.00913383,-0.00757057,0.999968,0.00243504,0.00915202,-0.00236572,0.999955,0.168595,0.0106217,0.0984026,1.07656,0.113928,-0.112403
0.999926,0.00733362,-0.00966545,-0.00731299,0.999971,0.00216798,0.00968107,-0.00209714,0.999951,0.173899,0.0112066,0.0979647,1.09743,0.120589,-0.102764
0.999922,0.0070952,-0.0102768,-0.00707586,0.999973,0.00191643,0.0102902,-0.00184356,0.999945,0.179313,0.0118021,0.0975715,1.11938,0.127071,-0.0915947
0.999916,0.00690418,-0.0110102,-0.00688572,0.999975,0.00171295,0.0110218,-0.00163699,0.999938,0.184822,0.0123961,0.0972341,1.14164,0.13313,-0.0795727
0.999907,0.00675854,-0.0118422,-0.00673941,0.999976,0.00165431,0.0118531,-0.00157434,0.999929,0.190443,0.0129938,0.0969475,1.16468,0.138672,-0.0668119
0.999896,0.00667127,-0.0127971,-0.00664873,0.999976,0.00180358,0.0128088,-0.00171831,0.999916,0.196171,0.0135772,0.096713,1.18813,0.142967,-0.0548975
0.999882,0.00664785,-0.0138747,-0.0066171,0.999976,0.00226163,0.0138894,-0.00216955,0.999901,0.20201,0.014137,0.0965174,1.21233,0.146704,-0.0456487
0.999864,0.00668178,-0.0150767,-0.00663488,0.999973,0.0031583,0.0150974,-0.00305784,0.999881,0.207914,0.0148442,0.0963729,1.23664,0.151353,-0.0387194
0.999869,0.00639277,-0.0149001,-0.00636966,0.999978,0.00159806,0.01491,-0.00150294,0.999888,0.213855,0.0156126,0.0963631,1.27031,0.0842546,0.25176
0.999876,0.0060717,-0.0145193,-0.0060696,0.999982,0.000188522,0.0145202,-0.000100373,0.999895,0.219949,0.0163564,0.0966189,1.28929,0.0895399,0.249572
0.999888,0.00574208,-0.0138278,-0.00575406,0.999983,-0.000826649,0.0138229,0.000906123,0.999904,0.226045,0.0169838,0.0968401,1.30942,0.0943501,0.23838
0.999904,0.00543677,-0.0127427,-0.00545294,0.999984,-0.00123487,0.0127357,0.00130424,0.999918,0.232184,0.0175626,0.0970179,1.3269,0.0978429,0.222584
0.999923,0.00516761,-0.0112698,-0.00518114,0.999986,-0.00117219,0.0112635,0.00123049,0.999936,0.238714,0.0181284,0.0975395,1.3427,0.097121,0.202665
0.999942,0.0049008,-0.00956827,-0.00491114,0.999987,-0.00105793,0.00956297,0.00110486,0.999954,0.245323,0.0187409,0.0979325,1.35486,0.0932613,0.173358
0.999959,0.00465003,-0.00775415,-0.00465972,0.999988,-0.00123244,0.00774833,0.00126852,0.999969,0.251996,0.0193594,0.0981871,1.36433,0.0847969,0.142081
0.999973,0.00440284,-0.00586504,-0.00441338,0.999989,-0.00178452,0.00585712,0.00181036,0.999981,0.258728,0.0198779,0.0982918,1.37165,0.0729802,0.113222
0.999981,0.00413943,-0.00459223,-0.00414349,0.999991,-0.000876622,0.00458856,0.000895633,0.999989,0.265368,0.0204629,0.0986255,1.30773,0.118738,0.288991
0.999987,0.00388702,-0.00331719,-0.003887,0.999992,1.02433e-05,0.0033172,2.65076e-06,0.999994,0.272075,0.0213518,0.0984188,1.31627,0.110896,0.267463
0.999991,0.00365996,-0.0020632,-0.00365844,0.999993,0.000740533,0.00206589,-0.000732978,0.999998,0.278934,0.0220421,0.0980412,1.3274,0.101936,0.249253
0.999994,0.00345314,-0.000823472,-0.00345211,0.999993,0.00124718,0.000827773,-0.00124433,0.999999,0.285888,0.0225505,0.0976584,1.34014,0.0925466,0.233869
0.999995,0.00325538,0.000402542,-0.003256,0.999993,0.00154942,-0.000397495,-0.00155073,0.999999,0.292907,0.0229561,0.0973032,1.3552,0.0832961,0.219653
0.999994,0.0030745,0.00160395,-0.00307713,0.999994,0.00163971,-0.0015989,-0.00164464,0.999997,0.299979,0.0232914,0.0969933,1.37229,0.0740946,0.206994
0.999992,0.00290511,0.0027988,-0.00290946,0.999995,0.0015526,-0.00279428,-0.00156073,0.999995,0.307116,0.0235612,0.0967292,1.39154,0.0650775,0.193908
0.999988,0.00271221,0.00396693,-0.00271758,0.999995,0.00135025,-0.00396325,-0.00136101,0.999991,0.314322,0.0237777,0.0965005,1.41225,0.0557576,0.181238
0.999984,0.00255709,0.00509511,-0.00256264,0.999996,0.0010821,-0.00509232,-0.00109514,0.999986,0.321602,0.0239463,0.0962966,1.43399,0.0465444,0.167913
0.999978,0.0024267,0.0061996,-0.00243156,0.999997,0.000775853,-0.0061977,-0.000790911,0.99998,0.328971,0.0240617,0.0961122,1.4563,0.0373063,0.154867
0.999971,0.00231805,0.00725881,-0.00232165,0.999997,0.000488069,-0.00725766,-0.000504907,0.999974,0.336432,0.0241233,0.0959378,1.47886,0.0276971,0.141881
0.999964,0.00224207,0.00824344,-0.00224424,0.999997,0.000253551,-0.00824285,-0.000272042,0.999966,0.34398,0.0241294,0.0957653,1.50123,0.0182733,0.128563
0.999956,0.00218747,0.0091584,-0.00218885,0.999998,0.000140753,-0.00915807,-0.000160793,0.999958,0.351618,0.0241083,0.0955821,1.5234,0.00913442,0.115104
0.999948,0.00218779,0.00999105,-0.00218898,0.999998,0.000108642,-0.00999078,-0.000130506,0.99995,0.359343,0.0240577,0.0953921,1.54571,0.00053871,0.102034
0.99994,0.00221673,0.010756,-0.00221847,0.999998,0.000149478,-0.0107556,-0.000173331,0.999942,0.36716,0.0239858,0.0951949,1.56789,-0.00752816,0.0901803
0.999932,0.00227607,0.0114522,-0.00227879,0.999997,0.00022472,-0.0114516,-0.000250802,0.999934,0.375075,0.0238902,0.0949936,1.58988,-0.0149698,0.0794307
0.999925,0.00237509,0.0120477,-0.00237926,0.999997,0.000331581,-0.0120469,-0.000360221,0.999927,0.383081,0.0237819,0.094789,1.61163,-0.0222873,0.0702378
0.999918,0.00251501,0.0125491,-0.00252062,0.999997,0.000431201,-0.012548,-0.000462797,0.999921,0.391178,0.0236565,0.0945886,1.63354,-0.0291668,0.0623675
0.999913,0.00268455,0.0129424,-0.0026911,0.999996,0.000488502,-0.012941,-0.000523288,0.999916,0.399366,0.0234987,0.0944002,1.65583,-0.0360389,0.0564553
0.999908,0.00288705,0.0132455,-0.00289425,0.999996,0.000524306,-0.0132439,-0.000562594,0.999912,0.407651,0.0233124,0.0942225,1.67824,-0.0432494,0.0518334
0.999905,0.00310451,0.0134502,-0.00311196,0.999995,0.000533312,-0.0134485,-0.000575118,0.999909,0.416028,0.0230905,0.0940659,1.70163,-0.0505058,0.0491278
0.999902,0.0033543,0.0135783,-0.00336158,0.999994,0.00051299,-0.0135765,-0.000558584,0.999908,0.424497,0.0228243,0.0939414,1.72526,-0.057937,0.0487325
0.9999,0.00363028,0.0136569,-0.00363756,0.999993,0.000508717,-0.0136549,-0.000558344,0.999907,0.433062,0.022518,0.0938581,1.74933,-0.0658235,0.0515464
0.999899,0.00390955,0.0136902,-0.00391717,0.999992,0.000530096,-0.013688,-0.000583669,0.999906,0.441724,0.0221723,0.093831,1.77372,-0.0740386,0.0578586
0.999898,0.0041986,0.0136723,-0.00420699,0.999991,0.00058511,-0.0136697,-0.000642569,0.999906,0.450486,0.021799,0.0938727,1.79848,-0.0814838,0.0675583
0.999897,0.00448355,0.0136227,-0.00449267,0.99999,0.000638812,-0.0136197,-0.000699948,0.999907,0.459356,0.0213975,0.0939991,1.82384,-0.0884544,0.0809764
0.999897,0.00472445,0.0135308,-0.00473403,0.999989,0.000676035,-0.0135275,-0.000740021,0.999908,0.468339,0.0209819,0.0942224,1.84979,-0.0946417,0.097753
0.999898,0.00492265,0.0133936,-0.00493161,0.999988,0.000635805,-0.0133903,-0.000701792,0.99991,0.477428,0.0205501,0.09456,1.87596,-0.100573,0.117405
0.9999,0.00503952,0.0132174,-0.00504623,0.999987,0.000474503,-0.0132148,-0.000541154,0.999913,0.486621,0.0201102,0.0950221,1.90269,-0.105473,0.139597
0.999902,0.0050613,0.0130332,-0.00506351,0.999987,0.000136438,-0.0130323,-0.000202418,0.999915,0.495917,0.0196628,0.095612,1.92956,-0.109965,0.162657
0.999905,0.00497216,0.0128519,-0.00496704,0.999988,-0.000430653,-0.0128539,0.000366776,0.999917,0.505307,0.0192086,0.0963264,1.95602,-0.114021,0.1854
0.999908,0.0047474,0.0127102,-0.00473189,0.999988,-0.00124989,-0.012716,0.00118964,0.999918,0.514788,0.0187588,0.0971243,1.98024,-0.116674,0.202378
0.999911,0.00438343,0.0125902,-0.00435411,0.999988,-0.00235551,-0.0126004,0.00230049,0.999918,0.524359,0.018282,0.0979259,1.99923,-0.117554,0.202242
0.999915,0.00392591,0.0124156,-0.00388199,0.999986,-0.00355969,-0.0124294,0.00351119,0.999917,0.534395,0.0176933,0.09888,2.01522,-0.117928,0.179374
0.999921,0.00344314,0.0120737,-0.00338646,0.999983,-0.00471128,-0.0120898,0.00467002,0.999916,0.54449,0.0171079,0.0996399,2.02269,-0.116222,0.124601
0.999929,0.00294906,0.0115071,-0.00288197,0.999979,-0.00584202,-0.0115241,0.00580844,0.999917,0.55462,0.0165327,0.100113,2.02948,-0.11386,0.0647995
0.99994,0.00242665,0.0107025,-0.00235102,0.999972,-0.00707388,-0.0107194,0.00704829,0.999918,0.564783,0.0159728,0.100291,2.03568,-0.110107,0.0061197
0.999951,0.00188177,0.00967697,-0.00179988,0.999963,-0.00846347,-0.00969253,0.00844564,0.999917,0.574972,0.0154304,0.100182,2.03974,-0.106864,-0.0497525
0.999949,0.00165116,0.00997051,-0.00158081,0.999974,-0.00705974,-0.00998191,0.00704362,0.999925,0.585179,0.0149056,0.0998663,2.03774,-0.101767,-0.0848706
0.999945,0.00142335,0.0103923,-0.00136666,0.999984,-0.00546032,-0.0104,0.00544582,0.999931,0.595406,0.0144373,0.0994142,2.03985,-0.0940303,-0.108126
0.999939,0.00121737,0.0109336,-0.00117631,0.999992,-0.00376162,-0.0109381,0.00374853,0.999933,0.605747,0.0143481,0.0986644,2.04549,-0.0805651,-0.12776
0.99994,0.00115604,0.0108799,-0.00111264,0.999991,-0.00399429,-0.0108845,0.00398195,0.999933,0.61611,0.0141158,0.0983369,2.04707,-0.072537,-0.128454
0.999941,0.00110066,0.0108047,-0.00105074,0.999989,-0.00462428,-0.0108097,0.00461265,0.999931,0.626491,0.0138982,0.0980632,2.05399,-0.0642348,-0.129295
0.999941,0.00106182,0.0107695,-0.001003,0.999985,-0.00546642,-0.0107751,0.0054553,0.999927,0.636891,0.0136829,0.0977772,2.06146,-0.0569686,-0.128829
0.999942,0.00106258,0.0107503,-0.000993757,0.999979,-0.00640535,-0.0107569,0.00639429,0.999922,0.64729,0.0134391,0.0974666,2.07003,-0.0509658,-0.127399
0.999941,0.00106437,0.0107759,-0.000985614,0.999973,-0.00731083,-0.0107834,0.00729979,0.999915,0.657714,0.0131704,0.0971275,2.07939,-0.0459627,-0.12568
0.999941,0.00107449,0.0107771,-0.000987112,0.999967,-0.00810974,-0.0107855,0.00809863,0.999909,0.668156,0.0128847,0.0967593,2.08955,-0.0418766,-0.124387
0.999941,0.00109033,0.0107676,-0.000996245,0.999961,-0.00873927,-0.0107767,0.00872803,0.999904,0.678625,0.0125976,0.0963642,2.10035,-0.0384064,-0.123839
0.999942,0.00111188,0.0107501,-0.00101334,0.999957,-0.00916767,-0.0107598,0.00915624,0.9999,0.689128,0.0123384,0.0959439,2.11174,-0.0345591,-0.123251
0.999942,0.00114896,0.0107083,-0.00104772,0.999955,-0.00945512,-0.0107187,0.00944335,0.999898,0.699667,0.012113,0.0955037,2.12377,-0.0306742,-0.123358
0.999943,0.00119497,0.010639,-0.00109227,0.999953,-0.00965388,-0.0106501,0.00964171,0.999897,0.710255,0.0119456,0.0950428,2.1366,-0.0261787,-0.123882
0.999944,0.00123461,0.0105161,-0.00113102,0.999951,-0.00985059,-0.0105278,0.00983814,0.999896,0.72089,0.0118359,0.0945673,2.14998,-0.0212668,-0.124452
0.999946,0.0012794,0.0103391,-0.00117494,0.999948,-0.0101034,-0.0103515,0.0100907,0.999896,0.731575,0.0117708,0.0940805,2.16418,-0.0162128,-0.124906
0.999948,0.00131255,0.0101169,-0.00120686,0.999945,-0.0104462,-0.01013,0.0104334,0.999894,0.742315,0.0117261,0.093585,2.17914,-0.0112773,-0.125438
0.999951,0.00133794,0.00983361,-0.00123124,0.99994,-0.010848,-0.00984754,0.0108353,0.999893,0.753105,0.0116902,0.0930842,2.19446,-0.0072795,-0.124992
0.999954,0.00136074,0.00952844,-0.00125341,0.999936,-0.0112608,-0.00954315,0.0112483,0.999891,0.76396,0.0116542,0.0925825,2.21008,-0.00425081,-0.123647
0.999957,0.00135902,0.00918922,-0.00125206,0.999932,-0.0116357,-0.0092044,0.0116237,0.99989,0.774877,0.0116157,0.0920974,2.22619,-0.00170283,-0.118285
0.99996,0.00133532,0.00883154,-0.00122974,0.999928,-0.0119492,-0.00884685,0.0119379,0.99989,0.785858,0.0115772,0.091647,2.24298,0.000355877,-0.110049
0.999963,0.00131365,0.00845987,-0.00121048,0.999925,-0.012188,-0.00847524,0.0121773,0.99989,0.796906,0.0115523,0.0912514,2.25989,0.00174619,-0.0968467
0.999967,0.00127609,0.00807072,-0.00117595,0.999922,-0.0124003,-0.00808592,0.0123904,0.999891,0.808019,0.0115385,0.0909335,2.27735,0.0027891,-0.0801212
0.99997,0.0012425,0.00766242,-0.00114583,0.99992,-0.0126075,-0.00767747,0.0125984,0.999891,0.819195,0.0115344,0.0907136,2.29532,0.00387995,-0.0596299
0.999973,0.00119824,0.00724963,-0.00110541,0.999918,-0.0127955,-0.00726436,0.0127872,0.999892,0.830432,0.0115433,0.090609,2.31405,0.00443242,-0.0357164
0.999976,0.00116738,0.00686101,-0.00107831,0.999915,-0.0129716,-0.00687557,0.0129639,0.999892,0.841733,0.0115391,0.0906417,2.33402,0.00492721,-0.00794532
0.999978,0.00115894,0.00655264,-0.00107329,0.999914,-0.0130607,-0.00656721,0.0130533,0.999893,0.853109,0.0115278,0.0908149,2.3546,0.00577112,0.0217821
0.999979,0.00116854,0.00632845,-0.00108596,0.999914,-0.0130363,-0.00634314,0.0130292,0.999895,0.864555,0.0115184,0.0911376,2.37594,0.00685961,0.0531383
0.99998,0.00120259,0.0062278,-0.00112218,0.999916,-0.0129,-0.00624279,0.0128928,0.999897,0.876074,0.0115185,0.0916078,2.39729,0.00821144,0.0838112
0.999979,0.00124566,0.0062883,-0.00116609,0.999919,-0.0126417,-0.00630354,0.0126341,0.9999,0.887658,0.0115278,0.0922112,2.41753,0.00942001,0.111911
0.999978,0.00129735,0.00655079,-0.00121707,0.999924,-0.0122447,-0.00656618,0.0122365,0.999904,0.899292,0.011525,0.0929189,2.43453,0.0109639,0.13125
0.999973,0.00133186,0.00716698,-0.00124872,0.999932,-0.0115918,-0.00718193,0.0115826,0.999907,0.911128,0.0115457,0.0936512,2.44467,0.0160792,0.124946
0.999965,0.00131147,0.00824862,-0.00122339,0.999942,-0.0106746,-0.00826214,0.0106641,0.999909,0.923363,0.0116431,0.0942026,2.44953,0.0228986,0.0956245
0.999953,0.00128295,0.00960164,-0.00118844,0.999951,-0.00984214,-0.0096138,0.00983026,0.999905,0.935605,0.011771,0.094552,2.44729,0.0282451,0.0441388
0.999939,0.00131778,0.0109711,-0.00121666,0.999957,-0.00921896,-0.0109827,0.00920504,0.999897,0.947845,0.0119165,0.0946337,2.44869,0.0299447,-0.0114903
0.999925,0.00143761,0.0121922,-0.00133365,0.999963,-0.00853088,-0.012204,0.00851398,0.999889,0.960103,0.0120604,0.0944368,2.45447,0.0276315,-0.0672671
0.999912,0.00165433,0.0131662,-0.00155462,0.99997,-0.00757943,-0.0131784,0.00755829,0.999885,0.972393,0.0121869,0.0939683,2.4614,0.022973,-0.120114
0.999902,0.0019624,0.0138313,-0.0018768,0.999979,-0.00619901,-0.0138432,0.00617245,0.999885,0.984722,0.0122868,0.0932472,2.47004,0.0169637,-0.168333
0.999897,0.00234968,0.0141572,-0.00228832,0.999988,-0.00434902,-0.0141672,0.00431617,0.99989,0.997096,0.0123591,0.0922916,2.47964,0.0119821,-0.213885
0.999864,0.00241394,0.0162981,-0.00231137,0.999977,-0.00630955,-0.016313,0.00627102,0.999847,1.00945,0.0124298,0.0916717,2.41204,-0.0533795,0.124291
0.999828,0.00246367,0.0183717,-0.00231165,0.999963,-0.00829131,-0.0183914,0.00824741,0.999797,1.02189,0.0125727,0.0910541,2.42314,-0.0548012,0.0859085
0.99979,0.00249919,0.0203613,-0.0022893,0.999944,-0.0103249,-0.0203859,0.0102761,0.999739,1.03456,0.0125795,0.0901721,2.4377,-0.0587175,0.0491152
0.999748,0.0024844,0.0223072,-0.00220902,0.999921,-0.0123611,-0.0223361,0.0123087,0.999675,1.04758,0.0118222,0.0890112,2.45642,-0.0717498,0.0142217
0.999734,0.00220175,0.0229368,-0.00194666,0.999936,-0.0111381,-0.0229599,0.0110905,0.999675,1.0608,0.0115643,0.087369,2.46941,-0.0777319,-0.0168961
0.999723,0.00189991,0.0234449,-0.00167212,0.999951,-0.00973184,-0.0234623,0.00968995,0.999678,1.0742,0.0114345,0.0858074,2.48577,-0.081289,-0.0360547
0.999716,0.00157625,0.023798,-0.00137994,0.999965,-0.00826313,-0.0238102,0.00822794,0.999683,1.08764,0.0113754,0.0843741,2.5034,-0.0842147,-0.0512135
0.999712,0.00125273,0.0239745,-0.00108929,0.999976,-0.00682899,-0.0239825,0.00680091,0.999689,1.10104,0.011341,0.0830531,2.52019,-0.0862054,-0.0630574
0.999712,0.000932019,0.0239742,-0.000801276,0.999985,-0.00546251,-0.023979,0.00544173,0.999698,1.11438,0.0113038,0.0818188,2.53663,-0.0884959,-0.0724726
0.999717,0.000638058,0.0237944,-0.000538335,0.999991,-0.00419721,-0.0237968,0.00418321,0.999708,1.12762,0.0112473,0.0806512,2.5525,-0.0910725,-0.0800196
0.999724,0.000373436,0.0234927,-0.000301556,0.999995,-0.00306312,-0.0234938,0.00305519,0.999719,1.14081,0.0111537,0.0795441,2.56817,-0.0940227,-0.0863101
0.999734,0.000148596,0.0230787,-0.000101108,0.999998,-0.00205878,-0.0230789,0.0020559,0.999732,1.15394,0.0110166,0.0784896,2.58334,-0.097626,-0.0906336
0.999744,-3.16712e-05,0.0226054,5.81231e-05,0.999999,-0.0011695,-0.0226053,0.00117052,0.999744,1.16705,0.0108241,0.0774878,2.59879,-0.102243,-0.0933333
0.999756,-0.000163576,0.0220863,0.000171925,1,-0.000376137,-0.0220863,0.000379843,0.999756,1.18014,0.0105702,0.0765369,2.61402,-0.107481,-0.0945628
0.999768,-0.000243694,0.0215584,0.000236172,1,0.000351461,-0.0215585,-0.000346288,0.999768,1.19323,0.010257,0.0756353,2.62911,-0.113661,-0.094287
0.999778,-0.000271994,0.0210588,0.000250233,0.999999,0.00103598,-0.0210591,-0.00103048,0.999778,1.20633,0.00988782,0.0747832,2.64443,-0.120568,-0.0925049
0.999788,-0.000251043,0.0205877,0.000215993,0.999999,0.00170467,-0.0205881,-0.00169987,0.999787,1.21946,0.00946186,0.0739814,2.65989,-0.127823,-0.0901565
0.999797,-0.000184768,0.0201568,0.000136639,0.999997,0.00238905,-0.0201572,-0.00238581,0.999794,1.23262,0.00899041,0.0732293,2.67582,-0.134428,-0.0863577
0.999805,-7.3208e-05,0.0197576,1.25235e-05,0.999995,0.00307155,-0.0197578,-0.0030707,0.9998,1.24581,0.00846707,0.0725321,2.69185,-0.140586,-0.0821406
0.999812,7.43622e-05,0.0193964,-0.000147896,0.999993,0.00378967,-0.019396,-0.00379183,0.999805,1.25906,0.00791036,0.0718857,2.70784,-0.146584,-0.0768045
0.999818,0.000282103,0.0190782,-0.0003682,0.99999,0.00450953,-0.0190767,-0.00451573,0.999808,1.27237,0.00732746,0.0712951,2.72438,-0.152225,-0.0700946
0.999823,0.000528029,0.0187807,-0.000626104,0.999986,0.00521664,-0.0187777,-0.00522748,0.99981,1.28573,0.00672999,0.0707642,2.741,-0.157181,-0.0620483
0.999829,0.000832113,0.0184883,-0.000940528,0.999982,0.00585606,-0.0184831,-0.00587244,0.999812,1.29916,0.00610799,0.0703061,2.75738,-0.161647,-0.0521012
0.999834,0.00115271,0.0182048,-0.00127001,0.999979,0.00643315,-0.018197,-0.0064552,0.999814,1.31265,0.00546512,0.0699295,2.77393,-0.16532,-0.0393731
0.999838,0.00148547,0.017917,-0.00160995,0.999975,0.00693537,-0.0179062,-0.0069631,0.999815,1.32621,0.00479729,0.0696539,2.79109,-0.168747,-0.0224474
0.999843,0.00179501,0.0176278,-0.00192469,0.999971,0.00734237,-0.0176142,-0.00737515,0.999818,1.33983,0.00409211,0.0694964,2.80881,-0.172014,-0.00221796
0.999848,0.00206483,0.0173227,-0.00219866,0.999968,0.00770995,-0.0173062,-0.00774686,0.99982,1.35352,0.00335891,0.069472,2.82658,-0.174974,0.0219538
0.999853,0.00224533,0.0170272,-0.00238247,0.999965,0.00803833,-0.0170085,-0.00807771,0.999823,1.36728,0.00259815,0.0695959,2.84468,-0.177627,0.0492382
0.999857,0.00235691,0.0167463,-0.00249697,0.999962,0.00834793,-0.016726,-0.00838856,0.999825,1.38109,0.00182094,0.0698774,2.86281,-0.179624,0.0789137
0.999861,0.00237805,0.0165209,-0.00252072,0.99996,0.00862041,-0.0164998,-0.00866086,0.999826,1.39496,0.00104566,0.0703198,2.88172,-0.180716,0.109955
0.999863,0.00229225,0.0163753,-0.00243647,0.999958,0.0087921,-0.0163545,-0.00883079,0.999827,1.40888,0.000280443,0.0709363,2.90072,-0.181237,0.142158
0.999863,0.00208759,0.0163988,-0.00223221,0.999959,0.00880567,-0.0163797,-0.00884108,0.999827,1.42285,-0.000474825,0.0717174,2.9193,-0.18128,0.173597
0.99986,0.00175142,0.0166337,-0.00189509,0.999961,0.00862523,-0.016618,-0.00865555,0.999824,1.43686,-0.00122816,0.0726138,2.93525,-0.181349,0.196009
0.999853,0.00128392,0.0171093,-0.00142511,0.999965,0.00824242,-0.0170981,-0.00826558,0.99982,1.45158,-0.00213689,0.073609,2.95224,-0.18214,0.202099
0.999843,0.000776487,0.0176979,-0.000914211,0.999969,0.00777516,-0.0176913,-0.00779012,0.999813,1.46635,-0.00304587,0.0745038,2.9537,-0.181453,0.155806
0.999833,0.000289196,0.0182623,-0.00042421,0.999973,0.0073896,-0.0182597,-0.00739612,0.999806,1.48112,-0.00395072,0.0751409,2.9562,-0.180487,0.099049
0.999825,-0.000221235,0.0186883,9.06737e-05,0.999976,0.00698685,-0.0186894,-0.00698394,0.999801,1.49591,-0.00484412,0.0754857,2.95955,-0.176873,0.0388499
0.999821,-0.000763482,0.0189131,0.000639691,0.999978,0.00655044,-0.0189177,-0.00653717,0.9998,1.51072,-0.00572175,0.0755391,2.96316,-0.17418,-0.0174549
0.99982,-0.00136176,0.0189225,0.00124597,0.99998,0.00612956,-0.0189304,-0.00610488,0.999802,1.52554,-0.00658659,0.0753263,2.96665,-0.171755,-0.0676687
0.999822,-0.00200707,0.0187357,0.00190265,0.999983,0.00558933,-0.0187466,-0.00555269,0.999809,1.54038,-0.00743583,0.0748755,2.96869,-0.167941,-0.112674
0.999828,-0.00268944,0.0183404,0.00260383,0.999986,0.00469004,-0.0183527,-0.00464148,0.999821,1.55523,-0.00826482,0.0742089,2.97214,-0.163654,-0.153962
0.999804,-0.00297088,0.0195954,0.00283694,0.999972,0.00685989,-0.0196152,-0.00680295,0.999784,1.57018,-0.00902604,0.0733981,2.96944,-0.157082,-0.180582
0.999776,-0.00319862,0.020901,0.00301364,0.999956,0.00887555,-0.0209285,-0.00881058,0.999742,1.58523,-0.00967802,0.0724926,2.97469,-0.148726,-0.202284
0.999746,-0.00339437,0.0222651,0.00315555,0.999937,0.0107524,-0.0223002,-0.0106794,0.999694,1.60061,-0.00937884,0.0709333,2.98363,-0.130078,-0.230114
0.999743,-0.00329829,0.0224373,0.00308788,0.999951,0.00940614,-0.0224672,-0.00933444,0.999704,1.61597,-0.00978031,0.0705811,2.98665,-0.12411,-0.229562
0.999742,-0.00317768,0.022505,0.00300394,0.999965,0.00774951,-0.0225289,-0.0076799,0.999717,1.63127,-0.0102823,0.0703108,2.9901,-0.120063,-0.225492
0.999743,-0.00303731,0.0224816,0.00290262,0.999978,0.00602173,-0.0224993,-0.00595493,0.999729,1.64647,-0.0108557,0.0699917,2.99272,-0.117593,-0.219453
0.999745,-0.00290008,0.0223976,0.00280262,0.999986,0.00438166,-0.02241,-0.00431777,0.99974,1.66157,-0.0115124,0.0696255,2.99522,-0.116675,-0.211592
0.999748,-0.00275809,0.0222616,0.00269295,0.999992,0.00295538,-0.0222696,-0.00289469,0.999748,1.67659,-0.0122021,0.06922,2.99775,-0.116435,-0.202551
0.999754,-0.00262392,0.0220376,0.00258556,0.999995,0.00176904,-0.0220421,-0.00171163,0.999756,1.69154,-0.0128881,0.0687884,3.00091,-0.115884,-0.193571
0.99976,-0.00248997,0.0217435,0.00247343,0.999997,0.000787366,-0.0217454,-0.000733397,0.999763,1.70644,-0.0135401,0.0683457,3.00422,-0.114355,-0.184298
0.999769,-0.00235948,0.0213541,0.0023613,0.999997,-6.01029e-05,-0.0213539,0.000110512,0.999772,1.72131,-0.0141554,0.0679041,3.00857,-0.112368,-0.174944
0.99978,-0.00221293,0.0208743,0.00223044,0.999997,-0.000815382,-0.0208724,0.000861761,0.999782,1.73615,-0.0147298,0.067471,3.0138,-0.109432,-0.1654
0.999792,-0.00203575,0.0203108,0.00206706,0.999997,-0.00152042,-0.0203076,0.00156209,0.999793,1.75098,-0.0152663,0.0670517,3.01996,-0.106332,-0.155952
0.999805,-0.00182603,0.0196849,0.00186978,0.999996,-0.00220431,-0.0196808,0.00224068,0.999804,1.7658,-0.0157736,0.0666528,3.02676,-0.103169,-0.14623
0.999818,-0.00158143,0.0190307,0.001637,0.999994,-0.00290453,-0.019026,0.00293515,0.999815,1.78062,-0.0162831,0.0662831,3.03394,-0.10055,-0.136076
0.999831,-0.00132272,0.0183417,0.00138842,0.999993,-0.00357003,-0.0183369,0.00359489,0.999825,1.79545,-0.0167992,0.0659507,3.04138,-0.0995784,-0.123711
0.999844,-0.00107462,0.0176144,0.00114821,0.999991,-0.00416879,-0.0176098,0.00418836,0.999836,1.81029,-0.0173232,0.0656688,3.04912,-0.0998768,-0.109322
0.999857,-0.000850614,0.0168611,0.000929976,0.999989,-0.00469952,-0.0168569,0.00471453,0.999847,1.82515,-0.0178578,0.0654559,3.05702,-0.101427,-0.0913051
0.999871,-0.000666991,0.0160724,0.000749945,0.999986,-0.00515584,-0.0160687,0.00516723,0.999858,1.84003,-0.0183939,0.0653335,3.06524,-0.103871,-0.0694374
0.999883,-0.000526142,0.0152669,0.000611438,0.999984,-0.00558288,-0.0152637,0.00559157,0.999868,1.85493,-0.0189419,0.0653243,3.07464,-0.10639,-0.0439821
0.999895,-0.000426018,0.0144745,0.000512312,0.999982,-0.00595868,-0.0144717,0.00596547,0.999877,1.86986,-0.019493,0.06544,3.08467,-0.108932,-0.0157785
0.999906,-0.00034913,0.0136944,0.000435369,0.99998,-0.00629487,-0.0136919,0.00630024,0.999886,1.88482,-0.0200541,0.0656984,3.09639,-0.110934,0.0145506
0.999916,-0.000270584,0.0129635,0.000355937,0.999978,-0.00658222,-0.0129615,0.00658629,0.999894,1.89982,-0.0206271,0.066108,3.10938,-0.112726,0.0464014
0.999924,-0.000193874,0.0123436,0.000277712,0.999977,-0.00679064,-0.012342,0.00679355,0.999901,1.91485,-0.0212039,0.0666704,3.1239,-0.113578,0.0786034
0.99993,-7.62643e-05,0.0118655,0.00015834,0.999976,-0.0069164,-0.0118647,0.00691779,0.999906,1.92992,-0.0217833,0.0673945,3.13962,-0.113414,0.111359
0.999932,7.5703e-05,0.011631,5.26363e-06,0.999976,-0.00696107,-0.0116313,0.00696066,0.999908,1.94508,-0.0223572,0.0682798,3.15634,-0.112767,0.142275
0.999932,0.000259735,0.0116644,-0.000178663,0.999976,-0.00695089,-0.0116659,0.00694833,0.999908,1.96028,-0.0229061,0.0692884,3.17454,-0.115298,0.179876
0.999928,0.000459384,0.0120037,-0.000376201,0.999976,-0.00693113,-0.0120066,0.00692612,0.999904,1.9755,-0.0234333,0.070396,3.18633,-0.112855,0.196693
0.999918,0.000626811,0.0128043,-0.000539182,0.999976,-0.00684604,-0.0128083,0.00683857,0.999895,1.99099,-0.0239586,0.0714664,3.19111,-0.10673,0.189361
0.9999,0.000761556,0.0140907,-0.000665284,0.999976,-0.0068357,-0.0140956,0.00682564,0.999877,2.00693,-0.0244757,0.0723286,3.18822,-0.100086,0.155524
0.999876,0.000879662,0.0157154,-0.00076848,0.999975,-0.00707935,-0.0157212,0.00706639,0.999851,2.02286,-0.024964,0.0729886,3.18028,-0.0952346,0.108483
0.999847,0.00104739,0.0174475,-0.000917939,0.999972,-0.00742602,-0.0174548,0.00740887,0.99982,2.03875,-0.0254373,0.0733983,3.17703,-0.0941182,0.0554257
0.999817,0.00129547,0.0191051,-0.00115268,0.999971,-0.00748296,-0.0191142,0.00745956,0.999789,2.05464,-0.0259155,0.073544,3.17754,-0.0971652,0.00284937
0.999787,0.00162395,0.0205707,-0.0014789,0.999974,-0.00706495,-0.0205816,0.00703302,0.999763,2.07054,-0.0264135,0.0734289,3.18267,-0.102,-0.0488978
0.999762,0.00206999,0.021725,-0.00193902,0.99998,-0.00604825,-0.0217371,0.00600468,0.999746,2.08647,-0.026939,0.0730633,3.19152,-0.1082,-0.0973535
0.999743,0.00261623,0.0225322,-0.00251736,0.999987,-0.00441521,-0.0225434,0.00435735,0.999736,2.10246,-0.0274923,0.0724655,3.20208,-0.113156,-0.141772
0.99973,0.00324496,0.0229982,-0.00319226,0.999992,-0.00232789,-0.0230055,0.00225385,0.999733,2.1185,-0.0280662,0.0716494,3.21455,-0.116394,-0.184651
0.999725,0.00393819,0.0231378,-0.00393918,0.999992,-2.90367e-06,-0.0231376,-8.8241e-05,0.999732,2.1346,-0.0286526,0.0706184,3.22715,-0.118149,-0.227769
0.999725,0.00466463,0.0229814,-0.00471988,0.999986,0.0023506,-0.0229701,-0.00245843,0.999733,2.15077,-0.0292437,0.0693712,3.23887,-0.118288,-0.271075
0.999674,0.00497218,0.0250582,-0.00497213,0.999988,-6.41665e-05,-0.0250582,-6.0447e-05,0.999686,2.16722,-0.0299569,0.0682472,3.24367,-0.121904,-0.305847
0.999618,0.00516385,0.0271461,-0.00509214,0.999983,-0.00271026,-0.0271596,0.00257099,0.999628,2.18393,-0.0306722,0.0670149,3.25279,-0.129062,-0.330328
0.999558,0.00524712,0.0292589,-0.00508875,0.999972,-0.00548452,-0.0292869,0.0053332,0.999557,2.20111,-0.0325032,0.0655027,3.26505,-0.149287,-0.353355
0.999546,0.00488339,0.0297375,-0.00476004,0.99998,-0.00421734,-0.0297575,0.00407388,0.999549,2.21828,-0.0340238,0.0648156,3.26793,-0.162311,-0.350042
0.999539,0.00449377,0.0300273,-0.0044163,0.999987,-0.00264585,-0.0300388,0.00251202,0.999546,2.23546,-0.0350753,0.0643223,3.27165,-0.169747,-0.339077
0.999538,0.00410264,0.030103,-0.00407904,0.999991,-0.000845463,-0.0301062,0.000722282,0.999546,2.25252,-0.035799,0.0638846,3.27481,-0.173316,-0.325351
0.999544,0.00372303,0.0299627,-0.00375672,0.999992,0.001068,-0.0299585,-0.00118007,0.99955,2.2694,-0.0363585,0.0634579,3.27754,-0.175247,-0.310342
0.999555,0.00340635,0.0296287,-0.00349691,0.999989,0.00300526,-0.0296181,-0.00310753,0.999556,2.2861,-0.0368153,0.0630131,3.2798,-0.175715,-0.294317
0.999571,0.00318058,0.0291204,-0.00332217,0.999983,0.00481494,-0.0291046,-0.00490962,0.999564,2.30264,-0.0372378,0.0625553,3.28211,-0.175913,-0.278157
0.99959,0.0030294,0.0284559,-0.00321362,0.999974,0.00643029,-0.0284357,-0.0065191,0.999574,2.31903,-0.0376592,0.0620889,3.28441,-0.176079,-0.262462
0.999612,0.00297763,0.0276769,-0.00319458,0.999964,0.00779763,-0.0276527,-0.00788302,0.999587,2.3353,-0.0381088,0.0616244,3.2867,-0.176595,-0.246948
0.999635,0.00301966,0.026835,-0.00325956,0.999955,0.00890067,-0.0268069,-0.0089849,0.9996,2.35149,-0.0386155,0.0611732,3.28966,-0.178,-0.231342
0.999659,0.00315069,0.0259388,-0.00340572,0.999946,0.00979362,-0.0259066,-0.00987862,0.999616,2.36761,-0.0391841,0.060739,3.2922,-0.180478,-0.215806
0.999681,0.00335938,0.0250429,-0.00362361,0.999938,0.0105133,-0.025006,-0.0106007,0.999631,2.38367,-0.0398198,0.0603318,3.29512,-0.183885,-0.200171
0.999701,0.00364588,0.0241658,-0.00391571,0.99993,0.0111278,-0.0241236,-0.0112191,0.999646,2.39969,-0.0405235,0.0599605,3.29798,-0.187667,-0.18383
0.999719,0.00399669,0.0233536,-0.00427031,0.999923,0.0116784,-0.0233051,-0.0117749,0.999659,2.41567,-0.0412933,0.0596351,3.30102,-0.192147,-0.166774
0.999734,0.00440134,0.0226357,-0.00467867,0.999914,0.0122138,-0.02258,-0.0123165,0.999669,2.43164,-0.0421044,0.0593609,3.30444,-0.197297,-0.14895
0.999746,0.00484607,0.022021,-0.00512728,0.999906,0.0127314,-0.0219572,-0.012841,0.999676,2.4476,-0.0429495,0.0591514,3.30838,-0.201713,-0.129209
0.999755,0.00534027,0.0214917,-0.00562503,0.999897,0.013211,-0.021419,-0.0133287,0.999682,2.46358,-0.0438238,0.0590129,3.31229,-0.204984,-0.108808
0.999762,0.00586824,0.0210087,-0.00615601,0.999888,0.0136592,-0.0209262,-0.0137853,0.999686,2.47957,-0.0447164,0.0589503,3.31682,-0.207102,-0.0874208
0.999768,0.00642123,0.0205422,-0.00671084,0.999879,0.0140606,-0.0204494,-0.0141952,0.99969,2.49559,-0.0456193,0.0589737,3.32149,-0.208559,-0.0645587
0.999774,0.0069766,0.0200778,-0.00726663,0.99987,0.0144091,-0.0199747,-0.0145517,0.999695,2.51163,-0.0465284,0.0590938,3.32651,-0.20894,-0.040165
0.999779,0.00752318,0.0196191,-0.00781256,0.999861,0.0147156,-0.0195056,-0.0148656,0.999699,2.52775,-0.0474475,0.0593451,3.33233,-0.208224,-0.0137007
0.999784,0.00804037,0.019149,-0.00832817,0.999853,0.0149971,-0.0190256,-0.0151533,0.999704,2.54391,-0.0483661,0.0597081,3.33902,-0.206383,0.0136681
0.99979,0.0085084,0.0186507,-0.00879351,0.999845,0.0152587,-0.018518,-0.0154195,0.99971,2.5601,-0.0492901,0.060197,3.34567,-0.203784,0.0438809
0.999796,0.00892086,0.0181011,-0.00920204,0.999837,0.0155107,-0.0179598,-0.0156741,0.999716,2.57631,-0.0502169,0.060827,3.3528,-0.20006,0.0754979
0.999803,0.00926994,0.0175389,-0.00954721,0.99983,0.0157915,-0.0173895,-0.0159559,0.999721,2.59252,-0.0511234,0.0616081,3.36339,-0.199066,0.121315
0.99981,0.00953442,0.0170256,-0.00980804,0.999823,0.0160604,-0.0168695,-0.0162244,0.999726,2.60876,-0.0520099,0.0625539,3.37171,-0.194973,0.154322
0.999815,0.00970683,0.0166225,-0.00997742,0.999818,0.016274,-0.0164615,-0.0164369,0.999729,2.62499,-0.0528716,0.0636561,3.38485,-0.195056,0.197685
0.999817,0.00975721,0.0164512,-0.0100272,0.999815,0.016407,-0.016288,-0.0165689,0.99973,2.64122,-0.053704,0.064902,3.39693,-0.195082,0.236487
0.999816,0.00970498,0.01652,-0.00997739,0.999814,0.016488,-0.0163569,-0.0166498,0.999728,2.65738,-0.0544801,0.0661956,3.39434,-0.189814,0.239161
0.999811,0.00960543,0.016894,-0.00988389,0.999815,0.0164771,-0.0167326,-0.016641,0.999722,2.67434,-0.0554209,0.0673326,3.39272,-0.186504,0.215709
0.999802,0.00951172,0.0174607,-0.00979819,0.999818,0.0163946,-0.0173015,-0.0165625,0.999713,2.69129,-0.0563497,0.068295,3.38719,-0.185009,0.169233
0.999792,0.00944685,0.0180912,-0.00974285,0.999819,0.0163436,-0.0179336,-0.0165164,0.999703,2.70823,-0.0572716,0.069011,3.38566,-0.183751,0.117174
0.999782,0.00938712,0.0186539,-0.00969027,0.999821,0.0162278,-0.0184982,-0.016405,0.999694,2.72516,-0.0581825,0.0694602,3.38684,-0.180639,0.0625168
0.999775,0.00929373,0.0190513,-0.00959919,0.999826,0.0160049,-0.0188992,-0.0161842,0.99969,2.7421,-0.0590787,0.0696438,3.38986,-0.177816,0.0109034
0.999773,0.00916941,0.0192289,-0.00947178,0.999832,0.0156929,-0.0190818,-0.0158715,0.999692,2.75906,-0.0599609,0.069577,3.39497,-0.175093,-0.0376348
0.999776,0.0089596,0.019186,-0.00925298,0.999841,0.0152577,-0.0190463,-0.0154318,0.9997,2.77605,-0.0608285,0.0692759,3.39946,-0.171945,-0.082803
0.999783,0.00869242,0.0189229,-0.0089692,0.999853,0.0145912,-0.0187933,-0.0147578,0.999714,2.79306,-0.0616806,0.0687592,3.40526,-0.168886,-0.123877
0.999795,0.00839602,0.0184102,-0.00864789,0.99987,0.0136442,-0.0182932,-0.0138006,0.999737,2.8101,-0.0625177,0.068038,3.41181,-0.165947,-0.164588
0.999812,0.00807884,0.0176457,-0.00829782,0.999889,0.0123717,-0.0175438,-0.0125158,0.999768,2.82717,-0.0633451,0.0671636,3.41549,-0.165021,-0.185153
0.999787,0.00822855,0.0189212,-0.00851308,0.999851,0.015007,-0.0187949,-0.0151648,0.999708,2.84445,-0.0641616,0.066212,3.41509,-0.161344,-0.217117
0.999759,0.00842969,0.0202873,-0.00878773,0.999806,0.0176245,-0.0201348,-0.0177986,0.999639,2.86198,-0.0648207,0.0650814,3.42105,-0.153342,-0.242435
0.999753,0.00898033,0.0203456,-0.00932095,0.999817,0.0167092,-0.0201918,-0.0168947,0.999653,2.87969,-0.0652564,0.0640888,3.30777,-0.249319,0.0813088
0.999747,0.00952455,0.0203949,-0.00984029,0.999832,0.0154371,-0.0202444,-0.0156338,0.999673,2.89765,-0.0652937,0.0624868,3.31379,-0.23431,0.053565
0.999742,0.010054,0.0203776,-0.0103401,0.999849,0.013985,-0.0202339,-0.0141921,0.999695,2.9157,-0.0654729,0.0608955,3.32101,-0.222471,0.0323895
0.999738,0.0105959,0.0202913,-0.0108519,0.999862,0.012549,-0.0201555,-0.0127659,0.999715,2.93358,-0.0658214,0.059447,3.32618,-0.213049,0.0185339
0.999735,0.0111409,0.0201432,-0.0113693,0.999872,0.0112624,-0.0200151,-0.0114884,0.999734,2.95124,-0.0662908,0.0581511,3.32946,-0.205777,0.0093219
0.999734,0.0116838,0.0198946,-0.0118885,0.999877,0.0102025,-0.019773,-0.0104363,0.99975,2.96867,-0.0668297,0.0569981,3.33112,-0.200007,0.00413765
0.999734,0.0122329,0.0195711,-0.0124183,0.999879,0.00938272,-0.0194539,-0.00962326,0.999764,2.98592,-0.0674096,0.0559801,3.33179,-0.195027,0.00176558
0.999735,0.0127768,0.0191373,-0.0129472,0.999877,0.00880591,-0.0190224,-0.00905135,0.999778,3.00299,-0.0680031,0.0550871,3.33148,-0.190286,0.00186752
0.999738,0.0133093,0.0186054,-0.0134681,0.999874,0.00843397,-0.0184908,-0.00868234,0.999791,3.0199,-0.0686006,0.054314,3.33144,-0.185391,0.00381121
0.999742,0.0138446,0.0179986,-0.0139946,0.999868,0.00823475,-0.0178822,-0.00848451,0.999804,3.0367,-0.0691892,0.0536546,3.33141,-0.180724,0.00776967
0.999746,0.014397,0.0173182,-0.0145402,0.999861,0.00816892,-0.0171982,-0.00841866,0.999817,3.0534,-0.0697589,0.0531021,3.33184,-0.176272,0.0128694
0.999751,0.0149564,0.016578,-0.015093,0.999853,0.00814903,-0.0164537,-0.00839721,0.999829,3.07002,-0.0703121,0.0526536,3.33285,-0.172227,0.0191796
0.999755,0.0155216,0.0157737,-0.0156509,0.999845,0.00811047,-0.0156454,-0.00835536,0.999843,3.08657,-0.0708578,0.0523101,3.33407,-0.168863,0.0265555
0.99976,0.0160494,0.0148992,-0.0161702,0.999837,0.00802192,-0.014768,-0.00826092,0.999857,3.10308,-0.0714135,0.0520816,3.33548,-0.167666,0.0380186
0.999766,0.0165149,0.0139478,-0.0166259,0.999831,0.00787968,-0.0138153,-0.00810973,0.999872,3.11954,-0.0720011,0.0519765,3.33678,-0.168029,0.0526375
0.999774,0.0168993,0.0129229,-0.017,0.999826,0.00772554,-0.0127901,-0.00794348,0.999887,3.13597,-0.0726334,0.0520002,3.33843,-0.169409,0.0699837
0.999783,0.0171855,0.0118141,-0.0172762,0.999822,0.00761802,-0.0116811,-0.00782047,0.999901,3.15237,-0.0733026,0.0521608,3.34096,-0.172291,0.0900004
0.999792,0.0173693,0.0106748,-0.0174506,0.999819,0.0075746,-0.0105413,-0.00775931,0.999914,3.16874,-0.0739977,0.0524645,3.34494,-0.174804,0.112125
0.999801,0.0175021,0.00953265,-0.0175747,0.999817,0.00758443,-0.00939816,-0.00775046,0.999926,3.1851,-0.0747154,0.0529231,3.35053,-0.177307,0.137111
0.99981,0.0175751,0.008439,-0.0176396,0.999815,0.00763953,-0.00830317,-0.00778694,0.999935,3.20149,-0.0754499,0.0535703,3.35819,-0.178819,0.163719
0.999817,0.0176189,0.00744733,-0.0176763,0.999814,0.00771126,-0.00731008,-0.00784149,0.999943,3.2179,-0.0761877,0.0543821,3.36804,-0.179309,0.191997
0.999822,0.0176739,0.0065744,-0.017725,0.999813,0.00779339,-0.00643542,-0.00790853,0.999948,3.23435,-0.0769243,0.0553701,3.38002,-0.178716,0.22056
0.999826,0.0177441,0.00583406,-0.0177889,0.999812,0.00771891,-0.00569599,-0.00782134,0.999953,3.25083,-0.0777236,0.0565487,3.38951,-0.181622,0.234823
0.999826,0.0178594,0.00538724,-0.0179008,0.99981,0.00774113,-0.00524796,-0.00783622,0.999956,3.26737,-0.0784629,0.0578367,3.40309,-0.179994,0.260906
0.999824,0.0180024,0.00525002,-0.0180429,0.999807,0.0077749,-0.00510904,-0.00786825,0.999956,3.28396,-0.0791242,0.0592354,3.4137,-0.17295,0.270967
0.999821,0.0181485,0.00541816,-0.0181897,0.999805,0.00765963,-0.00527809,-0.00775681,0.999956,3.30053,-0.0797498,0.0607228,3.42402,-0.163989,0.283915
0.999815,0.0182761,0.00592961,-0.018319,0.999806,0.00727036,-0.00579558,-0.00737764,0.999956,3.31724,-0.0805179,0.0622125,3.41747,-0.162492,0.258043
0.999807,0.0183614,0.00693057,-0.0184089,0.999807,0.00685707,-0.00680333,-0.00698333,0.999952,3.33433,-0.0813152,0.0634163,3.41658,-0.156436,0.223509
0.999797,0.0184301,0.00814539,-0.0184802,0.99981,0.00612046,-0.00803105,-0.00626975,0.999948,3.35139,-0.0820836,0.0644181,3.40986,-0.150925,0.177213
0.999784,0.0185344,0.00941117,-0.0185856,0.999813,0.00538323,-0.00930964,-0.00555698,0.999941,3.36843,-0.0828367,0.065179,3.40659,-0.150316,0.127168
0.999769,0.0186713,0.0106376,-0.0187264,0.999812,0.00511211,-0.0105401,-0.00531014,0.99993,3.38547,-0.0835968,0.0656891,3.40631,-0.153729,0.0768398
0.999753,0.0188566,0.0117211,-0.018921,0.999806,0.00540957,-0.0116168,-0.00563001,0.999917,3.40251,-0.084375,0.0659487,3.41054,-0.157535,0.0270244
0.999738,0.0191079,0.012564,-0.019188,0.999796,0.00628466,-0.0124413,-0.0065241,0.999901,3.41958,-0.0851753,0.0659645,3.41751,-0.162593,-0.0207098
0.999724,0.0194743,0.0131388,-0.019577,0.999778,0.00773537,-0.0129853,-0.00799046,0.999884,3.43669,-0.0859992,0.0657495,3.42525,-0.166948,-0.065301
0.999711,0.0199575,0.0134391,-0.0200867,0.999753,0.009551,-0.0132452,-0.00981818,0.999864,3.45384,-0.08684,0.0653144,3.43491,-0.169399,-0.108738
0.999698,0.0205374,0.01347,-0.0206926,0.99972,0.0114878,-0.0132303,-0.0117631,0.999843,3.47103,-0.0876898,0.0646621,3.44464,-0.170515,-0.152167
0.999688,0.0211628,0.0132939,-0.0213404,0.999683,0.0133572,-0.013007,-0.0136367,0.999822,3.48828,-0.0885417,0.0637917,3.45429,-0.170256,-0.195992
0.999678,0.021827,0.0129063,-0.0220204,0.999644,0.0150413,-0.0125734,-0.0153207,0.999804,3.50558,-0.0893941,0.0627034,3.46374,-0.170706,-0.239343
0.999671,0.0225062,0.0123401,-0.0227087,0.999606,0.0165268,-0.0119632,-0.0168016,0.999787,3.52292,-0.0902481,0.0613969,3.47258,-0.170858,-0.28324
0.999645,0.0225195,0.0142437,-0.0227021,0.99966,0.0127869,-0.0139509,-0.0131057,0.999817,3.54066,-0.0912304,0.0602015,3.47303,-0.176329,-0.314031
0.999616,0.0224458,0.0162448,-0.0225933,0.999705,0.00895529,-0.016039,-0.00931887,0.999828,3.55875,-0.092224,0.0588439,3.4786,-0.184561,-0.340763
0.999582,0.0223304,0.0183558,-0.0224294,0.999735,0.00520633,-0.0182346,-0.00561587,0.999818,3.57719,-0.0939708,0.0571769,3.48685,-0.202111,-0.365833
0.999583,0.0218261,0.0188802,-0.0219471,0.99974,0.0062237,-0.0187395,-0.00663547,0.999802,3.5957,-0.0956856,0.0565027,3.48364,-0.2153,-0.365603
0.999584,0.0213479,0.0194079,-0.0215022,0.999739,0.00777507,-0.0192368,-0.00818914,0.999781,3.61421,-0.0969834,0.0559548,3.48084,-0.224261,-0.355658
0.999584,0.0208877,0.0198963,-0.0210832,0.999731,0.00966498,-0.019689,-0.0100804,0.999755,3.63254,-0.097933,0.055441,3.47754,-0.227592,-0.342261
0.999585,0.0204651,0.0202908,-0.0207044,0.999718,0.0116564,-0.0200465,-0.0120716,0.999726,3.65063,-0.0986564,0.0549505,3.47334,-0.227034,-0.325833
0.999587,0.0200936,0.0205592,-0.0203743,0.999701,0.0135374,-0.020281,-0.0139507,0.999697,3.66846,-0.0992497,0.0544755,3.4685,-0.224543,-0.307873
0.99959,0.0197975,0.0206978,-0.0201131,0.999683,0.0151508,-0.0203913,-0.0155609,0.999671,3.68604,-0.0997728,0.0540159,3.46351,-0.220504,-0.288972
0.999593,0.0195813,0.020728,-0.019922,0.999668,0.0163583,-0.0204008,-0.0167645,0.999651,3.70343,-0.100292,0.0535856,3.45827,-0.216353,-0.268623
0.999598,0.0194332,0.020661,-0.019789,0.999657,0.017154,-0.0203206,-0.0175559,0.999639,3.72064,-0.100843,0.0531869,3.45327,-0.212887,-0.248131
0.999602,0.0193578,0.0205049,-0.0197189,0.999651,0.0175556,-0.0201579,-0.0179529,0.999636,3.73771,-0.101459,0.0528262,3.44857,-0.210114,-0.227792
0.999606,0.0193808,0.0202824,-0.0197403,0.999649,0.0176753,-0.0199327,-0.0180687,0.999638,3.75466,-0.102151,0.0525043,3.44367,-0.208187,-0.207876
0.99961,0.0194812,0.0200053,-0.019835,0.999648,0.0176413,-0.0196546,-0.0180313,0.999644,3.77151,-0.102915,0.0522269,3.43902,-0.207653,-0.187986
0.999613,0.0196544,0.0196735,-0.0200002,0.999646,0.0175377,-0.0193219,-0.0179244,0.999653,3.78826,-0.103749,0.0520022,3.4346,-0.208456,-0.167428
0.999615,0.0198947,0.0193214,-0.0202324,0.999643,0.0174441,-0.0189674,-0.0178283,0.999661,3.80494,-0.104627,0.0518312,3.43048,-0.210506,-0.147249
0.999617,0.0201636,0.018972,-0.0204936,0.999639,0.0173633,-0.018615,-0.0177454,0.999669,3.82157,-0.10552,0.0517192,3.42619,-0.211461,-0.126644
0.999617,0.0204685,0.0186056,-0.0207899,0.999635,0.0172508,-0.0182457,-0.017631,0.999678,3.83815,-0.106418,0.0516831,3.42187,-0.212193,-0.104188
0.999618,0.0207921,0.0182115,-0.0211035,0.999631,0.0170777,-0.0178497,-0.0174555,0.999688,3.85469,-0.107312,0.0517348,3.41737,-0.211575,-0.0801799
0.999619,0.0211049,0.0178017,-0.0214043,0.99963,0.0167967,-0.0174406,-0.0171713,0.9997,3.8712,-0.108209,0.0518841,3.41337,-0.209582,-0.0548218
0.999621,0.0213888,0.0173217,-0.0216739,0.99963,0.0164377,-0.0169637,-0.0168069,0.999715,3.88768,-0.1091,0.0521379,3.40936,-0.20623,-0.0288496
0.999625,0.021624,0.0167745,-0.0218929,0.999632,0.0160134,-0.0164221,-0.0163747,0.999731,3.90413,-0.109984,0.0525046,3.40581,-0.201785,-0.00164541
0.999632,0.0217981,0.0161665,-0.0220496,0.999636,0.0155508,-0.0158217,-0.0159016,0.999748,3.92056,-0.110857,0.0529915,3.40225,-0.196071,0.0271399
0.999641,0.0218799,0.0154848,-0.0221137,0.999642,0.0150877,-0.0151492,-0.0154247,0.999766,3.93696,-0.111719,0.0536113,3.39954,-0.189402,0.0573297
0.999652,0.0218852,0.0147307,-0.0221013,0.999648,0.0146695,-0.0144044,-0.0149899,0.999784,3.95334,-0.112582,0.0543823,3.39721,-0.182267,0.0904669
0.999665,0.0217994,0.0139283,-0.0219998,0.999654,0.014399,-0.0136096,-0.0147006,0.999799,3.96971,-0.113424,0.0553087,3.39625,-0.175373,0.125205
0.99968,0.0216085,0.0131218,-0.0217955,0.99966,0.014279,-0.0128088,-0.0145604,0.999812,3.98606,-0.114253,0.0564053,3.39685,-0.168968,0.161766
0.999697,0.0213096,0.012338,-0.0214859,0.999666,0.0143377,-0.0120284,-0.0145985,0.999821,4.00239,-0.115057,0.0576794,3.39854,-0.162796,0.1993
0.999714,0.0208759,0.0116359,-0.0210444,0.999673,0.0145484,-0.0113283,-0.0147891,0.999826,4.01871,-0.115817,0.05912,3.40106,-0.156874,0.234908
0.999733,0.0203061,0.011071,-0.0204692,0.999681,0.0148274,-0.0107664,-0.0150501,0.999829,4.03504,-0.116537,0.0607192,3.40418,-0.151265,0.266995
0.999752,0.0195898,0.0106261,-0.0197501,0.999689,0.0152016,-0.010325,-0.0154077,0.999828,4.05137,-0.1172,0.0624347,3.40114,-0.143166,0.281772
0.99977,0.0187592,0.0103921,-0.0189195,0.9997,0.0155498,-0.0100973,-0.0157428,0.999825,4.06806,-0.117886,0.0639767,3.40382,-0.138483,0.287388
0.999787,0.0178903,0.0103004,-0.0180534,0.99971,0.0159684,-0.0100118,-0.0161509,0.999819,4.08507,-0.118571,0.0653353,3.40002,-0.135177,0.256073
0.999801,0.0170686,0.0103529,-0.0172368,0.999717,0.0163741,-0.0100705,-0.0165493,0.999812,4.10205,-0.119241,0.0665018,3.39414,-0.132994,0.210537
0.999813,0.0162926,0.0104495,-0.0164659,0.999725,0.0167117,-0.0101743,-0.0168806,0.999806,4.11902,-0.119901,0.0674217,3.39341,-0.131172,0.157418
0.999825,0.0155321,0.010471,-0.0157086,0.999732,0.0169951,-0.0102042,-0.0171566,0.999801,4.13599,-0.120552,0.0680766,3.39488,-0.128857,0.104553
0.999838,0.0147524,0.010353,-0.014929,0.999741,0.0171877,-0.0100968,-0.0173395,0.999799,4.15298,-0.12119,0.0684761,3.39825,-0.126366,0.055233
0.999853,0.0139103,0.0100403,-0.0140827,0.999751,0.0173146,-0.00979694,-0.0174535,0.9998,4.16998,-0.121815,0.0686363,3.40365,-0.123916,0.00883223
0.999871,0.0129757,0.00951164,-0.013139,0.999764,0.0173088,-0.0092848,-0.0174316,0.999805,4.18701,-0.122428,0.0685712,3.40944,-0.121339,-0.0348431
0.99989,0.0119546,0.00874967,-0.0121034,0.99978,0.0171581,-0.00854262,-0.0172621,0.999815,4.20408,-0.123029,0.0682926,3.41653,-0.118931,-0.0766099
0.999911,0.0108275,0.00773669,-0.0109565,0.999798,0.0168306,-0.00755289,-0.0169138,0.999828,4.22118,-0.123618,0.0678087,3.42466,-0.116687,-0.116934
0.999933,0.00963066,0.00647537,-0.00973495,0.99982,0.0162715,-0.0063175,-0.0163335,0.999847,4.23833,-0.124196,0.0671232,3.43303,-0.114538,-0.1573
0.999953,0.00836786,0.00498461,-0.00844411,0.999845,0.0154775,-0.00485432,-0.0155189,0.999868,4.25551,-0.124765,0.0662324,3.44124,-0.113053,-0.199007
0.999952,0.00779861,0.00591509,-0.00791163,0.999782,0.0193301,-0.00576306,-0.0193759,0.999796,4.27298,-0.125425,0.0655074,3.44451,-0.106533,-0.21839
0.999949,0.0072675,0.00698489,-0.00742822,0.999702,0.0232663,-0.00681372,-0.023317,0.999705,4.29074,-0.125869,0.064665,3.45188,-0.0962957,-0.235457
0.999953,0.00702345,0.00669803,-0.00717895,0.999699,0.0234813,-0.00653109,-0.0235283,0.999702,4.30878,-0.126096,0.0641613,3.32935,-0.186869,0.0961883
0.999956,0.0067294,0.00647951,-0.00687945,0.999702,0.0234208,-0.00631997,-0.0234643,0.999705,4.32714,-0.125796,0.0629415,3.33661,-0.168246,0.0794626
0.99996,0.00641985,0.00626035,-0.00656349,0.999709,0.0232008,-0.00610958,-0.023241,0.999711,4.34557,-0.125584,0.0617552,3.34413,-0.152423,0.0675371
0.999964,0.00605241,0.00602831,-0.00618948,0.999717,0.0229848,-0.00588749,-0.0230212,0.999718,4.3638,-0.125502,0.0607376,3.34948,-0.138835,0.0602786
0.999967,0.00563861,0.00576416,-0.00576897,0.999722,0.0228539,-0.00563369,-0.0228864,0.999722,4.38178,-0.125509,0.0598941,3.3528,-0.127049,0.056935
0.999972,0.00516913,0.00544615,-0.0052922,0.999725,0.0228304,-0.00532664,-0.0228586,0.999725,4.39948,-0.125569,0.0592157,3.3543,-0.116226,0.0567904
0.999976,0.00464726,0.0050771,-0.00476256,0.999726,0.0229382,-0.0049691,-0.0229619,0.999724,4.41696,-0.125646,0.0586898,3.35429,-0.10637,0.0595509
0.999981,0.00407424,0.00464891,-0.00418088,0.999723,0.0231638,-0.00455325,-0.0231828,0.999721,4.43423,-0.125728,0.0583051,3.35369,-0.0966483,0.0641428
0.999985,0.00344157,0.00417406,-0.00353868,0.999718,0.0234865,-0.00409205,-0.0235009,0.999715,4.45134,-0.125813,0.0580479,3.35337,-0.087592,0.069665
0.99999,0.00274635,0.00364629,-0.00283278,0.99971,0.0239146,-0.00357956,-0.0239247,0.999707,4.46831,-0.125872,0.0579008,3.35341,-0.0784248,0.0758011
0.999993,0.00197516,0.00307968,-0.00204967,0.999701,0.0243837,-0.0030306,-0.0243899,0.999698,4.48518,-0.125908,0.0578562,3.35445,-0.0695321,0.0820996
0.999996,0.00111813,0.00246152,-0.00117894,0.999691,0.0248417,-0.00243299,-0.0248445,0.999688,4.50197,-0.125903,0.0579071,3.35555,-0.0614764,0.0894944
0.999998,0.000153084,0.00178092,-0.000197955,0.999682,0.0252223,-0.00177649,-0.0252226,0.99968,4.51868,-0.125869,0.0580605,3.35683,-0.0539419,0.0981403
0.999999,-0.000926335,0.00103671,0.000899638,0.999675,0.0254626,-0.00105996,-0.0254616,0.999675,4.53533,-0.125848,0.0583317,3.35809,-0.0476149,0.109876
0.999998,-0.00215186,0.000264018,0.00214438,0.999669,0.0256444,-0.000319113,-0.0256437,0.999671,4.55193,-0.125836,0.0587153,3.35995,-0.0420496,0.124078
0.999994,-0.00351225,-0.000540981,0.00352505,0.999661,0.0258108,0.000450144,-0.0258125,0.999667,4.56855,-0.125841,0.0592492,3.36311,-0.0374899,0.141619
0.999987,-0.00499801,-0.00136256,0.00503175,0.999649,0.0259977,0.00123214,-0.0260042,0.999661,4.58511,-0.125837,0.0598787,3.36701,-0.0335869,0.159906
0.999976,-0.00659384,-0.00217445,0.00664857,0.999634,0.0262045,0.00200087,-0.0262183,0.999654,4.60169,-0.125848,0.0606638,3.37227,-0.0295497,0.180169
0.999961,-0.00828385,-0.00292756,0.00835848,0.999615,0.0264717,0.00270715,-0.0264951,0.999645,4.61826,-0.12585,0.0615817,3.37894,-0.0252819,0.202556
0.999943,-0.0100439,-0.00358709,0.0101365,0.99959,0.0267883,0.00331656,-0.0268231,0.999635,4.63481,-0.125826,0.0626264,3.38835,-0.0167895,0.238278
0.999921,-0.0118537,-0.00416102,0.0119619,0.999563,0.0270156,0.00383897,-0.0270633,0.999626,4.65132,-0.125842,0.0638231,3.39463,-0.016152,0.246109
0.999896,-0.0136731,-0.00450454,0.0137915,0.99953,0.0273752,0.00412812,-0.0274344,0.999615,4.6679,-0.125786,0.0651173,3.40516,-0.0105229,0.26655
0.999869,-0.0155114,-0.00470466,0.0156351,0.999499,0.0275074,0.00427563,-0.0275774,0.999611,4.68448,-0.12573,0.0665472,3.4123,-0.00773331,0.271297
0.999839,-0.017325,-0.00460232,0.0174457,0.999466,0.0276321,0.00412113,-0.0277079,0.999608,4.7011,-0.125578,0.0680404,3.42275,-0.000110314,0.284911
0.999808,-0.0191177,-0.00419658,0.0192264,0.999434,0.0276004,0.00366655,-0.0276758,0.99961,4.71773,-0.125369,0.0696169,3.43553,0.0106637,0.304388
0.999776,-0.02087,-0.00339968,0.0209557,0.999403,0.0274713,0.00282432,-0.0275364,0.999617,4.73454,-0.125183,0.0712649,3.44729,0.022035,0.316839
0.999742,-0.0226073,-0.00210501,0.0226565,0.999368,0.027384,0.0014846,-0.0274246,0.999623,4.75178,-0.125058,0.0727832,3.44723,0.0279427,0.290492
0.999705,-0.0243027,-0.000447243,0.0243059,0.999333,0.0272429,-0.000215133,-0.0272458,0.999629,4.76899,-0.124907,0.0741256,3.43772,0.0325254,0.246473
0.999662,-0.0259574,0.00145128,0.0259087,0.999299,0.0270244,-0.00215175,-0.0269776,0.999634,4.78616,-0.124738,0.0752353,3.42998,0.0350243,0.19741
0.999614,-0.0275802,0.00344332,0.0274772,0.999257,0.0270353,-0.0041864,-0.0269302,0.999629,4.8033,-0.124569,0.0760955,3.42597,0.0325552,0.146657
0.99956,-0.0291821,0.00539983,0.0290224,0.999198,0.0275971,-0.00620084,-0.0274282,0.999605,4.82043,-0.124418,0.0767025,3.42519,0.0280228,0.0961285
0.999501,-0.0307671,0.00721754,0.0305477,0.999119,0.0287593,-0.00809603,-0.0285245,0.99956,4.83756,-0.124289,0.0770593,3.42886,0.0236014,0.0466266
0.999438,-0.0323299,0.00881964,0.0320479,0.999023,0.0304323,-0.0097949,-0.0301326,0.999498,4.85472,-0.124181,0.0771762,3.43463,0.0195162,0.000135118
0.999375,-0.033853,0.0101905,0.0335056,0.998909,0.0325233,-0.0112804,-0.0321615,0.999419,4.87191,-0.124091,0.0770626,3.44138,0.0165034,-0.0456039
0.999311,-0.0353438,0.01133,0.0349296,0.998781,0.0348798,-0.012549,-0.03446,0.999327,4.88913,-0.124013,0.0767231,3.44857,0.0147631,-0.0901898
0.999247,-0.0368069,0.0122389,0.0363276,0.998643,0.0373118,-0.0135956,-0.0368391,0.999229,4.9064,-0.12394,0.0761608,3.45584,0.0145068,-0.134718
0.999182,-0.0382952,0.0129589,0.0377547,0.9985,0.0396617,-0.0144583,-0.03914,0.999129,4.92369,-0.123866,0.0753753,3.46246,0.0149239,-0.179476
0.999117,-0.0397825,0.0135129,0.0391862,0.998355,0.0418487,-0.0151555,-0.0412822,0.999033,4.94102,-0.12379,0.074366,3.46865,0.0156328,-0.224275
0.999051,-0.0412732,0.0139266,0.0406277,0.998213,0.0438279,-0.0157106,-0.0432205,0.998942,4.95838,-0.123709,0.0731319,3.47472,0.0165409,-0.269349
0.998985,-0.0427568,0.0142018,0.0420701,0.998075,0.0455684,-0.0161228,-0.0449247,0.99886,4.97576,-0.123626,0.0716708,3.47955,0.0168953,-0.315074
0.998861,-0.0446984,0.0167191,0.0439398,0.998096,0.043278,-0.0186217,-0.042494,0.998923,4.99351,-0.123546,0.0700369,3.47868,0.0141676,-0.354788
0.998723,-0.0466846,0.0193159,0.045866,0.998112,0.0408509,-0.0211865,-0.0399128,0.998979,5.01162,-0.123521,0.0681402,3.48255,0.00863825,-0.389483
0.998596,-0.0490748,0.0199459,0.048184,0.997916,0.0429237,-0.0220108,-0.0419024,0.998879,5.03019,-0.12331,0.0662271,3.36155,0.10339,-0.0584388
0.998462,-0.0514934,0.0205211,0.0505255,0.9977,0.0451779,-0.0228003,-0.0440716,0.998768,5.04927,-0.123044,0.063282,3.36581,0.10152,-0.0856849
0.998325,-0.0539564,0.0208896,0.0529162,0.997469,0.0474992,-0.0233996,-0.0463142,0.998653,5.06842,-0.123112,0.0602171,3.36951,0.0987091,-0.10596
0.998183,-0.0564639,0.0210386,0.0553622,0.997228,0.0497093,-0.0237871,-0.0484542,0.998542,5.08725,-0.123208,0.0573703,3.37056,0.0974869,-0.118511
0.998037,-0.0590178,0.0209707,0.0578711,0.996988,0.0516258,-0.0239544,-0.0503108,0.998446,5.10565,-0.123209,0.054825,3.36861,0.0981563,-0.124905
0.997885,-0.0616039,0.0207332,0.0604302,0.996757,0.0531378,-0.0239394,-0.0517725,0.998372,5.12364,-0.123101,0.0525779,3.3637,0.100169,-0.126668
0.99773,-0.0641956,0.0203534,0.0630139,0.996541,0.0541807,-0.0237612,-0.0527752,0.998324,5.14128,-0.122916,0.0505999,3.35736,0.103179,-0.124957
0.997569,-0.0667885,0.0198752,0.0656147,0.99634,0.0547818,-0.0234613,-0.0533445,0.998301,5.15862,-0.122687,0.0488576,3.34952,0.10617,-0.121012
0.997403,-0.069384,0.0193128,0.0682319,0.996152,0.0550066,-0.023055,-0.053546,0.998299,5.17577,-0.122431,0.0473797,3.34106,0.109196,-0.114083
0.997232,-0.0719692,0.0186799,0.0708491,0.995973,0.0549436,-0.022559,-0.0534681,0.998315,5.19267,-0.122148,0.0460383,3.33099,0.112376,-0.104736
0.997056,-0.0745413,0.0179841,0.0734616,0.995799,0.054656,-0.0219827,-0.053174,0.998343,5.20941,-0.121864,0.0449232,3.32018,0.115191,-0.0925675
0.996875,-0.0770991,0.0172246,0.0760647,0.995625,0.0542726,-0.0213336,-0.0527928,0.998378,5.22595,-0.121565,0.0439359,3.30805,0.117909,-0.0779734
0.996688,-0.0796488,0.0164199,0.0786622,0.995445,0.0538568,-0.0206347,-0.0523868,0.998414,5.24237,-0.121254,0.0431533,3.29632,0.1201,-0.0609805
0.996494,-0.0821986,0.0155598,0.0812624,0.995259,0.0534329,-0.0198781,-0.0519811,0.99845,5.25863,-0.120901,0.0424908,3.28436,0.123463,-0.042515
0.996296,-0.084741,0.0146281,0.0838588,0.995068,0.0529778,-0.0190454,-0.0515549,0.998489,5.27481,-0.120496,0.0420171,3.2732,0.127748,-0.0221601
0.99609,-0.0872909,0.0136356,0.0864661,0.994873,0.0524595,-0.018145,-0.0510753,0.99853,5.29087,-0.120024,0.0416668,3.26196,0.133729,-0.00058577
0.995874,-0.089873,0.0125367,0.0891118,0.994671,0.0518454,-0.0171294,-0.0505143,0.998576,5.30686,-0.119488,0.0415045,3.25138,0.140711,0.0230034
0.995647,-0.0925134,0.0113422,0.0918213,0.994463,0.051101,-0.016007,-0.0498371,0.998629,5.32278,-0.118894,0.0415028,3.24141,0.149802,0.0481972
0.995407,-0.095207,0.010038,0.0945893,0.994247,0.0502575,-0.0147651,-0.0490772,0.998686,5.33864,-0.118235,0.0416827,3.23211,0.160434,0.0739994
0.995156,-0.0979398,0.00853581,0.0974037,0.994017,0.0494284,-0.0133257,-0.0483576,0.998741,5.35442,-0.117478,0.0420352,3.22231,0.175104,0.0929905
0.994887,-0.100752,0.00695279,0.100301,0.993776,0.0484715,-0.0117931,-0.0475263,0.9988,5.37015,-0.116688,0.0425384,3.21711,0.192121,0.137618
0.994603,-0.103625,0.00524026,0.103262,0.993518,0.0475273,-0.0101313,-0.0467297,0.998856,5.38585,-0.11584,0.0432332,3.21107,0.204625,0.167706
0.994302,-0.106542,0.00341135,0.106269,0.993243,0.0466409,-0.00835752,-0.0460126,0.998906,5.4015,-0.114936,0.044094,3.20567,0.217481,0.198338
0.993985,-0.109509,0.00147187,0.109327,0.992949,0.0458304,-0.00648034,-0.0453938,0.998948,5.41712,-0.113961,0.0451241,3.20542,0.235594,0.247092
0.993648,-0.112529,-0.000497343,0.112437,0.992641,0.0449689,-0.00456662,-0.0447392,0.998988,5.43271,-0.112993,0.0462954,3.19648,0.243267,0.259635
0.993289,-0.115626,-0.00266501,0.11563,0.992302,0.0443511,-0.00248365,-0.0443616,0.999012,5.44825,-0.111931,0.0476307,3.19376,0.256101,0.288458
0.992907,-0.118794,-0.00494455,0.118897,0.991937,0.0438663,-0.000306389,-0.044143,0.999025,5.46374,-0.110777,0.0491284,3.19097,0.269044,0.312972
0.992498,-0.122043,-0.00733183,0.122248,0.991544,0.0435316,0.00195709,-0.0441013,0.999025,5.47917,-0.109551,0.0507082,3.18804,0.280835,0.328225
0.992069,-0.12532,-0.0097471,0.125627,0.991134,0.0432651,0.00423871,-0.0441464,0.999016,5.49463,-0.108282,0.0524022,3.17848,0.285866,0.319004
0.99163,-0.128547,-0.0120846,0.128954,0.990715,0.0430673,0.00643623,-0.0442652,0.998999,5.5105,-0.106844,0.0539081,3.16772,0.289394,0.283388
0.991192,-0.131661,-0.0142405,0.132159,0.990302,0.0428451,0.00846138,-0.0443498,0.99898,5.52632,-0.105393,0.0552149,3.16078,0.291088,0.239324
0.990751,-0.134713,-0.0162845,0.135297,0.989885,0.0426903,0.0103689,-0.0444987,0.998956,5.54212,-0.103935,0.0562855,3.15984,0.291895,0.188905
0.990297,-0.137749,-0.0183379,0.138422,0.989454,0.0426547,0.0122688,-0.0447792,0.998922,5.55792,-0.102474,0.0571062,3.16077,0.292671,0.13939
0.989827,-0.140797,-0.0204565,0.141564,0.989006,0.0427424,0.0142136,-0.0452035,0.998877,5.57374,-0.101009,0.0576862,3.16444,0.293391,0.0926334
0.989329,-0.143917,-0.022711,0.144785,0.988534,0.0428665,0.0162814,-0.0456973,0.998823,5.58957,-0.0995386,0.0580394,3.16945,0.294641,0.048626
0.988803,-0.147099,-0.0251219,0.148076,0.988046,0.0428761,0.0185145,-0.0461159,0.998765,5.60544,-0.0980574,0.0581781,3.1762,0.29786,0.00685742
0.988238,-0.150395,-0.0276922,0.151483,0.987541,0.0426143,0.0209382,-0.0463079,0.998708,5.62134,-0.0965573,0.0581096,3.18384,0.302173,-0.0342432
0.987632,-0.153808,-0.0304476,0.155007,0.987022,0.0419687,0.0235974,-0.0461692,0.998655,5.63728,-0.0950351,0.0578368,3.19256,0.306704,-0.0749034
0.986987,-0.157292,-0.033392,0.158597,0.986497,0.0408813,0.0265108,-0.0456452,0.998606,5.65326,-0.0934902,0.0573591,3.20257,0.311243,-0.116179
0.986606,-0.159525,-0.0340603,0.161007,0.985862,0.0463975,0.0261772,-0.05126,0.998342,5.66961,-0.0919393,0.0568599,3.20824,0.315166,-0.152719
0.986242,-0.161653,-0.0345602,0.163297,0.985222,0.0516798,0.0256953,-0.0566124,0.998066,5.68627,-0.0901681,0.0562347,3.21107,0.329858,-0.165396
0.985892,-0.16372,-0.0348298,0.165501,0.984586,0.0565694,0.0250314,-0.0615357,0.997791,5.70301,-0.0881556,0.0556213,3.215,0.348792,-0.173233
0.985567,-0.165709,-0.0346045,0.167583,0.983967,0.0610276,0.0239368,-0.0659459,0.997536,5.71972,-0.086023,0.0550905,3.22162,0.368203,-0.177783
0.985263,-0.167656,-0.0338864,0.169578,0.983347,0.0653672,0.0223629,-0.0701502,0.997286,5.7365,-0.0828822,0.0538775,3.22894,0.395945,-0.188133
0.984938,-0.169597,-0.0336827,0.171497,0.983025,0.0651934,0.0220544,-0.0699879,0.997304,5.75324,-0.080614,0.0545695,3.22211,0.40701,-0.160928
0.984598,-0.171645,-0.0332521,0.173498,0.982713,0.0645991,0.0215891,-0.0693733,0.997357,5.76985,-0.0784265,0.0554299,3.21383,0.417037,-0.133737
0.984237,-0.173803,-0.0327112,0.175598,0.98239,0.0638368,0.0210402,-0.0685746,0.997424,5.78628,-0.0762753,0.0562703,3.20432,0.424951,-0.108153
0.983847,-0.17611,-0.0321089,0.177843,0.982037,0.0630519,0.020428,-0.0677438,0.997494,5.80252,-0.0741693,0.0570933,3.19483,0.43224,-0.0841293
0.983421,-0.178575,-0.0315161,0.18025,0.981643,0.0623513,0.0198032,-0.0669984,0.997557,5.81858,-0.0721047,0.0579156,3.18546,0.438616,-0.0606943
0.982961,-0.181184,-0.0309754,0.182807,0.981205,0.0617956,0.0191969,-0.0664052,0.997608,5.83447,-0.0700436,0.0587513,3.17602,0.445093,-0.0367281
0.982466,-0.183931,-0.0304783,0.185509,0.980725,0.0613609,0.0186046,-0.065939,0.99765,5.85022,-0.0679764,0.0596171,3.16705,0.451525,-0.0135418
0.981939,-0.186802,-0.0300261,0.188339,0.980204,0.0610634,0.018025,-0.0656156,0.997682,5.86585,-0.0658731,0.0605131,3.15971,0.458281,0.00916195
0.981376,-0.189795,-0.0296637,0.1913,0.979641,0.0608871,0.0175037,-0.0654277,0.997704,5.8814,-0.0637266,0.0614439,3.15441,0.465438,0.0303666
0.980776,-0.192911,-0.0293927,0.194391,0.979038,0.0608013,0.0170473,-0.0653461,0.997717,5.89688,-0.0615413,0.0624124,3.15053,0.472247,0.0498286
0.980145,-0.196116,-0.0292303,0.19758,0.9784,0.0607949,0.0166761,-0.0653631,0.997722,5.9123,-0.0593218,0.0634187,3.14816,0.479459,0.0674764
0.979487,-0.199386,-0.029177,0.200842,0.977731,0.0608654,0.0163915,-0.0654768,0.997719,5.92767,-0.0570619,0.0644673,3.14674,0.487618,0.084626
0.978806,-0.202698,-0.02919,0.204151,0.977036,0.0610125,0.0161525,-0.0656786,0.99771,5.94299,-0.0547493,0.065563,3.14533,0.49576,0.101804
0.978106,-0.206042,-0.0292507,0.207495,0.976321,0.0611774,0.015953,-0.0659073,0.997698,5.95826,-0.0523746,0.0667165,3.14471,0.505376,0.119747
0.977393,-0.209392,-0.0293024,0.210845,0.975593,0.0613349,0.0157443,-0.0661265,0.997687,5.97356,-0.0499229,0.0679551,3.14568,0.515355,0.138302
0.976657,-0.21279,-0.0293454,0.214242,0.974846,0.061443,0.0155328,-0.0662957,0.997679,5.98881,-0.0474269,0.0692407,3.14698,0.525326,0.156268
0.97591,-0.216185,-0.0293771,0.217634,0.974088,0.0615424,0.0153113,-0.0664533,0.997672,6.00408,-0.0448805,0.0706145,3.14942,0.535541,0.174573
0.97515,-0.219593,-0.0293473,0.221035,0.973316,0.0616434,0.0150277,-0.0665983,0.997667,6.01934,-0.0422898,0.0720405,3.15271,0.545961,0.191931
0.974372,-0.223024,-0.02931,0.224457,0.972533,0.0616265,0.0147608,-0.066626,0.997669,6.03458,-0.0397195,0.0735538,3.15553,0.551607,0.194311
0.973587,-0.22645,-0.0291241,0.227865,0.971734,0.0617318,0.0143217,-0.0667377,0.997668,6.04984,-0.0370367,0.0751134,3.15974,0.562579,0.212256
0.972792,-0.229886,-0.0287814,0.231273,0.970927,0.0617568,0.0137476,-0.0667328,0.997676,6.0651,-0.0342491,0.0767489,3.16423,0.574708,0.230271
0.971989,-0.233327,-0.0282189,0.234668,0.97012,0.0616256,0.0129967,-0.0665215,0.9977,6.08039,-0.0313493,0.0784521,3.16904,0.587997,0.246319
0.971184,-0.236753,-0.0273869,0.238028,0.969324,0.0612615,0.012043,-0.066015,0.997746,6.09566,-0.0283752,0.0801985,3.17365,0.601053,0.258487
0.970378,-0.240156,-0.0263003,0.241344,0.968547,0.0605738,0.0109259,-0.0651269,0.997817,6.11093,-0.0254111,0.081993,3.17388,0.609808,0.251787
0.969587,-0.243483,-0.0248285,0.244563,0.967782,0.0598934,0.0094455,-0.064144,0.997896,6.12639,-0.0222978,0.0835972,3.18232,0.626168,0.260739
0.968821,-0.246693,-0.0230024,0.247646,0.967037,0.0592559,0.00762619,-0.0631048,0.997978,6.14175,-0.01912,0.0852263,3.18133,0.637384,0.246071
0.968079,-0.249786,-0.0207378,0.250588,0.966309,0.0587569,0.00536245,-0.062078,0.998057,6.15767,-0.0159093,0.0863934,3.18537,0.646882,0.220782
0.967363,-0.252746,-0.0181344,0.253381,0.965606,0.0583405,0.00276536,-0.0610313,0.998132,6.17359,-0.0126724,0.0873924,3.18113,0.647891,0.17884
0.966665,-0.255586,-0.0153217,0.256045,0.964916,0.0581297,-7.30158e-05,-0.060115,0.998191,6.18947,-0.00943577,0.0881626,3.17315,0.646753,0.129207
0.965975,-0.258336,-0.0124354,0.258617,0.964221,0.0582655,-0.00306162,-0.0594991,0.998224,6.20533,-0.00621176,0.0886836,3.16797,0.642849,0.0792
0.965272,-0.261071,-0.00962578,0.261178,0.963495,0.0588442,-0.00608813,-0.0593146,0.998221,6.22116,-0.00300669,0.0889542,3.16741,0.639179,0.0290376
0.964542,-0.263835,-0.00703229,0.263775,0.962726,0.0598488,-0.00902004,-0.0595816,0.998183,6.23701,0.000182076,0.0889766,3.17188,0.636329,-0.0200846
0.963789,-0.266624,-0.00474552,0.266406,0.961912,0.0612609,-0.0117688,-0.0603068,0.998111,6.25289,0.00335891,0.0887585,3.17781,0.634405,-0.0671337
0.963019,-0.26942,-0.0027772,0.269054,0.961062,0.0630087,-0.0143067,-0.0614258,0.998009,6.26879,0.00652833,0.088305,3.18432,0.633362,-0.114259
0.962226,-0.272249,-0.00110911,0.271743,0.960174,0.0649762,-0.0166248,-0.0628232,0.997886,6.28473,0.00969505,0.0876166,3.19068,0.633324,-0.161103
0.961415,-0.275102,0.000327996,0.274462,0.959259,0.0670266,-0.0187538,-0.0643504,0.997751,6.3007,0.012864,0.086694,3.19632,0.634241,-0.207939
0.960584,-0.277984,0.00161189,0.277215,0.958328,0.0689945,-0.0207241,-0.0658282,0.997616,6.31669,0.0160391,0.0855368,3.20079,0.635814,-0.254959
0.959739,-0.280879,0.00277694,0.279987,0.957391,0.0707815,-0.0225397,-0.0671543,0.997488,6.3327,0.0192219,0.0841428,3.20439,0.637317,-0.302625
0.958883,-0.283776,0.00387548,0.282766,0.956458,0.0723356,-0.0242338,-0.0682655,0.997373,6.34873,0.0224116,0.0825098,3.20684,0.638537,-0.350581
0.958022,-0.286652,0.00496795,0.285528,0.95554,0.0735978,-0.025844,-0.0690898,0.997276,6.36477,0.0256057,0.0806376,3.20822,0.639138,-0.398276
0.957153,-0.289519,0.00608576,0.288285,0.954638,0.0745487,-0.027393,-0.0696,0.997199,6.38081,0.0288027,0.0785261,3.20869,0.639642,-0.446362
0.956205,-0.292677,0.003559,0.291478,0.953258,0.0796212,-0.0266959,-0.0750969,0.996819,6.39704,0.0322677,0.0760872,3.20503,0.642466,-0.491181
0.955135,-0.296156,0.00304966,0.294913,0.951976,0.0822707,-0.0272681,-0.0776802,0.996605,6.41393,0.0354635,0.0753442,3.18883,0.645241,-0.484402
0.954028,-0.299709,0.00237576,0.298445,0.950677,0.0845202,-0.02759,-0.0799256,0.996419,6.43073,0.0391198,0.0747512,3.16639,0.653502,-0.463619
0.95288,-0.303344,0.00153881,0.302086,0.949365,0.0863183,-0.0276451,-0.0817861,0.996266,6.4471,0.0430651,0.0741795,3.13796,0.665211,-0.437207
0.951684,-0.30708,0.000619923,0.305849,0.948044,0.0875719,-0.0274793,-0.0831511,0.996158,6.46298,0.0470859,0.0736417,3.10345,0.677731,-0.406931
0.950443,-0.3109,-0.000281806,0.309711,0.946728,0.088236,-0.0271657,-0.0839505,0.9961,6.47841,0.0510445,0.0731425,3.06522,0.689123,-0.375179
0.949163,-0.314783,-0.00111993,0.313645,0.945417,0.088392,-0.0267655,-0.0842497,0.996085,6.49344,0.0549159,0.07267,3.02576,0.699164,-0.344678
0.947852,-0.318706,-0.0018331,0.317621,0.944118,0.088081,-0.0263413,-0.08407,0.996112,6.50816,0.0586778,0.0722373,2.98474,0.707753,-0.314147
0.946519,-0.322639,-0.00242855,0.321606,0.942829,0.0874273,-0.0259178,-0.0835326,0.996168,6.52258,0.062362,0.0718439,2.94282,0.715487,-0.284831
0.945169,-0.326568,-0.00288276,0.325581,0.941549,0.0864963,-0.0255327,-0.0826922,0.996248,6.53674,0.0659675,0.0715052,2.90123,0.721877,-0.256108
0.943803,-0.330492,-0.0031706,0.329542,0.94027,0.0854097,-0.025246,-0.0816548,0.996341,6.55067,0.06952,0.0712258,2.85995,0.72704,-0.227349
0.942432,-0.334383,-0.00330892,0.333459,0.938994,0.0842379,-0.0250607,-0.0804919,0.99644,6.5644,0.0730316,0.0710115,2.81983,0.731162,-0.199211
0.94106,-0.338223,-0.00333343,0.337317,0.93772,0.0830511,-0.024964,-0.0792805,0.99654,6.57795,0.0765255,0.070865,2.78181,0.735765,-0.170985
0.939691,-0.34201,-0.00328015,0.341115,0.936447,0.0819045,-0.0249404,-0.0780838,0.996635,6.59133,0.0800196,0.0707902,2.74566,0.740268,-0.143215
0.938325,-0.34574,-0.00320254,0.344853,0.93517,0.0808266,-0.02495,-0.076946,0.996723,6.60458,0.0835193,0.0707927,2.71154,0.745556,-0.115491
0.936971,-0.349393,-0.00319335,0.348517,0.933894,0.0798623,-0.024921,-0.0759416,0.996801,6.61767,0.0870484,0.0708775,2.67867,0.751693,-0.0877403
0.935614,-0.353009,-0.00326636,0.352149,0.932604,0.0790009,-0.0248418,-0.0750647,0.996869,6.63062,0.0906181,0.0710477,2.64688,0.758878,-0.0606099
0.934265,-0.356564,-0.00345747,0.355725,0.93131,0.0782379,-0.0246768,-0.0743248,0.996929,6.64343,0.0942396,0.0713034,2.61667,0.767315,-0.0341572
0.932911,-0.360086,-0.00380976,0.35928,0.930003,0.0775348,-0.0243761,-0.0737019,0.996982,6.6561,0.097911,0.0716544,2.58652,0.777212,-0.00788856
0.931554,-0.363578,-0.00432195,0.362814,0.928682,0.0769072,-0.0239481,-0.0732113,0.997029,6.66864,0.101655,0.072095,2.55751,0.788315,0.0177009
0.930195,-0.367032,-0.00500346,0.366323,0.927356,0.0762777,-0.0233564,-0.072786,0.997074,6.68104,0.105489,0.0726586,2.52833,0.800788,0.0436591
0.928832,-0.370456,-0.00583435,0.369811,0.926022,0.0756584,-0.0226254,-0.0724315,0.997117,6.69329,0.109403,0.0733157,2.49958,0.813884,0.0696503
0.927467,-0.373842,-0.0068074,0.373272,0.924685,0.075008,-0.0217465,-0.0721084,0.99716,6.70539,0.113373,0.0740827,2.47124,0.827429,0.0943949
0.926109,-0.377174,-0.00788297,0.376683,0.923351,0.0743826,-0.0207764,-0.0718558,0.997199,6.71736,0.11741,0.074957,2.44361,0.840905,0.118599
0.924748,-0.38047,-0.00909173,0.380068,0.922008,0.0738243,-0.0197053,-0.0717244,0.99723,6.7292,0.121481,0.0759253,2.41847,0.852233,0.144424
0.923404,-0.383687,-0.0104978,0.383384,0.920664,0.0734484,-0.0185163,-0.0718472,0.997244,6.74093,0.125598,0.0769778,2.3926,0.866007,0.162911
0.92207,-0.386834,-0.0121267,0.386642,0.919313,0.0732964,-0.0172053,-0.0722731,0.997236,6.75269,0.129756,0.0779962,2.37079,0.879792,0.178508
0.920743,-0.389915,-0.0140672,0.389852,0.917945,0.0734369,-0.0157212,-0.0731007,0.997201,6.76434,0.133976,0.0790771,2.35045,0.89475,0.189212
0.919419,-0.392939,-0.0163523,0.393029,0.916557,0.0738343,-0.0140246,-0.0743116,0.997136,6.7759,0.138248,0.0801986,2.33375,0.907986,0.19572
0.918096,-0.395904,-0.0189785,0.396173,0.915151,0.0744688,-0.0121143,-0.0758883,0.997043,6.78736,0.142566,0.0813369,2.32027,0.919294,0.196519
0.916789,-0.398773,-0.0218532,0.399244,0.913747,0.0753027,-0.0100604,-0.0777615,0.996921,6.79871,0.146918,0.0824466,2.30274,0.924684,0.176626
0.915494,-0.401561,-0.0248983,0.402254,0.912342,0.0763075,-0.0079263,-0.0798745,0.996773,6.81018,0.151555,0.0832534,2.28865,0.930035,0.146085
0.914205,-0.404292,-0.0278632,0.405209,0.91095,0.0772986,-0.00586921,-0.0819572,0.996619,6.82161,0.156211,0.0838903,2.28211,0.932416,0.108675
0.912931,-0.40696,-0.0306796,0.408096,0.90958,0.0782484,-0.00393842,-0.0839556,0.996462,6.833,0.160872,0.0843183,2.27417,0.932099,0.0625419
0.911645,-0.409613,-0.0334646,0.410972,0.908193,0.0792881,-0.00208507,-0.0860357,0.99629,6.84437,0.165531,0.084508,2.27195,0.931447,0.0133262
0.910334,-0.412281,-0.0362903,0.413875,0.906769,0.0804831,-0.000274768,-0.0882862,0.996095,6.85573,0.170188,0.0844533,2.27359,0.931096,-0.0352281
0.909002,-0.414943,-0.0392031,0.416788,0.905313,0.0818235,0.00153897,-0.0907171,0.995876,6.86711,0.174845,0.0841624,2.27847,0.931895,-0.0811165
0.907642,-0.417612,-0.0422492,0.41973,0.90382,0.0832776,0.00340791,-0.0933195,0.99563,6.87852,0.179508,0.0836469,2.28558,0.933295,-0.125073
0.906251,-0.420291,-0.0454386,0.422705,0.902299,0.0847168,0.00539352,-0.0959819,0.995368,6.88997,0.184182,0.0829156,2.29393,0.936281,-0.167441
0.904822,-0.42299,-0.048758,0.425724,0.900758,0.0859905,0.0075461,-0.0985635,0.995102,6.90146,0.188875,0.0819735,2.30272,0.940873,-0.209393
0.903372,-0.425699,-0.0519519,0.428748,0.899235,0.0869013,0.00972314,-0.100778,0.994861,6.913,0.193594,0.0808232,2.31243,0.946684,-0.250729
0.901882,-0.428456,-0.0550749,0.431815,0.897721,0.0873633,0.0120105,-0.102574,0.994653,6.92458,0.198342,0.079467,2.3206,0.952505,-0.291777
0.900353,-0.431267,-0.0580806,0.434923,0.896221,0.0873526,0.0143808,-0.103909,0.994483,6.9362,0.203118,0.0779041,2.32786,0.958035,-0.333371
0.898782,-0.434144,-0.0609128,0.438075,0.894733,0.0868486,0.0167959,-0.104742,0.994358,6.94786,0.207921,0.0761322,2.3336,0.963009,-0.37541
0.897794,-0.435829,-0.0634002,0.440119,0.893133,0.0927811,0.0161881,-0.111202,0.993666,6.95954,0.21333,0.0743798,2.17734,1.04759,-0.0522579
0.896813,-0.437576,-0.0652219,0.442098,0.89192,0.0950159,0.0165961,-0.114046,0.993337,6.97179,0.219638,0.0712248,2.04608,0.968888,0.245457
0.89584,-0.43938,-0.0664572,0.444063,0.890766,0.0966695,0.0167232,-0.116112,0.993095,6.98518,0.226178,0.0666207,2.05139,0.985615,0.208311
0.894849,-0.44128,-0.0672013,0.446055,0.889664,0.0976376,0.016701,-0.117346,0.992951,6.99912,0.232328,0.0621676,2.05937,0.996854,0.180734
0.893835,-0.443274,-0.0675767,0.448087,0.888605,0.0979723,0.0166205,-0.117851,0.992892,7.01288,0.238077,0.0582811,2.06176,1.00304,0.164745
0.892778,-0.445381,-0.0677031,0.450194,0.887556,0.0978261,0.0165205,-0.117816,0.992898,7.0262,0.243518,0.0550313,2.05878,1.00593,0.157654
0.891679,-0.447578,-0.0676947,0.45237,0.8865,0.097362,0.0164342,-0.117439,0.992944,7.03903,0.248761,0.0523713,2.05033,1.00636,0.157958
0.890508,-0.449908,-0.0676645,0.454672,0.885395,0.0966879,0.0164092,-0.116866,0.993012,7.05138,0.253841,0.0502363,2.03872,1.00555,0.163964
0.889264,-0.452364,-0.0676508,0.457099,0.884226,0.0959371,0.0164202,-0.116237,0.993086,7.06332,0.258802,0.0485588,2.02467,1.00422,0.174179
0.887941,-0.454948,-0.0677004,0.459663,0.882975,0.0952075,0.0164634,-0.115658,0.993153,7.07488,0.263685,0.0472733,2.00984,1.00331,0.186819
0.886546,-0.457646,-0.0677942,0.462346,0.881644,0.0945514,0.0164992,-0.115169,0.993209,7.08611,0.268518,0.0463248,1.99576,1.00284,0.199337
0.885072,-0.460469,-0.067945,0.465162,0.880218,0.0940256,0.0165106,-0.114825,0.993249,7.09709,0.273327,0.0456618,1.98304,1.00298,0.211221
0.883515,-0.463418,-0.0681596,0.468113,0.878692,0.0936488,0.0164927,-0.114647,0.993269,7.10784,0.278132,0.045241,1.97218,1.00391,0.221263
0.881881,-0.466473,-0.0684763,0.471184,0.877076,0.0934017,0.0164895,-0.114634,0.993271,7.11841,0.28293,0.0450251,1.96284,1.00527,0.228763
0.880182,-0.469611,-0.068885,0.474349,0.875379,0.0932955,0.0164879,-0.114793,0.993253,7.12882,0.287754,0.0449768,1.95479,1.00835,0.234769
0.87842,-0.472825,-0.0693894,0.477604,0.873608,0.0932916,0.0165086,-0.11509,0.993218,7.13908,0.292611,0.0450746,1.94766,1.012,0.238904
0.876597,-0.476113,-0.0699606,0.480941,0.871771,0.0933399,0.0165493,-0.115468,0.993173,7.14922,0.297495,0.0453002,1.94092,1.01646,0.241613
0.874733,-0.479436,-0.0705912,0.48432,0.869888,0.0934279,0.0166138,-0.115913,0.99312,7.15924,0.302422,0.0456321,1.93438,1.02147,0.243499
0.872838,-0.482779,-0.0712567,0.487723,0.867977,0.0934983,0.0167101,-0.116362,0.993066,7.16916,0.307395,0.0460585,1.92806,1.02762,0.244452
0.870908,-0.486153,-0.0719349,0.491158,0.866035,0.0935242,0.016831,-0.116782,0.993015,7.17899,0.312414,0.0465699,1.92204,1.03468,0.245146
0.868954,-0.489539,-0.0726042,0.494602,0.864078,0.0934721,0.0169775,-0.117133,0.992971,7.18874,0.317472,0.0471594,1.91666,1.04251,0.245695
0.866977,-0.492936,-0.073251,0.498054,0.862106,0.0933543,0.0171324,-0.117419,0.992935,7.19842,0.322578,0.0478148,1.91197,1.05097,0.246219
0.864969,-0.496358,-0.073879,0.501527,0.860111,0.0931598,0.0173036,-0.117633,0.992906,7.20804,0.327735,0.0485307,1.90741,1.06009,0.246692
0.862941,-0.49979,-0.0744462,0.505002,0.858108,0.0928674,0.0174687,-0.117735,0.992891,7.2176,0.332936,0.0493023,1.90347,1.06957,0.246833
0.860875,-0.503267,-0.0749484,0.508512,0.856074,0.092479,0.0176198,-0.117725,0.99289,7.22711,0.33819,0.050127,1.89997,1.07976,0.247244
0.858775,-0.506784,-0.0753351,0.512047,0.854018,0.0919836,0.0177217,-0.117568,0.992907,7.23656,0.343503,0.0510116,1.89666,1.09132,0.249673
0.856652,-0.510329,-0.0755735,0.515589,0.851948,0.0913875,0.017747,-0.117252,0.992944,7.24597,0.34887,0.0519649,1.89365,1.10354,0.254154
0.854504,-0.513907,-0.0756451,0.519144,0.849862,0.0906929,0.0176801,-0.116768,0.993002,7.25534,0.354295,0.0529854,1.89084,1.11634,0.259493
0.852349,-0.517489,-0.0755365,0.52268,0.847775,0.0899117,0.0175096,-0.116118,0.993081,7.26468,0.359778,0.0540628,1.88887,1.12947,0.264118
0.85019,-0.52107,-0.075255,0.526194,0.845689,0.0890547,0.0172386,-0.115312,0.99318,7.274,0.365316,0.0551873,1.8875,1.14232,0.267666
0.848029,-0.524642,-0.0748121,0.529681,0.843605,0.0881432,0.0168682,-0.114375,0.993294,7.28331,0.370906,0.0563432,1.88734,1.15508,0.269282
0.84588,-0.528181,-0.0742405,0.53312,0.841533,0.0872059,0.0164154,-0.113345,0.99342,7.29263,0.376546,0.057518,1.88806,1.16763,0.268848
0.843745,-0.531684,-0.0735356,0.53651,0.839472,0.0862787,0.0158581,-0.11225,0.993553,7.30194,0.382235,0.0586938,1.88941,1.1796,0.265295
0.841635,-0.535126,-0.0727452,0.539833,0.83743,0.0853934,0.0152228,-0.11114,0.993688,7.31125,0.387964,0.0598659,1.891,1.19082,0.259276
0.839549,-0.538513,-0.0718486,0.543092,0.835398,0.0846194,0.0144536,-0.110063,0.99382,7.32057,0.393721,0.0610178,1.89294,1.20144,0.250735
0.837505,-0.541814,-0.0708747,0.546263,0.833384,0.0840743,0.0135132,-0.109129,0.993936,7.32989,0.399498,0.0621245,1.89417,1.2112,0.237861
0.835503,-0.545026,-0.0698653,0.549346,0.831377,0.0838511,0.0123834,-0.108438,0.994026,7.33913,0.405424,0.0632981,1.89334,1.21799,0.215017
0.83355,-0.548146,-0.0687845,0.552335,0.829382,0.0839718,0.0110199,-0.107987,0.994091,7.3486,0.411523,0.0642908,1.89272,1.22184,0.182076
0.831643,-0.551172,-0.0676697,0.555229,0.827412,0.0843146,0.0095189,-0.107692,0.994139,7.35805,0.417628,0.0650829,1.88947,1.22017,0.134758
0.829793,-0.554089,-0.0665549,0.558015,0.825491,0.0847574,0.00797729,-0.10747,0.994176,7.3675,0.423726,0.0656324,1.88776,1.21887,0.0850704
0.827982,-0.556919,-0.0654792,0.560718,0.823603,0.0852771,0.00643647,-0.107323,0.994203,7.37693,0.429816,0.0659331,1.8875,1.2172,0.0352107
0.826175,-0.559704,-0.0645416,0.563391,0.821715,0.0858754,0.00496998,-0.10731,0.994213,7.38637,0.4359,0.0659881,1.88891,1.21627,-0.0132225
0.824385,-0.562423,-0.0637958,0.566018,0.819838,0.086544,0.00362786,-0.107455,0.994203,7.39582,0.44198,0.0658058,1.89091,1.2159,-0.0597005
0.822583,-0.565112,-0.0632956,0.56864,0.817939,0.0873112,0.00243139,-0.107813,0.994168,7.40528,0.448059,0.0653947,1.89317,1.21548,-0.104743
0.820771,-0.567768,-0.063041,0.571256,0.816024,0.0881588,0.00138919,-0.108371,0.99411,7.41475,0.454137,0.0647599,1.89515,1.21577,-0.149171
0.818833,-0.570847,-0.0603861,0.574031,0.814115,0.0877754,-0.000945075,-0.106537,0.994308,7.42433,0.460249,0.0639366,1.89489,1.21346,-0.183179
0.816855,-0.573966,-0.0575318,0.576833,0.812187,0.0872766,-0.00336726,-0.104479,0.994521,7.43401,0.466408,0.062909,1.89797,1.21215,-0.214965
0.814834,-0.577127,-0.0544983,0.579665,0.810233,0.0866705,-0.00586354,-0.102213,0.994745,7.44376,0.472586,0.061696,1.90289,1.21093,-0.24621
0.812773,-0.580322,-0.0512558,0.582519,0.808255,0.0859967,-0.00847792,-0.0997533,0.994976,7.45354,0.478764,0.060314,1.90807,1.20945,-0.277962
0.81067,-0.583549,-0.0477963,0.585396,0.806255,0.0852292,-0.0111993,-0.0970726,0.995214,7.46339,0.484874,0.0587482,1.91346,1.20704,-0.310161
0.808357,-0.586724,-0.0481163,0.588565,0.803769,0.08687,-0.0122943,-0.0985415,0.995057,7.47323,0.491153,0.0572671,1.75215,1.22137,0.0136337
0.806007,-0.589913,-0.0485327,0.591755,0.801238,0.088562,-0.0133576,-0.100101,0.994888,7.4833,0.497627,0.0550304,1.75188,1.22103,-0.0120384
0.803605,-0.593135,-0.0490963,0.594992,0.798659,0.0901576,-0.0142644,-0.101663,0.994717,7.49366,0.503996,0.0525367,1.75133,1.22097,-0.0313023
0.801144,-0.596403,-0.0497203,0.598284,0.796041,0.0915151,-0.0150004,-0.103064,0.994562,7.50396,0.510291,0.0501135,1.7488,1.22134,-0.0460089
0.79863,-0.599714,-0.0503217,0.601621,0.793404,0.0925352,-0.0155692,-0.104176,0.994437,7.51404,0.516547,0.0478695,1.74377,1.22209,-0.0565967
0.796073,-0.603064,-0.050804,0.604989,0.790768,0.0931323,-0.0159905,-0.104876,0.994357,7.52388,0.52277,0.0458298,1.73668,1.22351,-0.0636606
0.793477,-0.60645,-0.0511182,0.608382,0.788141,0.0932948,-0.0162903,-0.105127,0.994325,7.53351,0.528952,0.0439825,1.72854,1.22487,-0.068389
0.790845,-0.609864,-0.0512785,0.611795,0.785523,0.0930684,-0.0164787,-0.104975,0.994338,7.54296,0.535089,0.0423031,1.72013,1.22628,-0.0709508
0.788198,-0.613276,-0.0513406,0.615199,0.782925,0.092517,-0.0165426,-0.104506,0.994387,7.55225,0.54117,0.040767,1.7118,1.22662,-0.0725486
0.78554,-0.616677,-0.0513548,0.618591,0.780339,0.091739,-0.0164992,-0.103832,0.994458,7.56142,0.547202,0.0393521,1.70385,1.22645,-0.0735295
0.782884,-0.620043,-0.0513778,0.621953,0.777772,0.0907984,-0.0163387,-0.103039,0.994543,7.57048,0.553186,0.0380447,1.69585,1.22564,-0.073711
0.780237,-0.623364,-0.0514589,0.625277,0.775222,0.0897733,-0.0160694,-0.102221,0.994632,7.57941,0.559141,0.0368372,1.68783,1.22442,-0.0731489
0.777611,-0.626627,-0.0515765,0.62855,0.772696,0.0886901,-0.0157226,-0.101385,0.994723,7.58824,0.565077,0.0357284,1.67933,1.22357,-0.0706674
0.774994,-0.629847,-0.0517425,0.631783,0.770184,0.0875591,-0.0152976,-0.100548,0.994815,7.59695,0.571005,0.0347186,1.67076,1.22268,-0.066903
0.772397,-0.633015,-0.0519167,0.634967,0.767696,0.0863694,-0.0148169,-0.0996769,0.99491,7.60557,0.57693,0.0338085,1.66214,1.22228,-0.0610451
0.769816,-0.636137,-0.0520814,0.638105,0.76523,0.0851206,-0.0142941,-0.0987607,0.995009,7.61409,0.58286,0.0329991,1.65287,1.22227,-0.0530744
0.767239,-0.639229,-0.0522598,0.641215,0.762771,0.0838044,-0.0137079,-0.0978077,0.995111,7.62251,0.5888,0.0322934,1.64292,1.22291,-0.0432169
0.764672,-0.642282,-0.0524475,0.644288,0.760332,0.0823903,-0.0130402,-0.0967929,0.995219,7.63085,0.594745,0.031696,1.63223,1.2242,-0.0319237
0.762093,-0.645323,-0.0526516,0.647351,0.757887,0.0808943,-0.012299,-0.0957331,0.995331,7.63911,0.600697,0.0312056,1.62118,1.22599,-0.0190474
0.759506,-0.648345,-0.0529115,0.6504,0.755439,0.0793273,-0.0114601,-0.0946631,0.995443,7.64729,0.606661,0.0308237,1.60948,1.2283,-0.00444492
0.756908,-0.651348,-0.0532572,0.653438,0.752985,0.0776744,-0.0104912,-0.0935926,0.995555,7.65538,0.612626,0.0305604,1.59719,1.23131,0.0119984
0.754276,-0.654357,-0.0537087,0.65649,0.750498,0.0759831,-0.00941181,-0.0925714,0.995662,7.6634,0.618605,0.0304177,1.58489,1.23509,0.0302204
0.751619,-0.657361,-0.0542774,0.659547,0.747986,0.0742672,-0.00822165,-0.0916191,0.99576,7.67134,0.624599,0.0304027,1.57219,1.23939,0.0503884
0.748927,-0.660367,-0.0549906,0.662617,0.745438,0.0725287,-0.00690347,-0.0907564,0.995849,7.67919,0.630606,0.0305266,1.55965,1.2444,0.0728039
0.746207,-0.663368,-0.0558392,0.665692,0.74286,0.0708073,-0.00549067,-0.0900086,0.995926,7.68697,0.636646,0.0307929,1.54709,1.25027,0.0978586
0.743453,-0.666371,-0.056808,0.668777,0.740249,0.0690611,-0.00396824,-0.0893355,0.995994,7.69466,0.642713,0.0312115,1.53584,1.25692,0.123831
0.740656,-0.669386,-0.0578837,0.67188,0.737596,0.0673027,-0.00235672,-0.0887391,0.996052,7.7023,0.648819,0.031782,1.52585,1.26476,0.151223
0.73783,-0.672397,-0.0590744,0.674987,0.734916,0.0655072,-0.00063211,-0.0882076,0.996102,7.70987,0.654967,0.0325124,1.51699,1.27387,0.179845
0.734962,-0.675416,-0.0603636,0.678107,0.7322,0.0636684,0.00119559,-0.0877269,0.996144,7.71738,0.661168,0.0334037,1.50938,1.28443,0.209161
0.73206,-0.678437,-0.0617345,0.681233,0.729458,0.061746,0.00314198,-0.0872573,0.996181,7.72485,0.667422,0.034459,1.50273,1.29579,0.23861
0.729101,-0.681484,-0.0631772,0.684387,0.726668,0.0597392,0.0051975,-0.0867935,0.996213,7.73226,0.673743,0.0356735,1.4972,1.30867,0.268234
0.726091,-0.68455,-0.0646779,0.687559,0.723838,0.0576234,0.00737021,-0.0863097,0.996241,7.73964,0.680132,0.0370439,1.49287,1.32266,0.297418
0.723012,-0.687654,-0.0662239,0.690767,0.720953,0.055382,0.00966072,-0.0857872,0.996267,7.74699,0.686592,0.0385581,1.48986,1.33739,0.324129
0.719863,-0.690796,-0.06781,0.694011,0.718012,0.052989,0.0120838,-0.0852057,0.99629,7.7543,0.693118,0.040206,1.48751,1.35228,0.347553
0.716613,-0.694012,-0.0693809,0.697318,0.714986,0.0504225,0.0146126,-0.084514,0.996315,7.76157,0.699705,0.0419657,1.48517,1.36628,0.365795
0.713285,-0.69728,-0.0708946,0.700663,0.711897,0.0476925,0.0172147,-0.0836915,0.996343,7.7688,0.706349,0.0438016,1.48201,1.37913,0.378112
0.709865,-0.700615,-0.0723183,0.704057,0.708732,0.0447637,0.0198921,-0.0826923,0.996377,7.77598,0.713043,0.0456676,1.47745,1.38941,0.380425
0.706356,-0.704028,-0.0735231,0.707498,0.705488,0.0416436,0.0225513,-0.0814326,0.996424,7.78337,0.720012,0.0475358,1.47574,1.39814,0.366875
0.702865,-0.707423,-0.0743849,0.710879,0.702271,0.0383059,0.0251398,-0.0798025,0.996494,7.79074,0.727002,0.0492623,1.4727,1.39812,0.32375
0.699401,-0.710788,-0.0749616,0.714195,0.699079,0.0348436,0.0276376,-0.0779068,0.996577,7.7981,0.733995,0.0507575,1.47266,1.39883,0.274332
0.695915,-0.714155,-0.0753995,0.717493,0.695861,0.0313313,0.0300921,-0.0759026,0.996661,7.80547,0.740996,0.0519984,1.47492,1.40172,0.222031
0.692386,-0.717537,-0.075783,0.720791,0.692596,0.0277453,0.0325788,-0.0738342,0.996738,7.81285,0.748013,0.0529818,1.47686,1.40522,0.171298
0.688777,-0.720959,-0.0761845,0.72412,0.689253,0.0240747,0.0351536,-0.0717489,0.996803,7.82024,0.755051,0.0537177,1.47891,1.40969,0.12308
0.685094,-0.724416,-0.0766011,0.72747,0.685842,0.0202339,0.0378784,-0.0695871,0.996856,7.82764,0.762115,0.0542165,1.48072,1.41591,0.0764448
0.68131,-0.727941,-0.0769284,0.730858,0.68234,0.0160853,0.0407822,-0.0671828,0.996907,7.83504,0.769213,0.054486,1.48178,1.42331,0.0313495
0.678502,-0.73029,-0.07945,0.733471,0.679476,0.0182106,0.0406854,-0.0706302,0.996673,7.84255,0.776352,0.0548591,1.46934,1.43054,0.0161945
0.675748,-0.732571,-0.0818754,0.736026,0.676643,0.0205069,0.0403777,-0.0741199,0.996432,7.85001,0.78369,0.0551861,1.45685,1.44245,0.00574047
0.673035,-0.734811,-0.0841272,0.738535,0.673827,0.0228793,0.0398752,-0.0775294,0.996192,7.85739,0.7912,0.0554964,1.44453,1.45741,-0.00225361
0.670356,-0.737022,-0.086145,0.741007,0.67102,0.0253295,0.0391366,-0.0808138,0.995961,7.86468,0.798822,0.0558041,1.43314,1.47423,-0.00932856
0.667701,-0.739213,-0.0879775,0.743453,0.668205,0.0279474,0.0381278,-0.0840676,0.99573,7.87157,0.807124,0.0556598,1.41915,1.498,-0.0235634
0.665056,-0.741543,-0.0883976,0.745828,0.665543,0.0281557,0.0379537,-0.0846546,0.995687,7.87869,0.814977,0.0566355,1.4063,1.50813,-0.00914226
0.662427,-0.743907,-0.088273,0.748184,0.662894,0.0281589,0.037568,-0.0846976,0.995698,7.88586,0.82275,0.0577214,1.3959,1.51665,0.0051626
0.659747,-0.746319,-0.0879917,0.750571,0.660192,0.0281055,0.0371158,-0.0845865,0.995725,7.893,0.83048,0.0587544,1.38596,1.52388,0.0197245
0.657014,-0.748765,-0.0876537,0.75299,0.657433,0.0280913,0.0365926,-0.0844587,0.995755,7.9001,0.838174,0.0597318,1.37649,1.53063,0.0326387
0.654222,-0.751242,-0.0873426,0.755443,0.65461,0.0281308,0.0360423,-0.0843861,0.995781,7.90713,0.845843,0.0606629,1.36705,1.53716,0.0437517
0.651372,-0.753746,-0.0870724,0.757929,0.651725,0.0282369,0.0354638,-0.0843875,0.995802,7.91411,0.853499,0.06156,1.35783,1.54449,0.0532483
0.648451,-0.756282,-0.0868828,0.760457,0.648765,0.0284273,0.0348675,-0.0845044,0.995813,7.92102,0.861173,0.0624274,1.34957,1.55266,0.0612505
0.645478,-0.75883,-0.0868033,0.763008,0.645752,0.0286683,0.0342991,-0.0847364,0.995813,7.92788,0.868867,0.0632712,1.34218,1.56151,0.0679265
0.642445,-0.761393,-0.0868621,0.765588,0.642679,0.028969,0.0337676,-0.0851115,0.995799,7.93467,0.876597,0.0640927,1.33606,1.57141,0.0730852
0.639329,-0.763991,-0.0870452,0.768214,0.639522,0.0293166,0.0332697,-0.0856122,0.995773,7.94142,0.884368,0.0648927,1.33072,1.58164,0.0770127
0.63615,-0.766604,-0.087353,0.770866,0.636305,0.0296876,0.0328245,-0.0862232,0.995735,7.94813,0.892176,0.0656691,1.32627,1.5922,0.0792701
0.632908,-0.769232,-0.0878065,0.773548,0.633023,0.0300936,0.0324346,-0.086969,0.995683,7.95479,0.900029,0.0664214,1.32204,1.60333,0.0801465
0.629611,-0.771867,-0.0883802,0.776247,0.629689,0.0305315,0.0320857,-0.0878279,0.995619,7.96141,0.907924,0.06715,1.31842,1.61432,0.0797798
0.626261,-0.77451,-0.0890568,0.778966,0.626299,0.0309989,0.0317672,-0.0887857,0.995544,7.96799,0.91586,0.0678553,1.31482,1.62493,0.0789364
0.622852,-0.777169,-0.0897967,0.781707,0.62285,0.0315004,0.0314487,-0.0898149,0.995462,7.97453,0.923844,0.068539,1.31104,1.63535,0.0778833
0.619404,-0.779828,-0.0905856,0.784455,0.619359,0.0320219,0.0311334,-0.0908948,0.995374,7.98101,0.931875,0.0692062,1.30628,1.64548,0.0764539
0.615928,-0.782486,-0.0913689,0.7872,0.615838,0.0325484,0.0307997,-0.0919731,0.995285,7.98744,0.93995,0.0698617,1.30102,1.65523,0.0751514
0.612427,-0.785145,-0.092093,0.789942,0.612288,0.0330904,0.0304067,-0.0930136,0.9952,7.99381,0.948087,0.0705054,1.29538,1.66513,0.0742949
0.608886,-0.787819,-0.0927303,0.79269,0.608699,0.0335825,0.0299878,-0.0939543,0.995125,8.00013,0.956278,0.0711497,1.28963,1.67497,0.0748415
0.605312,-0.790512,-0.0932104,0.79544,0.605078,0.0339903,0.0295298,-0.094718,0.995066,8.0064,0.964519,0.0717987,1.28436,1.68526,0.0759445
0.601697,-0.793229,-0.0935351,0.798197,0.601419,0.0343119,0.0290366,-0.0953047,0.995025,8.01263,0.97282,0.0724579,1.27931,1.69591,0.0790105
0.598042,-0.795975,-0.0936468,0.800958,0.597726,0.0345092,0.0285066,-0.0956451,0.995007,8.01882,0.981178,0.0731337,1.27425,1.70756,0.0832069
0.594356,-0.798744,-0.0935326,0.803716,0.594008,0.0345659,0.0279498,-0.0957182,0.995016,8.02498,0.989596,0.0738283,1.26962,1.71961,0.0882702
0.590645,-0.801532,-0.0931944,0.806467,0.590273,0.0344745,0.0273777,-0.0955204,0.995051,8.03112,0.998066,0.0745473,1.26531,1.73274,0.0940122
0.586913,-0.804335,-0.0926173,0.809208,0.586521,0.0342785,0.0267506,-0.0950652,0.995112,8.03725,1.00659,0.0752884,1.26168,1.74637,0.100649
0.583179,-0.807133,-0.0918581,0.811924,0.582771,0.0340042,0.0260863,-0.0944124,0.995191,8.04336,1.01516,0.0760569,1.25839,1.76038,0.107911
0.579453,-0.809921,-0.0908968,0.814611,0.579029,0.0336752,0.0253576,-0.0935588,0.995291,8.04946,1.02378,0.076853,1.25571,1.77508,0.11468
0.575735,-0.812693,-0.0897723,0.817268,0.575292,0.0333449,0.0245462,-0.0925658,0.995404,8.05556,1.03246,0.0776737,1.25353,1.78986,0.121443
0.572043,-0.815434,-0.0885101,0.819882,0.571578,0.0330412,0.0236475,-0.0914689,0.995527,8.06165,1.04119,0.0785154,1.25151,1.80433,0.126397
0.56841,-0.818116,-0.0871502,0.822434,0.567914,0.0328178,0.022645,-0.0903292,0.995654,8.06774,1.04996,0.0793677,1.25014,1.81891,0.130658
0.564839,-0.820732,-0.0857677,0.824921,0.564298,0.0327642,0.0215078,-0.0892581,0.995776,8.07386,1.05875,0.0802081,1.2493,1.83194,0.130133
0.561334,-0.823265,-0.0844871,0.827343,0.560724,0.0330413,0.0201722,-0.088447,0.995877,8.07992,1.06768,0.0810565,1.24719,1.84688,0.122787
0.557917,-0.825693,-0.0834284,0.829689,0.557199,0.0338312,0.0185521,-0.0880947,0.995939,8.08597,1.07664,0.0818303,1.24455,1.85861,0.102364
0.554595,-0.828012,-0.0825916,0.831955,0.553728,0.0351673,0.0166144,-0.0882161,0.995963,8.09219,1.08596,0.0822605,1.24349,1.86912,0.0697205
0.551336,-0.830261,-0.0818245,0.834157,0.550303,0.036738,0.0145261,-0.0885094,0.995969,8.0984,1.0953,0.082484,1.24105,1.86927,0.0196901
0.548147,-0.832445,-0.0810617,0.83629,0.546943,0.0383641,0.0124002,-0.0888202,0.99597,8.1046,1.10465,0.0824519,1.24068,1.86936,-0.0325246
0.545001,-0.834575,-0.0803686,0.838372,0.543635,0.0399283,0.010368,-0.0891396,0.995965,8.11081,1.114,0.0821577,1.24246,1.87113,-0.0851609
0.541874,-0.836662,-0.0798013,0.840417,0.54036,0.0413723,0.00850672,-0.089485,0.995952,8.11703,1.12336,0.0816055,1.24556,1.87262,-0.135705
0.538746,-0.838712,-0.0794615,0.84244,0.537093,0.0427252,0.0068441,-0.0899596,0.995922,8.12327,1.13273,0.0808102,1.24921,1.87302,-0.182404
0.535433,-0.841121,-0.0763375,0.844569,0.533655,0.0437701,0.00392191,-0.0879082,0.996121,8.12962,1.14211,0.0799401,1.25426,1.87181,-0.211769
0.532097,-0.843515,-0.0731775,0.846683,0.530208,0.0448029,0.00100731,-0.0857976,0.996312,8.13604,1.15153,0.0789431,1.2607,1.87158,-0.237504
0.528737,-0.845894,-0.0700037,0.848783,0.526748,0.0458612,-0.00191935,-0.0836665,0.996492,8.14249,1.16097,0.0778198,1.26771,1.87196,-0.261714
0.525369,-0.848251,-0.0667669,0.85086,0.523288,0.0469658,-0.00490046,-0.0814837,0.996663,8.14896,1.17042,0.0765793,1.2747,1.87249,-0.28616
0.521969,-0.85061,-0.0633283,0.852927,0.51981,0.0480999,-0.00799555,-0.079121,0.996833,8.15664,1.17964,0.0745094,1.29407,1.87083,-0.313135
0.51831,-0.852766,-0.0643768,0.855142,0.515991,0.0498525,-0.00929468,-0.0808904,0.99668,8.16389,1.18897,0.0734209,1.2973,1.86611,-0.309737
0.514608,-0.854907,-0.0656788,0.857364,0.512135,0.0514337,-0.0103346,-0.0827788,0.996514,8.1707,1.19855,0.0726221,1.2946,1.86548,-0.302876
0.510838,-0.857063,-0.0669915,0.859605,0.508235,0.0526929,-0.0111137,-0.0845038,0.996361,8.1772,1.20827,0.0719678,1.28803,1.86767,-0.294529
0.506997,-0.859248,-0.0681714,0.861869,0.504296,0.0535451,-0.01163,-0.085902,0.996236,8.18348,1.21803,0.0713863,1.27917,1.87176,-0.285409
0.503104,-0.861457,-0.0691268,0.864144,0.500344,0.0539598,-0.0118969,-0.0868829,0.996147,8.18964,1.22775,0.0708293,1.27066,1.87624,-0.276156
0.499177,-0.86368,-0.0698541,0.866418,0.496395,0.0539598,-0.0119288,-0.0874584,0.996097,8.19575,1.23741,0.0702676,1.26263,1.88095,-0.266714
0.495224,-0.865907,-0.0704133,0.868686,0.492454,0.0536109,-0.0117468,-0.0877165,0.996076,8.20183,1.24701,0.0696868,1.25606,1.88525,-0.257893
0.491266,-0.868123,-0.0708438,0.870935,0.488535,0.0529671,-0.0113723,-0.0877213,0.99608,8.20791,1.25654,0.0690843,1.25049,1.88952,-0.249479
0.487308,-0.870324,-0.0711855,0.873163,0.484638,0.0520825,-0.0108294,-0.0875367,0.996102,8.21397,1.26602,0.0684643,1.24637,1.89305,-0.241416
0.483359,-0.8725,-0.0714674,0.875364,0.480767,0.0510024,-0.0101404,-0.0872124,0.996138,8.22004,1.27545,0.0678346,1.24297,1.89603,-0.233343
0.47944,-0.874639,-0.0717278,0.877525,0.47694,0.0497745,-0.00932485,-0.0868068,0.996182,8.22608,1.28485,0.067205,1.24004,1.8983,-0.224568
0.475552,-0.876739,-0.0719676,0.879647,0.473154,0.0484402,-0.0084177,-0.0863419,0.99623,8.23211,1.29422,0.0665835,1.23714,1.9007,-0.216175
0.471706,-0.878797,-0.0721722,0.881724,0.469418,0.0470027,-0.00742694,-0.0858074,0.996284,8.23812,1.30359,0.0659781,1.23357,1.90323,-0.207257
0.467899,-0.880819,-0.0723095,0.883759,0.46573,0.0454489,-0.00635552,-0.0851696,0.996346,8.2441,1.31294,0.0654008,1.22994,1.90593,-0.19719
0.46413,-0.882804,-0.0723882,0.885752,0.462088,0.0437974,-0.00521474,-0.0844456,0.996414,8.25005,1.3223,0.0648651,1.22512,1.90874,-0.184893
0.460408,-0.884748,-0.0724249,0.887698,0.458503,0.0420289,-0.00397795,-0.0836419,0.996488,8.25597,1.33165,0.0643878,1.21939,1.91151,-0.169908
0.456708,-0.886665,-0.0724141,0.889613,0.454947,0.040156,-0.00266037,-0.0827601,0.996566,8.26186,1.341,0.063979,1.2129,1.914,-0.152584
0.453061,-0.888537,-0.0723792,0.891479,0.451451,0.0381749,-0.00124414,-0.0818201,0.996646,8.26772,1.35036,0.0636511,1.20557,1.91674,-0.132623
0.449425,-0.890385,-0.0723341,0.893318,0.447975,0.0360807,0.000278173,-0.0808329,0.996728,8.27354,1.35973,0.0634227,1.19741,1.91964,-0.109194
0.445807,-0.892207,-0.0722688,0.895127,0.444523,0.0338618,0.00191345,-0.0797856,0.99681,8.27932,1.3691,0.0633086,1.18882,1.92265,-0.0829629
0.442178,-0.894015,-0.0722154,0.89692,0.441069,0.0315144,0.00367766,-0.0787064,0.996891,8.28507,1.37848,0.0633232,1.17984,1.92652,-0.0535819
0.438543,-0.895805,-0.0722073,0.898693,0.437616,0.0290361,0.00558843,-0.0776257,0.996967,8.29078,1.38787,0.0634795,1.17077,1.9316,-0.0222066
0.434902,-0.897573,-0.0722772,0.900445,0.434165,0.0264321,0.00765547,-0.076577,0.997034,8.29644,1.39728,0.0637905,1.16194,1.93784,0.0118392
0.431232,-0.899328,-0.0724402,0.902187,0.43069,0.023744,0.00984563,-0.0755938,0.99709,8.30208,1.40671,0.06426,1.15348,1.94533,0.0478882
0.427525,-0.901074,-0.0727168,0.903921,0.427188,0.0209141,0.0122186,-0.0746715,0.997133,8.30767,1.41617,0.0649054,1.14439,1.95459,0.0863175
0.423793,-0.902802,-0.0731338,0.905638,0.42367,0.017959,0.0147711,-0.0738437,0.99716,8.31322,1.42567,0.0657362,1.1358,1.9651,0.125942
0.420027,-0.904516,-0.0736723,0.907343,0.420128,0.0148662,0.0175051,-0.0730902,0.997172,8.31871,1.43521,0.066767,1.12756,1.97694,0.167567
0.416199,-0.906233,-0.0743008,0.909045,0.416535,0.0116555,0.0203863,-0.0723937,0.997168,8.32415,1.4448,0.0680021,1.11978,1.98976,0.209125
0.412311,-0.907954,-0.0749652,0.910743,0.412889,0.00833924,0.0233806,-0.0717124,0.997151,8.32953,1.45443,0.0694419,1.11322,2.00321,0.2508
0.408337,-0.909693,-0.0756239,0.912447,0.409165,0.00490742,0.0264784,-0.0710067,0.997124,8.33486,1.4641,0.0710825,1.10686,2.01672,0.2904
0.404267,-0.911461,-0.0762068,0.914161,0.405349,0.0013894,0.0296239,-0.0702269,0.997091,8.34013,1.4738,0.0728915,1.10076,2.02952,0.322724
0.400068,-0.913275,-0.076637,0.915899,0.401404,-0.00221626,0.0327864,-0.0693051,0.997057,8.34532,1.48353,0.0748296,1.09438,2.04032,0.34711
0.395775,-0.915137,-0.0767208,0.917648,0.39735,-0.00583594,0.0358257,-0.068093,0.997036,8.35055,1.49358,0.0767535,1.09111,2.04923,0.348357
0.391475,-0.917026,-0.0762287,0.919377,0.393264,-0.00944955,0.0386435,-0.0663836,0.997046,8.35601,1.50385,0.0784296,1.09121,2.05663,0.322113
0.387208,-0.91891,-0.0753349,0.921067,0.389186,-0.0130481,0.0413093,-0.0643362,0.997073,8.36147,1.51414,0.0799084,1.09111,2.05812,0.269392
0.382935,-0.920786,-0.0742613,0.92273,0.385086,-0.0166538,0.0439316,-0.0621459,0.9971,8.36692,1.52444,0.0811183,1.09195,2.06205,0.214576
0.37861,-0.922668,-0.0730616,0.924382,0.380925,-0.0203561,0.046613,-0.0598297,0.99712,8.37239,1.53476,0.0820573,1.09245,2.06712,0.161032
0.374222,-0.924551,-0.0718601,0.926022,0.376696,-0.0241676,0.0494136,-0.0574999,0.997122,8.37785,1.54511,0.0827364,1.09371,2.07174,0.110576
0.369752,-0.926444,-0.0706062,0.927653,0.372381,-0.0281667,0.0523873,-0.0550833,0.997107,8.38332,1.55548,0.0831722,1.09318,2.07804,0.0637398
0.366344,-0.92754,-0.0739044,0.929012,0.36907,-0.0269059,0.0522322,-0.0588012,0.996902,8.3884,1.56593,0.0840277,0.940153,2.02303,0.393917
0.363019,-0.928594,-0.0770087,0.930331,0.365824,-0.0256371,0.0519781,-0.0623368,0.996701,8.39315,1.5766,0.0849224,0.926289,2.03435,0.364037
0.359758,-0.929633,-0.0797255,0.931615,0.362623,-0.0244703,0.0516588,-0.0654701,0.996516,8.39806,1.58741,0.0855015,0.913879,2.04975,0.337742
0.356539,-0.930669,-0.0820675,0.932874,0.359444,-0.0233733,0.0512515,-0.0682252,0.996353,8.40305,1.59831,0.0859111,0.903018,2.06779,0.314792
0.353365,-0.931695,-0.084122,0.934107,0.356295,-0.0223171,0.050765,-0.0706928,0.996206,8.40806,1.60922,0.0862446,0.89314,2.08673,0.294069
0.350211,-0.932714,-0.0860095,0.93533,0.353143,-0.0211465,0.0500973,-0.0730416,0.99607,8.41306,1.62012,0.0865333,0.88416,2.10384,0.273612
0.347058,-0.933716,-0.0878947,0.936552,0.349971,-0.0197474,0.049199,-0.0754645,0.995934,8.41804,1.63099,0.086788,0.876242,2.11894,0.252248
0.343909,-0.93468,-0.0899946,0.937775,0.346777,-0.017965,0.0479996,-0.0782164,0.99578,8.42252,1.64224,0.0867002,0.864774,2.13505,0.223445
0.340765,-0.935791,-0.0904093,0.93895,0.343607,-0.0175094,0.0474504,-0.0789232,0.995751,8.4273,1.65328,0.0867558,0.857954,2.14088,0.212788
0.337616,-0.936912,-0.0906159,0.940118,0.340422,-0.0170636,0.0468347,-0.0794287,0.99574,8.43231,1.66424,0.0866795,0.853697,2.1465,0.202717
0.334453,-0.938026,-0.0908253,0.941283,0.337214,-0.0165262,0.0461295,-0.079965,0.99573,8.43745,1.67514,0.0865061,0.851044,2.15321,0.189986
0.331258,-0.939126,-0.0911604,0.942451,0.333969,-0.0158472,0.0453273,-0.0806647,0.99571,8.44261,1.68601,0.0863055,0.848506,2.16065,0.177507
0.328025,-0.940212,-0.0916543,0.943622,0.330682,-0.0150509,0.0444595,-0.0815499,0.995677,8.44769,1.69687,0.086129,0.845685,2.16837,0.166043
0.324772,-0.941281,-0.0922722,0.944789,0.327373,-0.014181,0.0435557,-0.0825722,0.995633,8.45268,1.70775,0.0859965,0.842566,2.17796,0.154558
0.321473,-0.94234,-0.0930134,0.945958,0.324018,-0.0132772,0.0426496,-0.0837185,0.995576,8.45755,1.71868,0.0859112,0.839539,2.18877,0.143754
0.318143,-0.943386,-0.0938547,0.947122,0.320636,-0.0123885,0.0417803,-0.0849505,0.995509,8.46232,1.72964,0.0858704,0.836056,2.20044,0.133762
0.314757,-0.944428,-0.0947855,0.948288,0.317202,-0.0115467,0.0409711,-0.0862495,0.995431,8.46698,1.74065,0.0858704,0.832461,2.213,0.124365
0.31134,-0.945463,-0.0957407,0.949447,0.313743,-0.0107666,0.0402174,-0.0875486,0.995348,8.47155,1.75169,0.0859085,0.828239,2.22608,0.116263
0.307881,-0.946497,-0.0967106,0.950604,0.310243,-0.0100393,0.0395059,-0.0888426,0.995262,8.47604,1.76277,0.085985,0.823512,2.23983,0.109924
0.304403,-0.947524,-0.0976573,0.951752,0.306725,-0.00935245,0.0388156,-0.0900986,0.995176,8.48043,1.77388,0.0861042,0.8188,2.2536,0.105925
0.300912,-0.948548,-0.098538,0.952889,0.303193,-0.00869991,0.0381283,-0.0912779,0.995095,8.48475,1.78503,0.0862668,0.813452,2.26734,0.102887
0.297415,-0.949568,-0.0993194,0.954015,0.29965,-0.00805983,0.0374145,-0.0923551,0.995023,8.48899,1.79621,0.0864666,0.807651,2.28073,0.100357
0.293921,-0.950586,-0.0999849,0.955126,0.296105,-0.00741525,0.0366549,-0.0933187,0.994961,8.49316,1.80745,0.0867,0.801377,2.2942,0.0984667
0.290414,-0.951611,-0.100479,0.956229,0.292541,-0.00679027,0.035856,-0.0941093,0.994916,8.49727,1.81872,0.0869657,0.795002,2.30792,0.0967404
0.286876,-0.952649,-0.100809,0.957329,0.288936,-0.00614623,0.0349826,-0.0947443,0.994887,8.5013,1.83006,0.0872602,0.788189,2.32178,0.0956353
0.28331,-0.953705,-0.100907,0.958424,0.285296,-0.00551726,0.0340502,-0.0951488,0.994881,8.50528,1.84146,0.087588,0.781889,2.33611,0.0959329
0.279729,-0.954777,-0.100765,0.95951,0.281633,-0.00490251,0.0330595,-0.0953134,0.994898,8.5092,1.85291,0.0879489,0.775576,2.35133,0.097237
0.276113,-0.955869,-0.100375,0.960592,0.27793,-0.00431257,0.0320196,-0.095229,0.99494,8.51308,1.86442,0.0883438,0.770007,2.36645,0.0990422
0.272467,-0.956981,-0.0997486,0.961669,0.274188,-0.00370916,0.0308995,-0.0949145,0.995006,8.51692,1.87599,0.0887658,0.76455,2.38216,0.100702
0.268801,-0.958106,-0.0988868,0.962738,0.270418,-0.00308058,0.0296923,-0.094374,0.995094,8.52073,1.88762,0.0892123,0.759145,2.39764,0.101601
0.265125,-0.959244,-0.0977761,0.963796,0.266629,-0.00240627,0.0283781,-0.0935983,0.995206,8.52449,1.89929,0.0896752,0.754067,2.41224,0.100687
0.261457,-0.960387,-0.0964193,0.96484,0.262833,-0.00163677,0.0269142,-0.0926012,0.995339,8.52822,1.91101,0.0901464,0.748427,2.42583,0.0986143
0.257809,-0.961533,-0.0948056,0.965865,0.259044,-0.000746748,0.0252768,-0.0913769,0.995496,8.53193,1.92275,0.0906189,0.742958,2.43806,0.0947938
0.254214,-0.962664,-0.0930201,0.966865,0.25529,0.00034948,0.0234106,-0.0900267,0.995664,8.53553,1.93463,0.0911749,0.736305,2.45029,0.089127
0.250697,-0.963764,-0.0911599,0.967833,0.251589,0.0017618,0.0212369,-0.0886692,0.995835,8.53911,1.94651,0.091708,0.72918,2.45994,0.0778107
0.2473,-0.964809,-0.0893651,0.968759,0.247979,0.00360345,0.018684,-0.0874644,0.995992,8.54265,1.95837,0.0921429,0.721,2.46461,0.0524856
0.244034,-0.965801,-0.0876122,0.969639,0.244469,0.00590109,0.0157192,-0.0863923,0.996137,8.54624,1.9707,0.0923146,0.715159,2.46756,0.0162331
0.240949,-0.96673,-0.0858921,0.970457,0.241127,0.00845616,0.012536,-0.0853921,0.996269,8.54981,1.98302,0.0922737,0.712065,2.46263,-0.0325969
0.238013,-0.967594,-0.0843286,0.971218,0.237932,0.0111635,0.00926269,-0.0845585,0.996375,8.55337,1.99533,0.091983,0.712006,2.4603,-0.0836859
0.235173,-0.968402,-0.0830141,0.971935,0.234835,0.0139565,0.00597909,-0.0839665,0.996451,8.55693,2.00763,0.0914338,0.715212,2.46159,-0.135988
0.232353,-0.969161,-0.0820892,0.972627,0.231767,0.0167343,0.00280733,-0.0837305,0.996484,8.56052,2.01995,0.0906259,0.719762,2.46417,-0.18716
0.229545,-0.969874,-0.0815703,0.973298,0.22872,0.0194404,-0.000197927,-0.0838547,0.996478,8.56413,2.03228,0.089568,0.724422,2.46673,-0.236016
0.226733,-0.970548,-0.0814121,0.973952,0.225677,0.0220617,-0.00303905,-0.0842936,0.996436,8.56776,2.04461,0.0882683,0.728302,2.46863,-0.283882
0.223925,-0.971193,-0.0814946,0.974589,0.222644,0.0245957,-0.00574289,-0.0849314,0.99637,8.57141,2.05696,0.0867304,0.730573,2.47046,-0.331261
0.221092,-0.971829,-0.0816515,0.975217,0.219592,0.0270325,-0.00834096,-0.0856047,0.996294,8.57507,2.06932,0.0849566,0.73175,2.47177,-0.378243
0.218248,-0.972463,-0.0817584,0.975833,0.216535,0.0293674,-0.0108552,-0.086192,0.996219,8.57873,2.08168,0.0829473,0.732225,2.47251,-0.425501
0.215207,-0.97338,-0.078845,0.976458,0.213263,0.0323948,-0.0147178,-0.0839604,0.99636,8.58315,2.0942,0.0808084,0.74821,2.42352,-0.186347
0.211568,-0.973909,-0.0821007,0.977231,0.209409,0.0341721,-0.0160879,-0.0874611,0.996038,8.58711,2.10713,0.0784048,0.74215,2.41785,-0.218807
0.207851,-0.97444,-0.0852265,0.978008,0.205492,0.0356821,-0.0172568,-0.0907688,0.995722,8.59087,2.12039,0.0760466,0.729255,2.41431,-0.234025
0.204034,-0.975001,-0.0879953,0.978795,0.201502,0.0368477,-0.0181953,-0.0936475,0.995439,8.59443,2.13366,0.0739323,0.712555,2.40933,-0.238176
0.200086,-0.975605,-0.090336,0.979596,0.197421,0.0376299,-0.0188777,-0.0960221,0.9952,8.59779,2.14673,0.0720537,0.693556,2.40214,-0.235035
0.196024,-0.976255,-0.0921975,0.980409,0.193266,0.0380368,-0.019315,-0.0978474,0.995014,8.60099,2.15955,0.07037,0.673541,2.39338,-0.228304
0.191869,-0.976948,-0.0935843,0.981226,0.189058,0.0381079,-0.0195366,-0.0991391,0.994882,8.60407,2.17209,0.0688425,0.65324,2.38311,-0.219619
0.187611,-0.977689,-0.0944849,0.982048,0.184785,0.0378985,-0.0195935,-0.0998988,0.994805,8.60707,2.18439,0.0674361,0.633973,2.37206,-0.210374
0.183281,-0.978465,-0.0949488,0.982867,0.180469,0.037471,-0.0195287,-0.10019,0.994777,8.61003,2.19646,0.066125,0.616439,2.36046,-0.201085
0.178919,-0.979263,-0.0950343,0.983672,0.176144,0.0369035,-0.0193985,-0.100085,0.99479,8.61295,2.20835,0.0648941,0.600699,2.349,-0.191923
0.174524,-0.980076,-0.0948303,0.984465,0.171799,0.0362422,-0.0192283,-0.0996823,0.994834,8.61582,2.22006,0.0637376,0.585925,2.3364,-0.182764
0.170109,-0.980895,-0.0943776,0.985241,0.167443,0.0355334,-0.0190517,-0.0990292,0.994902,8.61868,2.23164,0.0626486,0.572529,2.32418,-0.173741
0.165704,-0.981707,-0.0937718,0.985995,0.163102,0.0348137,-0.0188825,-0.0982273,0.994985,8.62152,2.24309,0.0616172,0.560366,2.31215,-0.164779
0.161316,-0.9825,-0.0931121,0.986725,0.158778,0.0341031,-0.0187221,-0.0973774,0.995071,8.62434,2.25445,0.0606392,0.548799,2.30077,-0.156346
0.156948,-0.983268,-0.0924782,0.987432,0.15447,0.0334082,-0.0185641,-0.0965593,0.995154,8.62712,2.26572,0.059718,0.53783,2.28952,-0.14754
0.152614,-0.984004,-0.0918964,0.988115,0.150196,0.0327203,-0.0183945,-0.0957978,0.995231,8.62985,2.27693,0.0588665,0.526354,2.27852,-0.136707
0.148305,-0.984711,-0.0913759,0.988774,0.145944,0.0320279,-0.0182025,-0.0951,0.995301,8.63252,2.28806,0.0580964,0.514635,2.26791,-0.123745
0.144021,-0.985389,-0.0909172,0.989411,0.141719,0.0313239,-0.0179815,-0.0944658,0.995366,8.6351,2.29915,0.0574192,0.501385,2.25767,-0.108535
0.139775,-0.98604,-0.0904885,0.990025,0.137533,0.0305844,-0.0177122,-0.0938608,0.995428,8.63758,2.31018,0.0568453,0.487325,2.2482,-0.091834
0.135532,-0.986672,-0.0900503,0.990621,0.133357,0.0297709,-0.0173653,-0.0932406,0.995492,8.63998,2.32117,0.0563832,0.471881,2.23947,-0.0734052
0.131296,-0.987288,-0.0895791,0.991199,0.129197,0.0288672,-0.0169268,-0.0925808,0.995561,8.64228,2.33212,0.0560451,0.455681,2.23138,-0.0531739
0.127042,-0.987891,-0.0890629,0.991762,0.12503,0.0278444,-0.0163717,-0.0918666,0.995637,8.6445,2.34305,0.0558224,0.438923,2.22418,-0.0318445
0.122782,-0.988478,-0.0885233,0.99231,0.120869,0.026681,-0.0156739,-0.0911185,0.995717,8.64664,2.35392,0.0557045,0.421528,2.21782,-0.00989935
0.11852,-0.989046,-0.0879871,0.992841,0.116717,0.0253826,-0.014835,-0.0903655,0.995798,8.6487,2.36477,0.0557161,0.404043,2.21236,0.0129493
0.114235,-0.989595,-0.0874807,0.993357,0.112552,0.02395,-0.0138547,-0.0896355,0.995878,8.65067,2.37559,0.0558323,0.38644,2.20741,0.0365437
0.10993,-0.990122,-0.0870273,0.993858,0.10838,0.0223504,-0.0126976,-0.0889498,0.995955,8.65256,2.38638,0.056094,0.368639,2.20357,0.0624394
0.105603,-0.990628,-0.086632,0.994343,0.104195,0.020627,-0.011407,-0.0883201,0.996027,8.65437,2.39712,0.056477,0.350973,2.20043,0.0894414
0.101237,-0.991111,-0.0863145,0.994812,0.0999798,0.0187724,-0.00997579,-0.0877672,0.996091,8.6561,2.40787,0.057013,0.333135,2.19875,0.118681
0.0968441,-0.991569,-0.0860969,0.995264,0.0957488,0.0167722,-0.00838707,-0.0873134,0.996146,8.65776,2.4186,0.0576926,0.315576,2.19813,0.148663
0.0924253,-0.991995,-0.0860396,0.995698,0.0915017,0.0146258,-0.00663596,-0.0870212,0.996184,8.65935,2.4293,0.0584969,0.299079,2.1987,0.177366
0.0879712,-0.992388,-0.0861789,0.996112,0.0872297,0.0123399,-0.00472863,-0.0869294,0.996203,8.66087,2.44,0.0594394,0.283567,2.20046,0.204307
0.0834957,-0.992746,-0.086508,0.996504,0.0829449,0.00994778,-0.00270023,-0.0870362,0.996201,8.6623,2.4507,0.0604914,0.268919,2.20359,0.226192
0.0789833,-0.993073,-0.0869938,0.996876,0.0786346,0.0074342,-0.000541984,-0.0873092,0.996181,8.66365,2.46139,0.0616388,0.25577,2.20691,0.24267
0.0744355,-0.993375,-0.087557,0.997224,0.0742948,0.00486897,0.00166832,-0.0876764,0.996148,8.6649,2.47206,0.0628475,0.243468,2.20925,0.251793
0.0698526,-0.993659,-0.0881036,0.99755,0.0699256,0.00226067,0.00391436,-0.0880456,0.996109,8.66605,2.4827,0.0640928,0.232109,2.21044,0.253247
0.0652772,-0.993938,-0.0884644,0.997849,0.0655574,-0.000262724,0.00606063,-0.0882569,0.996079,8.66719,2.49376,0.0653152,0.22493,2.21068,0.235741
0.0607666,-0.994219,-0.0885196,0.99812,0.0612407,-0.00264688,0.00805258,-0.0881923,0.996071,8.66831,2.5048,0.0664025,0.222239,2.20654,0.199167
0.056358,-0.994495,-0.0883355,0.998362,0.0570079,-0.0048495,0.00985863,-0.0879175,0.996079,8.66942,2.51582,0.0672765,0.221034,2.20271,0.15043
0.0520096,-0.994747,-0.0881724,0.99858,0.0528242,-0.00692962,0.0115509,-0.0876867,0.996081,8.67053,2.52684,0.0679,0.221932,2.20396,0.0989757
0.0476612,-0.994973,-0.0880776,0.998776,0.0486372,-0.00896801,0.0132068,-0.0875424,0.996073,8.67164,2.53787,0.0682693,0.222954,2.20833,0.0487153
0.0432841,-0.995172,-0.0880828,0.998952,0.0444248,-0.0110302,0.01489,-0.087513,0.996052,8.67275,2.54893,0.0683919,0.223538,2.2142,0.000344573
0.0388668,-0.995355,-0.0880743,0.999105,0.0401812,-0.0132005,0.0166781,-0.0874825,0.996026,8.67387,2.56001,0.0682796,0.222538,2.22112,-0.0452822
0.0343749,-0.995536,-0.0879051,0.999235,0.0358757,-0.0155499,0.0186341,-0.0873034,0.996007,8.67498,2.57114,0.0679423,0.219783,2.2292,-0.0896084
0.0297817,-0.995726,-0.0874219,0.999341,0.0314789,-0.0180995,0.0207741,-0.0868252,0.996007,8.67607,2.5823,0.067386,0.216398,2.23684,-0.132925
0.0251123,-0.995929,-0.0865735,0.999418,0.027013,-0.0208533,0.023107,-0.0859994,0.996027,8.67714,2.59351,0.0666134,0.21294,2.24434,-0.176125
0.0217181,-0.995536,-0.0918456,0.999516,0.0236665,-0.0201785,0.0222621,-0.091363,0.995569,8.6778,2.60475,0.0661939,0.0734577,2.14511,0.151935
0.0184311,-0.995112,-0.0970152,0.999604,0.0204057,-0.0194014,0.0212862,-0.0966192,0.995094,8.67787,2.6156,0.0657388,0.0558079,2.14513,0.115743
0.0152211,-0.994675,-0.101936,0.999684,0.0171801,-0.0183682,0.0200217,-0.101624,0.994621,8.67787,2.62707,0.064726,0.0373207,2.15274,0.0795341
0.0121265,-0.994564,-0.103416,0.999734,0.014087,-0.018248,0.0196057,-0.103167,0.994471,8.67838,2.64003,0.0633608,0.0276805,2.16703,0.0644312
0.00904679,-0.994524,-0.104113,0.999776,0.0109891,-0.0180977,0.0191427,-0.103926,0.994401,8.67914,2.6526,0.0620071,0.0213863,2.17565,0.057033
0.00592779,-0.994531,-0.10427,0.999808,0.00784277,-0.0179652,0.0186847,-0.104143,0.994387,8.68009,2.66354,0.0610158,0.0173341,2.16612,0.0554195
0.00276598,-0.994562,-0.104107,0.999834,0.00462746,-0.0176432,0.018029,-0.10404,0.99441,8.68108,2.67624,0.0596524,0.0134966,2.17221,0.0559042
-0.000477995,-0.994599,-0.103787,0.999849,0.0013271,-0.0173225,0.0173666,-0.10378,0.994449,8.68208,2.68824,0.0585759,0.00928235,2.172,0.0602647
-0.00380344,-0.994632,-0.103403,0.999854,-0.00205854,-0.0169761,0.0166722,-0.103452,0.994495,8.68301,2.69987,0.0577149,0.00465383,2.16893,0.0669682
-0.00720537,-0.994655,-0.103004,0.999846,-0.00551905,-0.0166472,0.0159897,-0.103108,0.994542,8.68384,2.71124,0.0570398,-0.00123281,2.16475,0.0754709
-0.0106841,-0.994661,-0.102641,0.999826,-0.00905522,-0.0163223,0.0153057,-0.102798,0.994585,8.68458,2.72244,0.0565287,-0.00728258,2.16049,0.0841452
-0.014249,-0.994648,-0.102337,0.999792,-0.0126758,-0.0160061,0.0146232,-0.102544,0.994621,8.68521,2.73353,0.0561605,-0.0138234,2.15737,0.0923931
-0.0179005,-0.994613,-0.102103,0.999742,-0.0163775,-0.0157356,0.0139786,-0.102358,0.994649,8.68577,2.74454,0.0559113,-0.0197982,2.15594,0.0996879
-0.0216251,-0.994552,-0.101977,0.999676,-0.0201429,-0.0155421,0.0134033,-0.10228,0.994665,8.68624,2.75548,0.0557624,-0.0259827,2.1559,0.105658
-0.0254379,-0.994462,-0.101967,0.999593,-0.0239869,-0.015431,0.0128996,-0.102318,0.994668,8.68662,2.76639,0.0556989,-0.0319844,2.157,0.11003
-0.0293382,-0.994345,-0.102064,0.999492,-0.0279068,-0.0154243,0.0124888,-0.102465,0.994658,8.68693,2.77726,0.055705,-0.0380076,2.15946,0.112687
-0.0333291,-0.994199,-0.102262,0.99937,-0.0319052,-0.0155288,0.012176,-0.102715,0.994636,8.68717,2.78809,0.0557656,-0.0432566,2.16185,0.113321
-0.0374039,-0.994024,-0.102549,0.999229,-0.0359768,-0.0157311,0.0119477,-0.103059,0.994604,8.68734,2.7989,0.0558721,-0.0489207,2.16432,0.112884
-0.0415662,-0.993824,-0.102887,0.999066,-0.0401269,-0.0160205,0.011793,-0.103457,0.994564,8.68744,2.80968,0.0560181,-0.055061,2.16672,0.111675
-0.0457631,-0.993599,-0.103281,0.998884,-0.0443044,-0.0163745,0.0116939,-0.103915,0.994517,8.68746,2.82043,0.0561989,-0.061711,2.16903,0.10979
-0.0500011,-0.993354,-0.103674,0.998681,-0.0485182,-0.0167786,0.011637,-0.104376,0.99447,8.68742,2.83116,0.0564133,-0.0692628,2.17131,0.107853
-0.0542764,-0.99309,-0.104045,0.998459,-0.0527688,-0.0171897,0.0115806,-0.104818,0.994424,8.68729,2.84187,0.0566568,-0.0777781,2.17373,0.10611
-0.0585648,-0.992812,-0.104373,0.998217,-0.057035,-0.0175845,0.0115052,-0.105217,0.994383,8.68709,2.85258,0.056927,-0.0867841,2.17668,0.104289
-0.0628758,-0.992523,-0.104619,0.997956,-0.0613261,-0.0179678,0.0114176,-0.105535,0.99435,8.68681,2.86328,0.0572235,-0.0963221,2.17979,0.102115
-0.067206,-0.992225,-0.104753,0.997675,-0.065644,-0.0182914,0.0112728,-0.105739,0.99433,8.68646,2.87398,0.0575447,-0.106481,2.18349,0.101183
-0.0715512,-0.991923,-0.104735,0.997375,-0.0699857,-0.0185515,0.0110717,-0.105788,0.994327,8.68603,2.88468,0.0578979,-0.117156,2.18792,0.102129
-0.0759429,-0.991618,-0.104528,0.997054,-0.074384,-0.0187373,0.010805,-0.105643,0.994345,8.68552,2.8954,0.0582916,-0.128399,2.19315,0.105078
-0.0803453,-0.991318,-0.104086,0.996712,-0.0788033,-0.0188503,0.0104843,-0.105259,0.99439,8.68494,2.90614,0.0587298,-0.139933,2.19925,0.109289
-0.0847518,-0.991021,-0.103415,0.996351,-0.0832391,-0.0188647,0.0100872,-0.104636,0.994459,8.6843,2.9169,0.0592131,-0.151545,2.20636,0.115609
-0.0891523,-0.990725,-0.102551,0.995972,-0.0876797,-0.0187877,0.00962188,-0.103812,0.99455,8.68359,2.92768,0.0597454,-0.163859,2.21404,0.122739
-0.0935334,-0.990431,-0.101478,0.995575,-0.0921137,-0.0185977,0.00907228,-0.102768,0.994664,8.68283,2.93848,0.060319,-0.175844,2.22252,0.129045
-0.0978703,-0.990138,-0.10024,0.995163,-0.0965157,-0.0182864,0.00843136,-0.101545,0.994795,8.68203,2.94932,0.0609218,-0.187344,2.23147,0.134322
-0.102151,-0.989839,-0.0989141,0.994739,-0.100872,-0.0178554,0.00769633,-0.100218,0.994936,8.68119,2.96019,0.0615409,-0.19803,2.24051,0.137442
-0.106375,-0.989529,-0.0975584,0.994302,-0.105183,-0.017296,0.00685341,-0.0988424,0.995079,8.68032,2.97109,0.0621664,-0.208121,2.24964,0.138521
-0.110505,-0.989204,-0.0962451,0.993858,-0.109411,-0.0165846,0.00587527,-0.0974867,0.995219,8.67943,2.98202,0.0627841,-0.217353,2.25819,0.137445
-0.114517,-0.988861,-0.0950763,0.99341,-0.113537,-0.015675,0.00470577,-0.0962448,0.995347,8.67836,2.99302,0.0635181,-0.228237,2.26653,0.130898
-0.118403,-0.98849,-0.0941768,0.99296,-0.117553,-0.0145386,0.00330052,-0.0952352,0.995449,8.67727,3.00401,0.0641775,-0.23683,2.27189,0.113227
-0.122171,-0.988086,-0.0936019,0.992508,-0.121473,-0.0131395,0.00161283,-0.0945058,0.995523,8.67607,3.01538,0.0646662,-0.242976,2.27626,0.0822973
-0.125824,-0.987663,-0.0932225,0.992053,-0.125291,-0.0115767,-0.000246081,-0.0939383,0.995578,8.67485,3.02676,0.0649592,-0.243808,2.27256,0.0348965
-0.129381,-0.987229,-0.0929526,0.991592,-0.12902,-0.0099095,-0.00220983,-0.0934532,0.995621,8.67363,3.03811,0.0650069,-0.24332,2.26953,-0.0158217
-0.132883,-0.986782,-0.0927539,0.991123,-0.132693,-0.00823543,-0.00418123,-0.0930249,0.995655,8.67242,3.04946,0.0647984,-0.24227,2.26928,-0.0675782
-0.13635,-0.986318,-0.0926595,0.990642,-0.136326,-0.00662266,-0.00609984,-0.0926953,0.995676,8.67121,3.06081,0.064335,-0.240483,2.2702,-0.117779
-0.139809,-0.985829,-0.0927114,0.990147,-0.139938,-0.00514496,-0.0079018,-0.0925172,0.99568,8.67001,3.07216,0.0636279,-0.23854,2.27151,-0.165065
-0.143258,-0.985307,-0.0929891,0.989639,-0.143525,-0.0038364,-0.00956626,-0.0925752,0.99566,8.66883,3.08352,0.0626881,-0.236029,2.2731,-0.210856
-0.146711,-0.98475,-0.0935045,0.989117,-0.147107,-0.0026782,-0.0111178,-0.0928798,0.995615,8.66765,3.09489,0.0615204,-0.234472,2.275,-0.256221
-0.150307,-0.984361,-0.0918772,0.988541,-0.150954,9.47929e-05,-0.0139626,-0.0908101,0.99577,8.66653,3.10635,0.0602224,-0.231588,2.27304,-0.290404
-0.153934,-0.983963,-0.0901212,0.987936,-0.154832,0.00300991,-0.0169153,-0.0885707,0.995926,8.66543,3.11789,0.0587443,-0.228565,2.27479,-0.323186
-0.157563,-0.983567,-0.0881416,0.987307,-0.158707,0.00608678,-0.0199755,-0.0860638,0.996089,8.66497,3.12984,0.0566574,-0.218546,2.28058,-0.35548
-0.161566,-0.982718,-0.090343,0.986636,-0.162811,0.0065353,-0.0211312,-0.0880798,0.995889,8.66442,3.14179,0.0553954,-0.21284,2.27482,-0.363663
-0.165591,-0.98183,-0.0926796,0.985946,-0.166925,0.0067812,-0.0221285,-0.0902542,0.995673,8.6635,3.1537,0.0543765,-0.215067,2.26529,-0.356227
-0.169672,-0.980924,-0.0948713,0.985234,-0.171077,0.00682473,-0.0229249,-0.0923125,0.995466,8.6623,3.16547,0.0535119,-0.222221,2.25202,-0.342953
-0.173819,-0.980009,-0.0967976,0.984497,-0.175276,0.00669894,-0.0235313,-0.0941325,0.995282,8.6609,3.17704,0.0527519,-0.232412,2.23604,-0.326394
-0.178044,-0.979098,-0.0983273,0.983731,-0.179531,0.00641693,-0.0239356,-0.0955851,0.995133,8.6594,3.1884,0.0520531,-0.243992,2.21834,-0.30887
-0.182346,-0.978197,-0.0994052,0.982937,-0.183843,0.00603929,-0.0241826,-0.0966078,0.995029,8.65785,3.19956,0.0513869,-0.255928,2.20012,-0.291125
-0.186681,-0.977314,-0.100033,0.98212,-0.188171,0.00558544,-0.0242821,-0.0972019,0.994968,8.65629,3.21054,0.0507311,-0.267146,2.18261,-0.274417
-0.191054,-0.976446,-0.100259,0.98128,-0.192522,0.00508636,-0.0242686,-0.0974104,0.994948,8.65475,3.22137,0.0500783,-0.277664,2.16513,-0.258148
-0.195464,-0.975584,-0.100147,0.980413,-0.196899,0.00455077,-0.0241585,-0.0972957,0.994962,8.65323,3.23207,0.0494235,-0.286853,2.14894,-0.243226
-0.199866,-0.974729,-0.0997881,0.97953,-0.201259,0.00399783,-0.0239801,-0.0969464,0.995001,8.65172,3.24266,0.048767,-0.294768,2.13382,-0.22901
-0.204266,-0.97387,-0.0992571,0.978628,-0.205612,0.00342053,-0.0237396,-0.096437,0.995056,8.65025,3.25316,0.0481089,-0.301535,2.11993,-0.216195
-0.208649,-0.973004,-0.098638,0.977709,-0.209944,0.0028139,-0.0234463,-0.0958521,0.995119,8.64878,3.26358,0.0474519,-0.307535,2.10674,-0.204266
-0.212999,-0.972125,-0.0979984,0.97678,-0.214236,0.00215216,-0.023087,-0.0952645,0.995184,8.64731,3.27392,0.0468071,-0.31314,2.09344,-0.192699
-0.217325,-0.971233,-0.0973477,0.975836,-0.2185,0.00144315,-0.0226721,-0.0946817,0.995249,8.64583,3.28418,0.0461848,-0.318426,2.08096,-0.181124
-0.221599,-0.97033,-0.0967181,0.974885,-0.222709,0.00069793,-0.0222172,-0.0941343,0.995312,8.64432,3.29436,0.0455964,-0.324114,2.06899,-0.16917
-0.225835,-0.969416,-0.0960784,0.973924,-0.226876,-9.36656e-05,-0.0217071,-0.0935941,0.995374,8.64277,3.30447,0.0450548,-0.33046,2.05668,-0.156098
-0.230028,-0.968496,-0.0954065,0.972955,-0.230994,-0.000942804,-0.0211252,-0.093043,0.995438,8.64119,3.3145,0.0445709,-0.33739,2.04428,-0.141589
-0.234179,-0.96757,-0.0946977,0.971977,-0.235069,-0.00180715,-0.0205119,-0.0924672,0.995504,8.63956,3.32447,0.0441539,-0.341026,2.0369,-0.132383
-0.238308,-0.966639,-0.0939101,0.970987,-0.239115,-0.00272557,-0.0198207,-0.091835,0.995577,8.6379,3.33437,0.0438165,-0.349775,2.02457,-0.114712
-0.242414,-0.965698,-0.0930769,0.969986,-0.243134,-0.00369811,-0.0190589,-0.0911797,0.995652,8.63617,3.34421,0.0435635,-0.359021,2.0124,-0.0963627
-0.246516,-0.964748,-0.0921475,0.968968,-0.24714,-0.0047504,-0.0181904,-0.090459,0.995734,8.63441,3.35398,0.0433933,-0.369461,2.00051,-0.0766326
-0.250627,-0.96378,-0.0911863,0.967931,-0.251147,-0.00591557,-0.0171999,-0.0897446,0.995816,8.63259,3.36369,0.0433106,-0.380393,1.98895,-0.0562004
-0.254729,-0.962797,-0.090194,0.966878,-0.255137,-0.00716575,-0.0161127,-0.0890319,0.995898,8.63073,3.37334,0.0433166,-0.391732,1.97762,-0.034238
-0.258863,-0.961787,-0.0891985,0.965799,-0.259152,-0.00852727,-0.0149146,-0.0883552,0.995977,8.62881,3.38295,0.0434138,-0.409347,1.96294,-0.000991773
-0.263011,-0.960751,-0.0882202,0.964698,-0.263168,-0.0100564,-0.013555,-0.0877508,0.99605,8.62684,3.3925,0.043611,-0.421112,1.95314,0.0232773
-0.267162,-0.95969,-0.087286,0.963576,-0.267179,-0.01171,-0.012083,-0.0872351,0.996114,8.62482,3.402,0.0439147,-0.433221,1.94403,0.0490145
-0.27133,-0.958601,-0.0863922,0.962429,-0.271199,-0.0134724,-0.0105149,-0.0868018,0.99617,8.62275,3.41147,0.0443394,-0.445308,1.93616,0.0765429
-0.275523,-0.957482,-0.0855311,0.961254,-0.275234,-0.0153785,-0.00881646,-0.0864543,0.996217,8.62062,3.42089,0.0448993,-0.458621,1.9293,0.105048
-0.279738,-0.956333,-0.0846946,0.960051,-0.279282,-0.0174218,-0.00699262,-0.0861847,0.996255,8.61841,3.43027,0.0455945,-0.478822,1.92253,0.134726
-0.283973,-0.955157,-0.0838723,0.958819,-0.283342,-0.0195789,-0.0050637,-0.0859783,0.996284,8.61615,3.43963,0.0464122,-0.492346,1.91834,0.150696
-0.28824,-0.953949,-0.0830634,0.957554,-0.287424,-0.0218807,-0.00300132,-0.0858445,0.996304,8.61382,3.44897,0.0473646,-0.50625,1.91596,0.181154
-0.292531,-0.952714,-0.0822337,0.956256,-0.29152,-0.024315,-0.000807551,-0.0857493,0.996316,8.61142,3.45829,0.0484585,-0.520353,1.91551,0.21043
-0.296867,-0.951445,-0.0813755,0.954918,-0.295654,-0.0268508,0.00148803,-0.085678,0.996322,8.60893,3.4676,0.0496779,-0.534209,1.91651,0.236722
-0.301253,-0.950146,-0.0804307,0.953536,-0.299834,-0.0294699,0.0038849,-0.0855715,0.996324,8.60637,3.47691,0.0510071,-0.548059,1.91866,0.25954
-0.305703,-0.948812,-0.0793844,0.952106,-0.304074,-0.0321507,0.00636621,-0.0854109,0.996325,8.60374,3.4862,0.0524214,-0.561053,1.92063,0.276317
-0.310215,-0.947446,-0.0781837,0.950625,-0.308379,-0.0348575,0.00891536,-0.0851367,0.996329,8.60105,3.49547,0.0538886,-0.572854,1.92146,0.286965
-0.314797,-0.946044,-0.0768323,0.94909,-0.312762,-0.0375346,0.0114792,-0.0847366,0.996337,8.59827,3.5047,0.0553614,-0.582855,1.92029,0.285636
-0.3194,-0.944636,-0.0751386,0.947517,-0.317189,-0.0400347,0.0139851,-0.0839822,0.996369,8.59534,3.51431,0.0567425,-0.588662,1.9225,0.266816
-0.323918,-0.943251,-0.0731738,0.945943,-0.32156,-0.0423154,0.0163843,-0.082925,0.996421,8.59239,3.52391,0.0579615,-0.589377,1.92093,0.220786
-0.328363,-0.941873,-0.0710866,0.944366,-0.325877,-0.044456,0.0187064,-0.0817295,0.996479,8.58945,3.53352,0.0589377,-0.589856,1.9227,0.169691
-0.332806,-0.940472,-0.0689427,0.942761,-0.330204,-0.0465519,0.0210157,-0.0804892,0.996534,8.58649,3.54315,0.0596574,-0.591437,1.92724,0.118198
-0.337284,-0.939037,-0.0667082,0.941113,-0.334573,-0.0486518,0.023367,-0.0791894,0.996586,8.58353,3.55279,0.0601231,-0.59385,1.93122,0.0680951
-0.341814,-0.937559,-0.0643947,0.939413,-0.339,-0.0508161,0.0258133,-0.0778628,0.99663,8.58055,3.56246,0.0603442,-0.597252,1.9355,0.0203363
-0.346412,-0.936042,-0.0618452,0.937652,-0.343502,-0.0530636,0.0284258,-0.0763712,0.996674,8.57755,3.57215,0.0603305,-0.602414,1.94035,-0.025824
-0.351087,-0.934486,-0.0589335,0.935822,-0.348098,-0.0553606,0.0312191,-0.0745877,0.996726,8.57453,3.58186,0.0600898,-0.60828,1.94508,-0.0704368
-0.354612,-0.932902,-0.0628037,0.934501,-0.351395,-0.0568191,0.0309377,-0.0788389,0.996407,8.57155,3.59167,0.060026,-0.616981,1.93561,-0.0888645
-0.358023,-0.931324,-0.0667448,0.933217,-0.354588,-0.0580788,0.0304233,-0.0830809,0.996078,8.56836,3.60151,0.0599587,-0.631271,1.92957,-0.104138
-0.361363,-0.92975,-0.0705868,0.931953,-0.357734,-0.05908,0.0296784,-0.0871329,0.995755,8.56498,3.61135,0.0598909,-0.647932,1.92455,-0.118215
-0.364648,-0.928174,-0.0743271,0.930703,-0.360851,-0.0598193,0.0287017,-0.0909895,0.995438,8.56124,3.62115,0.0597287,-0.668266,1.9213,-0.132706
-0.367816,-0.926848,-0.0752588,0.929461,-0.363955,-0.0603216,0.0285182,-0.0921374,0.995338,8.55767,3.63106,0.0603568,-0.68227,1.91704,-0.128754
-0.370992,-0.92555,-0.0756481,0.928204,-0.367101,-0.0606215,0.0283378,-0.0927069,0.99529,8.55401,3.64085,0.0611146,-0.693959,1.90934,-0.112462
-0.374124,-0.924283,-0.0757122,0.926957,-0.370243,-0.0605882,0.0279687,-0.0928494,0.995287,8.55035,3.6506,0.0618649,-0.704652,1.90296,-0.0958269
-0.377308,-0.92299,-0.0756814,0.925679,-0.373451,-0.060445,0.0275269,-0.0928631,0.995298,8.54672,3.66029,0.0625528,-0.713879,1.89454,-0.0782068
-0.380568,-0.921655,-0.0756291,0.924358,-0.37674,-0.0602511,0.0270382,-0.092838,0.995314,8.5431,3.66989,0.0631828,-0.722548,1.88621,-0.0613465
-0.383877,-0.920283,-0.0756105,0.923004,-0.380079,-0.0600363,0.0265125,-0.0928353,0.995328,8.53948,3.6794,0.0637741,-0.731551,1.87772,-0.0458113
-0.387254,-0.918867,-0.0756168,0.921607,-0.383486,-0.059826,0.0259742,-0.0928569,0.995341,8.53585,3.68883,0.064338,-0.741219,1.86981,-0.0315941
-0.390687,-0.917407,-0.0756821,0.920173,-0.386945,-0.0596289,0.0254192,-0.0929368,0.995347,8.5322,3.69819,0.0648837,-0.75102,1.86199,-0.0184168
-0.394173,-0.915903,-0.075823,0.918701,-0.390455,-0.0594485,0.0248436,-0.0930916,0.995348,8.52852,3.70749,0.0654188,-0.760654,1.85555,-0.00561933
-0.397703,-0.914358,-0.0760428,0.917193,-0.394003,-0.0593182,0.024277,-0.0933369,0.995339,8.52481,3.71675,0.0659457,-0.77045,1.85112,0.00511388
-0.4013,-0.912761,-0.076332,0.915639,-0.397609,-0.0592674,0.0237467,-0.0936766,0.995319,8.52105,3.72596,0.0664638,-0.780577,1.84796,0.0141926
-0.404944,-0.911121,-0.0766765,0.914045,-0.401254,-0.0592968,0.0232598,-0.0940977,0.995291,8.51725,3.73516,0.066969,-0.790225,1.84636,0.0211515
-0.40865,-0.909428,-0.0771082,0.912406,-0.404949,-0.0594324,0.0228246,-0.0946411,0.99525,8.51339,3.74432,0.0674606,-0.800278,1.84584,0.0262259
-0.412405,-0.907691,-0.0775858,0.910724,-0.408683,-0.0596657,0.02245,-0.0952657,0.995199,8.5095,3.75346,0.0679355,-0.809467,1.84509,0.0293233
-0.416216,-0.905904,-0.0781192,0.908996,-0.412464,-0.0599931,0.0221266,-0.0959802,0.995137,8.50556,3.76258,0.0683897,-0.818409,1.84458,0.0313271
-0.42008,-0.904068,-0.0787053,0.907225,-0.41629,-0.060378,0.0218215,-0.0967669,0.995068,8.50158,3.77168,0.0688201,-0.827257,1.84376,0.0314348
-0.42399,-0.902187,-0.0793205,0.905411,-0.420159,-0.0608072,0.0215322,-0.0975993,0.994993,8.49755,3.78076,0.0692269,-0.836027,1.8428,0.0310669
-0.427931,-0.900269,-0.0799389,0.903562,-0.424057,-0.0612518,0.0212445,-0.0984413,0.994916,8.49346,3.78981,0.0696139,-0.845571,1.84174,0.0300576
-0.431895,-0.898321,-0.0805368,0.901681,-0.42798,-0.0616833,0.0209433,-0.0992592,0.994841,8.48932,3.79883,0.0699857,-0.855351,1.84053,0.0290592
-0.435876,-0.896348,-0.0810723,0.899771,-0.431928,-0.06206,0.02061,-0.099997,0.994774,8.48512,3.80783,0.0703439,-0.865799,1.8391,0.0279496
-0.439862,-0.894357,-0.0815314,0.897838,-0.435891,-0.0623456,0.0202204,-0.100625,0.994719,8.48086,3.81681,0.0706889,-0.876557,1.83757,0.0267808
-0.443883,-0.892335,-0.0818876,0.895867,-0.439902,-0.0625231,0.0197691,-0.101113,0.994678,8.47654,3.82578,0.0710301,-0.887495,1.83683,0.0273804
-0.447878,-0.890317,-0.082098,0.893887,-0.443903,-0.0625782,0.0192709,-0.101414,0.994658,8.47214,3.83472,0.0713799,-0.899058,1.83643,0.0296754
-0.451883,-0.88829,-0.0821086,0.891881,-0.447936,-0.0624664,0.0187089,-0.101459,0.994664,8.46767,3.84367,0.0717459,-0.911215,1.83694,0.0341008
-0.455898,-0.886256,-0.0818942,0.889848,-0.451998,-0.0621997,0.0181089,-0.10123,0.994698,8.46314,3.85261,0.0721331,-0.924135,1.83816,0.0399212
-0.459926,-0.884213,-0.0814532,0.887785,-0.456094,-0.061771,0.0174684,-0.100723,0.994761,8.45856,3.86156,0.0725456,-0.936965,1.84033,0.0474476
-0.463945,-0.882169,-0.0808276,0.885705,-0.460199,-0.0611903,0.0167834,-0.0999783,0.994848,8.45392,3.87052,0.0729874,-0.95056,1.84319,0.0561484
-0.46795,-0.880125,-0.0800238,0.883609,-0.464306,-0.0604501,0.0160481,-0.0989973,0.994958,8.44923,3.8795,0.0734589,-0.964489,1.8467,0.0651113
-0.47192,-0.878087,-0.0790913,0.881509,-0.468395,-0.0595614,0.0152541,-0.0978279,0.995086,8.44449,3.88848,0.0739553,-0.978641,1.85077,0.0737481
-0.475859,-0.876046,-0.0781098,0.879404,-0.472464,-0.058537,0.014377,-0.0965455,0.995225,8.43972,3.8975,0.0744666,-0.993057,1.85572,0.0806755
-0.479727,-0.874019,-0.0771511,0.877315,-0.476469,-0.0574023,0.0134106,-0.0952232,0.995366,8.4349,3.90653,0.0749857,-1.00703,1.86077,0.0865308
-0.483521,-0.872,-0.0763142,0.875246,-0.480404,-0.0561812,0.0123284,-0.0939585,0.9955,8.43004,3.91558,0.0755047,-1.02014,1.86595,0.0903068
-0.48722,-0.869993,-0.0756956,0.873209,-0.484247,-0.0548668,0.0110783,-0.0928303,0.99562,8.42516,3.92466,0.0759991,-1.03285,1.87054,0.0896152
-0.4908,-0.867998,-0.0754638,0.871219,-0.48797,-0.0534949,0.00960934,-0.0920008,0.995713,8.42011,3.93374,0.0765162,-1.0454,1.87389,0.07868
-0.494285,-0.865997,-0.0757102,0.869265,-0.4916,-0.0520426,0.00784959,-0.0915361,0.995771,8.41486,3.94312,0.076853,-1.05618,1.87835,0.0560572
-0.497678,-0.864002,-0.0762632,0.867342,-0.495143,-0.0505184,0.00588679,-0.0912882,0.995807,8.40957,3.9525,0.0770266,-1.05942,1.87728,0.0134041
-0.50098,-0.862032,-0.0769329,0.86545,-0.498598,-0.0489457,0.00383417,-0.0911025,0.995834,8.40427,3.96188,0.0769694,-1.0587,1.87428,-0.0362786
-0.50421,-0.860085,-0.0776235,0.863579,-0.501983,-0.0473725,0.0017788,-0.0909197,0.995857,8.39898,3.97126,0.0766552,-1.05873,1.87471,-0.0894208
-0.5074,-0.858151,-0.0782371,0.86171,-0.505325,-0.0458501,-0.000188781,-0.0906821,0.99588,8.39369,3.98063,0.0760787,-1.05838,1.8763,-0.141192
-0.510551,-0.856224,-0.0788603,0.859845,-0.508614,-0.0444717,-0.00203176,-0.0905127,0.995893,8.3884,3.99002,0.0752498,-1.05736,1.87911,-0.190335
-0.51385,-0.854319,-0.078082,0.857865,-0.512244,-0.0409083,-0.00504828,-0.0880046,0.996107,8.38315,3.9995,0.0743079,-1.05465,1.88085,-0.231917
-0.517129,-0.852409,-0.0773131,0.855869,-0.515848,-0.0372648,-0.00811699,-0.0854406,0.99631,8.3779,4.00904,0.0732066,-1.05074,1.88367,-0.264517
-0.520379,-0.85049,-0.0766241,0.853861,-0.519414,-0.0336036,-0.0112202,-0.082913,0.996494,8.37265,4.01861,0.071956,-1.04703,1.88704,-0.294692
-0.523611,-0.848564,-0.075968,0.851835,-0.522961,-0.029814,-0.0144292,-0.0803232,0.996664,8.36764,4.02848,0.0703326,-1.04087,1.89426,-0.324224
-0.527137,-0.846173,-0.0782205,0.849634,-0.526518,-0.0300276,-0.015776,-0.0822874,0.996484,8.36268,4.03841,0.0694834,-1.03404,1.89615,-0.337695
-0.530649,-0.843755,-0.0805561,0.847422,-0.530044,-0.0304878,-0.016974,-0.0844433,0.996284,8.35747,4.04822,0.0688418,-1.03214,1.88771,-0.328816
-0.534199,-0.841301,-0.0827284,0.845168,-0.533596,-0.0310968,-0.0179818,-0.0865312,0.996087,8.35207,4.05783,0.0683205,-1.03291,1.87534,-0.315831
-0.537798,-0.83882,-0.0845812,0.842864,-0.537191,-0.0317262,-0.0188237,-0.0883527,0.995911,8.34658,4.06725,0.0678728,-1.03602,1.85956,-0.299993
-0.541456,-0.836318,-0.0860093,0.840504,-0.54084,-0.0323319,-0.0194775,-0.0897974,0.99577,8.34107,4.0765,0.0674589,-1.04002,1.8419,-0.282592
-0.54517,-0.8338,-0.0869834,0.838088,-0.544543,-0.0328871,-0.0199449,-0.0908288,0.995667,8.33556,4.08558,0.0670515,-1.04452,1.82414,-0.265609
-0.548917,-0.831282,-0.0875268,0.835632,-0.548276,-0.0333669,-0.0202515,-0.0914558,0.995603,8.3301,4.09454,0.0666364,-1.04893,1.80711,-0.249419
-0.552686,-0.828765,-0.0876711,0.83314,-0.55203,-0.0337775,-0.0204034,-0.0917106,0.995577,8.32468,4.10339,0.0662026,-1.05265,1.79139,-0.234485
-0.556477,-0.82624,-0.0875186,0.830611,-0.555806,-0.0341252,-0.0204478,-0.0916839,0.995578,8.31932,4.11216,0.0657509,-1.05562,1.77674,-0.220508
-0.560267,-0.823718,-0.0871201,0.828062,-0.559578,-0.0344478,-0.0203752,-0.0914408,0.995602,8.31401,4.12085,0.0652802,-1.05825,1.76359,-0.207825
-0.564054,-0.82119,-0.0865464,0.825491,-0.563344,-0.0347602,-0.0202107,-0.0910499,0.995641,8.30874,4.12949,0.0647922,-1.06025,1.75128,-0.196415
-0.567817,-0.818664,-0.0858673,0.822913,-0.567082,-0.0351004,-0.0199584,-0.0905919,0.995688,8.30351,4.13807,0.064292,-1.06146,1.74067,-0.186123
-0.571555,-0.816134,-0.0851438,0.820329,-0.570791,-0.0354854,-0.0196385,-0.0901277,0.995737,8.2983,4.14659,0.0637898,-1.06275,1.73067,-0.176102
-0.575267,-0.813602,-0.0843846,0.817739,-0.574467,-0.0359201,-0.0192515,-0.0896682,0.995786,8.2931,4.15505,0.0632942,-1.0638,1.7207,-0.166933
-0.578925,-0.811086,-0.083582,0.815164,-0.578086,-0.0363904,-0.0188019,-0.0892004,0.995836,8.2879,4.16346,0.0628118,-1.06479,1.7109,-0.157611
-0.582537,-0.808582,-0.082733,0.812598,-0.581656,-0.0368912,-0.0182925,-0.0887192,0.995889,8.28269,4.1718,0.0623515,-1.06614,1.70112,-0.147844
-0.586112,-0.806087,-0.0818392,0.810036,-0.585188,-0.0373822,-0.017758,-0.0882028,0.995944,8.27748,4.18008,0.0619188,-1.06837,1.6915,-0.138068
-0.589651,-0.803598,-0.080881,0.807476,-0.588683,-0.03788,-0.017173,-0.0876455,0.996004,8.27226,4.18832,0.0615208,-1.07081,1.68125,-0.127088
-0.593152,-0.801119,-0.0798616,0.80492,-0.592141,-0.0383804,-0.016542,-0.0870476,0.996067,8.26703,4.1965,0.0611655,-1.07394,1.67082,-0.114395
-0.596631,-0.798641,-0.0787669,0.80236,-0.595571,-0.0389058,-0.0158396,-0.0864118,0.996134,8.26178,4.20463,0.0608616,-1.07768,1.66035,-0.100373
-0.600078,-0.796168,-0.07761,0.7998,-0.598969,-0.0394546,-0.0150735,-0.0857483,0.996203,8.25651,4.21271,0.0606153,-1.0818,1.64965,-0.0855451
-0.60352,-0.793681,-0.0763762,0.797221,-0.602358,-0.0400421,-0.0142251,-0.0850549,0.996275,8.25123,4.22074,0.0604337,-1.08661,1.63864,-0.0684793
-0.606963,-0.791175,-0.0750835,0.794619,-0.605741,-0.0407154,-0.0132681,-0.0843755,0.996346,8.24592,4.22872,0.0603265,-1.09246,1.62779,-0.0503184
-0.610413,-0.788645,-0.0737238,0.79199,-0.609124,-0.0414795,-0.0121943,-0.0837081,0.996416,8.24059,4.23665,0.0603025,-1.09895,1.61715,-0.0295199
-0.613874,-0.786084,-0.0723238,0.789327,-0.612509,-0.0423708,-0.0109919,-0.0830975,0.996481,8.23522,4.24454,0.0603921,-1.10612,1.60682,-0.00699579
-0.617343,-0.783494,-0.0708877,0.786635,-0.615892,-0.0433938,-0.0096603,-0.0825516,0.99654,8.22982,4.25237,0.0605743,-1.11312,1.59897,0.0261634
-0.620814,-0.780878,-0.0694158,0.783915,-0.619267,-0.0445672,-0.00818536,-0.082084,0.996592,8.2244,4.26015,0.060871,-1.12178,1.5891,0.0512321
-0.624285,-0.778239,-0.0679154,0.781169,-0.62263,-0.0459022,-0.00656327,-0.0817094,0.996635,8.21892,4.26788,0.0613114,-1.13156,1.57978,0.0793788
-0.627755,-0.775575,-0.0663817,0.778396,-0.625982,-0.047387,-0.0048016,-0.0814187,0.996668,8.2134,4.27556,0.0618691,-1.14242,1.57099,0.108236
-0.631242,-0.772873,-0.0648135,0.775581,-0.62934,-0.0490462,-0.00288326,-0.0812281,0.996691,8.20781,4.2832,0.0625811,-1.1543,1.56307,0.137983
-0.634724,-0.770151,-0.0631892,0.772738,-0.632684,-0.0508578,-0.00081063,-0.0811094,0.996705,8.20219,4.29078,0.0634191,-1.16674,1.55609,0.167898
-0.638233,-0.767383,-0.0614961,0.769842,-0.636046,-0.0528116,0.0014124,-0.0810484,0.996709,8.19649,4.29832,0.0644102,-1.18026,1.55096,0.197355
-0.641762,-0.764574,-0.0597282,0.766894,-0.639426,-0.0548341,0.00373292,-0.0809957,0.996707,8.19074,4.30582,0.0655136,-1.19381,1.54784,0.224172
-0.645321,-0.761719,-0.0578323,0.763886,-0.642837,-0.0569044,0.00616841,-0.0808989,0.996703,8.18492,4.3133,0.0667342,-1.20731,1.54574,0.246053
-0.648905,-0.75882,-0.055801,0.76082,-0.64628,-0.0589574,0.008675,-0.0807123,0.9967,8.17906,4.32074,0.0680279,-1.21978,1.5438,0.262555
-0.652523,-0.755866,-0.0536649,0.757686,-0.649762,-0.0610123,0.0112477,-0.080473,0.996693,8.17314,4.32811,0.0693743,-1.23046,1.53763,0.263699
-0.656174,-0.752858,-0.0513917,0.754484,-0.653298,-0.0628957,0.0137775,-0.0800447,0.996696,8.16697,4.33562,0.0707935,-1.2407,1.53388,0.256038
-0.659817,-0.749836,-0.048867,0.751253,-0.656874,-0.0643069,0.0161202,-0.0791423,0.996733,8.16075,4.3433,0.0720051,-1.24374,1.53617,0.228587
-0.663389,-0.746849,-0.0461572,0.74805,-0.660418,-0.0653418,0.0183175,-0.077875,0.996795,8.15454,4.35098,0.0730333,-1.24379,1.53564,0.18271
-0.666921,-0.743862,-0.0434326,0.744848,-0.663937,-0.066257,0.0204495,-0.0765388,0.996857,8.14831,4.35867,0.0738142,-1.24569,1.53996,0.129658
-0.670456,-0.740832,-0.0406876,0.741605,-0.667469,-0.0671385,0.0225807,-0.0751876,0.996914,8.14207,4.36638,0.0743328,-1.24905,1.5438,0.0777859
-0.674,-0.737762,-0.0378377,0.738315,-0.671016,-0.0680319,0.0248016,-0.0737896,0.996965,8.13582,4.3741,0.0745951,-1.25389,1.54684,0.0271304
-0.677567,-0.734637,-0.0348092,0.73496,-0.6746,-0.0689168,0.0271465,-0.0722791,0.997015,8.12953,4.38184,0.0746098,-1.25937,1.54932,-0.0212477
-0.681179,-0.731442,-0.0314279,0.731515,-0.67825,-0.0697358,0.0296918,-0.0704926,0.99707,8.12322,4.3896,0.074387,-1.26687,1.5514,-0.0678896
-0.684008,-0.728662,-0.0344188,0.728886,-0.680802,-0.0723408,0.0292796,-0.0745691,0.996786,8.11667,4.39706,0.0747069,-1.29896,1.39293,0.262971
-0.686752,-0.725926,-0.0374647,0.726327,-0.683274,-0.0747402,0.0286572,-0.0785397,0.996499,8.10981,4.40432,0.0751456,-1.31355,1.38457,0.232738
-0.689437,-0.723217,-0.040411,0.723809,-0.685706,-0.0768643,0.0278795,-0.0822429,0.996222,8.10292,4.4118,0.0752705,-1.32924,1.37913,0.20341
-0.692091,-0.720509,-0.0433208,0.721309,-0.688127,-0.078703,0.026896,-0.0857173,0.995956,8.09603,4.41938,0.0751842,-1.34494,1.37642,0.1763
-0.694725,-0.717784,-0.0463056,0.718817,-0.690542,-0.0803346,0.0256869,-0.0890957,0.995692,8.08864,4.42677,0.0747962,-1.36549,1.37249,0.143852
-0.697268,-0.715292,-0.0466396,0.716362,-0.693052,-0.0806478,0.025363,-0.089644,0.995651,8.08154,4.43444,0.0745232,-1.37354,1.36815,0.134447
-0.699819,-0.712796,-0.0466452,0.713882,-0.695608,-0.0806385,0.025032,-0.0897315,0.995651,8.0746,4.44231,0.074092,-1.38048,1.36769,0.125242
-0.702386,-0.710272,-0.0465522,0.711368,-0.698191,-0.0805325,0.0246977,-0.0896807,0.995664,8.0678,4.45028,0.0735497,-1.38589,1.36873,0.117464
-0.704977,-0.707703,-0.046512,0.708813,-0.700797,-0.0804215,0.024319,-0.0896637,0.995675,8.06107,4.45823,0.072989,-1.39061,1.36913,0.111522
-0.707577,-0.705103,-0.0465346,0.706232,-0.703408,-0.0803415,0.0239162,-0.089712,0.995681,8.05437,4.46609,0.0724645,-1.39581,1.3689,0.106044
-0.710184,-0.70247,-0.0466342,0.703623,-0.706017,-0.0803398,0.0235118,-0.0898689,0.995676,8.04767,4.47383,0.0719955,-1.40211,1.36807,0.100096
-0.7128,-0.6998,-0.0468515,0.700987,-0.708626,-0.0804144,0.0230739,-0.0901617,0.99566,8.04093,4.48145,0.0715943,-1.40938,1.36682,0.094682
-0.715429,-0.697092,-0.0471589,0.698318,-0.711237,-0.0805854,0.0226343,-0.0905851,0.995631,8.03415,4.48896,0.071255,-1.41733,1.36565,0.0895907
-0.718067,-0.694349,-0.0475411,0.69562,-0.713847,-0.0808385,0.022193,-0.091118,0.995593,8.02732,4.49638,0.0709691,-1.42635,1.36509,0.0844984
-0.720712,-0.691572,-0.0479792,0.692892,-0.716454,-0.0812091,0.021787,-0.0917728,0.995542,8.02042,4.50373,0.0707281,-1.43606,1.36467,0.0792545
-0.723391,-0.688738,-0.0484317,0.690105,-0.719081,-0.0817114,0.0214514,-0.0925322,0.995479,8.01346,4.51099,0.0705233,-1.44643,1.36465,0.0743111
-0.726097,-0.685852,-0.0488914,0.687267,-0.721728,-0.0822963,0.0211568,-0.0933565,0.995408,8.00644,4.5182,0.0703466,-1.45719,1.36486,0.0691494
-0.728818,-0.682927,-0.0493469,0.684388,-0.724381,-0.0829802,0.0209235,-0.0942499,0.995329,7.99936,4.52534,0.0701873,-1.46729,1.36493,0.0637007
-0.731577,-0.679939,-0.0497892,0.681444,-0.727065,-0.0837328,0.0207332,-0.0951855,0.995244,7.99224,4.53243,0.0700388,-1.47699,1.3647,0.0577865
-0.734378,-0.67688,-0.050222,0.678429,-0.729788,-0.0845245,0.0205615,-0.096145,0.995155,7.98508,4.53947,0.0698976,-1.48617,1.3642,0.0520499
-0.737212,-0.673762,-0.0506314,0.675353,-0.732539,-0.0853479,0.0204147,-0.0971136,0.995064,7.97787,4.54645,0.0697645,-1.49504,1.36315,0.0471502
-0.740066,-0.670596,-0.0510232,0.672229,-0.735314,-0.0861448,0.0202502,-0.0980521,0.994975,7.97062,4.55338,0.0696425,-1.50396,1.36124,0.0426022
-0.742942,-0.66738,-0.0513838,0.669055,-0.738118,-0.0868767,0.0200525,-0.098923,0.994893,7.96332,4.56026,0.0695318,-1.51331,1.35883,0.0389459
-0.745822,-0.664134,-0.0517187,0.665851,-0.740936,-0.0875042,0.0197942,-0.0996995,0.994821,7.95597,4.56708,0.0694322,-1.523,1.35594,0.0353646
-0.748721,-0.660841,-0.0520167,0.6626,-0.743787,-0.0879949,0.0194614,-0.10035,0.994762,7.94857,4.57386,0.0693471,-1.53323,1.35287,0.0327367
-0.751618,-0.657526,-0.0522493,0.659323,-0.746653,-0.0883257,0.0190644,-0.100836,0.99472,7.9411,4.5806,0.069285,-1.54402,1.34985,0.0322305
-0.754516,-0.654187,-0.0523937,0.656018,-0.749543,-0.0884621,0.0185995,-0.101117,0.994701,7.93357,4.58729,0.0692534,-1.5554,1.34707,0.0335241
-0.757418,-0.650822,-0.0524217,0.65268,-0.752463,-0.0883615,0.0180622,-0.101141,0.994708,7.92598,4.59395,0.0692567,-1.56744,1.34516,0.03673
-0.760316,-0.647444,-0.0523109,0.649318,-0.755405,-0.0880323,0.01748,-0.100899,0.994743,7.91833,4.60059,0.0692982,-1.58024,1.34359,0.0412252
-0.763214,-0.644044,-0.0520738,0.645926,-0.758373,-0.0874671,0.0168413,-0.100392,0.994805,7.91061,4.60721,0.0693816,-1.59337,1.34256,0.0478967
-0.7661,-0.640637,-0.0517256,0.642519,-0.76135,-0.086691,0.0161562,-0.0996486,0.994892,7.90285,4.61383,0.0695097,-1.60666,1.34218,0.0555278
-0.768973,-0.637221,-0.0512841,0.639095,-0.764336,-0.0857181,0.015423,-0.0986903,0.994999,7.89502,4.62043,0.0696854,-1.62041,1.34174,0.0638284
-0.771826,-0.633805,-0.0507587,0.635666,-0.767323,-0.0845293,0.0146267,-0.0975074,0.995127,7.88715,4.62701,0.0699057,-1.63461,1.34167,0.0722921
-0.774642,-0.630403,-0.050215,0.632251,-0.770288,-0.0831575,0.0137428,-0.0961658,0.99527,7.87922,4.63359,0.0701611,-1.64901,1.34201,0.0789208
-0.777406,-0.627032,-0.0497034,0.628869,-0.773213,-0.0816353,0.0127566,-0.0947208,0.995422,7.87126,4.64018,0.0704442,-1.66305,1.34244,0.0855573
-0.780107,-0.623699,-0.0493202,0.625539,-0.77608,-0.0800038,0.0116219,-0.0932632,0.995574,7.86325,4.64677,0.0707395,-1.67664,1.34292,0.0898828
-0.782733,-0.620413,-0.0491585,0.622272,-0.778872,-0.0783369,0.0103131,-0.0919069,0.995714,7.85523,4.65336,0.0710232,-1.68892,1.34299,0.0904166
-0.785263,-0.61719,-0.0493763,0.6191,-0.781557,-0.0767026,0.00874968,-0.0908006,0.995831,7.84703,4.65988,0.0714209,-1.70107,1.34167,0.0810441
-0.787703,-0.614016,-0.0500801,0.616016,-0.784139,-0.0751708,0.00688626,-0.0900624,0.995912,7.8385,4.66659,0.0717707,-1.71238,1.34124,0.0588597
-0.790066,-0.610888,-0.0510982,0.613003,-0.786639,-0.0736695,0.00480799,-0.0895272,0.995973,7.82993,4.67329,0.0719558,-1.71374,1.33858,0.0152043
-0.792337,-0.607839,-0.0522896,0.610078,-0.789047,-0.0721803,0.00261509,-0.0890919,0.99602,7.82137,4.67998,0.0719086,-1.71139,1.33573,-0.034088
-0.794543,-0.604843,-0.0535337,0.607207,-0.791389,-0.0707341,0.000417001,-0.0887074,0.996058,7.81281,4.68665,0.0716062,-1.71127,1.33601,-0.086882
-0.796703,-0.601886,-0.0547426,0.604368,-0.793683,-0.0693254,-0.00172229,-0.0883165,0.996091,7.80426,4.69334,0.0710422,-1.7114,1.33793,-0.138729
-0.798821,-0.598965,-0.055915,0.601557,-0.795926,-0.0680432,-0.00374877,-0.0879905,0.996114,7.7957,4.70004,0.0702253,-1.71143,1.34117,-0.188026
-0.801033,-0.595934,-0.0566494,0.598581,-0.798476,-0.0643268,-0.00689862,-0.0854371,0.99632,7.78727,4.70674,0.0698379,-1.66002,1.33885,0.0330741
-0.803222,-0.592905,-0.0574312,0.595595,-0.800998,-0.060568,-0.0100912,-0.0828552,0.996511,7.77879,4.71328,0.0692842,-1.65954,1.33994,-0.0113483
-0.80538,-0.589887,-0.0582777,0.592609,-0.803487,-0.0567796,-0.0133318,-0.080265,0.996684,7.77026,4.71997,0.0683217,-1.65946,1.34301,-0.0556595
-0.807518,-0.586868,-0.0591649,0.589606,-0.805962,-0.0528122,-0.0166909,-0.0775308,0.99685,7.762,4.72778,0.0665733,-1.65618,1.35766,-0.0991182
-0.809886,-0.583372,-0.0613348,0.586309,-0.808283,-0.0540388,-0.0180511,-0.0797264,0.996653,7.75345,4.73525,0.0649938,-1.6509,1.35709,-0.123114
-0.812253,-0.579843,-0.0634703,0.582989,-0.810579,-0.0555541,-0.019235,-0.0821264,0.996436,7.74472,4.74248,0.0636487,-1.64973,1.35077,-0.134886
-0.814632,-0.576281,-0.0653774,0.579624,-0.81288,-0.0571046,-0.0202357,-0.0844136,0.996225,7.7359,4.74946,0.0624958,-1.64884,1.34018,-0.140769
-0.817052,-0.572664,-0.0669478,0.57618,-0.815224,-0.0585359,-0.0210561,-0.0864009,0.996038,7.7271,4.75624,0.0614831,-1.64857,1.32587,-0.141916
-0.819511,-0.569,-0.0681173,0.572653,-0.817617,-0.0597649,-0.0216876,-0.0879855,0.995886,7.71836,4.76281,0.0605684,-1.64827,1.30918,-0.139666
-0.822003,-0.565303,-0.0688713,0.569052,-0.820056,-0.060724,-0.0221509,-0.0891067,0.995776,7.70971,4.76924,0.0597187,-1.64784,1.29227,-0.136322
-0.824512,-0.561595,-0.0692245,0.5654,-0.822527,-0.0614186,-0.0224467,-0.0897798,0.995709,7.70116,4.77556,0.0589062,-1.64746,1.27551,-0.132024
-0.827034,-0.557871,-0.0692407,0.561697,-0.825025,-0.0618831,-0.0226025,-0.0900717,0.995679,7.69271,4.78179,0.058118,-1.64664,1.26055,-0.127116
-0.829569,-0.554127,-0.0689885,0.557945,-0.827547,-0.0621569,-0.0226484,-0.0900552,0.995679,7.68435,4.78795,0.0573493,-1.64532,1.24663,-0.122067
-0.8321,-0.550376,-0.0685285,0.554166,-0.830072,-0.0623012,-0.0225944,-0.0898169,0.995702,7.67606,4.79406,0.0565956,-1.6441,1.23418,-0.11747
-0.834618,-0.546627,-0.0679136,0.550372,-0.832587,-0.062368,-0.0224519,-0.0894312,0.99574,7.66785,4.80012,0.0558561,-1.64236,1.22301,-0.113064
-0.83712,-0.542876,-0.0672009,0.546567,-0.835088,-0.0623963,-0.0222452,-0.0889629,0.995786,7.65969,4.80615,0.0551327,-1.64007,1.21282,-0.108806
-0.839596,-0.539134,-0.0664323,0.542767,-0.837559,-0.0624462,-0.021974,-0.0884868,0.995835,7.65158,4.81212,0.0544298,-1.63797,1.2035,-0.104347
-0.84204,-0.535409,-0.065621,0.538981,-0.839995,-0.0625085,-0.0216537,-0.0880031,0.995885,7.64349,4.81805,0.0537531,-1.63588,1.19402,-0.0996377
-0.844457,-0.531693,-0.0647694,0.535201,-0.842401,-0.0626143,-0.0212703,-0.0875398,0.995934,7.63544,4.82392,0.0531067,-1.63417,1.18491,-0.095243
-0.846843,-0.527993,-0.0638794,0.531435,-0.844774,-0.0627207,-0.0208476,-0.0870622,0.995985,7.6274,4.82973,0.0524967,-1.63257,1.17575,-0.0900677
-0.849191,-0.524322,-0.0629401,0.527693,-0.847109,-0.0628252,-0.0203765,-0.0865637,0.996038,7.61938,4.83548,0.051926,-1.63173,1.16625,-0.0843152
-0.851507,-0.520669,-0.0619673,0.523966,-0.849413,-0.0629079,-0.0198817,-0.0860353,0.996094,7.61137,4.84118,0.0514025,-1.63088,1.1564,-0.0765679
-0.853796,-0.517028,-0.0609411,0.520248,-0.851689,-0.0629828,-0.019339,-0.0854789,0.996152,7.60337,4.84682,0.0509343,-1.63044,1.14593,-0.0671495
-0.856053,-0.513411,-0.0598461,0.516548,-0.853934,-0.0630408,-0.0187387,-0.0848797,0.996215,7.59538,4.8524,0.0505283,-1.63063,1.13465,-0.0558286
-0.858292,-0.509796,-0.0586764,0.512844,-0.85616,-0.0631066,-0.0180648,-0.0842557,0.99628,7.58738,4.85792,0.0501917,-1.63121,1.12313,-0.043403
-0.860514,-0.50618,-0.0574221,0.509133,-0.858366,-0.0631836,-0.0173069,-0.0836058,0.996349,7.57939,4.86338,0.0499316,-1.6324,1.11102,-0.0290026
-0.862735,-0.502539,-0.0560565,0.505388,-0.860569,-0.0632713,-0.0164441,-0.0829167,0.996421,7.57139,4.86879,0.0497512,-1.63438,1.09888,-0.013087
-0.864955,-0.498872,-0.0545906,0.501612,-0.862764,-0.0634367,-0.015452,-0.0822531,0.996492,7.56339,4.87415,0.0496596,-1.63714,1.0866,0.00562075
-0.86717,-0.495181,-0.0530272,0.497806,-0.864947,-0.0636888,-0.0143282,-0.0816263,0.99656,7.55538,4.87945,0.0496656,-1.64068,1.0746,0.0257658
-0.86938,-0.491468,-0.0513664,0.493972,-0.867115,-0.0640576,-0.0130583,-0.0810639,0.996623,7.54737,4.88469,0.0497779,-1.64497,1.06274,0.0478396
-0.871589,-0.487719,-0.0496278,0.490099,-0.869274,-0.0645464,-0.0116597,-0.0805804,0.99668,7.53933,4.88988,0.0500057,-1.65076,1.05082,0.071672
-0.873793,-0.483947,-0.0477709,0.486194,-0.871417,-0.065177,-0.0100861,-0.0801771,0.99673,7.53128,4.895,0.0503614,-1.65728,1.03906,0.0980776
-0.875989,-0.480148,-0.0458387,0.482258,-0.873543,-0.065947,-0.00837774,-0.079875,0.99677,7.5232,4.90006,0.0508496,-1.66489,1.02709,0.125268
-0.878177,-0.476326,-0.0438025,0.478292,-0.875653,-0.0668511,-0.00651284,-0.0796574,0.996801,7.51509,4.90506,0.0514736,-1.67318,1.01607,0.153175
-0.880356,-0.472481,-0.0416605,0.474292,-0.877745,-0.0678981,-0.00448673,-0.0795338,0.996822,7.50694,4.90999,0.0522347,-1.6828,1.00567,0.181207
-0.882534,-0.468595,-0.0394083,0.470243,-0.879831,-0.0690511,-0.00231565,-0.0794714,0.996834,7.49876,4.91487,0.0531293,-1.69311,0.996855,0.208139
-0.884707,-0.464673,-0.0370435,0.466147,-0.881913,-0.070255,-2.34859e-05,-0.0794228,0.996841,7.49054,4.91969,0.0541442,-1.70423,0.989246,0.232226
-0.886887,-0.460691,-0.0345762,0.461981,-0.884007,-0.0714485,0.00235009,-0.0793403,0.996845,7.48228,4.92445,0.0552549,-1.7154,0.982941,0.250643
-0.889071,-0.45665,-0.0319878,0.457744,-0.886117,-0.0725738,0.0047959,-0.0791655,0.99685,7.47398,4.92915,0.0564356,-1.72564,0.976678,0.263974
-0.891253,-0.452558,-0.0293099,0.453448,-0.888242,-0.0735646,0.00725795,-0.0788552,0.99686,7.46566,4.9338,0.057643,-1.73391,0.970617,0.267945
-0.893442,-0.448391,-0.0265939,0.449075,-0.890399,-0.0743025,0.00963736,-0.0783276,0.996881,7.45697,4.93865,0.0589602,-1.74234,0.968947,0.258962
-0.895593,-0.444235,-0.0238386,0.444716,-0.89256,-0.0745895,0.0118579,-0.0774032,0.996929,7.44826,4.9435,0.0601619,-1.74277,0.969065,0.221723
-0.89769,-0.440122,-0.0210967,0.440406,-0.894698,-0.0745503,0.013936,-0.0762142,0.996994,7.43954,4.94834,0.0611504,-1.7438,0.969266,0.173696
-0.899754,-0.436011,-0.0183713,0.436105,-0.896812,-0.0744418,0.0159818,-0.0749911,0.997056,7.43081,4.9532,0.0618862,-1.74827,0.97249,0.120612
-0.901807,-0.431856,-0.0156425,0.431763,-0.89892,-0.0743187,0.0180336,-0.073775,0.997112,7.42206,4.95806,0.0623604,-1.75321,0.974337,0.0690459
-0.903855,-0.427647,-0.0128054,0.427363,-0.901032,-0.0741732,0.0201819,-0.0725143,0.997163,7.41328,4.96294,0.0625808,-1.75873,0.975601,0.0191249
-0.905904,-0.42337,-0.00977194,0.422885,-0.90316,-0.073954,0.0224843,-0.0711276,0.997214,7.40447,4.96782,0.0625571,-1.76554,0.975964,-0.0286167
-0.907954,-0.41902,-0.00643245,0.418325,-0.905319,-0.0734925,0.0249714,-0.0694187,0.997275,7.39562,4.9727,0.0622992,-1.7733,0.975111,-0.0745149
-0.909583,-0.415438,-0.00834305,0.414801,-0.906638,-0.0771177,0.0244735,-0.0736057,0.996987,7.38672,4.97766,0.0621615,-1.77647,0.969441,-0.107988
-0.911146,-0.411953,-0.010406,0.411398,-0.907882,-0.0806352,0.0237705,-0.0777515,0.996689,7.37764,4.9825,0.0620312,-1.78443,0.954892,-0.12267
-0.912668,-0.408511,-0.0125185,0.408062,-0.909094,-0.0838671,0.0228801,-0.0816511,0.996398,7.36842,4.9872,0.0619289,-1.79452,0.939147,-0.135887
-0.914164,-0.405078,-0.014697,0.404758,-0.910292,-0.08683,0.0217944,-0.0853256,0.996115,7.35912,4.99177,0.0618163,-1.80637,0.923697,-0.147666
-0.915642,-0.401634,-0.0170485,0.401474,-0.911472,-0.0896455,0.0204654,-0.0889276,0.995828,7.34917,4.99558,0.061381,-1.82478,0.901962,-0.168058
-0.917056,-0.398383,-0.0172841,0.39825,-0.912841,-0.0900955,0.0201149,-0.0895061,0.995783,7.33964,5,0.0620871,-1.83013,0.887967,-0.15308
-0.918475,-0.395096,-0.0173935,0.394985,-0.914246,-0.090222,0.0197444,-0.0897369,0.99577,7.33022,5.00444,0.062796,-1.83499,0.875789,-0.137902
-0.919904,-0.391755,-0.0174855,0.391667,-0.915669,-0.0902586,0.0193483,-0.0898777,0.995765,7.32088,5.00882,0.0633958,-1.83828,0.863699,-0.122032
-0.921331,-0.388382,-0.0175767,0.388318,-0.917095,-0.0902521,0.0189328,-0.0899774,0.995764,7.31162,5.01316,0.063897,-1.84151,0.851601,-0.10735
-0.922768,-0.384949,-0.0176967,0.384912,-0.918529,-0.0902645,0.0184923,-0.0901049,0.995761,7.30239,5.01743,0.0643202,-1.84537,0.839213,-0.0942844
-0.924205,-0.38148,-0.0178394,0.381471,-0.91996,-0.0902997,0.018036,-0.0902606,0.995755,7.2932,5.02165,0.0646819,-1.84986,0.827245,-0.0829447
-0.925642,-0.377971,-0.0180079,0.377991,-0.921382,-0.0904324,0.0175886,-0.0905149,0.99574,7.28402,5.02581,0.064993,-1.8553,0.815551,-0.0723292
-0.927073,-0.374438,-0.0182044,0.374489,-0.92279,-0.0906471,0.0171429,-0.0908538,0.995717,7.27486,5.02992,0.065266,-1.86134,0.804563,-0.0627849
-0.9285,-0.370875,-0.0184339,0.370956,-0.924183,-0.0909794,0.0167056,-0.0913126,0.995682,7.26566,5.03397,0.0655085,-1.86843,0.794505,-0.0552571
-0.929931,-0.36726,-0.0186448,0.367371,-0.925569,-0.0914334,0.0163228,-0.0918763,0.995637,7.25645,5.03796,0.0657231,-1.8765,0.785151,-0.0486731
-0.931365,-0.363601,-0.0188147,0.363736,-0.926948,-0.0919979,0.0160103,-0.0925272,0.995581,7.24721,5.04189,0.0659102,-1.88492,0.776712,-0.043514
-0.932806,-0.359881,-0.0189651,0.360036,-0.928326,-0.0926575,0.0157398,-0.0932595,0.995517,7.23793,5.04577,0.0660741,-1.89396,0.76882,-0.0392455
-0.93425,-0.356108,-0.0190709,0.35628,-0.929699,-0.0934067,0.0155326,-0.0940598,0.995445,7.22863,5.0496,0.0662123,-1.9018,0.76155,-0.0361857
-0.9357,-0.352277,-0.0191435,0.352462,-0.931072,-0.09421,0.015364,-0.0948996,0.995368,7.2193,5.05337,0.0663262,-1.9099,0.754531,-0.0342879
-0.937154,-0.348389,-0.0191697,0.348582,-0.932445,-0.0950621,0.0152438,-0.09577,0.995287,7.20995,5.0571,0.0664139,-1.91705,0.747346,-0.0329514
-0.938615,-0.344432,-0.0191841,0.344635,-0.933824,-0.0959118,0.0151205,-0.0966357,0.995205,7.20058,5.06077,0.066481,-1.92392,0.740283,-0.0317697
-0.940083,-0.340405,-0.0191779,0.340615,-0.935211,-0.0967539,0.0150001,-0.097489,0.995124,7.19119,5.06439,0.0665304,-1.93085,0.732637,-0.0307241
-0.941548,-0.336332,-0.0191645,0.33655,-0.936601,-0.0975332,0.0148541,-0.098282,0.995048,7.18178,5.06795,0.0665666,-1.93795,0.724244,-0.0295418
-0.943008,-0.332219,-0.019168,0.332449,-0.937994,-0.0982127,0.0146486,-0.0989877,0.994981,7.17234,5.07146,0.0665925,-1.94555,0.715739,-0.0281738
-0.944461,-0.328062,-0.0191963,0.328309,-0.939394,-0.0987544,0.0143646,-0.099572,0.994927,7.16286,5.0749,0.0666135,-1.95345,0.706794,-0.0266104
-0.945901,-0.323884,-0.019229,0.324152,-0.940799,-0.0991072,0.0140086,-0.0999787,0.994891,7.15334,5.0783,0.0666392,-1.96201,0.698014,-0.0230064
-0.947331,-0.319678,-0.019254,0.319969,-0.942216,-0.0992401,0.0135835,-0.100174,0.994877,7.14378,5.08163,0.0666789,-1.97119,0.689375,-0.0175619
-0.94875,-0.315441,-0.0192688,0.315758,-0.943649,-0.0991148,0.0130819,-0.100119,0.994889,7.13416,5.08491,0.0667419,-1.98135,0.681201,-0.0108473
-0.950158,-0.311174,-0.0192387,0.311517,-0.9451,-0.0987076,0.0125328,-0.099781,0.99493,7.12449,5.08816,0.0668325,-1.99253,0.673477,-0.00304968
-0.951553,-0.306887,-0.0191639,0.307252,-0.946564,-0.0980395,0.0119472,-0.099178,0.994998,7.11478,5.09137,0.0669548,-2.004,0.666251,0.00632505
-0.952928,-0.302597,-0.0190686,0.302986,-0.948033,-0.0971267,0.0113126,-0.0983322,0.995089,7.10503,5.09456,0.0671111,-2.0154,0.659369,0.0167997
-0.954285,-0.298295,-0.0189814,0.29871,-0.949505,-0.0959785,0.0106069,-0.0972608,0.995202,7.09523,5.09772,0.0673017,-2.02771,0.652709,0.0270956
-0.955616,-0.294007,-0.0189276,0.294452,-0.95097,-0.0946229,0.00982015,-0.0959964,0.995333,7.08539,5.10086,0.0675243,-2.04069,0.645978,0.0369369
-0.956919,-0.289738,-0.0189344,0.290218,-0.952421,-0.0930981,0.00894048,-0.0945824,0.995477,7.07549,5.10398,0.0677706,-2.05386,0.639875,0.0451427
-0.958188,-0.285505,-0.0190632,0.28603,-0.953844,-0.0914818,0.00793515,-0.0931094,0.995624,7.06556,5.10709,0.0680322,-2.06671,0.634211,0.0526435
-0.959408,-0.281356,-0.019345,0.281939,-0.955217,-0.0898437,0.00679942,-0.0916509,0.995768,7.0556,5.11019,0.0682973,-2.07842,0.628894,0.0573108
-0.96059,-0.277258,-0.0198944,0.277917,-0.956542,-0.0882588,0.00544061,-0.0903095,0.995899,7.0455,5.11319,0.0686078,-2.09054,0.622002,0.0561728
-0.961706,-0.273292,-0.0208008,0.274056,-0.957783,-0.0868599,0.00381544,-0.0892343,0.996003,7.03538,5.11616,0.0688575,-2.09957,0.615523,0.0434246
-0.962764,-0.269441,-0.0220791,0.270337,-0.958948,-0.0856544,0.00190612,-0.0884338,0.99608,7.02487,5.11923,0.0690119,-2.10633,0.611949,0.0183805
-0.963751,-0.265763,-0.0235384,0.266803,-0.960044,-0.0844527,-0.00015347,-0.0876715,0.996149,7.01435,5.12229,0.0689871,-2.10243,0.609931,-0.0283119
-0.96467,-0.262272,-0.0250191,0.263453,-0.961082,-0.0831461,-0.00223857,-0.0867999,0.996223,7.00384,5.12533,0.0687203,-2.09978,0.608429,-0.078404
-0.965531,-0.258944,-0.0264271,0.260254,-0.962084,-0.0816249,-0.00428879,-0.0856891,0.996313,6.99334,5.12837,0.0681981,-2.10072,0.607791,-0.130483
-0.966348,-0.25574,-0.0277157,0.257161,-0.963057,-0.0799306,-0.00625033,-0.0843682,0.996415,6.98283,5.13141,0.0674184,-2.10227,0.608819,-0.181391
-0.967133,-0.252623,-0.0289169,0.254144,-0.96399,-0.078315,-0.00809141,-0.08309,0.996509,6.97232,5.13447,0.0663897,-2.10451,0.611351,-0.230103
-0.967934,-0.249319,-0.0307217,0.250956,-0.965158,-0.0740988,-0.0111771,-0.0794326,0.996778,6.96177,5.13762,0.0652895,-2.10315,0.614819,-0.270437
-0.968701,-0.246076,-0.0326443,0.247818,-0.96628,-0.0699292,-0.0143356,-0.0758303,0.997018,6.95118,5.14084,0.064043,-2.10308,0.620617,-0.30119
-0.969427,-0.242921,-0.0346367,0.244754,-0.967344,-0.0658936,-0.0174986,-0.0723565,0.997225,6.94057,5.1441,0.0626474,-2.1033,0.626872,-0.330275
-0.970117,-0.239842,-0.0367267,0.24175,-0.968367,-0.0618312,-0.0207352,-0.0688621,0.997411,6.92986,5.14831,0.0607285,-2.10588,0.6433,-0.358492
-0.970889,-0.236486,-0.0380553,0.238525,-0.96907,-0.0633199,-0.021904,-0.0705538,0.997267,6.91918,5.15231,0.0597384,-2.09887,0.649666,-0.357454
-0.971629,-0.233225,-0.0392945,0.235401,-0.969708,-0.065219,-0.0228935,-0.0726186,0.997097,6.90843,5.15586,0.0589992,-2.09515,0.649919,-0.352393
-0.972335,-0.230078,-0.0403654,0.232384,-0.970308,-0.0670811,-0.023733,-0.0746055,0.996931,6.89765,5.15906,0.0583877,-2.09123,0.644345,-0.343132
-0.973014,-0.227038,-0.0411998,0.22945,-0.970898,-0.0686274,-0.0244198,-0.0762287,0.996791,6.88693,5.16202,0.0578306,-2.08711,0.635138,-0.331059
-0.973663,-0.224129,-0.0418017,0.226621,-0.971484,-0.0697193,-0.0249836,-0.0773562,0.99669,6.87629,5.16483,0.0572857,-2.08247,0.62435,-0.316385
-0.974282,-0.221349,-0.0421877,0.223892,-0.972074,-0.070311,-0.0254463,-0.0779482,0.996633,6.86575,5.16757,0.0567324,-2.07789,0.613178,-0.300549
-0.974866,-0.218724,-0.0423749,0.22129,-0.972663,-0.0704075,-0.0258167,-0.078015,0.996618,6.85531,5.17028,0.0561581,-2.07358,0.602368,-0.284092
-0.975416,-0.216249,-0.0424225,0.218816,-0.973246,-0.0700832,-0.0261321,-0.077643,0.996639,6.84496,5.17301,0.0555639,-2.06921,0.593167,-0.267411
-0.975932,-0.213923,-0.0423418,0.216473,-0.973814,-0.069464,-0.0263731,-0.076958,0.996685,6.83469,5.17575,0.05495,-2.06535,0.585692,-0.250649
-0.976417,-0.211732,-0.042192,0.214254,-0.97436,-0.0686816,-0.0265681,-0.0761017,0.996746,6.82448,5.17852,0.0543286,-2.06188,0.579584,-0.234382
-0.976872,-0.209669,-0.0419539,0.212155,-0.97488,-0.0678261,-0.026679,-0.0751581,0.996815,6.81434,5.18131,0.0537041,-2.05852,0.574959,-0.218763
-0.977294,-0.207753,-0.0416635,0.210197,-0.975363,-0.0669693,-0.026724,-0.0742062,0.996885,6.80424,5.1841,0.0530872,-2.05521,0.570834,-0.203573
-0.977691,-0.205942,-0.0413395,0.208345,-0.975815,-0.0661635,-0.0267139,-0.0733003,0.996952,6.79417,5.1869,0.0524894,-2.05251,0.567058,-0.188776
-0.978056,-0.204276,-0.0409695,0.206635,-0.976228,-0.0654354,-0.0266287,-0.0724652,0.997015,6.78414,5.18967,0.0519169,-2.0499,0.563057,-0.174504
-0.978398,-0.202709,-0.0405708,0.205026,-0.976609,-0.0647969,-0.0264869,-0.0717152,0.997073,6.77414,5.19242,0.0513749,-2.04708,0.55676,-0.160572
-0.978716,-0.20125,-0.0401607,0.203525,-0.976961,-0.0642315,-0.0263088,-0.0710381,0.997127,6.76416,5.19516,0.0508639,-2.0448,0.554536,-0.151687
-0.979008,-0.199911,-0.0397426,0.202145,-0.977278,-0.0637505,-0.0260952,-0.070446,0.997174,6.75421,5.19788,0.0503876,-2.04309,0.549998,-0.138997
-0.979276,-0.198676,-0.0393197,0.200873,-0.977568,-0.0633311,-0.0258553,-0.0699169,0.997218,6.74426,5.20056,0.0499505,-2.04168,0.545298,-0.12667
-0.979525,-0.197533,-0.0388811,0.199691,-0.977835,-0.0629443,-0.0255857,-0.0694197,0.997259,6.73433,5.20321,0.0495527,-2.04076,0.540476,-0.114652
-0.979752,-0.196493,-0.038427,0.198612,-0.978079,-0.0625712,-0.0252898,-0.0689363,0.9973,6.72441,5.20583,0.0491953,-2.04061,0.53588,-0.102703
-0.979961,-0.195536,-0.0379747,0.197616,-0.978304,-0.0622096,-0.0249866,-0.0684674,0.99734,6.71448,5.20842,0.048882,-2.04119,0.531365,-0.090448
-0.980154,-0.194657,-0.0375059,0.196698,-0.978511,-0.0618576,-0.0246589,-0.0680073,0.99738,6.70454,5.211,0.0486183,-2.04231,0.526661,-0.0769632
-0.980331,-0.193862,-0.0370035,0.195863,-0.978697,-0.0615599,-0.0242811,-0.0675967,0.997417,6.6946,5.21357,0.0484114,-2.04437,0.521447,-0.0617547
-0.980495,-0.193132,-0.0364636,0.195092,-0.978866,-0.0613299,-0.0238482,-0.0672474,0.997451,6.68465,5.21611,0.0482726,-2.04643,0.516104,-0.0442831
-0.980647,-0.192466,-0.0358781,0.194384,-0.979016,-0.0611813,-0.0233499,-0.0669714,0.997482,6.6747,5.21863,0.0482111,-2.04964,0.510853,-0.025365
-0.980791,-0.191848,-0.0352727,0.193725,-0.979151,-0.0611006,-0.0228153,-0.0667601,0.997508,6.66473,5.22113,0.0482331,-2.05346,0.505648,-0.00511921
-0.980921,-0.191295,-0.0346456,0.193131,-0.97927,-0.0610831,-0.0222424,-0.0666088,0.997531,6.65476,5.2236,0.048342,-2.05843,0.500334,0.0156342
-0.981044,-0.190773,-0.0340242,0.19257,-0.979376,-0.0611573,-0.0216553,-0.06655,0.997548,6.64476,5.22603,0.0485428,-2.06395,0.49509,0.036353
-0.981159,-0.190293,-0.0333928,0.19205,-0.979472,-0.0612466,-0.0210525,-0.0665057,0.997564,6.63475,5.22843,0.0488415,-2.06967,0.489666,0.0579666
-0.981268,-0.189836,-0.0327946,0.191557,-0.979563,-0.0613439,-0.0204791,-0.0664768,0.997578,6.62471,5.23081,0.0492384,-2.07583,0.484294,0.0799316
-0.981372,-0.189394,-0.0322275,0.191079,-0.979649,-0.0614525,-0.0199329,-0.0664658,0.99759,6.61466,5.23314,0.0497378,-2.08262,0.478864,0.10233
-0.981472,-0.188964,-0.031715,0.190618,-0.979733,-0.0615451,-0.0194424,-0.0664502,0.9976,6.60458,5.23545,0.0503393,-2.09086,0.473799,0.124287
-0.981571,-0.188519,-0.0312825,0.190146,-0.979822,-0.0615927,-0.0190398,-0.0664059,0.997611,6.59445,5.23774,0.0510497,-2.10009,0.469284,0.145292
-0.981672,-0.18805,-0.0309407,0.189655,-0.979915,-0.0616155,-0.0187325,-0.0663543,0.99762,6.58427,5.24,0.0518434,-2.11025,0.465072,0.163705
-0.981774,-0.187552,-0.0307104,0.189143,-0.980016,-0.0615928,-0.0185449,-0.0662789,0.997629,6.57404,5.24225,0.0527067,-2.1217,0.461588,0.179579
-0.98189,-0.186966,-0.0305842,0.188548,-0.980136,-0.06151,-0.0184764,-0.0661627,0.997638,6.56377,5.24448,0.0536085,-2.13177,0.458917,0.190344
-0.982013,-0.186324,-0.0305614,0.187903,-0.980268,-0.0613755,-0.0185226,-0.0660141,0.997647,6.55347,5.2467,0.0544999,-2.13977,0.456173,0.191898
-0.98215,-0.185589,-0.0306331,0.187172,-0.980415,-0.0612573,-0.0186645,-0.0658975,0.997652,6.54277,5.24897,0.0553877,-2.14292,0.452368,0.163265
-0.982286,-0.18485,-0.0307239,0.186436,-0.980567,-0.0610664,-0.0188388,-0.0657128,0.997661,6.53205,5.25123,0.0560974,-2.14477,0.45132,0.120597
-0.982427,-0.184092,-0.030791,0.18568,-0.980724,-0.0608614,-0.0189934,-0.0655092,0.997671,6.52132,5.25349,0.0565674,-2.14657,0.450503,0.0674352
-0.982575,-0.183301,-0.0307804,0.184885,-0.980888,-0.0606262,-0.0190794,-0.0652606,0.997686,6.51058,5.25573,0.0567701,-2.14905,0.448912,0.0136174
-0.982736,-0.182457,-0.0306585,0.184029,-0.981069,-0.0603102,-0.0190741,-0.0649111,0.997709,6.49983,5.25798,0.056707,-2.15152,0.447577,-0.0388333
-0.98291,-0.181555,-0.0304154,0.183105,-0.981265,-0.0599255,-0.0189658,-0.0644706,0.997739,6.48906,5.26021,0.056388,-2.1547,0.445875,-0.0887847
-0.983096,-0.180616,-0.0300157,0.182134,-0.981474,-0.0594598,-0.0187203,-0.0639216,0.997779,6.47828,5.26243,0.0558291,-2.15663,0.443369,-0.134757
-0.983288,-0.179659,-0.0294567,0.181131,-0.981696,-0.0588586,-0.018343,-0.0632105,0.997832,6.4675,5.26464,0.0550452,-2.15823,0.441217,-0.17881
-0.983492,-0.178929,-0.0269913,0.180191,-0.98207,-0.0554098,-0.0165929,-0.0593587,0.998099,6.45698,5.26734,0.0537403,-2.14948,0.447315,-0.205586
-0.983546,-0.178644,-0.026904,0.179896,-0.982143,-0.0550679,-0.0165861,-0.0590017,0.99812,6.44623,5.27014,0.0534563,-2.1378,0.447969,-0.196159
-0.983591,-0.178414,-0.0267717,0.179651,-0.982212,-0.0546393,-0.0165471,-0.0585523,0.998147,6.43529,5.27262,0.0535249,-2.12933,0.444828,-0.183936
-0.983627,-0.178242,-0.0265922,0.17946,-0.982276,-0.0541187,-0.0164746,-0.0580048,0.99818,6.4243,5.27484,0.0537347,-2.12352,0.439373,-0.171409
-0.983657,-0.178107,-0.0263872,0.179304,-0.982336,-0.0535278,-0.0163874,-0.0573844,0.998218,6.41336,5.27694,0.0539721,-2.11823,0.432782,-0.159281
-0.983681,-0.178014,-0.0261432,0.179187,-0.982392,-0.0528949,-0.0162668,-0.0567162,0.998258,6.40253,5.27899,0.0541767,-2.11228,0.426665,-0.147214
-0.9837,-0.177941,-0.025899,0.179089,-0.982443,-0.0522688,-0.0161435,-0.056055,0.998297,6.3918,5.28102,0.0543382,-2.10554,0.420815,-0.13411
-0.983714,-0.177898,-0.0256563,0.179025,-0.982484,-0.0517316,-0.016004,-0.0554822,0.998331,6.38119,5.28305,0.0544601,-2.0979,0.415374,-0.121064
-0.983723,-0.17788,-0.0254384,0.178988,-0.982513,-0.0513019,-0.015868,-0.05502,0.998359,6.37066,5.28508,0.0545597,-2.09063,0.410341,-0.107721
-0.983728,-0.177884,-0.0252324,0.178976,-0.982529,-0.0510298,-0.0157142,-0.0547155,0.998378,6.36021,5.28708,0.0546486,-2.08336,0.405367,-0.0943603
-0.983728,-0.177911,-0.0250553,0.178991,-0.982533,-0.0508936,-0.0155631,-0.0545501,0.99839,6.34984,5.28906,0.0547415,-2.07612,0.400413,-0.0804201
-0.983721,-0.177966,-0.0249056,0.179038,-0.982525,-0.0508913,-0.0154134,-0.054522,0.998394,6.33954,5.29101,0.0548458,-2.06952,0.395676,-0.0671919
-0.983714,-0.178028,-0.0247557,0.179093,-0.98251,-0.0509855,-0.0152459,-0.0545888,0.998393,6.32929,5.29292,0.0549625,-2.06373,0.391062,-0.0553501
-0.983705,-0.178096,-0.0246346,0.179157,-0.982491,-0.0511378,-0.0150958,-0.0547179,0.998388,6.31908,5.2948,0.0550967,-2.05914,0.387003,-0.0445911
-0.983696,-0.178161,-0.0245109,0.179217,-0.98247,-0.0513254,-0.0149371,-0.0548813,0.998381,6.3089,5.29666,0.0552457,-2.05518,0.38303,-0.0348722
-0.98369,-0.178212,-0.0243616,0.179264,-0.98245,-0.0515345,-0.01475,-0.0550612,0.998374,6.29874,5.29849,0.0554071,-2.05204,0.379659,-0.0261316
-0.983687,-0.178257,-0.0241662,0.1793,-0.982435,-0.0517087,-0.0145242,-0.0551982,0.99837,6.28862,5.3003,0.0555788,-2.04866,0.376569,-0.0183636
-0.983691,-0.178265,-0.023942,0.179298,-0.982427,-0.0518659,-0.0142753,-0.0553128,0.998367,6.27853,5.30208,0.0557643,-2.04576,0.373662,-0.010893
-0.983697,-0.178268,-0.0236847,0.179289,-0.982423,-0.0519614,-0.0140054,-0.0553607,0.998368,6.26846,5.30385,0.0559665,-2.04234,0.371525,-0.00308652
-0.983705,-0.178262,-0.023374,0.179265,-0.982426,-0.0519957,-0.0136944,-0.0553386,0.998374,6.25842,5.30563,0.0561842,-2.03916,0.370684,0.00517437
-0.983719,-0.178232,-0.0230402,0.179217,-0.982435,-0.0519946,-0.0133684,-0.0552772,0.998382,6.2484,5.30743,0.0564191,-2.03567,0.370196,0.0137181
-0.983737,-0.17818,-0.0226749,0.179145,-0.982448,-0.0519877,-0.0130138,-0.0552043,0.99839,6.23842,5.30924,0.0566722,-2.03248,0.370558,0.0225137
-0.983757,-0.178116,-0.0222781,0.17906,-0.982462,-0.0520161,-0.0126225,-0.0551603,0.998398,6.22846,5.31105,0.0569472,-2.02989,0.37098,0.0310368
-0.98378,-0.178041,-0.0218708,0.178962,-0.982479,-0.0520381,-0.0122227,-0.0551081,0.998406,6.21853,5.31286,0.0572484,-2.02818,0.371382,0.0390713
-0.983803,-0.177959,-0.0214781,0.17886,-0.982496,-0.0520666,-0.0118364,-0.0550649,0.998413,6.2086,5.31466,0.0575852,-2.02724,0.371249,0.0484359
-0.983823,-0.177897,-0.0210932,0.178776,-0.982512,-0.0520571,-0.0114635,-0.0549859,0.998421,6.19867,5.31645,0.0579675,-2.02706,0.371023,0.059404
-0.983842,-0.177835,-0.0207293,0.178693,-0.982529,-0.052009,-0.0111182,-0.0548728,0.998431,6.18875,5.31823,0.0584061,-2.028,0.370254,0.0721642
-0.983859,-0.177782,-0.0203778,0.17862,-0.982551,-0.0518545,-0.0108034,-0.0546574,0.998447,6.17883,5.31998,0.058909,-2.0302,0.369461,0.0858858
-0.983871,-0.177754,-0.0200372,0.17857,-0.982575,-0.0515648,-0.0105222,-0.0543111,0.998469,6.1689,5.32173,0.0594831,-2.03326,0.36794,0.101572
-0.98388,-0.177743,-0.0196991,0.178536,-0.982605,-0.0511162,-0.0102709,-0.0538092,0.998498,6.15896,5.32345,0.0601351,-2.03759,0.36644,0.117983
-0.983886,-0.177744,-0.0193537,0.178512,-0.982643,-0.0504673,-0.0100475,-0.0531089,0.998538,6.149,5.32515,0.0608663,-2.04325,0.364907,0.135024
-0.983893,-0.177745,-0.0190083,0.178486,-0.98269,-0.0496202,-0.00985951,-0.0522137,0.998587,6.13902,5.32687,0.0616726,-2.05035,0.363351,0.152572
-0.983893,-0.177778,-0.0186749,0.178492,-0.982739,-0.0486353,-0.00970628,-0.0511853,0.998642,6.12901,5.32859,0.0625469,-2.05871,0.362759,0.169466
-0.983887,-0.177849,-0.0183598,0.178537,-0.982783,-0.047553,-0.00958649,-0.0500646,0.9987,6.11896,5.33034,0.0634777,-2.06821,0.36233,0.185175
-0.983873,-0.177955,-0.0180701,0.178618,-0.98282,-0.0464865,-0.00948718,-0.0489644,0.998755,6.10889,5.33211,0.0644505,-2.07817,0.362476,0.198334
-0.983847,-0.178118,-0.0178426,0.178761,-0.98284,-0.0455026,-0.00943162,-0.0479571,0.998805,6.0988,5.33391,0.0654361,-2.08756,0.362708,0.207108
-0.983811,-0.17833,-0.0177127,0.178958,-0.982843,-0.0446532,-0.00944583,-0.0471002,0.998846,6.08853,5.33573,0.066419,-2.09479,0.363412,0.198398
-0.983773,-0.17854,-0.0177243,0.179163,-0.982835,-0.044012,-0.00956212,-0.0464734,0.998874,6.07804,5.33754,0.0673343,-2.09869,0.362455,0.167723
-0.983733,-0.178752,-0.0177994,0.179374,-0.982817,-0.0435331,-0.00971192,-0.0460177,0.998893,6.06755,5.33935,0.0680509,-2.09892,0.361757,0.118933
-0.983693,-0.178969,-0.0178541,0.179589,-0.982798,-0.0430833,-0.00983634,-0.0455871,0.998912,6.05705,5.34116,0.0685172,-2.10191,0.361214,0.0675792
-0.983652,-0.179203,-0.017766,0.179813,-0.982778,-0.0425921,-0.00982736,-0.0450903,0.998935,6.04652,5.34297,0.0687242,-2.10815,0.3624,0.0152117
-0.983603,-0.179497,-0.0174948,0.18009,-0.982751,-0.0420563,-0.00964407,-0.0445173,0.998962,6.03596,5.34479,0.068672,-2.11598,0.365036,-0.0360943
-0.983547,-0.179853,-0.0169879,0.180418,-0.982711,-0.0415772,-0.00921636,-0.0439581,0.998991,6.02536,5.34662,0.0683691,-2.12432,0.368738,-0.0850566
-0.983476,-0.180306,-0.0162503,0.180836,-0.982647,-0.0412817,-0.00852492,-0.0435382,0.999015,6.01472,5.34847,0.0678251,-2.13215,0.37295,-0.132525
-0.983455,-0.180379,-0.0167145,0.180887,-0.982816,-0.0367894,-0.00979123,-0.0392042,0.999183,6.00412,5.35036,0.0677167,-2.03395,0.428373,0.204102
-0.983431,-0.180463,-0.0172153,0.180944,-0.982958,-0.0324449,-0.0110668,-0.0350223,0.999325,5.99347,5.35223,0.0677376,-2.03915,0.433413,0.161779
-0.9834,-0.180575,-0.0178308,0.181027,-0.983073,-0.028241,-0.0124293,-0.0310001,0.999442,5.98262,5.35429,0.0674731,-2.04541,0.440783,0.121741
-0.983365,-0.180686,-0.0185915,0.181106,-0.983167,-0.0241702,-0.0139113,-0.0271352,0.999535,5.9717,5.35649,0.0669939,-2.05151,0.449509,0.0837336
-0.983323,-0.180814,-0.0195633,0.1812,-0.98324,-0.0201589,-0.0155904,-0.0233675,0.999605,5.96064,5.35972,0.0658317,-2.05819,0.46918,0.0456413
-0.983342,-0.180668,-0.0199445,0.181066,-0.98326,-0.0203584,-0.0159325,-0.0236306,0.999594,5.94944,5.36239,0.064692,-2.05801,0.477038,0.0247106
-0.983359,-0.180516,-0.0204522,0.180936,-0.98327,-0.0210201,-0.0163156,-0.0243709,0.99957,5.93817,5.36482,0.0637994,-2.05862,0.480732,0.010902
-0.983373,-0.180375,-0.0210196,0.180824,-0.983271,-0.0219219,-0.0167139,-0.0253582,0.999539,5.92693,5.36705,0.0631195,-2.059,0.480834,0.00259656
-0.983387,-0.18023,-0.0215996,0.18071,-0.983272,-0.0228264,-0.0171242,-0.0263505,0.999506,5.91578,5.36913,0.062606,-2.05936,0.478248,-0.00254068
-0.983397,-0.180111,-0.0221403,0.180619,-0.98327,-0.0235887,-0.0175213,-0.027196,0.999477,5.90472,5.37108,0.0622124,-2.05941,0.473753,-0.00517125
-0.983408,-0.18,-0.0225755,0.180528,-0.983275,-0.0240805,-0.0178634,-0.0277565,0.999455,5.89378,5.37297,0.0618958,-2.05957,0.468762,-0.0066567
-0.983417,-0.179904,-0.0229101,0.180445,-0.983286,-0.0242666,-0.0181615,-0.0279982,0.999443,5.88296,5.37484,0.0616286,-2.0594,0.463708,-0.00667645
-0.983424,-0.179837,-0.0231377,0.180383,-0.9833,-0.0241527,-0.0184077,-0.027926,0.99944,5.87225,5.37673,0.0613854,-2.05932,0.459948,-0.00663929
-0.983431,-0.179784,-0.0232847,0.180327,-0.983318,-0.0238191,-0.018614,-0.0276233,0.999445,5.86163,5.37866,0.0611533,-2.05891,0.456616,-0.00641661
-0.983432,-0.179767,-0.0233613,0.180303,-0.983335,-0.0233203,-0.0187797,-0.0271461,0.999455,5.8511,5.38065,0.0609245,-2.05842,0.454509,-0.0060389
-0.983428,-0.179785,-0.0233763,0.180311,-0.983346,-0.0227543,-0.0188961,-0.0265922,0.999468,5.84063,5.38267,0.0606956,-2.05796,0.453712,-0.00548847
-0.98342,-0.179832,-0.0233587,0.180346,-0.983354,-0.0221545,-0.0189857,-0.0259999,0.999482,5.83023,5.38474,0.060467,-2.05772,0.453763,-0.00500745
-0.983405,-0.179916,-0.0233393,0.180419,-0.983353,-0.0215684,-0.0190702,-0.0254213,0.999495,5.81989,5.38684,0.0602404,-2.0576,0.454501,-0.00511812
-0.983384,-0.180037,-0.0233064,0.180528,-0.983345,-0.0210086,-0.0191359,-0.024867,0.999508,5.80959,5.38896,0.0600151,-2.05785,0.455295,-0.00570322
-0.983352,-0.18021,-0.0232963,0.18069,-0.983327,-0.020488,-0.0192157,-0.0243564,0.999519,5.79932,5.39108,0.0597958,-2.05778,0.456326,-0.00686703
-0.983314,-0.180417,-0.0232899,0.180888,-0.983301,-0.0199757,-0.019297,-0.0238553,0.999529,5.78909,5.39321,0.0595839,-2.05746,0.456952,-0.00810031
-0.983267,-0.180674,-0.0233051,0.181135,-0.983266,-0.0194677,-0.0193978,-0.0233634,0.999539,5.77888,5.39534,0.0593833,-2.05745,0.457112,-0.00884799
-0.983212,-0.180973,-0.0233189,0.181424,-0.983222,-0.0189458,-0.019499,-0.0228584,0.999549,5.76868,5.39748,0.0591963,-2.0576,0.457091,-0.00907217
-0.983153,-0.181294,-0.0233037,0.181735,-0.983175,-0.0184128,-0.0195735,-0.0223377,0.999559,5.7585,5.39963,0.0590241,-2.05793,0.456926,-0.00787682
-0.983088,-0.18165,-0.0232825,0.18208,-0.983121,-0.0178772,-0.0196421,-0.0218142,0.999569,5.74832,5.40178,0.0588706,-2.05874,0.456898,-0.00545895
-0.983018,-0.182034,-0.0232253,0.182452,-0.983061,-0.0173705,-0.0196699,-0.021313,0.999579,5.73816,5.40396,0.0587373,-2.06004,0.456974,-0.00192065
-0.98295,-0.182413,-0.0231204,0.182821,-0.983,-0.016948,-0.0196358,-0.0208859,0.999589,5.728,5.40614,0.0586306,-2.0624,0.457125,0.00274011
-0.982884,-0.182784,-0.0229969,0.183182,-0.982939,-0.0165801,-0.019574,-0.0205089,0.999598,5.71784,5.40833,0.0585553,-2.06526,0.457343,0.00810285
-0.982821,-0.183141,-0.0228391,0.18353,-0.982879,-0.0162807,-0.0194664,-0.0201927,0.999607,5.70769,5.41051,0.0585181,-2.06772,0.456983,0.0151136
-0.982762,-0.183479,-0.0226648,0.18386,-0.982822,-0.0160318,-0.019334,-0.0199226,0.999615,5.69754,5.41269,0.0585263,-2.07113,0.457043,0.0229907
-0.982705,-0.183805,-0.0224972,0.184178,-0.982765,-0.0158287,-0.0192,-0.0196985,0.999622,5.6874,5.41487,0.0585852,-2.0741,0.457098,0.0321626
-0.98265,-0.184119,-0.0223479,0.184486,-0.982711,-0.0156452,-0.0190809,-0.0194967,0.999628,5.67726,5.41706,0.0586968,-2.07689,0.456589,0.0424974
-0.9826,-0.184397,-0.0222245,0.18476,-0.982661,-0.0155395,-0.0189737,-0.0193753,0.999632,5.66712,5.41926,0.0588662,-2.07976,0.455867,0.0541206
-0.982556,-0.184645,-0.0221355,0.185005,-0.982615,-0.0155238,-0.0188843,-0.0193482,0.999634,5.65698,5.42145,0.0591035,-2.08307,0.455077,0.0677381
-0.982518,-0.184852,-0.0221048,0.185213,-0.982575,-0.0155776,-0.01884,-0.0193994,0.999634,5.64683,5.42364,0.0594171,-2.08712,0.454732,0.0825837
-0.982485,-0.185025,-0.0221331,0.185389,-0.98254,-0.0156863,-0.0188443,-0.0195148,0.999632,5.63668,5.42584,0.059815,-2.09244,0.454595,0.0990105
-0.982462,-0.185134,-0.022241,0.185503,-0.982516,-0.0158535,-0.0189171,-0.0197012,0.999627,5.6265,5.42802,0.0603018,-2.09959,0.454481,0.116134
-0.982448,-0.185185,-0.0224218,0.185561,-0.982502,-0.0160402,-0.0190591,-0.0199193,0.99962,5.6163,5.43019,0.0608747,-2.1077,0.454424,0.133048
-0.982446,-0.185166,-0.0226732,0.185551,-0.982501,-0.0162113,-0.0192746,-0.0201338,0.999611,5.60606,5.43235,0.0615193,-2.11685,0.454805,0.146729
-0.982455,-0.185075,-0.0230018,0.185468,-0.982515,-0.0163318,-0.019577,-0.0203113,0.999602,5.59578,5.43449,0.0622132,-2.12702,0.454686,0.156529
-0.982484,-0.184877,-0.0233762,0.185279,-0.98255,-0.0163487,-0.0199458,-0.0203935,0.999593,5.58546,5.43662,0.0629164,-2.13683,0.454279,0.157879
-0.982529,-0.184586,-0.0237806,0.184993,-0.982605,-0.0162445,-0.0203685,-0.0203599,0.999585,5.57485,5.43882,0.0636373,-2.14726,0.453988,0.14969
-0.982585,-0.184239,-0.0241323,0.184651,-0.982672,-0.0160971,-0.0207484,-0.0202728,0.999579,5.5641,5.44109,0.0643127,-2.15392,0.452581,0.120466
-0.982642,-0.183899,-0.0243912,0.184313,-0.982738,-0.0159377,-0.0210392,-0.0201566,0.999575,5.55332,5.44335,0.0647977,-2.15648,0.45105,0.0735314
-0.982699,-0.183575,-0.0245637,0.183989,-0.982802,-0.0157883,-0.021243,-0.0200345,0.999574,5.54253,5.4456,0.0650337,-2.15963,0.450546,0.0208724
-0.982761,-0.183233,-0.0246361,0.183646,-0.982867,-0.0156741,-0.021342,-0.0199282,0.999574,5.53172,5.44785,0.065006,-2.16296,0.450107,-0.0319647
-0.982834,-0.182843,-0.0246055,0.183253,-0.982943,-0.0155622,-0.0213404,-0.0198041,0.999576,5.5209,5.4501,0.0647174,-2.16542,0.448519,-0.0834645
-0.982925,-0.182376,-0.0244524,0.182779,-0.983033,-0.0154022,-0.0212285,-0.0196086,0.999582,5.51007,5.45234,0.064176,-2.1684,0.44668,-0.133078
-0.983029,-0.181852,-0.024168,0.182244,-0.983137,-0.0151419,-0.0210069,-0.0192894,0.999593,5.49922,5.45456,0.0633931,-2.17007,0.444656,-0.180088
-0.983145,-0.181504,-0.0219627,0.181792,-0.983265,-0.0119141,-0.0194327,-0.015706,0.999688,5.48871,5.45725,0.0619497,-2.15915,0.450066,-0.213199
-0.983124,-0.18159,-0.0221803,0.181877,-0.983252,-0.0117021,-0.0196838,-0.0155387,0.999685,5.47793,5.45997,0.0614,-2.1471,0.451253,-0.211848
-0.983104,-0.181687,-0.0222776,0.181966,-0.983241,-0.0112283,-0.0198642,-0.0150924,0.999689,5.46696,5.46237,0.0612123,-2.13785,0.44954,-0.207294
-0.983082,-0.181805,-0.0222867,0.182073,-0.983228,-0.010612,-0.0199836,-0.0144903,0.999695,5.45594,5.46455,0.061178,-2.13038,0.446001,-0.19955
-0.98306,-0.181933,-0.0222194,0.182187,-0.983214,-0.00995887,-0.0200346,-0.0138382,0.999704,5.44499,5.46664,0.0611693,-2.12338,0.442397,-0.19058
-0.98304,-0.182052,-0.0221304,0.182293,-0.9832,-0.00936368,-0.0200539,-0.0132391,0.999711,5.43413,5.46873,0.0611332,-2.11549,0.439518,-0.18007
-0.98302,-0.182169,-0.0220262,0.182399,-0.983184,-0.00890849,-0.020033,-0.0127748,0.999718,5.42339,5.47083,0.0610576,-2.10705,0.437158,-0.168512
-0.983002,-0.182284,-0.0219077,0.182507,-0.983167,-0.00864179,-0.0199637,-0.0124932,0.999723,5.41276,5.47293,0.0609523,-2.09784,0.43476,-0.155875
-0.982983,-0.182399,-0.0218035,0.182619,-0.983146,-0.00856383,-0.019874,-0.0123998,0.999726,5.40222,5.47503,0.0608307,-2.08912,0.432504,-0.143672
-0.982964,-0.182513,-0.0216849,0.182734,-0.983124,-0.00867626,-0.0197355,-0.012491,0.999727,5.39179,5.47712,0.0607009,-2.08122,0.430256,-0.131581
-0.982943,-0.182638,-0.0215891,0.182864,-0.983097,-0.00896873,-0.0195862,-0.0127636,0.999727,5.38143,5.47918,0.0605781,-2.07353,0.42772,-0.119542
-0.982917,-0.182792,-0.0215002,0.183024,-0.983063,-0.00939939,-0.0194179,-0.0131739,0.999725,5.37113,5.48121,0.0604713,-2.06691,0.4248,-0.107599
-0.982883,-0.182981,-0.0214348,0.183224,-0.983021,-0.00991932,-0.0192558,-0.0136769,0.999721,5.3609,5.48321,0.0603843,-2.06095,0.42142,-0.0965895
-0.982848,-0.183172,-0.021377,0.183424,-0.982978,-0.0104749,-0.0190944,-0.0142163,0.999717,5.3507,5.48518,0.0603123,-2.056,0.417834,-0.0876829
-0.982809,-0.183391,-0.0213172,0.183653,-0.982929,-0.0110437,-0.0189279,-0.0147688,0.999712,5.34054,5.48712,0.0602515,-2.052,0.414645,-0.0797154
-0.98277,-0.183607,-0.0212385,0.183878,-0.982881,-0.0115875,-0.0187474,-0.0152932,0.999707,5.33041,5.48904,0.0601974,-2.04911,0.41209,-0.0729315
-0.982734,-0.18381,-0.0211427,0.184089,-0.982835,-0.0121043,-0.0185549,-0.0157874,0.999703,5.3203,5.49097,0.0601468,-2.04649,0.410209,-0.0669106
-0.9827,-0.184009,-0.0210029,0.184295,-0.98279,-0.0125976,-0.0183234,-0.0162504,0.9997,5.31022,5.49289,0.0601012,-2.0438,0.409104,-0.0606807
-0.982672,-0.18418,-0.0208245,0.184472,-0.982751,-0.0130536,-0.0180611,-0.0166689,0.999698,5.30016,5.49481,0.0600629,-2.04082,0.408947,-0.0546155
-0.982649,-0.184326,-0.0205977,0.184622,-0.982717,-0.0134884,-0.0177555,-0.0170571,0.999697,5.29014,5.49675,0.0600354,-2.03733,0.409622,-0.0477074
-0.982632,-0.184445,-0.0203437,0.184744,-0.982688,-0.0139187,-0.0174243,-0.0174354,0.999696,5.28014,5.49871,0.0600242,-2.0336,0.410929,-0.0399199
-0.982622,-0.184528,-0.0200669,0.184829,-0.982666,-0.014365,-0.0170683,-0.0178243,0.999695,5.27016,5.50067,0.0600364,-2.0304,0.412771,-0.0314971
-0.982619,-0.18458,-0.0197572,0.184883,-0.982649,-0.0148096,-0.0166808,-0.0182049,0.999695,5.26021,5.50265,0.0600768,-2.02742,0.414556,-0.0227588
-0.982618,-0.184621,-0.0194267,0.184925,-0.982635,-0.0152378,-0.0162761,-0.0185654,0.999695,5.25027,5.50464,0.0601493,-2.02567,0.416364,-0.0136004
-0.98262,-0.184644,-0.019073,0.184948,-0.982624,-0.0156208,-0.0158573,-0.0188769,0.999696,5.24035,5.50662,0.0602624,-2.02505,0.417755,-0.00361161
-0.982623,-0.184667,-0.0187062,0.184969,-0.982615,-0.0159259,-0.01544,-0.0191093,0.999698,5.23044,5.5086,0.0604277,-2.02539,0.419103,0.00870134
-0.982623,-0.184705,-0.0183556,0.185003,-0.982605,-0.0161451,-0.0150543,-0.0192604,0.999701,5.22053,5.51058,0.0606532,-2.02677,0.419587,0.0219209
-0.98262,-0.184755,-0.0180025,0.185048,-0.982595,-0.0162428,-0.0146882,-0.0192918,0.999706,5.21063,5.51255,0.0609497,-2.02934,0.420033,0.0369973
-0.982614,-0.184818,-0.017675,0.185104,-0.982586,-0.0161893,-0.0143751,-0.0191795,0.999713,5.20072,5.51451,0.0613226,-2.03347,0.420548,0.0534578
-0.982602,-0.184909,-0.0173722,0.185186,-0.982574,-0.0159736,-0.0141158,-0.0189128,0.999721,5.19079,5.51648,0.0617789,-2.03849,0.421291,0.0716962
-0.982588,-0.185013,-0.0170771,0.185279,-0.982562,-0.0155906,-0.0138948,-0.0184831,0.999733,5.18084,5.51844,0.0623243,-2.04447,0.422147,0.0907063
-0.982569,-0.185138,-0.0167939,0.185391,-0.98255,-0.0150114,-0.0137217,-0.0178632,0.999746,5.17086,5.52041,0.062955,-2.05197,0.423023,0.109933
-0.982551,-0.185259,-0.0165061,0.185496,-0.982541,-0.0142722,-0.0135739,-0.017085,0.999762,5.16087,5.52239,0.0636659,-2.06026,0.423839,0.128429
-0.982529,-0.185397,-0.016254,0.185619,-0.98253,-0.013418,-0.0134824,-0.0162006,0.999778,5.15084,5.52441,0.0644549,-2.06919,0.425017,0.145212
-0.982498,-0.185582,-0.0160525,0.185789,-0.98251,-0.0125413,-0.0134443,-0.0153042,0.999792,5.14078,5.52646,0.0653046,-2.08248,0.429453,0.171476
-0.982455,-0.185817,-0.0159303,0.186011,-0.982478,-0.0116965,-0.0134778,-0.0144545,0.999805,5.13071,5.52854,0.0661862,-2.09158,0.430651,0.182271
-0.982403,-0.186091,-0.0159249,0.186275,-0.982437,-0.0109585,-0.0136059,-0.0137321,0.999813,5.12043,5.53067,0.0670934,-2.10303,0.435136,0.190211
-0.982346,-0.186379,-0.0161187,0.186558,-0.982389,-0.0104306,-0.0138908,-0.0132536,0.999816,5.10991,5.53285,0.0679643,-2.10562,0.434222,0.158164
-0.982297,-0.186605,-0.0164541,0.186784,-0.982349,-0.010103,-0.0142784,-0.0129975,0.999814,5.09939,5.53501,0.0686412,-2.10398,0.433256,0.112574
-0.982246,-0.186843,-0.0168032,0.187022,-0.982307,-0.00977525,-0.0146794,-0.0127443,0.999811,5.08886,5.53718,0.0690727,-2.10646,0.431943,0.060041
-0.982189,-0.187117,-0.0170582,0.187293,-0.98226,-0.00933215,-0.0150093,-0.0123608,0.999811,5.07832,5.53934,0.0692392,-2.11196,0.432325,0.00654618
-0.982128,-0.187433,-0.0171596,0.187602,-0.982205,-0.00883634,-0.015198,-0.0118976,0.999814,5.06774,5.54151,0.0691416,-2.11944,0.434646,-0.0455666
-0.982057,-0.18781,-0.0170516,0.187971,-0.982139,-0.00839477,-0.0151704,-0.0114494,0.999819,5.05712,5.54369,0.0687877,-2.12758,0.438253,-0.0960037
-0.981969,-0.188298,-0.0167484,0.188452,-0.982049,-0.00812894,-0.0149171,-0.0111386,0.999827,5.04646,5.54589,0.0681882,-2.13481,0.442565,-0.143797
-0.981862,-0.188899,-0.0162654,0.189047,-0.981934,-0.00810697,-0.0144401,-0.0110349,0.999835,5.03577,5.54811,0.0673538,-2.14207,0.446874,-0.189949
-0.981799,-0.189168,-0.0169373,0.189258,-0.98192,-0.00388492,-0.0158962,-0.00701973,0.999849,5.02532,5.5505,0.0672528,-2.03854,0.509199,0.149541
-0.981729,-0.189462,-0.0176632,0.189489,-0.981883,0.000183142,-0.0173779,-0.00316719,0.999844,5.01485,5.55256,0.066943,-2.04024,0.511614,0.107036
-0.981656,-0.189759,-0.0185362,0.189715,-0.98183,0.00414464,-0.0189859,0.00055201,0.99982,5.00406,5.55503,0.0661416,-2.0448,0.51971,0.0652341
-0.981657,-0.189726,-0.0188047,0.189686,-0.981837,0.00390739,-0.0192045,0.000268725,0.999816,4.99277,5.557,0.0646233,-1.95974,0.412742,0.368779
-0.981654,-0.189695,-0.0192502,0.189668,-0.981843,0.00326842,-0.0195207,-0.000442683,0.999809,4.98109,5.55914,0.0625498,-1.9685,0.416977,0.318754
-0.981653,-0.189644,-0.0198133,0.189634,-0.981852,0.00240407,-0.0199097,-0.00139733,0.999801,4.9693,5.56179,0.060292,-1.9771,0.424952,0.276314
-0.981657,-0.189556,-0.0204439,0.189567,-0.981867,0.00143347,-0.0203449,-0.00246832,0.99979,4.95762,5.56459,0.0581537,-1.98381,0.432743,0.241996
-0.981661,-0.189467,-0.0210897,0.189499,-0.981881,0.0004812,-0.0207987,-0.00352411,0.999777,4.94613,5.56736,0.0562495,-1.98882,0.439181,0.214512
-0.981664,-0.189386,-0.0216575,0.189437,-0.981893,-0.000320217,-0.0212047,-0.00441708,0.999765,4.93484,5.57003,0.0545868,-1.99313,0.443738,0.191525
-0.981667,-0.189311,-0.0221565,0.189376,-0.981904,-0.000895379,-0.021586,-0.00507488,0.999754,4.92373,5.57261,0.0531465,-1.99672,0.446876,0.172377
-0.981668,-0.189261,-0.0225458,0.189336,-0.981912,-0.00121631,-0.0219078,-0.00546275,0.999745,4.91279,5.57513,0.0518902,-1.99967,0.449819,0.15607
-0.981665,-0.18924,-0.0228416,0.189318,-0.981915,-0.0012908,-0.0221842,-0.00559146,0.999738,4.90199,5.57762,0.0507871,-2.00178,0.452472,0.142527
-0.981662,-0.189234,-0.0230411,0.189311,-0.981916,-0.00118084,-0.0224009,-0.00552111,0.999734,4.89131,5.58009,0.0498061,-2.00363,0.455468,0.130291
-0.981654,-0.189258,-0.0231709,0.189329,-0.981913,-0.000928562,-0.022576,-0.00529845,0.999731,4.88074,5.58258,0.048925,-2.00548,0.458699,0.119887
-0.981646,-0.189292,-0.0232301,0.189357,-0.981908,-0.000610693,-0.0226942,-0.00499825,0.99973,4.87027,5.58507,0.0481252,-2.00697,0.462151,0.110311
-0.981632,-0.189365,-0.0232403,0.189423,-0.981896,-0.000265345,-0.0227693,-0.00466271,0.99973,4.85988,5.58757,0.0473973,-2.00817,0.466213,0.101571
-0.98161,-0.189478,-0.0232294,0.189527,-0.981876,8.07128e-05,-0.0228237,-0.00432337,0.99973,4.84956,5.59007,0.0467332,-2.00951,0.470616,0.093453
-0.981583,-0.189624,-0.0232014,0.189666,-0.981849,0.000402603,-0.0228566,-0.00400533,0.999731,4.83929,5.59256,0.0461251,-2.01091,0.475018,0.0855403
-0.981547,-0.189812,-0.0231748,0.189847,-0.981813,0.00071319,-0.0228887,-0.00369964,0.999731,4.82908,5.59506,0.0455668,-2.01236,0.478953,0.0775857
-0.981504,-0.190035,-0.023143,0.190063,-0.981771,0.00102208,-0.0229153,-0.00339544,0.999732,4.8189,5.59755,0.0450522,-2.01381,0.48249,0.069915
-0.981451,-0.190317,-0.0230987,0.190337,-0.981718,0.00136019,-0.0229353,-0.00306159,0.999732,4.80875,5.60004,0.0445766,-2.01515,0.485967,0.0634005
-0.98139,-0.19064,-0.0230388,0.190652,-0.981656,0.00170087,-0.0229404,-0.00272318,0.999733,4.79863,5.60253,0.0441397,-2.01587,0.488383,0.0574231
-0.98132,-0.191008,-0.0229513,0.191012,-0.981586,0.00205456,-0.0229211,-0.00236779,0.999734,4.78853,5.60501,0.043744,-2.01682,0.490442,0.0531963
-0.981247,-0.191395,-0.0228332,0.19139,-0.981511,0.00244462,-0.0228789,-0.00197127,0.999736,4.77846,5.6075,0.0433873,-2.01795,0.492393,0.0502413
-0.98117,-0.191813,-0.0226717,0.191798,-0.98143,0.00281368,-0.0227904,-0.0015877,0.999739,4.7684,5.61001,0.0430709,-2.01944,0.494568,0.0495714
-0.981093,-0.192231,-0.0224697,0.192209,-0.981349,0.00312439,-0.0226512,-0.00125356,0.999743,4.75835,5.61251,0.0427988,-2.02169,0.49669,0.0501313
-0.981018,-0.19264,-0.0222221,0.192612,-0.981269,0.00338442,-0.0224578,-0.000960068,0.999747,4.74831,5.61503,0.0425732,-2.0248,0.498734,0.0519867
-0.980947,-0.193031,-0.0219391,0.192999,-0.981192,0.00356112,-0.0222139,-0.000740953,0.999753,4.73827,5.61754,0.0424006,-2.02807,0.500738,0.05525
-0.980878,-0.193417,-0.0216181,0.193383,-0.981116,0.0036933,-0.0219242,-0.000557892,0.999759,4.72825,5.62005,0.0422885,-2.03088,0.502371,0.060387
-0.980814,-0.193782,-0.0212842,0.193745,-0.981045,0.00378448,-0.0216141,-0.000411847,0.999766,4.71823,5.62256,0.042241,-2.0341,0.503889,0.0670427
-0.980749,-0.194149,-0.0209385,0.194111,-0.980972,0.0038264,-0.021283,-0.000311672,0.999773,4.70823,5.62508,0.0422628,-2.03695,0.5051,0.0757064
-0.980687,-0.194493,-0.0206181,0.194456,-0.980904,0.00379292,-0.020962,-0.000289644,0.99978,4.69822,5.6276,0.0423564,-2.03991,0.506191,0.0859929
-0.980632,-0.194806,-0.0202992,0.194772,-0.980842,0.00366359,-0.020624,-0.000361078,0.999787,4.68822,5.63012,0.0425312,-2.043,0.506992,0.097846
-0.98058,-0.195098,-0.0199974,0.195068,-0.980784,0.0034363,-0.0202836,-0.000531287,0.999794,4.67822,5.63264,0.0427968,-2.04693,0.507728,0.111478
-0.980537,-0.195336,-0.0197476,0.195313,-0.980736,0.00314253,-0.019981,-0.000775578,0.9998,4.6682,5.63516,0.0431677,-2.05219,0.509221,0.127521
-0.980504,-0.195523,-0.0195467,0.195506,-0.980699,0.0028085,-0.0197186,-0.00106774,0.999805,4.65817,5.63768,0.0436425,-2.059,0.510663,0.144489
-0.980481,-0.195652,-0.0194165,0.195642,-0.980672,0.002447,-0.01952,-0.00139944,0.999808,4.6481,5.6402,0.0442216,-2.06712,0.5121,0.161599
-0.980469,-0.195721,-0.019344,0.195717,-0.980658,0.00207832,-0.0193766,-0.00174823,0.999811,4.63799,5.64271,0.0448909,-2.0764,0.513596,0.177181
-0.980475,-0.19569,-0.0193198,0.195694,-0.980664,0.0017194,-0.0192827,-0.00209493,0.999812,4.62785,5.6452,0.0456329,-2.08664,0.514889,0.188427
-0.980497,-0.195582,-0.0193336,0.195591,-0.980684,0.00143873,-0.0192415,-0.00237081,0.999812,4.61766,5.64768,0.0464194,-2.09683,0.515859,0.194127
-0.980537,-0.195376,-0.0193597,0.195389,-0.980725,0.00125659,-0.0192321,-0.00255053,0.999812,4.60742,5.65016,0.047199,-2.10552,0.515714,0.190433
-0.980593,-0.195096,-0.0193606,0.195111,-0.980781,0.00110686,-0.0192044,-0.00269209,0.999812,4.59687,5.65273,0.0481035,-2.11315,0.513572,0.171371
-0.980656,-0.194789,-0.0192828,0.194806,-0.980841,0.0010079,-0.0191097,-0.002768,0.999814,4.5863,5.65529,0.0488577,-2.11718,0.511104,0.130305
-0.980716,-0.194502,-0.0191098,0.194521,-0.980898,0.000908595,-0.0189215,-0.00282617,0.999817,4.5757,5.65785,0.0493846,-2.12005,0.509777,0.0804319
-0.980778,-0.194214,-0.0188505,0.194233,-0.980955,0.00080856,-0.0186486,-0.00286838,0.999822,4.56509,5.66039,0.0496539,-2.1239,0.509129,0.0272988
-0.980848,-0.193894,-0.018486,0.193915,-0.981018,0.000689693,-0.0182688,-0.00290823,0.999829,4.55446,5.66294,0.0496602,-2.12733,0.508015,-0.024782
-0.980934,-0.193504,-0.0179967,0.193524,-0.981095,0.000601934,-0.017773,-0.00289235,0.999838,4.54382,5.66547,0.0494107,-2.13039,0.506283,-0.0750054
-0.981037,-0.193039,-0.017365,0.193057,-0.981187,0.000646835,-0.0171632,-0.00271785,0.999849,4.53316,5.668,0.0489158,-2.13289,0.504273,-0.122971
-0.981019,-0.192947,-0.0193219,0.193032,-0.981189,-0.00264495,-0.0184481,-0.00632449,0.99981,4.52266,5.67028,0.049148,-2.06803,0.406869,0.215876
-0.980977,-0.193119,-0.0197452,0.193219,-0.98115,-0.00330358,-0.018735,-0.00705588,0.9998,4.51189,5.67188,0.0488375,-2.0617,0.395376,0.185796
-0.980941,-0.193274,-0.0200202,0.193379,-0.981118,-0.00345286,-0.0189748,-0.00725854,0.999794,4.50083,5.67392,0.0480631,-2.05974,0.389998,0.159479
-0.980904,-0.193443,-0.0201774,0.193546,-0.981086,-0.0032405,-0.0191689,-0.00708387,0.999791,4.48969,5.67637,0.0470584,-2.05937,0.390086,0.135453
-0.980868,-0.193616,-0.0202446,0.193711,-0.981054,-0.0028421,-0.0193108,-0.00670933,0.999791,4.47863,5.67904,0.0459627,-2.0585,0.39307,0.114688
-0.980836,-0.193777,-0.0202715,0.193864,-0.981025,-0.00240677,-0.0194205,-0.00629057,0.999792,4.4677,5.68181,0.0448698,-2.05667,0.397869,0.0970442
-0.980804,-0.193936,-0.0202959,0.194016,-0.980996,-0.00205977,-0.0195107,-0.00595796,0.999792,4.4569,5.68459,0.0438341,-2.053,0.402764,0.0833467
-0.980773,-0.194094,-0.0203175,0.194171,-0.980966,-0.00185246,-0.0195713,-0.00576192,0.999792,4.44624,5.68734,0.0428789,-2.04844,0.407356,0.0723198
-0.980739,-0.194261,-0.0203536,0.194337,-0.980933,-0.00181005,-0.0196139,-0.00573064,0.999791,4.4357,5.69004,0.0420131,-2.0432,0.41153,0.064133
-0.980704,-0.194432,-0.0204005,0.194511,-0.980898,-0.00193892,-0.0196338,-0.00586962,0.99979,4.42525,5.69269,0.041235,-2.03823,0.415222,0.0576837
-0.980667,-0.194613,-0.0204648,0.194698,-0.980861,-0.00222331,-0.0196405,-0.00616478,0.999788,4.41489,5.69528,0.0405413,-2.03377,0.41834,0.0532018
-0.980625,-0.194813,-0.0205405,0.194908,-0.980818,-0.0026977,-0.0196209,-0.00664894,0.999785,4.40459,5.69779,0.0399305,-2.0299,0.420304,0.0495076
-0.980581,-0.19503,-0.0205982,0.195136,-0.980771,-0.00325062,-0.0195681,-0.00720694,0.999783,4.39435,5.70025,0.0393949,-2.02681,0.421493,0.0462786
-0.980536,-0.195253,-0.0206408,0.195371,-0.980722,-0.00385115,-0.0194909,-0.00780881,0.99978,4.38416,5.70264,0.0389225,-2.02444,0.421833,0.0428872
-0.980489,-0.195487,-0.0206662,0.195617,-0.98067,-0.00445011,-0.0193968,-0.00840594,0.999777,4.37401,5.70499,0.0385034,-2.02186,0.420863,0.0412468
-0.980444,-0.195712,-0.0206557,0.195853,-0.98062,-0.0050394,-0.0192691,-0.00898633,0.999774,4.36389,5.7073,0.0381275,-2.02112,0.421261,0.0380202
-0.980401,-0.195935,-0.0205945,0.196087,-0.980571,-0.00558917,-0.0190992,-0.00951792,0.999772,4.3538,5.70959,0.0377862,-2.02074,0.42183,0.034864
-0.980365,-0.196123,-0.0205029,0.196283,-0.980528,-0.00610417,-0.0189065,-0.0100087,0.999771,4.34374,5.71185,0.0374753,-2.02064,0.42312,0.0318989
-0.980333,-0.196298,-0.0203684,0.196466,-0.980489,-0.00658334,-0.0186787,-0.0104556,0.999771,4.3337,5.71411,0.0371944,-2.0196,0.424789,0.0299672
-0.980307,-0.196447,-0.0201882,0.196622,-0.980454,-0.00703393,-0.0184118,-0.0108649,0.999771,4.32368,5.71636,0.0369455,-2.01879,0.427171,0.0292085
-0.980286,-0.196574,-0.0199749,0.196754,-0.980424,-0.00747177,-0.0181151,-0.0112546,0.999773,4.3137,5.71862,0.0367315,-2.01775,0.429991,0.0298502
-0.980273,-0.196658,-0.0197387,0.196843,-0.980403,-0.00790652,-0.017797,-0.011636,0.999774,4.30374,5.72088,0.0365557,-2.01615,0.433529,0.0322338
-0.980265,-0.196727,-0.0194837,0.196918,-0.980384,-0.00835692,-0.0174574,-0.0120287,0.999775,4.2938,5.72315,0.0364221,-2.01492,0.436666,0.0360274
-0.98026,-0.196776,-0.0192133,0.196971,-0.98037,-0.00881538,-0.0171015,-0.0124258,0.999777,4.28389,5.72543,0.036334,-2.01426,0.440248,0.0402345
-0.980261,-0.196798,-0.0189346,0.196997,-0.98036,-0.00926253,-0.0167399,-0.0128098,0.999778,4.27397,5.72769,0.0362985,-2.0147,0.443163,0.0459
-0.980265,-0.196805,-0.0186391,0.197007,-0.980354,-0.00967388,-0.016369,-0.013155,0.999779,4.26407,5.72995,0.0363249,-2.01599,0.44568,0.0527383
-0.980269,-0.196815,-0.0183422,0.197018,-0.980349,-0.0100134,-0.016011,-0.0134295,0.999782,4.25418,5.7322,0.0364223,-2.01833,0.447802,0.0622447
-0.980271,-0.196832,-0.0180489,0.197036,-0.980343,-0.0102573,-0.0156751,-0.0136112,0.999784,4.24428,5.73444,0.0365989,-2.02179,0.449597,0.0735276
-0.980269,-0.196866,-0.0177764,0.197067,-0.980335,-0.0103693,-0.0153855,-0.0136678,0.999788,4.23438,5.73666,0.0368602,-2.02632,0.451222,0.0864456
-0.980264,-0.196916,-0.0175203,0.197113,-0.980327,-0.010321,-0.0151432,-0.0135708,0.999793,4.22446,5.73888,0.037209,-2.03179,0.452519,0.100437
-0.980256,-0.196975,-0.0172772,0.197166,-0.980318,-0.0101025,-0.0149473,-0.0133095,0.9998,4.21452,5.7411,0.0376499,-2.03858,0.454021,0.116185
-0.980245,-0.197052,-0.0170333,0.197233,-0.980309,-0.00969584,-0.0147873,-0.0128638,0.999808,4.20457,5.74331,0.0381842,-2.04618,0.455549,0.132229
-0.980231,-0.19714,-0.0168069,0.19731,-0.980299,-0.00910714,-0.0146804,-0.0122433,0.999817,4.19458,5.74554,0.0388056,-2.05489,0.456845,0.147973
-0.980215,-0.197239,-0.0166106,0.197396,-0.980288,-0.00836621,-0.014633,-0.0114795,0.999827,4.18457,5.74777,0.0395065,-2.06461,0.45858,0.163211
-0.980189,-0.197378,-0.0164518,0.19752,-0.98027,-0.00754036,-0.0146389,-0.0106406,0.999836,4.17454,5.75004,0.0402769,-2.0747,0.460419,0.176819
-0.980155,-0.197552,-0.0163909,0.197682,-0.980243,-0.00673135,-0.0147373,-0.00983797,0.999843,4.16447,5.75234,0.0410979,-2.08539,0.462307,0.188673
-0.980106,-0.19779,-0.0164489,0.19791,-0.980202,-0.00601602,-0.0149333,-0.00915174,0.999847,4.15439,5.75465,0.0419233,-2.09448,0.464334,0.191287
-0.980049,-0.198053,-0.0166974,0.198167,-0.980153,-0.00547556,-0.0152816,-0.0086752,0.999846,4.1439,5.75698,0.0428412,-2.10291,0.464927,0.175898
-0.979994,-0.19829,-0.0170918,0.198402,-0.980107,-0.0051222,-0.0157361,-0.00841077,0.999841,4.13338,5.7593,0.0436144,-2.10338,0.463353,0.133379
-0.979942,-0.198512,-0.017535,0.198623,-0.980064,-0.00484593,-0.0162234,-0.00823158,0.999835,4.12286,5.76161,0.0441581,-2.10396,0.461939,0.0841182
-0.979884,-0.198763,-0.0179227,0.198873,-0.980015,-0.00452508,-0.0166651,-0.00799838,0.999829,4.11233,5.76392,0.0444461,-2.10921,0.461931,0.0310743
-0.97982,-0.199052,-0.0181706,0.199157,-0.979959,-0.00415557,-0.0169792,-0.00769052,0.999826,4.10177,5.76623,0.0444692,-2.11596,0.463989,-0.0218502
-0.979748,-0.199407,-0.0182091,0.199506,-0.979889,-0.00380905,-0.0170834,-0.00736474,0.999827,4.09117,5.76856,0.0442326,-2.12405,0.467252,-0.072784
-0.979662,-0.199842,-0.0180339,0.199937,-0.979802,-0.00360058,-0.0169501,-0.00713299,0.999831,4.08053,5.77091,0.0437472,-2.13182,0.471712,-0.121355
-0.979559,-0.200381,-0.0176788,0.200473,-0.979692,-0.00362536,-0.0165933,-0.00709538,0.999837,4.06985,5.77328,0.0430227,-2.13917,0.476211,-0.168458
-0.979434,-0.201031,-0.0171713,0.201126,-0.979557,-0.00395417,-0.0160253,-0.00732643,0.999845,4.05914,5.77567,0.0420655,-2.14506,0.480411,-0.214428
-0.97937,-0.201279,-0.0179197,0.201311,-0.979527,5.54612e-05,-0.017564,-0.0035531,0.999839,4.04831,5.77825,0.041112,-2.14514,0.490741,-0.239473
-0.9793,-0.201537,-0.0188065,0.201496,-0.979481,0.00406187,-0.0192393,0.000188358,0.999815,4.03737,5.78106,0.0399789,-2.1452,0.503376,-0.262272
-0.979308,-0.201468,-0.0191349,0.201426,-0.979495,0.004069,-0.0195623,0.000130535,0.999809,4.02651,5.78363,0.0393,-2.05435,0.403138,0.0730745
-0.979315,-0.201388,-0.0196361,0.201353,-0.979511,0.0037566,-0.0199903,-0.000274907,0.9998,4.01542,5.78605,0.0381769,-2.05255,0.411357,0.0541171
-0.97932,-0.2013,-0.0202695,0.201276,-0.979529,0.00322494,-0.0205037,-0.000921513,0.999789,4.0041,5.78894,0.0367041,-2.05263,0.422637,0.0384438
-0.97933,-0.201181,-0.0209723,0.201172,-0.979553,0.00254197,-0.0210549,-0.00172962,0.999777,3.99277,5.792,0.0351795,-2.05265,0.43368,0.0272907
-0.979334,-0.201083,-0.0216732,0.20109,-0.979571,0.00185245,-0.021603,-0.00254411,0.999763,3.98155,5.79507,0.033754,-2.052,0.443084,0.0197025
-0.979341,-0.200979,-0.0223191,0.201001,-0.97959,0.00126285,-0.0221174,-0.0032494,0.99975,3.97047,5.79806,0.0324787,-2.05124,0.450679,0.0149817
-0.979342,-0.200912,-0.0228997,0.200947,-0.979602,0.000825763,-0.0225985,-0.00379292,0.999737,3.95953,5.80097,0.0313556,-2.05052,0.457441,0.0111226
-0.979342,-0.200858,-0.0233464,0.200899,-0.979612,0.000587996,-0.0229885,-0.00411443,0.999727,3.94872,5.80381,0.0303657,-2.04956,0.462806,0.00888051
-0.979341,-0.200825,-0.0236881,0.200869,-0.979618,0.000524802,-0.0233107,-0.00424426,0.999719,3.93804,5.80659,0.0294912,-2.0483,0.467656,0.00775285
-0.979334,-0.200827,-0.0239291,0.20087,-0.979618,0.000631968,-0.0235682,-0.00418772,0.999713,3.92747,5.80933,0.0287154,-2.04645,0.472388,0.00702301
-0.979327,-0.200842,-0.0240912,0.200879,-0.979616,0.000876159,-0.0237761,-0.00398138,0.999709,3.91698,5.81206,0.0280193,-2.0452,0.477157,0.00630837
-0.979318,-0.200878,-0.0241641,0.200908,-0.979609,0.00118247,-0.0239089,-0.00369675,0.999707,3.90658,5.81479,0.0273868,-2.04392,0.482066,0.0056581
-0.979302,-0.200955,-0.0241956,0.200977,-0.979595,0.0015115,-0.0240056,-0.00338255,0.999706,3.89625,5.81751,0.0268085,-2.0427,0.487095,0.00446332
-0.979283,-0.201045,-0.0241869,0.20106,-0.979577,0.00184425,-0.0240637,-0.00305698,0.999706,3.88598,5.82023,0.0262766,-2.04137,0.492164,0.0033667
-0.979258,-0.201169,-0.0241612,0.201177,-0.979553,0.00215371,-0.0241004,-0.00275164,0.999706,3.87576,5.82296,0.0257833,-2.04034,0.497209,0.00228794
-0.979226,-0.201333,-0.0241153,0.201334,-0.97952,0.00241991,-0.0241086,-0.00248558,0.999706,3.86559,5.82568,0.0253237,-2.03973,0.502133,0.000415057
-0.979182,-0.201549,-0.0240745,0.201545,-0.979476,0.00265249,-0.024115,-0.00225482,0.999707,3.85545,5.82838,0.0248958,-2.03892,0.506234,-0.00192682
-0.97913,-0.201811,-0.0240168,0.2018,-0.979422,0.00288511,-0.0241049,-0.0020217,0.999707,3.84533,5.83108,0.0244968,-2.0383,0.510077,-0.0040983
-0.97907,-0.202109,-0.0239325,0.202093,-0.979361,0.00311562,-0.0240683,-0.00178619,0.999709,3.83524,5.83377,0.0241268,-2.03759,0.513102,-0.00543496
-0.979001,-0.202461,-0.0238096,0.202439,-0.979289,0.00334802,-0.0239944,-0.0015423,0.999711,3.82516,5.83645,0.0237888,-2.03695,0.515561,-0.00563296
-0.97893,-0.20282,-0.0236537,0.202793,-0.979215,0.00357969,-0.0238881,-0.00129254,0.999714,3.81511,5.83912,0.0234851,-2.03653,0.517446,-0.00478084
-0.978855,-0.203205,-0.0234554,0.203172,-0.979136,0.00381126,-0.0237404,-0.0010348,0.999718,3.80507,5.84178,0.0232164,-2.03648,0.51931,-0.00300061
-0.978777,-0.203607,-0.0232174,0.203568,-0.979052,0.00401454,-0.0235485,-0.000796992,0.999722,3.79504,5.84445,0.0229834,-2.03746,0.521028,9.9217e-05
-0.978702,-0.204003,-0.0229297,0.20396,-0.97897,0.00419587,-0.0233034,-0.000570234,0.999728,3.78502,5.84714,0.0227876,-2.03901,0.523318,0.00450403
-0.978629,-0.204389,-0.0226009,0.204344,-0.97889,0.0042969,-0.0230021,-0.000413298,0.999735,3.77501,5.84982,0.0226388,-2.04073,0.525419,0.0105264
-0.97856,-0.204759,-0.0222365,0.204713,-0.978812,0.00435341,-0.0226567,-0.000292027,0.999743,3.765,5.85248,0.0225479,-2.0428,0.526781,0.0178284
-0.978492,-0.205123,-0.0218496,0.205076,-0.978736,0.00440477,-0.0222885,-0.000170793,0.999752,3.755,5.85515,0.0225196,-2.04474,0.528435,0.0270981
-0.978429,-0.205468,-0.0214478,0.20542,-0.978664,0.00440885,-0.021896,-9.20603e-05,0.99976,3.74501,5.85782,0.0225599,-2.04683,0.529772,0.037993
-0.978369,-0.205793,-0.0210385,0.205747,-0.978596,0.00435827,-0.0214851,-6.46062e-05,0.999769,3.73502,5.8605,0.0226733,-2.04905,0.530826,0.050233
-0.978314,-0.206094,-0.0206421,0.206051,-0.978532,0.00422364,-0.0210694,-0.000121268,0.999778,3.72504,5.86318,0.0228633,-2.05145,0.53179,0.0639208
-0.978265,-0.206362,-0.0202841,0.206324,-0.978476,0.00396869,-0.0206665,-0.000302673,0.999786,3.71505,5.86586,0.02314,-2.05446,0.533018,0.0797018
-0.978223,-0.206595,-0.0199655,0.206564,-0.978426,0.00364251,-0.0202873,-0.000560947,0.999794,3.70507,5.86853,0.0235143,-2.05856,0.534622,0.0967995
-0.978191,-0.20677,-0.019696,0.206746,-0.978389,0.00325535,-0.0199434,-0.000887703,0.999801,3.69507,5.8712,0.0239927,-2.06398,0.536049,0.115451
-0.978173,-0.206878,-0.0194891,0.206862,-0.978366,0.00283396,-0.0196537,-0.00125945,0.999806,3.68505,5.87385,0.0245751,-2.07081,0.537435,0.133997
-0.978165,-0.206928,-0.0193435,0.20692,-0.978355,0.00241093,-0.0194237,-0.00164427,0.99981,3.67501,5.8765,0.0252493,-2.07911,0.538554,0.150266
-0.978171,-0.206909,-0.0192495,0.206909,-0.978358,0.00202269,-0.0192514,-0.00200437,0.999813,3.66492,5.87914,0.0260077,-2.08839,0.539679,0.162949
-0.978196,-0.206799,-0.0191635,0.206805,-0.978381,0.0017101,-0.0191028,-0.00229028,0.999815,3.65479,5.88175,0.0268037,-2.09745,0.539942,0.168817
-0.978236,-0.206618,-0.0190731,0.206625,-0.978419,0.00162476,-0.0189972,-0.00235158,0.999817,3.64463,5.8844,0.027565,-2.10229,0.541149,0.156967
-0.978295,-0.20635,-0.0189188,0.206359,-0.978475,0.00149476,-0.01882,-0.00244175,0.99982,3.6341,5.8871,0.0283,-2.11034,0.540085,0.13706
-0.978359,-0.206074,-0.0186481,0.206084,-0.978533,0.00137092,-0.0185303,-0.00250184,0.999825,3.62353,5.88979,0.0288962,-2.11708,0.537491,0.101389
-0.978417,-0.205831,-0.0182737,0.205843,-0.978584,0.00125485,-0.0181407,-0.00253375,0.999832,3.61293,5.89248,0.0292749,-2.12097,0.536584,0.0501008
-0.978478,-0.205581,-0.0178021,0.205594,-0.978637,0.00112725,-0.0176535,-0.00255701,0.999841,3.60232,5.89516,0.0293938,-2.12497,0.536112,-0.00255268
-0.978551,-0.205281,-0.0172277,0.205295,-0.9787,0.000955883,-0.017057,-0.00260139,0.999851,3.59168,5.89784,0.0292517,-2.12858,0.535225,-0.0542804
-0.978641,-0.204912,-0.0165078,0.204926,-0.978777,0.000823805,-0.0163262,-0.00257667,0.999863,3.58103,5.90051,0.0288553,-2.13205,0.533526,-0.104276
-0.978747,-0.204473,-0.0156419,0.204486,-0.978869,0.000806164,-0.0154762,-0.00240951,0.999877,3.57036,5.90317,0.0282149,-2.13551,0.53163,-0.15189
-0.978719,-0.20445,-0.0176102,0.204528,-0.978857,-0.00270765,-0.0166843,-0.00625181,0.999841,3.55954,5.90566,0.0273485,-2.13224,0.522416,-0.187257
-0.978662,-0.204685,-0.0180144,0.204779,-0.978802,-0.00354546,-0.0169068,-0.00715878,0.999831,3.54864,5.9084,0.0271639,-2.12332,0.517174,-0.187312
-0.978605,-0.204936,-0.0182609,0.205039,-0.978746,-0.00391949,-0.0170696,-0.00757983,0.999826,3.53767,5.91098,0.027138,-2.11611,0.511061,-0.181838
-0.978547,-0.205201,-0.018372,0.205304,-0.97869,-0.0039201,-0.0171761,-0.00760786,0.999824,3.52673,5.91347,0.0271404,-2.11017,0.505281,-0.176252
-0.978494,-0.205453,-0.0184136,0.205554,-0.978639,-0.00372839,-0.0172543,-0.0074332,0.999824,3.51589,5.91592,0.0271132,-2.1042,0.499838,-0.169393
-0.978444,-0.205688,-0.018426,0.205784,-0.978591,-0.00344153,-0.0173236,-0.00715911,0.999824,3.50516,5.91839,0.0270383,-2.09777,0.49601,-0.161857
-0.978397,-0.205913,-0.0184238,0.206004,-0.978546,-0.00318719,-0.0173723,-0.00691373,0.999825,3.49454,5.92089,0.0269154,-2.09036,0.493514,-0.153712
-0.978352,-0.206128,-0.018419,0.206217,-0.978502,-0.00304766,-0.0173948,-0.00677998,0.999826,3.48403,5.92339,0.026762,-2.08214,0.491277,-0.14398
-0.978307,-0.206338,-0.0184217,0.206426,-0.978457,-0.00303647,-0.0173983,-0.00677333,0.999826,3.47362,5.92591,0.026591,-2.07387,0.489696,-0.134336
-0.978264,-0.206541,-0.0184418,0.206632,-0.978413,-0.00319467,-0.0173838,-0.00693589,0.999825,3.46329,5.92841,0.0264146,-2.06628,0.488188,-0.124371
-0.97822,-0.206747,-0.0184943,0.206845,-0.978367,-0.00352333,-0.0173658,-0.00727205,0.999823,3.45303,5.9309,0.0262456,-2.05919,0.486738,-0.114687
-0.978173,-0.206963,-0.018546,0.20707,-0.978318,-0.00399761,-0.0173165,-0.00775067,0.99982,3.44283,5.93335,0.0260934,-2.05283,0.485027,-0.10448
-0.978125,-0.207186,-0.0185948,0.207303,-0.978266,-0.00457739,-0.0172423,-0.00833204,0.999817,3.43268,5.93577,0.0259625,-2.0478,0.482706,-0.0950189
-0.978074,-0.207424,-0.0186398,0.207552,-0.97821,-0.00520761,-0.0171534,-0.00896215,0.999813,3.42257,5.93815,0.0258504,-2.04348,0.480016,-0.0868803
-0.978027,-0.207643,-0.0186638,0.207783,-0.978157,-0.00586533,-0.0170382,-0.00961446,0.999809,3.4125,5.94051,0.0257534,-2.04,0.477924,-0.0799277
-0.977982,-0.207853,-0.0186577,0.208004,-0.978106,-0.00650479,-0.0168971,-0.0102424,0.999805,3.40245,5.94285,0.0256667,-2.03716,0.475866,-0.074046
-0.977941,-0.208053,-0.0185902,0.208213,-0.978057,-0.00714258,-0.0166962,-0.0108557,0.999802,3.39243,5.94518,0.025589,-2.0348,0.47425,-0.0685
-0.977908,-0.208218,-0.0184904,0.208387,-0.978016,-0.00773924,-0.0164724,-0.0114214,0.999799,3.38243,5.9475,0.0255192,-2.03292,0.473347,-0.0630586
-0.97788,-0.208362,-0.0183431,0.208538,-0.977979,-0.00830136,-0.0162095,-0.011943,0.999797,3.37245,5.94982,0.0254575,-2.03071,0.472824,-0.0576799
-0.977862,-0.20846,-0.0181571,0.208643,-0.977952,-0.00884181,-0.0159136,-0.0124344,0.999796,3.36249,5.95213,0.0254089,-2.02839,0.473034,-0.0515913
-0.977852,-0.208526,-0.0179338,0.208715,-0.977932,-0.00936052,-0.0155862,-0.0128963,0.999795,3.35257,5.95446,0.0253785,-2.02577,0.47404,-0.0448124
-0.977851,-0.208554,-0.0176927,0.208748,-0.977919,-0.0098907,-0.0152393,-0.0133649,0.999795,3.34267,5.95679,0.0253716,-2.02285,0.47543,-0.0372668
-0.97786,-0.208532,-0.0174349,0.20873,-0.977918,-0.0104152,-0.014878,-0.0138238,0.999794,3.33279,5.95914,0.0253923,-2.02053,0.477023,-0.0293944
-0.977875,-0.208485,-0.0171651,0.208687,-0.977921,-0.0109324,-0.0145069,-0.0142727,0.999793,3.32293,5.96148,0.0254445,-2.01885,0.478646,-0.0209259
-0.977895,-0.208411,-0.0169013,0.208616,-0.977931,-0.0114245,-0.0141473,-0.0146978,0.999792,3.31308,5.96382,0.0255334,-2.01873,0.480169,-0.0126204
-0.977917,-0.20833,-0.0166387,0.208537,-0.977942,-0.0118601,-0.0138009,-0.015068,0.999791,3.30323,5.96617,0.0256698,-2.01958,0.48148,-0.00198493
-0.977942,-0.208235,-0.0163864,0.208443,-0.977958,-0.0122301,-0.0134785,-0.015376,0.999791,3.29338,5.96851,0.0258627,-2.02117,0.482371,0.0101003
-0.977961,-0.20816,-0.0161564,0.208368,-0.97797,-0.0125232,-0.0131936,-0.0156137,0.999791,3.28353,5.97084,0.0261225,-2.0241,0.483139,0.0238606
-0.977982,-0.208081,-0.0159424,0.208289,-0.977985,-0.0126819,-0.0129526,-0.0157233,0.999792,3.27367,5.97316,0.0264568,-2.02801,0.483413,0.0390832
-0.977998,-0.208017,-0.0157574,0.208221,-0.978,-0.0126816,-0.0127728,-0.0156836,0.999795,3.26379,5.97547,0.0268695,-2.03333,0.484,0.0557322
-0.978017,-0.20794,-0.0155833,0.20814,-0.978019,-0.0125009,-0.0126413,-0.0154696,0.9998,3.25388,5.97778,0.0273658,-2.03959,0.484632,0.0732799
-0.978033,-0.207878,-0.0154098,0.20807,-0.978039,-0.0121154,-0.0125529,-0.0150556,0.999808,3.24396,5.9801,0.0279467,-2.04707,0.485269,0.091289
-0.978052,-0.207801,-0.0152529,0.207984,-0.978064,-0.0115291,-0.0125226,-0.0144484,0.999817,3.234,5.98241,0.0286073,-2.05539,0.485872,0.108718
-0.978066,-0.207747,-0.0151093,0.207918,-0.978087,-0.0107826,-0.0125381,-0.0136875,0.999828,3.22402,5.98475,0.0293433,-2.06452,0.48651,0.125025
-0.978074,-0.207714,-0.0150218,0.207873,-0.978105,-0.00993089,-0.0126301,-0.0128358,0.999838,3.21401,5.98711,0.0301433,-2.07433,0.487956,0.140233
-0.978075,-0.207711,-0.0150376,0.20786,-0.978117,-0.00906283,-0.0128261,-0.0119898,0.999846,3.20398,5.9895,0.0309909,-2.0843,0.489024,0.152413
-0.978057,-0.207786,-0.0151852,0.207925,-0.97811,-0.00827888,-0.0131326,-0.0112546,0.99985,3.19394,5.99191,0.0318541,-2.09348,0.49019,0.159664
-0.978031,-0.207875,-0.0155994,0.208011,-0.978096,-0.00766893,-0.0136636,-0.0107453,0.999849,3.18345,5.99436,0.0326032,-2.10154,0.489195,0.139993
-0.978008,-0.207935,-0.0162391,0.208073,-0.978086,-0.00729335,-0.0143667,-0.0105119,0.999842,3.17294,5.9968,0.0332089,-2.10395,0.486857,0.102292
-0.977981,-0.208001,-0.0169701,0.208142,-0.978074,-0.00698592,-0.0151449,-0.0103643,0.999832,3.16242,5.99923,0.033594,-2.10514,0.485557,0.0517495
-0.977948,-0.208097,-0.0176792,0.20824,-0.978055,-0.00663731,-0.01591,-0.0101725,0.999822,3.15188,6.00166,0.0337209,-2.10913,0.485118,-0.00101846
-0.977908,-0.208237,-0.0182537,0.208379,-0.978028,-0.00626651,-0.0165478,-0.00993177,0.999814,3.14132,6.00409,0.0335829,-2.11561,0.487284,-0.0541768
-0.977859,-0.208433,-0.0186305,0.208573,-0.977989,-0.00594232,-0.0169818,-0.00969657,0.999809,3.13072,6.00654,0.0331834,-2.12265,0.49093,-0.105621
-0.977803,-0.20868,-0.0188064,0.20882,-0.977937,-0.00578716,-0.0171838,-0.00958585,0.999806,3.12009,6.009,0.0325326,-2.13009,0.495581,-0.154692
-0.977732,-0.20901,-0.0188218,0.209152,-0.977865,-0.00590735,-0.0171705,-0.00971241,0.999805,3.10942,6.01149,0.0316411,-2.13717,0.500536,-0.201887
-0.977642,-0.209444,-0.0186912,0.209592,-0.977768,-0.00635938,-0.0169437,-0.0101347,0.999805,3.09872,6.01401,0.0305173,-2.14304,0.504972,-0.247652
-0.977604,-0.209533,-0.01967,0.209626,-0.977778,-0.00278464,-0.0186494,-0.00684563,0.999803,3.08791,6.0167,0.0294059,-2.1411,0.51165,-0.279947
-0.977561,-0.209627,-0.0207611,0.209657,-0.977775,0.000774798,-0.0204621,-0.00359529,0.999784,3.07699,6.01953,0.028149,-2.14062,0.522154,-0.304401
-0.977615,-0.209319,-0.0212982,0.209363,-0.977838,0.000170983,-0.020862,-0.00429191,0.999773,3.06593,6.02227,0.0272981,-2.05454,0.422087,0.0341011
-0.977673,-0.208977,-0.0219815,0.209043,-0.977906,-0.000714493,-0.0213465,-0.00529361,0.999758,3.05462,6.02494,0.025918,-2.05285,0.428804,0.0162107
-0.97774,-0.208581,-0.0227543,0.208675,-0.977983,-0.00181399,-0.021875,-0.00652185,0.999739,3.04324,6.02793,0.0242671,-2.05138,0.437192,0.0021502
-0.977818,-0.208127,-0.0235718,0.208253,-0.97807,-0.0029962,-0.0224313,-0.00783863,0.999718,3.03195,6.03101,0.0226417,-2.04865,0.444838,-0.00637017
-0.977912,-0.207594,-0.024347,0.207753,-0.978173,-0.00414698,-0.0229547,-0.00911353,0.999695,3.02083,6.03403,0.0211596,-2.0445,0.450197,-0.00961985
-0.978018,-0.20701,-0.0250469,0.207199,-0.978285,-0.00514976,-0.023437,-0.0102263,0.999673,3.00989,6.03695,0.0198513,-2.03956,0.453864,-0.0099865
-0.978137,-0.206372,-0.0256481,0.206586,-0.97841,-0.00595282,-0.0238659,-0.0111212,0.999653,2.9991,6.03977,0.018706,-2.03524,0.456335,-0.00950761
-0.978266,-0.205702,-0.0261354,0.205935,-0.978544,-0.00651947,-0.0242336,-0.01176,0.999637,2.98844,6.04251,0.017698,-2.03126,0.458334,-0.0095163
-0.978406,-0.204985,-0.0264937,0.20523,-0.97869,-0.00685673,-0.0245236,-0.012146,0.999625,2.97791,6.0452,0.0168039,-2.02759,0.460049,-0.00906099
-0.978556,-0.204237,-0.0267351,0.204488,-0.978844,-0.00699515,-0.0247408,-0.0123121,0.999618,2.96748,6.04786,0.016003,-2.02421,0.461991,-0.00874763
-0.978719,-0.203439,-0.0268563,0.203691,-0.97901,-0.00698186,-0.0248722,-0.0123037,0.999615,2.95715,6.05051,0.0152785,-2.02104,0.463984,-0.00831381
-0.978892,-0.202603,-0.0268929,0.202853,-0.979185,-0.00687373,-0.0249405,-0.0121839,0.999615,2.94691,6.05314,0.0146145,-2.01809,0.466119,-0.00887336
-0.97907,-0.201744,-0.0268424,0.201989,-0.979365,-0.0067207,-0.0249327,-0.0120019,0.999617,2.93674,6.05576,0.0139991,-2.01489,0.468517,-0.00993976
-0.97926,-0.200836,-0.0267345,0.201075,-0.979554,-0.00656988,-0.0248684,-0.0118093,0.999621,2.92663,6.05837,0.013427,-2.012,0.470954,-0.0119315
-0.979453,-0.199913,-0.0265889,0.200147,-0.979745,-0.00641118,-0.0247686,-0.0116011,0.999626,2.91658,6.06095,0.0128944,-2.00918,0.473012,-0.0139992
-0.979648,-0.198981,-0.0263987,0.199208,-0.979937,-0.00625126,-0.0246252,-0.0113829,0.999632,2.90657,6.06352,0.0123978,-2.00665,0.474829,-0.0158478
-0.979852,-0.198004,-0.0261757,0.198225,-0.980138,-0.00608575,-0.0244508,-0.0111518,0.999639,2.89661,6.06607,0.0119346,-2.00411,0.47652,-0.0171864
-0.980058,-0.197017,-0.0259121,0.19723,-0.98034,-0.00590034,-0.0242402,-0.0108933,0.999647,2.88669,6.06862,0.0115041,-2.00148,0.477943,-0.0177549
-0.98027,-0.195996,-0.0256288,0.196201,-0.980547,-0.0057208,-0.024009,-0.0106363,0.999655,2.8768,6.07114,0.0111094,-1.99863,0.478819,-0.0172914
-0.980496,-0.194903,-0.0253037,0.195099,-0.980768,-0.00552073,-0.023741,-0.0103498,0.999665,2.86695,6.07365,0.0107558,-1.99616,0.479129,-0.0154829
-0.980733,-0.193755,-0.0249447,0.193943,-0.980999,-0.00530895,-0.0234421,-0.0100445,0.999675,2.85713,6.07614,0.0104446,-1.99402,0.479598,-0.0125937
-0.980983,-0.192533,-0.0245753,0.192711,-0.981242,-0.00508483,-0.0231353,-0.00972406,0.999685,2.84732,6.07863,0.0101757,-1.9926,0.48045,-0.00832157
-0.981247,-0.191232,-0.0241712,0.191401,-0.9815,-0.00487372,-0.022792,-0.00940873,0.999696,2.83753,6.08111,0.00995523,-1.99182,0.480811,-0.00271394
-0.981529,-0.189837,-0.0237127,0.189997,-0.981773,-0.00468505,-0.0223911,-0.00910387,0.999708,2.82776,6.08359,0.0097934,-1.99148,0.480858,0.00552906
-0.981831,-0.188336,-0.0231856,0.188489,-0.982065,-0.00454265,-0.0219142,-0.00883034,0.999721,2.818,6.08606,0.00969869,-1.9915,0.480318,0.0155481
-0.982148,-0.186746,-0.0225884,0.186891,-0.982371,-0.00445249,-0.0213587,-0.00859457,0.999735,2.80825,6.08851,0.00968248,-1.99136,0.478836,0.0282289
-0.98248,-0.185073,-0.021921,0.185211,-0.982689,-0.00441468,-0.0207245,-0.00839735,0.99975,2.79851,6.09094,0.00975534,-1.99183,0.476639,0.0433715
-0.98283,-0.183295,-0.0211517,0.183427,-0.983023,-0.00444348,-0.0199781,-0.00824697,0.999766,2.78879,6.09334,0.00993578,-1.9922,0.473331,0.0620112
-0.983195,-0.181427,-0.0202861,0.181553,-0.983371,-0.00454432,-0.0191243,-0.00815096,0.999784,2.77907,6.09573,0.0102345,-1.99276,0.469059,0.0835552
-0.983574,-0.17947,-0.0193279,0.179592,-0.98373,-0.00476712,-0.0181579,-0.00815996,0.999802,2.76936,6.0981,0.0106608,-1.99431,0.465016,0.108252
-0.983971,-0.177388,-0.01828,0.177508,-0.984106,-0.00515301,-0.0170754,-0.00831526,0.99982,2.75965,6.10044,0.0112234,-1.99659,0.461142,0.134578
-0.984387,-0.175184,-0.0171263,0.175302,-0.984498,-0.00567375,-0.0158669,-0.00858745,0.999837,2.74994,6.10276,0.0119296,-2.00059,0.458025,0.161665
-0.98482,-0.172848,-0.01589,0.172966,-0.984908,-0.006308,-0.0145598,-0.00896067,0.999854,2.74022,6.10505,0.0127792,-2.00616,0.454738,0.18882
-0.985274,-0.170363,-0.0145474,0.170477,-0.985336,-0.00703061,-0.0131363,-0.00940708,0.999869,2.73049,6.1073,0.0137736,-2.01362,0.451437,0.215436
-0.985751,-0.1677,-0.0131148,0.16781,-0.985789,-0.00777655,-0.0116243,-0.00986653,0.999884,2.72072,6.10952,0.0148967,-2.02211,0.448244,0.239637
-0.986244,-0.164893,-0.0115642,0.164996,-0.986257,-0.00852378,-0.00999976,-0.0103146,0.999897,2.71093,6.11171,0.0161233,-2.03109,0.444699,0.258209
-0.986756,-0.161909,-0.00989094,0.162,-0.986747,-0.00924736,-0.00826263,-0.0107272,0.999908,2.70112,6.11387,0.0174162,-2.03916,0.441298,0.27105
-0.987285,-0.158754,-0.0080764,0.15883,-0.987256,-0.00996671,-0.00639122,-0.0111228,0.999918,2.69128,6.11601,0.0187143,-2.04535,0.436537,0.271675
-0.987823,-0.155461,-0.00614699,0.15552,-0.987775,-0.0106669,-0.00441356,-0.011493,0.999924,2.68103,6.11818,0.020035,-2.05312,0.432669,0.256604
-0.988348,-0.152157,-0.00407378,0.152194,-0.988287,-0.0112343,-0.00231668,-0.0117234,0.999929,2.67076,6.12034,0.0212075,-2.05586,0.430157,0.212418
-0.988855,-0.148867,-0.00189256,0.148879,-0.988787,-0.0116625,-0.00013517,-0.0118143,0.99993,2.66047,6.12248,0.0221436,-2.05989,0.429377,0.162021
-0.989353,-0.145534,0.000402906,0.145518,-0.989282,-0.0120577,0.00215338,-0.0118706,0.999927,2.65016,6.12463,0.0228203,-2.06614,0.429917,0.108667
-0.98984,-0.142157,0.002824,0.142112,-0.989773,-0.0123839,0.00455558,-0.0118568,0.999919,2.63981,6.12678,0.023234,-2.07245,0.429647,0.0568071
-0.990318,-0.138709,0.00542707,0.138633,-0.990265,-0.0124955,0.00710748,-0.0116222,0.999907,2.62943,6.12893,0.0233934,-2.07869,0.427965,0.00695133
-0.990788,-0.135174,0.00823856,0.135068,-0.99076,-0.0122816,0.00982259,-0.0110557,0.999891,2.61902,6.13106,0.0233094,-2.08547,0.425698,-0.0405574
-0.991164,-0.132429,0.00756959,0.132287,-0.991068,-0.0168757,0.00973681,-0.0157253,0.999829,2.60857,6.13322,0.023261,-2.0824,0.413768,-0.0626916
-0.991522,-0.12977,0.00668917,0.129601,-0.991336,-0.0213868,0.00940658,-0.0203386,0.999749,2.59803,6.13523,0.0231844,-2.08439,0.398816,-0.0784559
-0.991868,-0.127141,0.00567092,0.126956,-0.991575,-0.0257267,0.00889406,-0.0247975,0.999653,2.58744,6.13709,0.0231044,-2.08874,0.383193,-0.0916915
-0.99221,-0.124499,0.00447146,0.124312,-0.991792,-0.0299118,0.00815876,-0.029123,0.999543,2.57682,6.13884,0.0229971,-2.0939,0.367311,-0.104932
-0.992544,-0.121846,0.00300152,0.121674,-0.991984,-0.0341053,0.00713306,-0.0334858,0.999414,2.56572,6.13946,0.0223725,-2.10363,0.342024,-0.129904
-0.992855,-0.119285,0.00306303,0.119106,-0.992266,-0.0349613,0.00720968,-0.0343467,0.999384,2.55491,6.14098,0.0229694,-2.10322,0.330585,-0.120242
-0.993169,-0.116644,0.00316105,0.116461,-0.992564,-0.0354172,0.00726876,-0.0348071,0.999368,2.54422,6.14258,0.0235764,-2.10212,0.322082,-0.111111
-0.993486,-0.113904,0.00324419,0.113717,-0.992871,-0.035717,0.00728938,-0.0351155,0.999357,2.53362,6.14421,0.0240887,-2.10007,0.314721,-0.10254
-0.993808,-0.111064,0.0032943,0.110875,-0.993182,-0.0360023,0.00727042,-0.0354141,0.999346,2.52312,6.14586,0.0245115,-2.09734,0.308291,-0.0936122
-0.994129,-0.108152,0.00330656,0.107962,-0.99349,-0.0363697,0.00721849,-0.0357992,0.999333,2.51269,6.14752,0.0248596,-2.09465,0.302085,-0.0860279
-0.99445,-0.105161,0.00326283,0.10497,-0.993791,-0.0368836,0.00712128,-0.0363364,0.999314,2.50231,6.14916,0.0251533,-2.09281,0.29624,-0.0781735
-0.994768,-0.102115,0.00314804,0.101926,-0.994083,-0.037554,0.00696424,-0.0370366,0.99929,2.49196,6.15077,0.0254077,-2.09185,0.290425,-0.0709035
-0.995081,-0.0990221,0.00300955,0.0988346,-0.994364,-0.038378,0.00679286,-0.0378918,0.999259,2.48162,6.15233,0.0256296,-2.0925,0.284069,-0.0651018
-0.99539,-0.0958663,0.00287277,0.09568,-0.994635,-0.0393315,0.00662792,-0.0388753,0.999222,2.47129,6.15384,0.0258264,-2.0945,0.277563,-0.0602953
-0.995695,-0.0926488,0.00276794,0.0924623,-0.994897,-0.0403761,0.00649461,-0.0399463,0.999181,2.46096,6.15528,0.0260036,-2.09774,0.270938,-0.0565462
-0.995995,-0.0893629,0.0026975,0.0891749,-0.995152,-0.0414693,0.00639024,-0.0410626,0.999136,2.45062,6.15666,0.0261648,-2.10196,0.263835,-0.0533
-0.99629,-0.0860211,0.00268659,0.0858297,-0.995402,-0.0425297,0.00633269,-0.0421414,0.999092,2.44028,6.15798,0.0263111,-2.10686,0.25682,-0.0504916
-0.996579,-0.0825949,0.00272349,0.0823987,-0.995648,-0.0435441,0.00630816,-0.0431708,0.999048,2.42993,6.15927,0.0264391,-2.11173,0.250072,-0.0490242
-0.996863,-0.0790927,0.00278258,0.078891,-0.995888,-0.0445275,0.00629293,-0.0441683,0.999004,2.41958,6.16052,0.0265484,-2.11667,0.243927,-0.0476126
-0.99714,-0.0755277,0.0028489,0.0753206,-0.996122,-0.0454835,0.00627311,-0.0451388,0.998961,2.40921,6.16173,0.0266419,-2.12155,0.237668,-0.0459527
-0.997409,-0.0718806,0.00291193,0.0716686,-0.996348,-0.0464151,0.00623764,-0.0460861,0.998918,2.39884,6.16291,0.0267224,-2.12654,0.231144,-0.0446123
-0.997671,-0.068148,0.00293732,0.0679333,-0.996567,-0.0473167,0.00615177,-0.0470069,0.998876,2.38846,6.16405,0.0267914,-2.13161,0.225365,-0.043527
-0.997923,-0.0643592,0.00291921,0.0641445,-0.996778,-0.0481651,0.00600967,-0.0478778,0.998835,2.37807,6.16516,0.0268518,-2.13659,0.218742,-0.042312
-0.998163,-0.0605122,0.00284386,0.060301,-0.996979,-0.0489495,0.00579731,-0.0486881,0.998797,2.36766,6.16623,0.0269067,-2.14227,0.212147,-0.0409052
-0.998392,-0.0566315,0.00269492,0.0564282,-0.997171,-0.0496514,0.00549913,-0.0494195,0.998763,2.35724,6.16724,0.0269603,-2.14868,0.205229,-0.0392451
-0.998607,-0.0526975,0.00248165,0.0525068,-0.997359,-0.0501892,0.00511994,-0.049989,0.998737,2.34678,6.16822,0.027018,-2.15643,0.19808,-0.0365951
-0.99881,-0.0487182,0.00220373,0.0485447,-0.997539,-0.0505819,0.00466257,-0.0504147,0.998717,2.33629,6.16914,0.0270836,-2.16483,0.190808,-0.0333356
-0.998999,-0.0447034,0.00184941,0.0445521,-0.997717,-0.0507437,0.0041136,-0.0506105,0.99871,2.32575,6.17003,0.0271579,-2.17426,0.183665,-0.0297479
-0.999172,-0.0406561,0.00143922,0.0405309,-0.997891,-0.0507103,0.00349786,-0.0506099,0.998712,2.31519,6.17088,0.0272464,-2.18407,0.176543,-0.0257319
-0.99933,-0.036581,0.000943494,0.0364868,-0.998059,-0.0504704,0.00278792,-0.0504021,0.998725,2.30458,6.17169,0.0273522,-2.19422,0.169487,-0.0206118
-0.999471,-0.0325105,0.00034749,0.0324525,-0.998222,-0.05,0.0019724,-0.0499623,0.998749,2.29393,6.17248,0.0274771,-2.20475,0.162698,-0.0148823
-0.999596,-0.0284373,-0.00035131,0.0284201,-0.99838,-0.0492991,0.0010512,-0.0492892,0.998784,2.28323,6.17323,0.0276261,-2.21582,0.155874,-0.00888083
-0.999702,-0.0243842,-0.00119774,0.0244136,-0.998531,-0.0483798,-1.62737e-05,-0.0483946,0.998828,2.2725,6.17395,0.0277959,-2.22692,0.149051,-0.00325499
-0.99979,-0.0203735,-0.00219962,0.0204548,-0.998671,-0.0472967,-0.0012331,-0.0473318,0.998878,2.26175,6.17466,0.0279831,-2.23725,0.142235,0.00146378
-0.999859,-0.0164132,-0.00341373,0.0165533,-0.998798,-0.0461304,-0.00265248,-0.0461804,0.99893,2.25098,6.17537,0.0281659,-2.24598,0.135257,0.00180649
-0.999909,-0.0125492,-0.0049571,0.01276,-0.998903,-0.0450523,-0.00438629,-0.0451115,0.998972,2.2401,6.17599,0.0283202,-2.2538,0.127096,-0.00529617
-0.999938,-0.00878878,-0.00686257,0.00908382,-0.998981,-0.0442154,-0.00646698,-0.044275,0.998998,2.22924,6.17657,0.0283711,-2.25664,0.119976,-0.0298602
-0.999945,-0.00512997,-0.00912453,0.00552254,-0.999037,-0.0435317,-0.00889243,-0.0435797,0.99901,2.21796,6.17716,0.0281241,-2.25797,0.115681,-0.0688955
-0.999932,-0.00162479,-0.0115527,0.00211938,-0.999076,-0.0429287,-0.0114723,-0.0429503,0.999011,2.20668,6.17774,0.0276535,-2.2539,0.114163,-0.119362
-0.9999,0.00174992,-0.0140671,-0.00115125,-0.999098,-0.0424538,-0.0141287,-0.0424334,0.998999,2.19541,6.17831,0.0269231,-2.25314,0.113922,-0.172792
-0.999851,0.0050338,-0.0165418,-0.00433333,-0.999103,-0.042112,-0.0167389,-0.0420341,0.998976,2.18414,6.17888,0.0259233,-2.25625,0.115795,-0.227131
-0.999787,0.00826963,-0.0189018,-0.00746982,-0.99909,-0.0419997,-0.0192319,-0.0418496,0.998939,2.17285,6.17947,0.0246587,-2.25882,0.1191,-0.278714
-0.999711,0.0114882,-0.0211277,-0.0105898,-0.999055,-0.0421528,-0.021592,-0.0419168,0.998888,2.16155,6.18007,0.0231424,-2.26072,0.122634,-0.327799
-0.999621,0.0146902,-0.0232611,-0.0136897,-0.998998,-0.0426039,-0.0238637,-0.0422694,0.998821,2.15024,6.1807,0.0213836,-2.26205,0.126317,-0.37573
-0.99952,0.0178799,-0.0253187,-0.0167721,-0.998921,-0.0433088,-0.0260657,-0.0428633,0.998741,2.13893,6.18133,0.0193869,-2.26225,0.12898,-0.422932
-0.999419,0.0217266,-0.0262528,-0.0204765,-0.998686,-0.0469826,-0.027239,-0.0464177,0.998551,2.12754,6.18208,0.0180152,-2.21756,0.155051,-0.136801
-0.999306,0.0256143,-0.0270434,-0.0242241,-0.998428,-0.0505376,-0.0282954,-0.0498474,0.998356,2.11597,6.18238,0.0164135,-2.20771,0.144011,-0.155717
-0.99918,0.0295639,-0.0276519,-0.0280464,-0.998161,-0.0537441,-0.02919,-0.0529245,0.998172,2.10425,6.18258,0.0147591,-2.19707,0.130743,-0.164223
-0.999042,0.0335901,-0.0280482,-0.0319666,-0.997893,-0.0564522,-0.0298854,-0.0555015,0.998011,2.09259,6.18271,0.0132312,-2.1847,0.115438,-0.164008
-0.998891,0.0377042,-0.0282057,-0.0360021,-0.997632,-0.0585985,-0.0303483,-0.057518,0.997883,2.0811,6.18279,0.0118534,-2.17058,0.0994461,-0.157007
-0.998725,0.0418995,-0.0281459,-0.0401465,-0.997379,-0.0601967,-0.0305943,-0.05899,0.99779,2.06984,6.18285,0.0106113,-2.1552,0.084351,-0.147697
-0.998545,0.0461718,-0.0278681,-0.0443956,-0.997132,-0.0613004,-0.0306186,-0.059974,0.99773,2.05879,6.18292,0.00947874,-2.13935,0.0697529,-0.137449
-0.998348,0.050499,-0.0274225,-0.0487221,-0.996886,-0.0620006,-0.030468,-0.0605621,0.997699,2.04794,6.183,0.00843149,-2.12399,0.0572055,-0.128267
-0.998132,0.0548698,-0.0268568,-0.0531094,-0.996639,-0.0623713,-0.0301888,-0.0608285,0.997692,2.03725,6.18312,0.00744985,-2.10932,0.0466327,-0.120528
-0.997898,0.0592829,-0.0261728,-0.0575533,-0.996383,-0.0625144,-0.0297842,-0.0608766,0.997701,2.02671,6.18325,0.0065202,-2.09567,0.0379004,-0.114069
-0.997645,0.0637106,-0.0254233,-0.0620202,-0.996116,-0.0625031,-0.0293067,-0.0607791,0.997721,2.01629,6.18339,0.00563838,-2.08287,0.0305519,-0.108704
-0.99737,0.0681627,-0.0246487,-0.0665161,-0.995833,-0.0623803,-0.028798,-0.0605766,0.997748,2.00598,6.18353,0.00480064,-2.07144,0.0243784,-0.104456
-0.997075,0.0726145,-0.0238468,-0.0710153,-0.995535,-0.062178,-0.0282554,-0.0603026,0.99778,1.99576,6.18367,0.00400245,-2.0606,0.0189677,-0.10096
-0.996759,0.0770716,-0.0230354,-0.0755209,-0.995218,-0.0619438,-0.0276993,-0.0600034,0.997814,1.98562,6.18379,0.00324013,-2.05063,0.0139578,-0.0981063
-0.996426,0.0815056,-0.0222047,-0.0800046,-0.994883,-0.0616936,-0.0271195,-0.0596966,0.997848,1.97553,6.1839,0.00251007,-2.04124,0.0090253,-0.0956451
-0.996074,0.08592,-0.0213343,-0.0844703,-0.994529,-0.0614632,-0.0264985,-0.0594197,0.997881,1.9655,6.184,0.00181041,-2.03253,0.00405547,-0.0934607
-0.995704,0.0903144,-0.0204042,-0.0889182,-0.994153,-0.0612649,-0.025818,-0.0591874,0.997913,1.95552,6.18405,0.00114598,-2.02417,-0.00133393,-0.0908529
-0.99532,0.0946587,-0.0194262,-0.0933186,-0.993762,-0.0610667,-0.0250856,-0.0589681,0.997945,1.9456,6.18407,0.00052369,-2.01619,-0.0072978,-0.0874185
-0.994919,0.0989804,-0.0184112,-0.0976985,-0.993354,-0.0608583,-0.0243126,-0.0587503,0.997977,1.93574,6.18404,-4.80873e-05,-2.00784,-0.0138871,-0.0818435
-0.9945,0.103288,-0.0173632,-0.102066,-0.992929,-0.0606117,-0.0235008,-0.0585062,0.99801,1.92592,6.18396,-0.000559269,-1.99953,-0.0212566,-0.0738915
-0.994063,0.107579,-0.016276,-0.106422,-0.992492,-0.0602836,-0.0226391,-0.0581936,0.998049,1.91616,6.18384,-0.0010024,-1.99173,-0.0292068,-0.0643115
-0.993609,0.111853,-0.0151551,-0.110764,-0.992042,-0.059868,-0.021731,-0.0578068,0.998091,1.90643,6.18367,-0.00137554,-1.98453,-0.0377622,-0.052756
-0.993136,0.116131,-0.0139642,-0.115114,-0.991576,-0.0593813,-0.0207426,-0.0573662,0.998138,1.89674,6.18346,-0.00167397,-1.97754,-0.0466772,-0.039869
-0.992642,0.120419,-0.0126931,-0.119479,-0.991092,-0.0588275,-0.019664,-0.0568781,0.998187,1.88709,6.18322,-0.00189624,-1.97098,-0.056283,-0.0259926
-0.992131,0.12469,-0.0113299,-0.123832,-0.990592,-0.058251,-0.0184866,-0.0563896,0.998238,1.87746,6.18293,-0.0020413,-1.96495,-0.0663643,-0.0108061
-0.991598,0.128983,-0.00982981,-0.128213,-0.99007,-0.0576515,-0.0171683,-0.0559068,0.998288,1.86787,6.18261,-0.00209904,-1.95956,-0.0768468,0.00658735
-0.991043,0.133294,-0.00817354,-0.132619,-0.989523,-0.0570717,-0.0156952,-0.0554765,0.998337,1.8583,6.18225,-0.00206208,-1.95512,-0.0878048,0.0255024
-0.990468,0.137595,-0.00635125,-0.137021,-0.988953,-0.0565451,-0.0140614,-0.0551359,0.99838,1.84874,6.18183,-0.0019165,-1.95107,-0.0995556,0.0478287
-0.98987,0.141912,-0.00430755,-0.141451,-0.988357,-0.0560549,-0.0122123,-0.0548777,0.998418,1.83922,6.18134,-0.00164182,-1.94784,-0.11203,0.0726443
-0.989248,0.146231,-0.00206925,-0.145891,-0.987737,-0.0555966,-0.0101738,-0.0546969,0.998451,1.82972,6.1808,-0.0012318,-1.94524,-0.124814,0.0999277
-0.988599,0.15057,0.000380255,-0.150362,-0.98709,-0.0551839,-0.00793372,-0.0546119,0.998476,1.82024,6.18021,-0.000682272,-1.9438,-0.13802,0.128399
-0.987921,0.154928,0.00303468,-0.15486,-0.986413,-0.0548444,-0.00550347,-0.0546518,0.99849,1.81078,6.17956,2.72643e-06,-1.94364,-0.150349,0.156085
-0.987213,0.159299,0.00589043,-0.159382,-0.985707,-0.0545739,-0.00288735,-0.0548149,0.998492,1.80133,6.17885,0.000814806,-1.94502,-0.162553,0.181829
-0.986472,0.163687,0.00895146,-0.163931,-0.984973,-0.0543499,-7.94182e-05,-0.0550821,0.998482,1.79189,6.17806,0.00174159,-1.9474,-0.174526,0.202691
-0.985696,0.168095,0.0121564,-0.168509,-0.984213,-0.0541175,0.00286765,-0.0553919,0.998461,1.78247,6.17721,0.00276048,-1.95044,-0.185999,0.219299
-0.984881,0.172539,0.0154674,-0.173129,-0.983428,-0.0538151,0.00592584,-0.0556793,0.998431,1.77307,6.17629,0.00384763,-1.9527,-0.196791,0.230473
-0.984025,0.177029,0.0188591,-0.177799,-0.982618,-0.0533864,0.00908037,-0.0558867,0.998396,1.7637,6.17529,0.00497474,-1.95359,-0.206909,0.235411
-0.98313,0.181564,0.0221526,-0.182505,-0.981791,-0.0527123,0.0121785,-0.055866,0.998364,1.75393,6.17424,0.00611945,-1.95634,-0.213217,0.222493
-0.982208,0.186095,0.0252196,-0.187184,-0.980972,-0.0515417,0.015148,-0.0553454,0.998352,1.74415,6.17317,0.00714278,-1.9556,-0.214867,0.186841
-0.98127,0.19058,0.0280773,-0.191796,-0.980158,-0.0500523,0.0179812,-0.0544999,0.998352,1.73437,6.1721,0.00795073,-1.95624,-0.214764,0.136337
-0.98031,0.195046,0.0308162,-0.196376,-0.979327,-0.0485377,0.0207121,-0.0536336,0.998346,1.72457,6.17102,0.00850083,-1.9609,-0.214975,0.0837036
-0.979311,0.199556,0.0335716,-0.200996,-0.978462,-0.0470465,0.0234601,-0.0528209,0.998328,1.71476,6.16994,0.00879183,-1.96693,-0.215935,0.0326944
-0.978271,0.20411,0.0364011,-0.205656,-0.977566,-0.045495,0.0262985,-0.0519925,0.998301,1.70491,6.16886,0.0088314,-1.97275,-0.218264,-0.0168657
-0.977182,0.208729,0.0393301,-0.210374,-0.976643,-0.043728,0.0292841,-0.0510043,0.998269,1.69503,6.16776,0.00862793,-1.97877,-0.222855,-0.0645212
-0.976038,0.21344,0.0423481,-0.215167,-0.975693,-0.041539,0.0324527,-0.0496555,0.998239,1.68512,6.16663,0.00818915,-1.98493,-0.228501,-0.110991
-0.975253,0.216781,0.0434438,-0.218722,-0.974681,-0.0464403,0.0322765,-0.0547932,0.997976,1.67514,6.16552,0.00789804,-1.97739,-0.240376,-0.13035
-0.974492,0.219999,0.0443287,-0.222147,-0.973662,-0.0513234,0.03187,-0.0598617,0.997698,1.66511,6.16416,0.00760465,-1.97459,-0.257934,-0.14368
-0.973741,0.223161,0.0450246,-0.225497,-0.972633,-0.0560019,0.031295,-0.0646843,0.997415,1.65507,6.16258,0.007345,-1.97397,-0.278553,-0.153045
-0.972993,0.2263,0.0455213,-0.228804,-0.971593,-0.0604702,0.0305437,-0.0692525,0.997131,1.64504,6.16084,0.00709601,-1.97445,-0.299808,-0.161713
-0.972244,0.229445,0.0457845,-0.232092,-0.970535,-0.0647706,0.0295741,-0.0735991,0.996849,1.63504,6.15899,0.00682528,-1.97516,-0.320601,-0.170842
-0.971497,0.232582,0.0458113,-0.235349,-0.969455,-0.0690473,0.0283529,-0.0778609,0.996561,1.625,6.15632,0.00617768,-1.97649,-0.348297,-0.18786
-0.970728,0.235722,0.0460662,-0.238532,-0.968602,-0.0700944,0.028097,-0.0790309,0.996476,1.61496,6.15427,0.00665905,-1.97035,-0.362541,-0.17199
-0.969948,0.238881,0.046221,-0.241713,-0.967767,-0.0707178,0.0278381,-0.0797648,0.996425,1.60499,6.15226,0.00720462,-1.96486,-0.37555,-0.155137
-0.969152,0.242073,0.0463127,-0.244919,-0.966927,-0.0711881,0.0275483,-0.080335,0.996387,1.59509,6.15027,0.00768025,-1.95926,-0.386905,-0.139532
-0.968337,0.245301,0.0463788,-0.248156,-0.966069,-0.0716159,0.0272377,-0.0808575,0.996353,1.58528,6.14829,0.00807519,-1.95298,-0.398042,-0.125096
-0.967498,0.248581,0.0464264,-0.251444,-0.965187,-0.0720403,0.0269024,-0.0813725,0.996321,1.57554,6.14629,0.00840257,-1.94697,-0.409266,-0.112753
-0.966641,0.251888,0.046455,-0.254757,-0.964285,-0.0724851,0.0265377,-0.0819018,0.996287,1.56585,6.14427,0.00866957,-1.94251,-0.420677,-0.103233
-0.965756,0.255251,0.0465097,-0.258129,-0.96335,-0.0729768,0.0261778,-0.0824833,0.996249,1.55621,6.14221,0.00888273,-1.93896,-0.431848,-0.0956428
-0.964843,0.258663,0.0466085,-0.261555,-0.962385,-0.0735144,0.0258399,-0.0831205,0.996204,1.5466,6.14012,0.00905143,-1.93671,-0.442947,-0.0893555
-0.963892,0.262156,0.0467544,-0.265067,-0.961377,-0.0741145,0.025519,-0.0838315,0.996153,1.53701,6.13798,0.00918289,-1.93548,-0.453652,-0.0837918
-0.962914,0.265691,0.0469629,-0.268627,-0.960337,-0.074776,0.0252329,-0.0846183,0.996094,1.52743,6.13579,0.00928256,-1.93525,-0.463914,-0.078989
-0.961893,0.269312,0.0472487,-0.27228,-0.959253,-0.0754832,0.0249949,-0.0854717,0.996027,1.51789,6.13355,0.00935602,-1.9347,-0.473614,-0.0750218
-0.960841,0.27298,0.0476037,-0.275987,-0.958134,-0.0762297,0.0248015,-0.0863826,0.995953,1.50838,6.13127,0.00940728,-1.93413,-0.482924,-0.0717101
-0.959751,0.276725,0.0479721,-0.279773,-0.956973,-0.0770091,0.0245977,-0.0873309,0.995876,1.4989,6.12894,0.0094398,-1.93234,-0.491252,-0.0693007
-0.958625,0.280534,0.0483581,-0.283624,-0.955774,-0.0778013,0.0243936,-0.0882978,0.995795,1.48945,6.12656,0.00945681,-1.93015,-0.498621,-0.0668683
-0.957464,0.284407,0.0487361,-0.287538,-0.954541,-0.0785701,0.0241747,-0.0892416,0.995717,1.48004,6.12414,0.00946,-1.92768,-0.505828,-0.0648646
-0.956269,0.288342,0.0490782,-0.29151,-0.953272,-0.0793361,0.0239089,-0.0901735,0.995639,1.47067,6.12168,0.00945103,-1.92452,-0.513373,-0.0629181
-0.955036,0.292352,0.0493545,-0.29555,-0.951966,-0.0800689,0.0235755,-0.0910554,0.995567,1.46132,6.11917,0.00943543,-1.92133,-0.521334,-0.061329
-0.953771,0.296421,0.0495462,-0.299638,-0.950633,-0.080705,0.0231777,-0.0918201,0.995506,1.45202,6.1166,0.00941615,-1.91789,-0.529749,-0.0600135
-0.952479,0.300538,0.0496051,-0.303759,-0.949279,-0.0812389,0.0226737,-0.0924463,0.995459,1.44273,6.11399,0.00939242,-1.91496,-0.537789,-0.0580132
-0.95115,0.30473,0.0495368,-0.30794,-0.947896,-0.0816436,0.0220765,-0.0929097,0.99543,1.43347,6.11132,0.00936818,-1.91194,-0.545826,-0.0557418
-0.949795,0.308958,0.0493343,-0.31214,-0.9465,-0.0818943,0.0213929,-0.0931821,0.995419,1.42422,6.10861,0.00934911,-1.90964,-0.554132,-0.0525453
-0.94841,0.31324,0.0489857,-0.316376,-0.945085,-0.0819738,0.0206182,-0.0932426,0.99543,1.41499,6.10586,0.00934022,-1.90759,-0.562617,-0.0484916
-0.946996,0.31757,0.04846,-0.32064,-0.943656,-0.0818778,0.0197276,-0.0930761,0.995464,1.40577,6.10307,0.00934532,-1.90598,-0.570835,-0.0433088
-0.945561,0.32192,0.0477628,-0.324905,-0.94222,-0.0816037,0.0187331,-0.0926796,0.99552,1.39655,6.10024,0.00937049,-1.90514,-0.578974,-0.0368154
-0.944103,0.326298,0.0468998,-0.329179,-0.940775,-0.0811424,0.0176455,-0.0920452,0.995598,1.38734,6.09737,0.00942559,-1.9046,-0.586633,-0.0285064
-0.942621,0.330698,0.0458678,-0.333457,-0.939325,-0.0804613,0.0164764,-0.0911395,0.995702,1.37813,6.09447,0.00951728,-1.90432,-0.59481,-0.0195096
-0.941125,0.335095,0.0446619,-0.337716,-0.937877,-0.0795936,0.015216,-0.0899906,0.995826,1.36894,6.09152,0.00964649,-1.90499,-0.603212,-0.00995664
-0.939611,0.339497,0.0432723,-0.341963,-0.936425,-0.0785434,0.013856,-0.0885978,0.995971,1.35974,6.08855,0.00981222,-1.90577,-0.612051,-0.000460119
-0.938094,0.343862,0.041697,-0.346159,-0.93498,-0.0773715,0.0123807,-0.0870156,0.99613,1.35053,6.08556,0.0100047,-1.90756,-0.620883,0.00736941
-0.936575,0.348185,0.0399349,-0.350302,-0.933535,-0.0761587,0.0107633,-0.0853176,0.996296,1.34131,6.08255,0.0102106,-1.91015,-0.629843,0.0143508
-0.935068,0.352424,0.038024,-0.354354,-0.932101,-0.0749665,0.00902228,-0.0835727,0.996461,1.33206,6.07954,0.0104104,-1.9139,-0.637532,0.0173223
-0.933568,0.356586,0.0360136,-0.358328,-0.930668,-0.0738781,0.00717284,-0.0818749,0.996617,1.32279,6.07652,0.0105798,-1.91824,-0.644402,0.0155814
-0.932092,0.360631,0.0339113,-0.362185,-0.92924,-0.0730365,0.00517256,-0.0803589,0.996753,1.3135,6.07337,0.010741,-1.92146,-0.651603,0.00448639
-0.93064,0.364562,0.0316875,-0.365925,-0.927812,-0.0725505,0.00295092,-0.0791136,0.996861,1.30388,6.07009,0.0107032,-1.92564,-0.658132,-0.0195816
-0.929219,0.368362,0.0293703,-0.36953,-0.926397,-0.0723594,0.000554133,-0.0780909,0.996946,1.29426,6.0668,0.0104985,-1.92447,-0.660164,-0.0622834
-0.927837,0.372009,0.026974,-0.372981,-0.925019,-0.0722885,-0.00194047,-0.0771327,0.997019,1.28464,6.06349,0.0100655,-1.92057,-0.660362,-0.110919
-0.926487,0.375527,0.0245155,-0.3763,-0.92368,-0.072209,-0.00447194,-0.0761259,0.997088,1.27504,6.06019,0.00937998,-1.91994,-0.660904,-0.163299
-0.925153,0.378952,0.0220677,-0.379531,-0.92237,-0.0720444,-0.00694681,-0.0750274,0.997157,1.26544,6.05689,0.0084317,-1.92098,-0.66113,-0.216014
-0.923823,0.382314,0.0196622,-0.382705,-0.921072,-0.0718551,-0.00936091,-0.0739062,0.997221,1.25583,6.05358,0.00722467,-1.92241,-0.659741,-0.266798
-0.922484,0.385645,0.0173381,-0.385857,-0.919766,-0.0717235,-0.0117128,-0.0728538,0.997274,1.24622,6.05029,0.00576824,-1.92348,-0.657592,-0.315773
-0.921028,0.38928,0.0130238,-0.389198,-0.918494,-0.0699608,-0.015272,-0.0695046,0.997465,1.23655,6.04705,0.00423703,-1.92255,-0.652723,-0.350465
-0.919545,0.392894,0.00842282,-0.392524,-0.91722,-0.0680564,-0.0190133,-0.0658871,0.997646,1.22607,6.04464,0.00209533,-1.93048,-0.638839,-0.383709
-0.917942,0.396637,0.00784253,-0.396181,-0.915502,-0.0699815,-0.0205775,-0.0673461,0.997517,1.2158,6.04203,0.000882444,-1.91972,-0.630582,-0.377831
-0.916315,0.400387,0.00757748,-0.399858,-0.913743,-0.0720258,-0.0219143,-0.0690283,0.997374,1.20583,6.03898,5.83408e-05,-1.90323,-0.62878,-0.360691
-0.914656,0.404162,0.00757919,-0.40358,-0.91195,-0.073962,-0.0229808,-0.0707086,0.997232,1.19616,6.03561,-0.000533123,-1.8827,-0.631785,-0.339235
-0.912959,0.407977,0.00776367,-0.407356,-0.910132,-0.0756314,-0.0237899,-0.072211,0.997106,1.18677,6.03205,-0.000980903,-1.85927,-0.637719,-0.314604
-0.911203,0.411879,0.00798374,-0.411231,-0.908278,-0.0769463,-0.0244411,-0.0733968,0.997003,1.1767,6.0281,-0.00153745,-1.84339,-0.648334,-0.290671
-0.909409,0.415817,0.00841899,-0.415167,-0.906412,-0.0777994,-0.0247192,-0.0742468,0.996933,1.16828,6.02466,-0.00174545,-1.81196,-0.653337,-0.265219
-0.907568,0.419812,0.00886029,-0.41917,-0.904529,-0.0782527,-0.024837,-0.0747336,0.996894,1.15972,6.02115,-0.00201888,-1.78492,-0.658752,-0.242722
-0.905685,0.42385,0.00930408,-0.423225,-0.90263,-0.078358,-0.0248139,-0.0749053,0.996882,1.15117,6.01763,-0.00231697,-1.76096,-0.663779,-0.222613
-0.903764,0.427921,0.00972981,-0.427319,-0.900714,-0.0781808,-0.0246915,-0.0748147,0.996892,1.1427,6.01414,-0.00263047,-1.73977,-0.667926,-0.205189
-0.901813,0.432007,0.010138,-0.431432,-0.898787,-0.0777718,-0.024486,-0.0745095,0.99692,1.1343,6.0107,-0.00295617,-1.72035,-0.670685,-0.189826
-0.899831,0.436111,0.0105278,-0.435565,-0.896839,-0.0772156,-0.0242328,-0.0740665,0.996959,1.12598,6.00731,-0.00329405,-1.70254,-0.672661,-0.176507
-0.897829,0.440209,0.0109262,-0.439694,-0.894877,-0.0765798,-0.0239335,-0.0735597,0.997004,1.11773,6.00396,-0.00364391,-1.68598,-0.673881,-0.165445
-0.895814,0.444285,0.0113298,-0.443801,-0.892903,-0.0759227,-0.0236149,-0.0730407,0.997049,1.10956,6.00063,-0.00399935,-1.6707,-0.674926,-0.155584
-0.893788,0.448336,0.0117716,-0.447887,-0.890918,-0.0752523,-0.0232508,-0.0725319,0.997095,1.10145,5.99731,-0.00435182,-1.6559,-0.675945,-0.146014
-0.891747,0.452368,0.0122358,-0.451956,-0.888917,-0.0745868,-0.0228641,-0.0720426,0.997139,1.09341,5.994,-0.00469478,-1.64169,-0.677131,-0.136594
-0.889702,0.456362,0.0127744,-0.455991,-0.88691,-0.0739133,-0.0224015,-0.0715859,0.997183,1.08544,5.99069,-0.00502269,-1.62765,-0.678768,-0.127282
-0.887651,0.460324,0.0133341,-0.459995,-0.884895,-0.0732511,-0.02192,-0.071155,0.997224,1.07755,5.98736,-0.00532881,-1.61413,-0.680461,-0.118302
-0.885597,0.464247,0.0138916,-0.463961,-0.882879,-0.0725643,-0.0214232,-0.0707079,0.997267,1.06973,5.98402,-0.00561075,-1.60081,-0.682503,-0.109273
-0.883534,0.468144,0.0144442,-0.4679,-0.880856,-0.0718511,-0.0209134,-0.0702414,0.997311,1.06197,5.98068,-0.00586621,-1.58811,-0.684615,-0.0997028
-0.881463,0.472014,0.0149926,-0.471812,-0.878826,-0.0711172,-0.0203924,-0.0697609,0.997355,1.05427,5.97732,-0.00608983,-1.5758,-0.687109,-0.0900564
-0.879383,0.475862,0.0155203,-0.475701,-0.87679,-0.0703418,-0.019865,-0.0692403,0.997402,1.04664,5.97394,-0.00627593,-1.56375,-0.690434,-0.0794581
-0.87729,0.479693,0.0160342,-0.479571,-0.874744,-0.069525,-0.0193248,-0.0686832,0.997451,1.03906,5.97055,-0.00642097,-1.55204,-0.693939,-0.0681038
-0.875171,0.48353,0.0165619,-0.48345,-0.872674,-0.0686782,-0.0187548,-0.068112,0.997501,1.03152,5.96715,-0.00652046,-1.54035,-0.698317,-0.0553764
-0.873041,0.487346,0.0171405,-0.48731,-0.870591,-0.0678219,-0.0181303,-0.067564,0.99755,1.02403,5.96373,-0.00656987,-1.52961,-0.702978,-0.041264
-0.870883,0.491167,0.0178056,-0.491181,-0.868481,-0.0669508,-0.0174202,-0.0670521,0.997597,1.01658,5.9603,-0.00656215,-1.51897,-0.708636,-0.0259477
-0.868697,0.494995,0.018595,-0.495066,-0.866337,-0.0661032,-0.0166112,-0.0666294,0.99764,1.00918,5.95683,-0.00649095,-1.50842,-0.714901,-0.0100012
-0.86649,0.498813,0.0195131,-0.498948,-0.864171,-0.0652648,-0.0156922,-0.0662873,0.997677,1.00182,5.95334,-0.00634816,-1.49857,-0.721617,0.00694891
-0.864247,0.502647,0.0205855,-0.502855,-0.861966,-0.0644281,-0.0146406,-0.0660333,0.99771,0.994517,5.9498,-0.00612377,-1.48843,-0.729221,0.0253274
-0.861974,0.506483,0.0217981,-0.506773,-0.859731,-0.0635877,-0.0134656,-0.0658577,0.997738,0.987271,5.94622,-0.0058091,-1.4781,-0.737571,0.045275
-0.85967,0.510326,0.0231415,-0.510705,-0.857465,-0.0627204,-0.0121648,-0.0657373,0.997763,0.980078,5.94259,-0.00539802,-1.4676,-0.746087,0.0664037
-0.857336,0.514167,0.0246366,-0.514645,-0.855174,-0.0617837,-0.0106985,-0.0656486,0.997785,0.97294,5.93893,-0.00488534,-1.45776,-0.755111,0.0888386
-0.854964,0.518022,0.0262771,-0.518608,-0.852845,-0.0608428,-0.00910762,-0.0656459,0.997801,0.965852,5.93523,-0.00427407,-1.44877,-0.764507,0.111132
-0.852563,0.52187,0.0280705,-0.522572,-0.850491,-0.0598686,-0.00736997,-0.0657106,0.997812,0.958804,5.93148,-0.00356749,-1.44116,-0.774546,0.132563
-0.850122,0.525728,0.0300304,-0.526557,-0.8481,-0.0588666,-0.00547906,-0.0658565,0.997814,0.951795,5.92769,-0.00277258,-1.43498,-0.784869,0.152458
-0.847638,0.529601,0.0321371,-0.530564,-0.84567,-0.057823,-0.00344578,-0.0660638,0.997809,0.944818,5.92386,-0.00190217,-1.43,-0.795554,0.169442
-0.845117,0.533474,0.0343972,-0.53458,-0.843212,-0.0567289,-0.00125929,-0.0663306,0.997797,0.937879,5.91996,-0.000968824,-1.42606,-0.806249,0.183036
-0.842549,0.537363,0.0367781,-0.538619,-0.840717,-0.0555382,0.00107582,-0.066603,0.997779,0.93097,5.91599,1.51245e-05,-1.4231,-0.817834,0.192199
-0.839919,0.541293,0.0392211,-0.5427,-0.838177,-0.0541775,0.00354833,-0.06679,0.997761,0.924092,5.91194,0.0010217,-1.42068,-0.829432,0.196246
-0.837243,0.54524,0.0416688,-0.546796,-0.835612,-0.0525982,0.00614025,-0.0668218,0.997746,0.917261,5.90781,0.00201384,-1.41808,-0.839445,0.190926
-0.834524,0.549215,0.0439585,-0.550901,-0.833028,-0.0507106,0.00876767,-0.066536,0.997746,0.910166,5.9036,0.00292384,-1.41984,-0.846921,0.173082
-0.831791,0.553185,0.0459438,-0.554974,-0.830453,-0.0484929,0.0113287,-0.0658335,0.997766,0.903067,5.89936,0.00368229,-1.41985,-0.847886,0.130299
-0.829046,0.557149,0.0476293,-0.559012,-0.827879,-0.04607,0.0137635,-0.0648194,0.997802,0.89596,5.89512,0.00421437,-1.42298,-0.848456,0.0825325
-0.826278,0.561106,0.0492398,-0.56303,-0.825284,-0.0436259,0.0161581,-0.0637707,0.997834,0.888833,5.89087,0.00449775,-1.42777,-0.850212,0.0308196
-0.823477,0.565065,0.0508596,-0.567045,-0.822656,-0.041186,0.0185672,-0.0627555,0.997856,0.881683,5.88662,0.00452453,-1.43206,-0.85299,-0.0201061
-0.820621,0.569057,0.0524967,-0.571085,-0.819981,-0.0386428,0.0210563,-0.0616912,0.997873,0.874515,5.88234,0.00430231,-1.43537,-0.857062,-0.068783
-0.817716,0.573077,0.0540763,-0.575137,-0.81727,-0.0358835,0.0236309,-0.0604438,0.997892,0.867332,5.87804,0.00383767,-1.43785,-0.862579,-0.117072
-0.815421,0.576104,0.0564998,-0.578393,-0.814815,-0.0392111,0.0234472,-0.0646527,0.997632,0.860431,5.87346,0.00387043,-1.29339,-0.924307,0.214256
-0.813193,0.579019,0.0587659,-0.581537,-0.812401,-0.0426436,0.0230501,-0.068852,0.997361,0.853732,5.86854,0.00402328,-1.28516,-0.938688,0.182059
-0.811003,0.581878,0.0607611,-0.584611,-0.810006,-0.046044,0.0224249,-0.0728635,0.99709,0.84686,5.86365,0.00386977,-1.27995,-0.953629,0.152662
-0.808841,0.5847,0.0624612,-0.587632,-0.807618,-0.0494187,0.0215497,-0.076676,0.996823,0.839898,5.85878,0.00351172,-1.27702,-0.968251,0.124345
-0.806691,0.587504,0.0639344,-0.590621,-0.805213,-0.0529062,0.0203982,-0.0804399,0.996551,0.833188,5.85302,0.00261088,-1.27277,-0.991586,0.0866723
-0.804574,0.590346,0.0644405,-0.593509,-0.803048,-0.0534813,0.0201763,-0.0812757,0.996487,0.826156,5.84783,0.00208968,-1.26847,-1.00118,0.0759404
-0.802418,0.593246,0.064695,-0.59643,-0.800863,-0.0537474,0.0199264,-0.0817139,0.996457,0.818946,5.84288,0.00142424,-1.26625,-1.00695,0.0681345
-0.800231,0.596178,0.0648139,-0.599369,-0.79866,-0.0538504,0.0196598,-0.0819403,0.996443,0.811709,5.83806,0.000678702,-1.26442,-1.0107,0.0621594
-0.798037,0.599142,0.0645364,-0.602302,-0.796456,-0.0537629,0.0191887,-0.0817752,0.996466,0.804459,5.83331,-3.52036e-05,-1.29638,-1.02929,0.0848349
-0.795788,0.60216,0.0642219,-0.605286,-0.794199,-0.05364,0.0187051,-0.0815587,0.996493,0.797312,5.82862,-0.000705953,-1.2916,-1.02935,0.0816684
-0.793482,0.605231,0.0638934,-0.608322,-0.791885,-0.0535027,0.0182147,-0.0813212,0.996521,0.7903,5.82398,-0.00130357,-1.28561,-1.02937,0.0804198
-0.791133,0.608329,0.0635898,-0.611387,-0.789526,-0.0534299,0.0177028,-0.0811482,0.996545,0.783408,5.81933,-0.00181477,-1.27932,-1.02986,0.0800408
-0.788723,0.61148,0.0633198,-0.614509,-0.787101,-0.0533882,0.0171933,-0.0810191,0.996564,0.776613,5.81466,-0.0022437,-1.27346,-1.03128,0.0788686
-0.786253,0.614673,0.0631111,-0.617679,-0.784616,-0.0533917,0.0166995,-0.0809618,0.996577,0.769899,5.80994,-0.0025999,-1.26853,-1.03363,0.0777551
-0.783719,0.617914,0.0629801,-0.620903,-0.782065,-0.0534249,0.0162425,-0.0809746,0.996584,0.763252,5.80518,-0.00289527,-1.26468,-1.03668,0.0762254
-0.781124,0.621194,0.0629506,-0.624175,-0.77945,-0.053508,0.015828,-0.0810886,0.996581,0.756666,5.80039,-0.0031433,-1.262,-1.04036,0.0739614
-0.778461,0.624521,0.063017,-0.627502,-0.776765,-0.0536395,0.0154504,-0.0812996,0.99657,0.750131,5.79555,-0.00335684,-1.26009,-1.04425,0.0701677
-0.775734,0.62789,0.0631765,-0.630879,-0.774013,-0.0538109,0.0151121,-0.0815997,0.996551,0.743635,5.79068,-0.00354738,-1.25885,-1.04826,0.0654833
-0.772931,0.631308,0.0634612,-0.634317,-0.771181,-0.0540497,0.0148181,-0.0820312,0.99652,0.737181,5.78577,-0.00372401,-1.25767,-1.0525,0.0597447
-0.770071,0.634756,0.0638408,-0.637793,-0.768287,-0.0543636,0.0145405,-0.082581,0.996478,0.730756,5.78082,-0.00389017,-1.25677,-1.05692,0.0538595
-0.767159,0.638221,0.0643493,-0.641297,-0.765338,-0.0547331,0.0143172,-0.083256,0.996425,0.724381,5.77583,-0.00405174,-1.25499,-1.06165,0.0474559
-0.764196,0.641708,0.0649248,-0.644829,-0.762337,-0.0551181,0.0141248,-0.0839865,0.996367,0.718051,5.7708,-0.00421043,-1.25298,-1.06647,0.0407908
-0.761196,0.645201,0.0655476,-0.648372,-0.759295,-0.0555421,0.0139341,-0.0847776,0.996302,0.711779,5.7657,-0.00436762,-1.25002,-1.07216,0.0339371
-0.758161,0.648703,0.0661495,-0.651922,-0.756221,-0.0559208,0.0137477,-0.0855213,0.996241,0.705552,5.76056,-0.00452133,-1.24653,-1.07857,0.0273
-0.755093,0.652217,0.0666895,-0.655478,-0.753117,-0.05625,0.0135378,-0.0861875,0.996187,0.69936,5.75537,-0.00467488,-1.24316,-1.08493,0.0214441
-0.751983,0.655751,0.0671788,-0.659048,-0.749973,-0.0565373,0.0133078,-0.0867892,0.996138,0.693211,5.75013,-0.00482732,-1.2396,-1.09155,0.0164267
-0.748833,0.659305,0.0675749,-0.662631,-0.746793,-0.05675,0.0130489,-0.0872735,0.996099,0.6871,5.74484,-0.00497333,-1.23625,-1.09878,0.0126377
-0.745644,0.662881,0.06785,-0.666223,-0.74358,-0.0568837,0.0127448,-0.0876182,0.996073,0.681024,5.73951,-0.00510844,-1.23254,-1.10651,0.0101654
-0.742418,0.666478,0.0679818,-0.669822,-0.740337,-0.0569145,0.0123972,-0.08779,0.996062,0.674981,5.73413,-0.00522504,-1.22931,-1.11491,0.00999322
-0.73917,0.670081,0.0679575,-0.673412,-0.737076,-0.0568767,0.0119778,-0.087805,0.996066,0.668969,5.72871,-0.00531663,-1.2262,-1.12352,0.0113814
-0.73589,0.6737,0.067774,-0.677003,-0.733788,-0.05676,0.0114925,-0.0876524,0.996085,0.662989,5.72325,-0.00537304,-1.22297,-1.13284,0.0154789
-0.732578,0.677338,0.067392,-0.680595,-0.730474,-0.0565538,0.010922,-0.0872967,0.996122,0.657027,5.71773,-0.00538896,-1.22011,-1.14257,0.021272
-0.729256,0.680969,0.0668384,-0.684164,-0.727154,-0.056277,0.0102789,-0.0867687,0.996175,0.651082,5.71216,-0.0053603,-1.2181,-1.15351,0.0280478
-0.725911,0.684604,0.0661142,-0.687722,-0.723818,-0.0559076,0.00958008,-0.0860521,0.996245,0.645146,5.70654,-0.00528071,-1.21683,-1.16551,0.0370497
-0.722568,0.688213,0.0652575,-0.691244,-0.720488,-0.0554904,0.00882801,-0.0852044,0.996324,0.639214,5.70087,-0.00515107,-1.21604,-1.17812,0.0462114
-0.719226,0.691797,0.064267,-0.69473,-0.717159,-0.0550792,0.00798599,-0.0842627,0.996412,0.63327,5.69516,-0.00497654,-1.21608,-1.19142,0.0559581
-0.715905,0.695329,0.0632291,-0.698161,-0.713847,-0.0547138,0.00709182,-0.083314,0.996498,0.627314,5.68941,-0.00476516,-1.21723,-1.20447,0.0638737
-0.712603,0.698805,0.0621882,-0.70154,-0.710545,-0.0544719,0.00612225,-0.0824444,0.996577,0.621343,5.6836,-0.00452819,-1.21929,-1.21731,0.0705254
-0.70933,0.702218,0.0611657,-0.704858,-0.707263,-0.0543525,0.00509299,-0.081667,0.996647,0.615345,5.67774,-0.0042781,-1.22228,-1.22993,0.0741484
-0.706092,0.705554,0.0602382,-0.708109,-0.704005,-0.0543948,0.00402951,-0.081063,0.996701,0.609332,5.67183,-0.00403164,-1.22591,-1.2421,0.0744566
-0.702903,0.708802,0.0593935,-0.71128,-0.700783,-0.0546243,0.00290418,-0.080641,0.996739,0.603293,5.66587,-0.0038151,-1.22989,-1.25358,0.0689212
-0.699765,0.71196,0.0586739,-0.714371,-0.697596,-0.0550819,0.0017146,-0.0804593,0.996756,0.597324,5.65975,-0.0035222,-1.23189,-1.26525,0.0574414
-0.696659,0.715047,0.0580805,-0.717402,-0.694419,-0.0558285,0.000412175,-0.0805605,0.99675,0.591156,5.6534,-0.00329588,-1.23516,-1.27497,0.0330961
-0.6936,0.718056,0.0575764,-0.72036,-0.691278,-0.0567067,-0.000917235,-0.0808075,0.996729,0.584977,5.64701,-0.0032322,-1.23658,-1.27952,-0.00762325
-0.690586,0.720995,0.0570731,-0.723247,-0.688189,-0.0575244,-0.00219772,-0.0810035,0.996711,0.578795,5.64061,-0.00339799,-1.23606,-1.28006,-0.0586904
-0.687452,0.72422,0.0539915,-0.726215,-0.685063,-0.057455,-0.00462249,-0.0787071,0.996887,0.572628,5.63421,-0.00373972,-1.23478,-1.27879,-0.0975249
-0.684357,0.727397,0.0504879,-0.729112,-0.682001,-0.0571874,-0.00716508,-0.0759479,0.997086,0.566471,5.62781,-0.00422828,-1.23669,-1.27707,-0.130603
-0.681265,0.730548,0.046671,-0.731971,-0.678962,-0.0568224,-0.00982369,-0.0728729,0.997293,0.560301,5.62144,-0.00487405,-1.23992,-1.27414,-0.162234
-0.678183,0.733655,0.0426472,-0.734785,-0.675944,-0.0564953,-0.012621,-0.0696507,0.997492,0.554101,5.61511,-0.00568489,-1.2442,-1.2704,-0.191828
-0.675091,0.736735,0.0383984,-0.73757,-0.672924,-0.0562505,-0.0156025,-0.0662957,0.997678,0.546902,5.60921,-0.00722536,-1.25938,-1.26164,-0.223483
-0.671836,0.739693,0.0386128,-0.740508,-0.669565,-0.0577079,-0.0168323,-0.0673633,0.997587,0.540032,5.60325,-0.00801073,-1.25758,-1.24964,-0.222429
-0.668569,0.742616,0.0392131,-0.743435,-0.666175,-0.0592909,-0.0179075,-0.0687924,0.99747,0.533497,5.5971,-0.00852058,-1.25017,-1.24108,-0.215401
-0.665253,0.745545,0.0400053,-0.746381,-0.662736,-0.060795,-0.0188125,-0.0703033,0.997348,0.527231,5.59084,-0.00887097,-1.2383,-1.23487,-0.203957
-0.66189,0.748487,0.040842,-0.749346,-0.659262,-0.0620861,-0.0195451,-0.0716989,0.997235,0.521184,5.58453,-0.00911933,-1.22388,-1.23053,-0.190646
-0.658474,0.751453,0.0416056,-0.752334,-0.655754,-0.0630853,-0.0201226,-0.0728414,0.997141,0.515306,5.5782,-0.00930237,-1.20792,-1.22773,-0.176321
-0.654993,0.754455,0.0422276,-0.755356,-0.652209,-0.0637169,-0.0205303,-0.073631,0.997074,0.509555,5.5719,-0.00945356,-1.19141,-1.22513,-0.162414
-0.651461,0.757481,0.0426832,-0.758397,-0.648642,-0.0640111,-0.0208011,-0.0740715,0.997036,0.503886,5.56566,-0.00960016,-1.17599,-1.22284,-0.151232
-0.6479,0.76051,0.0430145,-0.761438,-0.645071,-0.0640004,-0.0209256,-0.0742187,0.997022,0.49828,5.55946,-0.0097614,-1.16152,-1.22074,-0.141842
-0.644319,0.763534,0.0432268,-0.76447,-0.6415,-0.0637475,-0.0209434,-0.0741193,0.997029,0.49271,5.55332,-0.0099448,-1.14919,-1.21909,-0.134489
-0.640739,0.766532,0.0433814,-0.767476,-0.637946,-0.0632896,-0.0208386,-0.0738463,0.997052,0.487173,5.54724,-0.0101572,-1.13804,-1.21734,-0.128347
-0.637149,0.769512,0.0435012,-0.770464,-0.634393,-0.0626877,-0.0206421,-0.0734575,0.997085,0.481662,5.54119,-0.0103973,-1.12839,-1.21547,-0.123347
-0.633554,0.772466,0.0436381,-0.77343,-0.630844,-0.0619799,-0.0203485,-0.0730187,0.997123,0.476189,5.53519,-0.0106629,-1.11953,-1.21358,-0.119402
-0.629975,0.775381,0.0437762,-0.776358,-0.627314,-0.0612016,-0.0199931,-0.0725414,0.997165,0.470751,5.52921,-0.0109468,-1.11114,-1.21165,-0.115891
-0.62639,0.778271,0.0439296,-0.779264,-0.623781,-0.0603707,-0.0195823,-0.0720483,0.997209,0.465351,5.52325,-0.0112423,-1.10311,-1.20977,-0.112302
-0.622827,0.781117,0.0440809,-0.782126,-0.620275,-0.0594784,-0.0191174,-0.0715216,0.997256,0.459992,5.5173,-0.0115443,-1.09512,-1.20802,-0.108637
-0.619268,0.783933,0.0442334,-0.784959,-0.616776,-0.0585355,-0.0186058,-0.0709706,0.997305,0.454678,5.51137,-0.0118467,-1.0866,-1.2064,-0.104795
-0.615719,0.786715,0.0443917,-0.787759,-0.61329,-0.0575409,-0.0180433,-0.0703991,0.997356,0.449418,5.50545,-0.0121424,-1.07819,-1.20483,-0.100296
-0.612177,0.789467,0.0445148,-0.790528,-0.609816,-0.056483,-0.0174456,-0.0697678,0.997411,0.4442,5.49955,-0.0124279,-1.07002,-1.20336,-0.0952213
-0.608637,0.792194,0.0446073,-0.79327,-0.606344,-0.0553991,-0.0168395,-0.0691035,0.997467,0.439022,5.49365,-0.0126993,-1.06202,-1.20222,-0.0893647
-0.605099,0.794896,0.0446818,-0.795986,-0.602878,-0.0542619,-0.0161948,-0.0683999,0.997527,0.433882,5.48776,-0.0129542,-1.05459,-1.20155,-0.083237
-0.601565,0.79757,0.044728,-0.798672,-0.599418,-0.0531091,-0.0155474,-0.0676716,0.997587,0.428771,5.48188,-0.0131911,-1.04745,-1.20111,-0.0767919
-0.598065,0.800196,0.0447695,-0.80131,-0.595992,-0.0519284,-0.0148707,-0.0669308,0.997647,0.423687,5.47601,-0.0134105,-1.04065,-1.20115,-0.0705453
-0.594566,0.802797,0.0448216,-0.803922,-0.592566,-0.0507424,-0.0141761,-0.0662028,0.997705,0.418625,5.47013,-0.0136117,-1.03464,-1.20172,-0.0643272
-0.591098,0.805348,0.0449085,-0.806487,-0.589171,-0.0495608,-0.013455,-0.0655135,0.997761,0.413587,5.46425,-0.0137894,-1.02871,-1.20292,-0.057207
-0.587669,0.807846,0.045045,-0.809002,-0.585813,-0.04836,-0.0126795,-0.0648611,0.997814,0.408576,5.45835,-0.0139331,-1.02241,-1.20446,-0.0478669
-0.584283,0.810288,0.0452381,-0.811464,-0.5825,-0.0471286,-0.0118366,-0.0642455,0.997864,0.403599,5.45244,-0.0140371,-1.016,-1.20693,-0.0384204
-0.580953,0.812665,0.0454902,-0.813864,-0.579243,-0.0458574,-0.0109168,-0.0636639,0.997912,0.398655,5.44652,-0.014095,-1.00949,-1.20966,-0.0272944
-0.577679,0.814978,0.0458066,-0.816204,-0.576043,-0.0445543,-0.00992419,-0.0631255,0.997956,0.393746,5.44057,-0.0141022,-1.00279,-1.21338,-0.0158893
-0.574469,0.817223,0.0461808,-0.818479,-0.572911,-0.0431822,-0.00883199,-0.0626049,0.997999,0.388872,5.43461,-0.0140507,-0.9966,-1.2178,-0.00284776
-0.571333,0.819395,0.046597,-0.820683,-0.569858,-0.0417357,-0.0076444,-0.0620863,0.998042,0.384035,5.42862,-0.0139365,-0.990789,-1.22261,0.0106923
-0.568273,0.821495,0.0470368,-0.822816,-0.566884,-0.0402116,-0.00636923,-0.0615538,0.998083,0.379231,5.42261,-0.0137547,-0.985276,-1.22843,0.0257863
-0.565272,0.823536,0.0474935,-0.824889,-0.563974,-0.0386171,-0.00501748,-0.061006,0.998125,0.374461,5.41656,-0.013502,-0.980118,-1.23475,0.0408438
-0.562351,0.825506,0.0479617,-0.826891,-0.561149,-0.036931,-0.00357317,-0.0604273,0.998166,0.369711,5.41049,-0.013176,-0.97551,-1.24189,0.0567107
-0.559499,0.827413,0.0484706,-0.828829,-0.558396,-0.0351735,-0.00203721,-0.0598533,0.998205,0.364986,5.4044,-0.012774,-0.971586,-1.24961,0.073396
-0.55671,0.82926,0.0490081,-0.830706,-0.55571,-0.0333695,-0.000437697,-0.0592884,0.998241,0.360272,5.39828,-0.0122985,-0.968404,-1.25761,0.0901377
-0.553985,0.831048,0.0495943,-0.832525,-0.553088,-0.03154,0.00121877,-0.0587613,0.998271,0.355569,5.39213,-0.0117551,-0.966166,-1.26631,0.10594
-0.5513,0.832795,0.0502146,-0.834302,-0.550507,-0.0296994,0.00291003,-0.0582674,0.998297,0.350885,5.38594,-0.0111527,-0.964648,-1.27571,0.119501
-0.548652,0.834505,0.0508295,-0.836038,-0.547966,-0.0278101,0.00464518,-0.0577535,0.99832,0.346224,5.37971,-0.0105,-0.964133,-1.28519,0.130037
-0.54603,0.83619,0.0513591,-0.837741,-0.545455,-0.0258557,0.00639379,-0.0571436,0.998345,0.341586,5.37342,-0.00981835,-0.964151,-1.29536,0.135193
-0.543442,0.837852,0.0517248,-0.839407,-0.542982,-0.0237879,0.00815492,-0.0563455,0.998378,0.336963,5.36709,-0.00913445,-0.964087,-1.30503,0.135421
-0.540889,0.839493,0.0518644,-0.841036,-0.540547,-0.0216301,0.00987683,-0.0553193,0.99842,0.332369,5.36073,-0.00849409,-0.964326,-1.3125,0.124983
-0.5384,0.841106,0.0516251,-0.842611,-0.538172,-0.0194189,0.0114498,-0.0539551,0.998478,0.327537,5.35415,-0.00792223,-0.968305,-1.31979,0.103774
-0.535978,0.842691,0.0509876,-0.844134,-0.535857,-0.0171704,0.0128527,-0.0522433,0.998552,0.322685,5.34754,-0.00749506,-0.972577,-1.32228,0.0670926
-0.533654,0.844217,0.0501107,-0.845585,-0.533632,-0.0149267,0.0141393,-0.0503385,0.998632,0.317814,5.34093,-0.00727236,-0.975821,-1.3226,0.0219874
-0.531428,0.84568,0.0490992,-0.846964,-0.5315,-0.0126437,0.0154037,-0.0483045,0.998714,0.312934,5.33431,-0.00728658,-0.976343,-1.32437,-0.0276734
-0.529262,0.847101,0.0479819,-0.848294,-0.529425,-0.0102818,0.0166931,-0.0461445,0.998795,0.308054,5.32768,-0.00755311,-0.975593,-1.32674,-0.0789377
-0.527834,0.84791,0.0493956,-0.849201,-0.52793,-0.0121364,0.0157868,-0.0483528,0.998706,0.303535,5.32093,-0.00736424,-0.827094,-1.32476,0.249648
-0.526485,0.848662,0.0508546,-0.850057,-0.526498,-0.014231,0.0146976,-0.0507217,0.998605,0.29928,5.314,-0.00701645,-0.817779,-1.33161,0.209163
-0.525178,0.849383,0.0523004,-0.850886,-0.525089,-0.0165446,0.0134097,-0.0531906,0.998494,0.295001,5.30686,-0.00712246,-0.807803,-1.34248,0.171408
-0.524027,0.850104,0.052152,-0.851603,-0.523914,-0.0169033,0.0129536,-0.0532706,0.998496,0.290488,5.29973,-0.0075308,-0.800482,-1.34591,0.150401
-0.522889,0.850833,0.051676,-0.852309,-0.52276,-0.0170682,0.012492,-0.0529687,0.998518,0.285748,5.29266,-0.00813119,-0.795676,-1.34916,0.134017
-0.521772,0.851562,0.0509583,-0.853,-0.52163,-0.0170945,0.0120243,-0.0523869,0.998554,0.280882,5.28565,-0.00881467,-0.793658,-1.3523,0.120518
-0.520658,0.852293,0.0501122,-0.853687,-0.520508,-0.0170424,0.0115587,-0.0516534,0.998598,0.27599,5.2787,-0.00950713,-0.79278,-1.3549,0.108999
-0.519552,0.85302,0.0492186,-0.854367,-0.519394,-0.0169462,0.0111084,-0.0508551,0.998644,0.271126,5.27181,-0.010164,-0.792462,-1.35715,0.100186
-0.518471,0.853726,0.0483646,-0.855028,-0.518308,-0.016847,0.010685,-0.0500878,0.998688,0.266326,5.26496,-0.0107672,-0.791955,-1.35939,0.0931402
-0.517412,0.854411,0.0476066,-0.855674,-0.517243,-0.0167672,0.0102981,-0.0494113,0.998725,0.261603,5.25814,-0.0113137,-0.7909,-1.36193,0.0866063
-0.516394,0.855062,0.046974,-0.856294,-0.516218,-0.0167472,0.00992895,-0.0488717,0.998756,0.256958,5.25133,-0.0118016,-0.789325,-1.36433,0.0815637
-0.515427,0.855671,0.0465011,-0.85688,-0.515243,-0.0167907,0.00959209,-0.0485002,0.998777,0.252391,5.24453,-0.0122349,-0.787913,-1.36716,0.0771525
-0.51451,0.856239,0.0461998,-0.857434,-0.514316,-0.0168981,0.00929248,-0.0483075,0.998789,0.247896,5.23774,-0.0126182,-0.786291,-1.3709,0.0731714
-0.513641,0.856767,0.0460789,-0.857957,-0.513437,-0.0170571,0.00904465,-0.0482949,0.998792,0.243472,5.23093,-0.0129563,-0.785105,-1.37562,0.0692948
-0.512813,0.857261,0.0461179,-0.858455,-0.512599,-0.0172538,0.00884895,-0.0484381,0.998787,0.239115,5.2241,-0.0132529,-0.783048,-1.38134,0.0655061
-0.512013,0.857728,0.0463115,-0.858933,-0.51179,-0.017454,0.00873094,-0.0487152,0.998775,0.234828,5.21725,-0.0135145,-0.781433,-1.38769,0.0616025
-0.511243,0.858171,0.0466172,-0.859392,-0.511013,-0.0176302,0.00869227,-0.0490757,0.998757,0.230597,5.21037,-0.0137467,-0.779895,-1.39369,0.0578806
-0.510503,0.858589,0.047028,-0.859832,-0.510267,-0.0177885,0.00872386,-0.0495172,0.998735,0.226419,5.20348,-0.013956,-0.77818,-1.39982,0.0540586
-0.509791,0.858984,0.047534,-0.860253,-0.509552,-0.0179194,0.00882853,-0.0500264,0.998709,0.222296,5.19655,-0.0141473,-0.776298,-1.4057,0.0495543
-0.509088,0.85937,0.048089,-0.860668,-0.508849,-0.0180049,0.00899713,-0.0505547,0.998681,0.218214,5.18961,-0.0143267,-0.774977,-1.41119,0.0446654
-0.508395,0.859747,0.0486753,-0.861075,-0.508158,-0.0180492,0.00921702,-0.0510892,0.998652,0.214171,5.18264,-0.0144988,-0.773115,-1.4162,0.0393636
-0.507712,0.860116,0.0492806,-0.861474,-0.50748,-0.0180412,0.00949141,-0.0516138,0.998622,0.210166,5.17565,-0.0146625,-0.771286,-1.42078,0.035017
-0.507063,0.860464,0.0498885,-0.861853,-0.50684,-0.0179685,0.00982424,-0.0521077,0.998593,0.2062,5.16865,-0.0148153,-0.769176,-1.42465,0.0316266
-0.506413,0.860811,0.0504934,-0.862231,-0.506203,-0.0178193,0.0102208,-0.0525609,0.998565,0.202274,5.16164,-0.0149537,-0.766591,-1.42785,0.029414
-0.505777,0.861152,0.0510661,-0.862599,-0.505581,-0.0176359,0.0106308,-0.0529694,0.99854,0.198379,5.15461,-0.0150692,-0.763963,-1.43114,0.0294085
-0.505143,0.861491,0.0516072,-0.862965,-0.504965,-0.0173839,0.0110838,-0.0533166,0.998516,0.194516,5.14758,-0.0151524,-0.76123,-1.43415,0.0313628
-0.504526,0.861823,0.0521043,-0.863319,-0.50437,-0.0170719,0.0115668,-0.0535958,0.998496,0.190679,5.14053,-0.0151965,-0.758462,-1.43754,0.0356308
-0.503916,0.862152,0.052567,-0.863668,-0.503784,-0.016701,0.0120836,-0.0538164,0.998478,0.186867,5.13348,-0.0151967,-0.755952,-1.44161,0.0413924
-0.503321,0.862473,0.0529911,-0.864007,-0.503216,-0.0162773,0.0126272,-0.0539775,0.998462,0.183071,5.12641,-0.0151465,-0.75418,-1.44599,0.049037
-0.502718,0.862799,0.0534134,-0.86435,-0.502643,-0.0158051,0.0132112,-0.0541134,0.998447,0.179301,5.11932,-0.015038,-0.752195,-1.45094,0.0585384
-0.502121,0.863121,0.0538118,-0.864687,-0.50208,-0.015272,0.0138362,-0.0541987,0.998434,0.17555,5.1122,-0.0148622,-0.750787,-1.45648,0.0695878
-0.501506,0.863457,0.0541739,-0.865033,-0.501501,-0.0146619,0.0145084,-0.0542152,0.998424,0.171815,5.10506,-0.0146131,-0.749681,-1.46296,0.0823119
-0.500898,0.863788,0.0545005,-0.865371,-0.500937,-0.0139367,0.0152629,-0.0541441,0.998416,0.1681,5.09787,-0.0142817,-0.749003,-1.47016,0.0967531
-0.500291,0.864123,0.0547722,-0.865708,-0.500379,-0.0130868,0.0160982,-0.053964,0.998413,0.164392,5.09066,-0.0138628,-0.748676,-1.47835,0.112865
-0.499718,0.864438,0.0550257,-0.866021,-0.499861,-0.0121281,0.0170212,-0.053714,0.998411,0.160687,5.08341,-0.0133551,-0.74826,-1.48754,0.129657
-0.499179,0.864732,0.0553032,-0.866312,-0.499381,-0.0110942,0.0180239,-0.0534478,0.998408,0.156974,5.07614,-0.0127617,-0.748497,-1.49795,0.146598
-0.498691,0.864989,0.0556853,-0.86657,-0.498954,-0.0100717,0.0190725,-0.0532778,0.998398,0.153248,5.06884,-0.0120945,-0.749489,-1.50856,0.161998
-0.49827,0.865196,0.0562442,-0.866787,-0.498596,-0.00908414,0.0201836,-0.0532781,0.998376,0.149509,5.06151,-0.0113629,-0.750996,-1.51923,0.175816
-0.497923,0.865344,0.0570343,-0.866959,-0.498312,-0.00820101,0.0213242,-0.0535298,0.998339,0.145763,5.05414,-0.0105872,-0.75261,-1.53061,0.185821
-0.497675,0.865416,0.0580952,-0.867072,-0.498128,-0.00743472,0.0225047,-0.0540728,0.998283,0.142007,5.04673,-0.00980929,-0.755261,-1.54221,0.187646
-0.497518,0.865413,0.0594737,-0.867131,-0.498033,-0.00688026,0.0236656,-0.0549945,0.998206,0.138231,5.03914,-0.00897822,-0.757592,-1.55454,0.172175
-0.497384,0.865366,0.0612365,-0.867176,-0.497957,-0.00660594,0.0247766,-0.0563885,0.998101,0.134437,5.03134,-0.00819523,-0.7599,-1.56628,0.141028
-0.497251,0.865296,0.0632849,-0.867219,-0.497885,-0.00644687,0.0259301,-0.0580876,0.997975,0.13063,5.02349,-0.0076082,-0.762708,-1.57356,0.0937809
-0.496728,0.865774,0.0607924,-0.867546,-0.49732,-0.00605352,0.0249923,-0.0557472,0.998132,0.126763,5.01564,-0.00710451,-0.765962,-1.57053,0.0608938
-0.496123,0.866319,0.057915,-0.867922,-0.496669,-0.00556378,0.0239446,-0.053026,0.998306,0.122852,5.00779,-0.00672279,-0.774789,-1.57043,0.034099
-0.495486,0.86688,0.054877,-0.868315,-0.495988,-0.0050319,0.0228563,-0.0501438,0.99848,0.118882,4.99993,-0.00646616,-0.785501,-1.56913,0.0102096
-0.494832,0.867447,0.0517453,-0.868717,-0.495288,-0.00449662,0.0217282,-0.0471771,0.99865,0.114843,4.99208,-0.00632837,-0.797764,-1.56852,-0.0107339
-0.494179,0.868001,0.048601,-0.869117,-0.494591,-0.0040013,0.0205645,-0.0442173,0.99881,0.110726,4.98425,-0.00629955,-0.811421,-1.56674,-0.0288284
-0.493529,0.868537,0.0455151,-0.869515,-0.493894,-0.003634,0.0193234,-0.0413695,0.998957,0.106544,4.97645,-0.00636153,-0.825113,-1.56407,-0.0451869
-0.492914,0.86904,0.0424824,-0.869893,-0.493227,-0.00349159,0.0179191,-0.0386762,0.999091,0.102308,4.96868,-0.00650654,-0.838201,-1.56141,-0.0613654
-0.492354,0.8695,0.0394711,-0.870242,-0.492612,-0.00356741,0.0163421,-0.0361058,0.999214,0.0980231,4.96093,-0.00672916,-0.85117,-1.55842,-0.0776861
-0.491848,0.869919,0.0364048,-0.87056,-0.492048,-0.00388492,0.0145334,-0.0336034,0.99933,0.0935531,4.95324,-0.00711593,-0.864893,-1.55499,-0.0946507
-0.491284,0.870275,0.0355191,-0.870898,-0.491441,-0.00475422,0.0133181,-0.0332691,0.999358,0.0889748,4.94559,-0.00719675,-0.876214,-1.54999,-0.103709
-0.490765,0.870593,0.0348822,-0.871209,-0.490878,-0.00584871,0.012031,-0.03326,0.999374,0.0844522,4.93785,-0.00721658,-0.88366,-1.54705,-0.102315
-0.490274,0.870893,0.0343041,-0.871502,-0.490342,-0.00699703,0.0107271,-0.0333266,0.999387,0.0799936,4.93001,-0.00720125,-0.890152,-1.54723,-0.101237
-0.489821,0.871172,0.0336979,-0.871772,-0.489845,-0.0080819,0.00946605,-0.0333356,0.999399,0.0755908,4.92212,-0.00717558,-0.89511,-1.54957,-0.100134
-0.489396,0.871438,0.0329772,-0.872023,-0.489382,-0.00903144,0.00826812,-0.0331768,0.999415,0.0712027,4.91419,-0.00716078,-0.900288,-1.55383,-0.100315
-0.489016,0.871683,0.0321329,-0.872245,-0.48897,-0.00979166,0.00717681,-0.032816,0.999436,0.0668084,4.90625,-0.00717773,-0.905498,-1.55907,-0.10104
-0.488681,0.871906,0.0311765,-0.872441,-0.48861,-0.0103619,0.00619861,-0.0322633,0.99946,0.0623861,4.89831,-0.00723569,-0.911446,-1.56506,-0.101771
-0.488401,0.872098,0.0301532,-0.872603,-0.488312,-0.0107467,0.00535203,-0.0315605,0.999488,0.0579302,4.89038,-0.00733839,-0.917751,-1.57121,-0.102227
-0.488166,0.872266,0.0290781,-0.872738,-0.488065,-0.0109887,0.0046069,-0.0307419,0.999517,0.0534257,4.88246,-0.00748154,-0.924615,-1.57714,-0.102459
-0.487993,0.872398,0.0280164,-0.872839,-0.487883,-0.011114,0.00397285,-0.0298773,0.999546,0.0488837,4.87454,-0.00766036,-0.932307,-1.58269,-0.101422
-0.487886,0.872491,0.0269707,-0.872901,-0.487771,-0.0111548,0.00342304,-0.028985,0.999574,0.0442994,4.86663,-0.00786818,-0.940315,-1.58776,-0.100514
-0.487821,0.872557,0.0259719,-0.872939,-0.487702,-0.0111371,0.00294879,-0.0281048,0.999601,0.0396791,4.85873,-0.00810054,-0.948798,-1.59257,-0.0992284
-0.48781,0.872592,0.0250152,-0.872946,-0.48769,-0.0110975,0.00251604,-0.0272504,0.999625,0.0350182,4.85083,-0.00835244,-0.957806,-1.59729,-0.098101
-0.487847,0.872597,0.0241008,-0.872927,-0.487726,-0.0110395,0.00212152,-0.0264238,0.999649,0.030316,4.84292,-0.0086204,-0.9667,-1.60255,-0.0968879
-0.487936,0.87257,0.0232242,-0.872877,-0.487816,-0.0109687,0.00175816,-0.0256239,0.99967,0.0255728,4.835,-0.00890187,-0.97527,-1.60817,-0.0958027
-0.488071,0.872516,0.0224156,-0.872803,-0.487952,-0.0108798,0.00144492,-0.0248745,0.99969,0.0208025,4.82706,-0.00919207,-0.983229,-1.61359,-0.0946706
-0.488258,0.872431,0.021641,-0.872698,-0.488141,-0.0107522,0.00118329,-0.0241359,0.999708,0.0160016,4.8191,-0.00948331,-0.991235,-1.61933,-0.0924224
-0.488488,0.872321,0.020881,-0.87257,-0.488374,-0.0105823,0.000966555,-0.0233894,0.999726,0.0111631,4.81112,-0.00976881,-0.998769,-1.62577,-0.0890567
-0.488742,0.872195,0.0201702,-0.872428,-0.488633,-0.0103442,0.000833664,-0.0226527,0.999743,0.00629787,4.80311,-0.0100405,-1.00664,-1.63261,-0.0842442
-0.489021,0.872054,0.0194813,-0.872272,-0.488918,-0.010071,0.000742273,-0.0219179,0.999759,0.00139588,4.79508,-0.010291,-1.014,-1.63951,-0.0780827
-0.489333,0.871894,0.0188317,-0.872097,-0.489236,-0.00976137,0.000702294,-0.0211997,0.999775,-0.0035468,4.78702,-0.0105151,-1.02155,-1.64646,-0.0705024
-0.489647,0.87173,0.0182375,-0.871921,-0.489557,-0.00939627,0.00073731,-0.0205025,0.99979,-0.00853173,4.77895,-0.0107063,-1.02902,-1.65402,-0.0619973
-0.489964,0.871563,0.0177226,-0.871742,-0.489882,-0.00900077,0.000837273,-0.0198596,0.999802,-0.0135534,4.77085,-0.0108544,-1.03622,-1.66145,-0.0510019
-0.490287,0.871389,0.0173032,-0.871561,-0.490213,-0.00858282,0.00100327,-0.0192888,0.999813,-0.0186043,4.76271,-0.0109447,-1.04307,-1.66919,-0.0371296
-0.490618,0.87121,0.016979,-0.871374,-0.490552,-0.00811753,0.00125702,-0.0187777,0.999823,-0.0236798,4.75455,-0.0109628,-1.04907,-1.67727,-0.0210232
-0.490944,0.87103,0.016764,-0.87119,-0.490888,-0.00759896,0.00161032,-0.0183353,0.999831,-0.0287673,4.74636,-0.0108941,-1.05437,-1.68548,-0.00232499
-0.49126,0.870854,0.0166147,-0.87101,-0.491214,-0.00704234,0.00202851,-0.0179312,0.999837,-0.0338702,4.73814,-0.0107261,-1.05912,-1.69445,0.0186695
-0.491565,0.870684,0.0165175,-0.870837,-0.49153,-0.00643827,0.00251313,-0.0175489,0.999843,-0.0389925,4.72988,-0.0104479,-1.06404,-1.70409,0.0417628
-0.491843,0.870528,0.0164856,-0.870679,-0.491818,-0.00577702,0.00307886,-0.0171951,0.999847,-0.0441326,4.72158,-0.0100459,-1.06869,-1.71475,0.0679526
-0.492071,0.870398,0.0165136,-0.870547,-0.492059,-0.00505869,0.00372259,-0.0168651,0.999851,-0.0492888,4.71324,-0.00950876,-1.07399,-1.72614,0.0964994
-0.492238,0.870303,0.0165731,-0.870449,-0.492239,-0.00429453,0.00442038,-0.01654,0.999853,-0.0544616,4.70486,-0.00882794,-1.08058,-1.73924,0.126625
-0.492334,0.870248,0.0166234,-0.870391,-0.492348,-0.00349579,0.0051423,-0.01619,0.999856,-0.0596438,4.69642,-0.0079999,-1.08806,-1.75349,0.157291
-0.492328,0.870252,0.0165851,-0.87039,-0.492356,-0.00265663,0.00585381,-0.0157434,0.999859,-0.0648386,4.68794,-0.0070336,-1.09668,-1.76784,0.184345
-0.492234,0.870309,0.0163737,-0.870439,-0.492273,-0.00182453,0.00647243,-0.0151504,0.999864,-0.0700607,4.6794,-0.00595434,-1.10581,-1.78189,0.208482
-0.492037,0.870428,0.0159586,-0.870546,-0.492086,-0.000995788,0.00698622,-0.0143826,0.999872,-0.0753105,4.67084,-0.00479861,-1.115,-1.79446,0.224555
-0.491749,0.870603,0.0152862,-0.870706,-0.491803,-0.000257344,0.00729375,-0.0134363,0.999883,-0.0807274,4.66209,-0.00363519,-1.12494,-1.80595,0.229269
-0.49139,0.870821,0.0143689,-0.870908,-0.491446,0.000395966,0.00740633,-0.0123194,0.999897,-0.0863723,4.65304,-0.0025444,-1.13301,-1.81467,0.20707
-0.491,0.871055,0.0134619,-0.871127,-0.491056,0.00102073,0.00749964,-0.0112258,0.999909,-0.0920454,4.64396,-0.00163165,-1.13624,-1.81823,0.158028
-0.490584,0.871302,0.012666,-0.87136,-0.490642,0.00169854,0.00769441,-0.0102034,0.999918,-0.0977319,4.63485,-0.000979742,-1.13834,-1.82291,0.102736
-0.490103,0.871583,0.0118995,-0.871627,-0.490163,0.00254356,0.0080496,-0.00912528,0.999926,-0.103424,4.62573,-0.000606062,-1.13856,-1.82803,0.0467357
-0.48955,0.871905,0.0110905,-0.871933,-0.489612,0.00361808,0.00858468,-0.00789897,0.999932,-0.109116,4.61657,-0.000505223,-1.13803,-1.83272,-0.00640006
-0.489326,0.872014,0.0123426,-0.872069,-0.489381,0.0017083,0.00752987,-0.00992764,0.999922,-0.114824,4.6074,-0.000527139,-1.13198,-1.83262,-0.0428156
-0.489113,0.872114,0.013643,-0.872197,-0.489155,-0.000306759,0.00640601,-0.0120494,0.999907,-0.120467,4.59817,-0.000656879,-1.12451,-1.83767,-0.0695711
-0.488895,0.872216,0.0148823,-0.872328,-0.488916,-0.00239694,0.00518553,-0.0141541,0.999886,-0.126037,4.58887,-0.000872832,-1.1167,-1.84343,-0.0948964
-0.488665,0.872323,0.0160681,-0.872463,-0.488658,-0.00463742,0.0038065,-0.016285,0.99986,-0.131265,4.57923,-0.00129456,-1.106,-1.85286,-0.122117
-0.488555,0.872398,0.0153407,-0.872526,-0.488544,-0.00471096,0.0033848,-0.0156868,0.999871,-0.136762,4.56979,-0.00118092,-1.09916,-1.85376,-0.125078
-0.488426,0.872487,0.0143842,-0.8726,-0.488413,-0.0046593,0.00296026,-0.0148274,0.999886,-0.142248,4.56037,-0.00105392,-1.09365,-1.85602,-0.127834
-0.48826,0.872596,0.0133886,-0.872695,-0.488244,-0.00460444,0.00251908,-0.0139323,0.9999,-0.147721,4.551,-0.00100211,-1.08929,-1.8585,-0.130218
-0.488075,0.872713,0.0124527,-0.872799,-0.488057,-0.00463502,0.00203261,-0.013131,0.999912,-0.153198,4.54167,-0.00103705,-1.08614,-1.85972,-0.131418
-0.487878,0.872834,0.0116919,-0.872911,-0.487856,-0.00479331,0.00152019,-0.0125445,0.99992,-0.158665,4.53238,-0.00114944,-1.08343,-1.86055,-0.13165
-0.487653,0.872967,0.0111127,-0.873037,-0.487627,-0.0050955,0.000970675,-0.0121867,0.999925,-0.164137,4.52314,-0.00132358,-1.08153,-1.86152,-0.130727
-0.487432,0.873094,0.0107865,-0.873161,-0.487401,-0.00556683,0.00039698,-0.0121318,0.999926,-0.169581,4.51391,-0.00154476,-1.07982,-1.8636,-0.129525
-0.48721,0.87322,0.0106858,-0.873285,-0.487171,-0.00617704,-0.000188092,-0.0123413,0.999924,-0.174981,4.50467,-0.00179234,-1.07772,-1.86661,-0.127729
-0.486979,0.873348,0.0107485,-0.873414,-0.48693,-0.0068917,-0.00078506,-0.012744,0.999918,-0.180343,4.49541,-0.00205447,-1.0758,-1.87062,-0.125263
-0.486738,0.87348,0.0109527,-0.873547,-0.48668,-0.00763231,-0.00133623,-0.0132826,0.999911,-0.185652,4.48612,-0.00232645,-1.07371,-1.87633,-0.123144
-0.486481,0.873619,0.0111984,-0.873689,-0.486413,-0.00834221,-0.00184086,-0.0138423,0.999902,-0.190935,4.4768,-0.00260904,-1.07191,-1.88316,-0.121324
-0.486179,0.873784,0.011487,-0.873856,-0.486101,-0.00899551,-0.00227628,-0.0144114,0.999894,-0.196189,4.46745,-0.00290392,-1.07044,-1.89114,-0.119676
-0.485813,0.873983,0.0117818,-0.874059,-0.485726,-0.00955609,-0.00262914,-0.0149404,0.999885,-0.201423,4.45807,-0.0032113,-1.06918,-1.89987,-0.118509
-0.485375,0.874223,0.0120679,-0.874301,-0.48528,-0.010026,-0.0029087,-0.0154173,0.999877,-0.206644,4.44866,-0.00353043,-1.06865,-1.9091,-0.116917
-0.484848,0.874511,0.0123362,-0.874593,-0.484747,-0.0103829,-0.00310001,-0.0158233,0.99987,-0.211867,4.4392,-0.00385996,-1.06847,-1.91917,-0.114913
-0.484225,0.874853,0.0126137,-0.874938,-0.484119,-0.0106232,-0.00318719,-0.0161802,0.999864,-0.217086,4.42972,-0.00419111,-1.06895,-1.92956,-0.111581
-0.483483,0.875259,0.0128758,-0.875348,-0.483374,-0.0107602,-0.00319415,-0.0164732,0.999859,-0.222309,4.42022,-0.0045117,-1.06961,-1.94066,-0.106291
-0.482636,0.875723,0.0131431,-0.875815,-0.482524,-0.0108764,-0.00318289,-0.0167603,0.999854,-0.227522,4.41067,-0.00480679,-1.06976,-1.95329,-0.0980501
-0.481702,0.876232,0.0134017,-0.876329,-0.481588,-0.0109808,-0.0031677,-0.0170338,0.99985,-0.232722,4.40108,-0.00506264,-1.0699,-1.96665,-0.0880577
-0.480663,0.876799,0.0136238,-0.876899,-0.480546,-0.0111012,-0.00318661,-0.0172827,0.999846,-0.237905,4.39143,-0.00526792,-1.06977,-1.98242,-0.0763135
-0.479544,0.87741,0.0137686,-0.877512,-0.479423,-0.0112389,-0.00326014,-0.0174716,0.999842,-0.243072,4.38171,-0.00541485,-1.06916,-1.99964,-0.0632049
-0.478343,0.878064,0.0138408,-0.878166,-0.478219,-0.0114008,-0.00339168,-0.0176081,0.999839,-0.248216,4.37192,-0.00549741,-1.06884,-2.01853,-0.048879
-0.477065,0.87876,0.0137901,-0.878861,-0.476938,-0.0115828,-0.00360148,-0.0176453,0.999838,-0.25336,4.36204,-0.00551524,-1.06894,-2.03856,-0.033683
-0.475713,0.879495,0.0136393,-0.879592,-0.475583,-0.011787,-0.00387994,-0.0176043,0.999838,-0.258498,4.35209,-0.00546991,-1.06942,-2.05939,-0.0192811
-0.474282,0.880271,0.0133895,-0.880363,-0.474147,-0.0120691,-0.00427547,-0.0175118,0.999838,-0.263628,4.34206,-0.00536713,-1.06991,-2.08018,-0.00610922
-0.472802,0.881072,0.0130289,-0.881155,-0.472663,-0.0124563,-0.00481664,-0.0173699,0.999838,-0.268768,4.33196,-0.00521574,-1.07048,-2.10013,0.0058804
-0.471266,0.881901,0.0125782,-0.881974,-0.471119,-0.0129973,-0.00553648,-0.0172188,0.999836,-0.273914,4.3218,-0.00502511,-1.07152,-2.1187,0.016392
-0.469682,0.882753,0.0120514,-0.882812,-0.469526,-0.0137303,-0.00646205,-0.017088,0.999833,-0.27907,4.3116,-0.00480154,-1.0726,-2.13525,0.0252849
-0.468108,0.883596,0.0114961,-0.883638,-0.467937,-0.0147961,-0.00769432,-0.0170845,0.999824,-0.284283,4.30121,-0.00455103,-1.07299,-2.15227,0.0301421
-0.466514,0.884445,0.0110122,-0.884464,-0.466321,-0.0163426,-0.00931893,-0.017364,0.999806,-0.289469,4.2908,-0.00432014,-1.07018,-2.16524,0.0218964
-0.464945,0.885276,0.0105918,-0.885266,-0.464718,-0.0184642,-0.0114238,-0.0179614,0.999773,-0.294809,4.27994,-0.00427041,-1.06613,-2.178,-0.0019786
-0.463375,0.886106,0.010006,-0.886055,-0.463114,-0.0207967,-0.0137942,-0.0185026,0.999734,-0.300128,4.26904,-0.00439536,-1.06131,-2.17919,-0.0480017
-0.461844,0.886913,0.00927216,-0.886812,-0.461549,-0.0231559,-0.0162577,-0.0189171,0.999689,-0.305427,4.25815,-0.00476325,-1.05839,-2.17755,-0.099156
-0.460375,0.887681,0.00876088,-0.887527,-0.460042,-0.0256299,-0.0187208,-0.0195749,0.999633,-0.310727,4.24727,-0.00539558,-1.0617,-2.17706,-0.153773
-0.45894,0.888424,0.00872925,-0.888217,-0.458555,-0.0282575,-0.0211018,-0.020722,0.999563,-0.316051,4.23638,-0.0062988,-1.06768,-2.17762,-0.207518
-0.457555,0.889133,0.00927265,-0.888877,-0.457101,-0.0309353,-0.023267,-0.0223968,0.999478,-0.321406,4.22549,-0.00746292,-1.07443,-2.17874,-0.258126
-0.456203,0.889815,0.0103419,-0.889518,-0.45566,-0.0336408,-0.0252217,-0.0245464,0.99938,-0.326795,4.21459,-0.00887567,-1.08134,-2.18051,-0.306977
-0.454874,0.890477,0.0118702,-0.890148,-0.454222,-0.036319,-0.0269495,-0.0270868,0.99927,-0.332216,4.20368,-0.0105267,-1.08706,-2.18284,-0.353448
-0.453574,0.891113,0.013727,-0.890763,-0.452797,-0.0389406,-0.0284849,-0.02989,0.999147,-0.337665,4.19276,-0.012408,-1.09233,-2.18611,-0.399042
-0.451949,0.891963,0.012016,-0.891483,-0.451147,-0.0415301,-0.0316223,-0.0294816,0.999065,-0.343579,4.18181,-0.0142818,-1.10306,-2.18649,-0.423014
-0.449956,0.892928,0.0148063,-0.89244,-0.448974,-0.0444156,-0.0330123,-0.0331988,0.998903,-0.349711,4.1707,-0.0153729,-1.11273,-2.18549,-0.434866
-0.447871,0.893925,0.0176014,-0.893442,-0.446701,-0.0471156,-0.0342553,-0.0368275,0.998734,-0.355555,4.15928,-0.0162347,-1.1121,-2.18581,-0.425462
-0.445657,0.894974,0.0202597,-0.894508,-0.444305,-0.0494738,-0.0352763,-0.0401709,0.99857,-0.361097,4.14769,-0.0169665,-1.10738,-2.18903,-0.412081
-0.443312,0.89608,0.0226971,-0.895643,-0.441793,-0.0514134,-0.0360431,-0.0431207,0.99842,-0.366434,4.1361,-0.0176481,-1.09993,-2.19289,-0.396426
-0.440842,0.89724,0.0248643,-0.896842,-0.439182,-0.0528633,-0.0365112,-0.0456038,0.998292,-0.371643,4.12457,-0.0183317,-1.09035,-2.1963,-0.378042
-0.438242,0.898458,0.0267693,-0.898109,-0.436468,-0.05382,-0.036671,-0.0476279,0.998192,-0.3768,4.11315,-0.0190515,-1.08176,-2.19972,-0.360721
-0.435546,0.899716,0.0284632,-0.899425,-0.433687,-0.0543141,-0.0365232,-0.0492568,0.998118,-0.381951,4.10186,-0.0198266,-1.0742,-2.20299,-0.345231
-0.432772,0.901003,0.0300516,-0.900782,-0.430851,-0.054408,-0.036074,-0.0506162,0.998066,-0.387088,4.09067,-0.0206604,-1.06763,-2.20545,-0.3313
-0.429948,0.902302,0.0315591,-0.902161,-0.427986,-0.0541576,-0.0353597,-0.0517564,0.998034,-0.392213,4.07959,-0.0215424,-1.06232,-2.20734,-0.319118
-0.42707,0.903616,0.0330071,-0.903564,-0.425088,-0.0536008,-0.0344036,-0.0527153,0.998017,-0.39732,4.06859,-0.0224622,-1.05797,-2.20902,-0.307913
-0.424151,0.904939,0.03438,-0.904979,-0.422163,-0.0528301,-0.033294,-0.0535212,0.998012,-0.402416,4.05767,-0.0234069,-1.05413,-2.20976,-0.2979
-0.421209,0.906261,0.0356814,-0.906397,-0.419229,-0.0518853,-0.032063,-0.054196,0.998015,-0.407504,4.04681,-0.0243703,-1.05143,-2.20995,-0.28877
-0.418241,0.907585,0.0369303,-0.907816,-0.416279,-0.0508169,-0.0307473,-0.0547796,0.998025,-0.412568,4.03599,-0.0253451,-1.04941,-2.2102,-0.28067
-0.415267,0.908902,0.0380801,-0.909225,-0.413334,-0.0496525,-0.0293895,-0.0552425,0.99804,-0.41761,4.0252,-0.0263236,-1.04768,-2.21073,-0.273705
-0.412291,0.910212,0.0391173,-0.910622,-0.410395,-0.0484123,-0.0280119,-0.055581,0.998061,-0.422627,4.01443,-0.0272973,-1.04524,-2.21158,-0.266959
-0.409309,0.911518,0.0400201,-0.912007,-0.407462,-0.047097,-0.026623,-0.0557759,0.998088,-0.427623,4.00367,-0.0282528,-1.04255,-2.21257,-0.258382
-0.406349,0.912808,0.0407762,-0.91337,-0.404558,-0.0456985,-0.0252176,-0.0558133,0.998123,-0.432609,3.99292,-0.0291748,-1.03905,-2.21347,-0.247259
-0.403387,0.914091,0.0414318,-0.91472,-0.40166,-0.0442298,-0.0237885,-0.0557403,0.998162,-0.437575,3.98219,-0.0300466,-1.03433,-2.21446,-0.23279
-0.400423,0.915368,0.0419895,-0.916058,-0.398765,-0.0427188,-0.0223594,-0.0555704,0.998204,-0.442518,3.97145,-0.0308525,-1.02916,-2.21551,-0.215394
-0.397464,0.916635,0.0424547,-0.91738,-0.395881,-0.0411338,-0.0208976,-0.0552963,0.998251,-0.44744,3.96072,-0.031577,-1.02348,-2.21695,-0.195226
-0.394506,0.917893,0.0428557,-0.918688,-0.393005,-0.0394865,-0.0194019,-0.0549488,0.998301,-0.452335,3.94998,-0.0322082,-1.01727,-2.21909,-0.172553
-0.391506,0.91916,0.043209,-0.920002,-0.39009,-0.0377587,-0.0178509,-0.0545351,0.998352,-0.457192,3.93923,-0.0327301,-1.00987,-2.22176,-0.147123
-0.388479,0.92043,0.0435092,-0.921315,-0.387155,-0.0359112,-0.0162089,-0.0540364,0.998407,-0.462019,3.92847,-0.0331284,-1.00216,-2.22543,-0.119432
-0.385407,0.921707,0.0437912,-0.922633,-0.38418,-0.0339712,-0.0144878,-0.0534959,0.998463,-0.466811,3.91769,-0.0333925,-0.993551,-2.23043,-0.0885737
-0.382275,0.922997,0.0440765,-0.923961,-0.38115,-0.0319359,-0.012677,-0.0529333,0.998518,-0.47157,3.90689,-0.0335103,-0.985123,-2.23643,-0.0554176
-0.37908,0.924298,0.0444059,-0.925302,-0.37806,-0.0297941,-0.0107505,-0.0523832,0.998569,-0.476292,3.89604,-0.0334693,-0.976238,-2.24488,-0.0193572
-0.375811,0.925613,0.0447883,-0.926656,-0.374904,-0.0275091,-0.00867148,-0.0518416,0.998618,-0.480981,3.88516,-0.0332549,-0.967263,-2.25487,0.0185678
-0.372464,0.926941,0.045278,-0.928024,-0.371672,-0.0251141,-0.00645069,-0.0513732,0.998659,-0.485633,3.87424,-0.0328562,-0.958348,-2.26625,0.059113
-0.369023,0.928286,0.0458964,-0.929411,-0.368353,-0.0226074,-0.00408003,-0.0509993,0.99869,-0.490238,3.86327,-0.0322587,-0.94967,-2.27906,0.102217
-0.365522,0.929635,0.0466122,-0.930801,-0.364977,-0.0200063,-0.00158613,-0.0506994,0.998713,-0.494801,3.85227,-0.0314381,-0.941894,-2.29215,0.144869
-0.361911,0.931006,0.0474249,-0.932212,-0.361494,-0.0173832,0.000960022,-0.0505012,0.998724,-0.499291,3.84122,-0.030422,-0.934885,-2.30575,0.186662
-0.358216,0.932401,0.0480638,-0.933632,-0.357929,-0.0147433,0.00345678,-0.0501552,0.998735,-0.503785,3.83015,-0.0292514,-0.93203,-2.31137,0.205635
-0.354375,0.933831,0.0487614,-0.935084,-0.354219,-0.0121078,0.00596558,-0.0498867,0.998737,-0.508162,3.81906,-0.027929,-0.923536,-2.33087,0.251696
-0.350452,0.935291,0.0491336,-0.936544,-0.350421,-0.00952955,0.00830453,-0.0493554,0.998747,-0.512462,3.80799,-0.0265378,-0.920678,-2.33189,0.252878
-0.346463,0.936775,0.0491451,-0.938007,-0.346543,-0.00714828,0.0103346,-0.0485751,0.998766,-0.517064,3.7963,-0.0252842,-0.920168,-2.34436,0.248597
-0.342542,0.938231,0.0488561,-0.939424,-0.342722,-0.00490707,0.0121401,-0.0475774,0.998794,-0.521664,3.78458,-0.024158,-0.919636,-2.34355,0.201895
-0.33869,0.939643,0.0485849,-0.940795,-0.338964,-0.00274335,0.0138907,-0.0466376,0.998815,-0.526266,3.77286,-0.0232777,-0.921212,-2.34537,0.150221
-0.334823,0.941039,0.0483647,-0.94215,-0.335191,-0.000527665,0.0157149,-0.0457435,0.99883,-0.530876,3.76112,-0.0226612,-0.922844,-2.3513,0.0963695
-0.33089,0.942437,0.0482075,-0.943503,-0.331358,0.00183204,0.0177005,-0.0448777,0.998836,-0.535493,3.74935,-0.0223076,-0.92422,-2.35767,0.0450954
-0.326894,0.943838,0.0480554,-0.944852,-0.327469,0.00440349,0.0198928,-0.0439658,0.998835,-0.540116,3.73754,-0.0222009,-0.924865,-2.365,-0.00242895
-0.32279,0.945267,0.0477224,-0.946208,-0.323478,0.00727133,0.0223105,-0.0428082,0.998834,-0.544739,3.72569,-0.0223266,-0.924224,-2.37359,-0.0478402
-0.318594,0.946726,0.046989,-0.947562,-0.319398,0.0105134,0.0249615,-0.0411755,0.99884,-0.549356,3.7138,-0.0226743,-0.922596,-2.38235,-0.0912278
-0.315426,0.947582,0.0509338,-0.948633,-0.316253,0.00888316,0.0245255,-0.0455155,0.998663,-0.55404,3.7018,-0.0228395,-0.910426,-2.38839,-0.10459
-0.312318,0.9484,0.0547275,-0.949674,-0.313157,0.00726587,0.0240292,-0.049704,0.998475,-0.55857,3.68959,-0.0229398,-0.895777,-2.40017,-0.112728
-0.309266,0.94919,0.0582538,-0.950686,-0.310102,0.00567991,0.0234559,-0.0536245,0.998286,-0.562931,3.67722,-0.0229755,-0.880247,-2.41423,-0.118289
-0.306239,0.949965,0.0615178,-0.951683,-0.307056,0.00407746,0.0227629,-0.0572968,0.998098,-0.567146,3.66478,-0.0229772,-0.863728,-2.42901,-0.123241
-0.303225,0.950728,0.0645741,-0.952668,-0.304004,0.00235892,0.0218735,-0.0608024,0.99791,-0.571059,3.6522,-0.023067,-0.844654,-2.44481,-0.130162
-0.300291,0.951599,0.0654626,-0.953601,-0.301067,0.0020907,0.0216981,-0.0617973,0.997853,-0.574983,3.63968,-0.0226199,-0.875266,-2.3187,0.150466
-0.297329,0.952487,0.0660568,-0.954535,-0.298092,0.00177992,0.0213864,-0.0625243,0.997814,-0.578683,3.62696,-0.0224002,-0.854892,-2.33526,0.140296
-0.294328,0.953391,0.066453,-0.955474,-0.295072,0.00144531,0.0209863,-0.0630687,0.997789,-0.582467,3.61413,-0.0222434,-0.836468,-2.35334,0.130992
-0.291278,0.954303,0.0668066,-0.956418,-0.291999,0.00107378,0.0205322,-0.0635822,0.997765,-0.586294,3.60131,-0.0220987,-0.820119,-2.37138,0.123098
-0.288166,0.955221,0.0671856,-0.957371,-0.288861,0.000657479,0.0200353,-0.064132,0.99774,-0.590132,3.58854,-0.0219481,-0.805148,-2.389,0.117804
-0.285001,0.956136,0.0676639,-0.958328,-0.285671,0.000231588,0.019551,-0.0647782,0.997708,-0.59394,3.57583,-0.0217876,-0.791259,-2.40663,0.113511
-0.281796,0.957043,0.0682604,-0.959284,-0.282443,-0.000179563,0.0191078,-0.0655317,0.997668,-0.597694,3.56314,-0.0216086,-0.778302,-2.42479,0.109932
-0.278518,0.957952,0.0689571,-0.960249,-0.279146,-0.000545654,0.0187264,-0.066368,0.997619,-0.601399,3.55047,-0.0214087,-0.76628,-2.44386,0.107051
-0.27519,0.958856,0.0697567,-0.961213,-0.275805,-0.000838027,0.0184357,-0.0672816,0.997564,-0.605058,3.53779,-0.0211937,-0.754911,-2.46343,0.104052
-0.271798,0.959755,0.0706771,-0.962181,-0.272408,-0.00104501,0.0182501,-0.0682882,0.997499,-0.60866,3.52511,-0.0209668,-0.743784,-2.48287,0.101357
-0.268355,0.960647,0.0717141,-0.963149,-0.268967,-0.00116734,0.0181673,-0.0693846,0.997425,-0.612196,3.51243,-0.0207251,-0.732781,-2.50271,0.0990443
-0.264889,0.961524,0.072833,-0.964108,-0.265506,-0.00124275,0.0181427,-0.0705481,0.997343,-0.615666,3.49974,-0.0204612,-0.721924,-2.52188,0.0981579
-0.261386,0.962394,0.0739954,-0.965064,-0.262011,-0.00130307,0.0181335,-0.0717509,0.997258,-0.61906,3.48702,-0.0201686,-0.710529,-2.54051,0.0987935
-0.257855,0.963256,0.0751539,-0.966013,-0.25849,-0.00132027,0.0181548,-0.0729401,0.997171,-0.622372,3.47428,-0.0198411,-0.699138,-2.55818,0.100291
-0.254306,0.964114,0.076238,-0.966954,-0.254949,-0.00134405,0.0181409,-0.0740604,0.997089,-0.625598,3.46151,-0.0194724,-0.687582,-2.5748,0.103229
-0.25072,0.96498,0.0771605,-0.96789,-0.25137,-0.00133028,0.0181122,-0.0750165,0.997018,-0.628747,3.4487,-0.0190557,-0.675708,-2.59119,0.108104
-0.2471,0.965854,0.0778923,-0.968822,-0.247753,-0.00131788,0.0180251,-0.0757894,0.996961,-0.631826,3.43584,-0.0185924,-0.663826,-2.60766,0.11347
-0.243474,0.966732,0.0784177,-0.969742,-0.244129,-0.00127451,0.0179119,-0.0763552,0.99692,-0.634842,3.42294,-0.018081,-0.651816,-2.62408,0.11932
-0.239816,0.967621,0.0787205,-0.970656,-0.240468,-0.00123599,0.0177338,-0.076707,0.996896,-0.637804,3.40999,-0.017521,-0.640276,-2.64078,0.126784
-0.236147,0.968517,0.0787959,-0.97156,-0.236791,-0.00119528,0.0175005,-0.0768372,0.99689,-0.640725,3.39699,-0.0169103,-0.629455,-2.65795,0.135088
-0.232462,0.969419,0.0786645,-0.972453,-0.233095,-0.00116974,0.0172023,-0.0767695,0.9969,-0.643606,3.38395,-0.016251,-0.61896,-2.6751,0.143445
-0.228772,0.970323,0.0783377,-0.973335,-0.229384,-0.00122259,0.0167831,-0.0765285,0.996926,-0.64645,3.37085,-0.0155493,-0.609122,-2.69263,0.151619
-0.225085,0.971226,0.0778256,-0.974204,-0.225667,-0.00134914,0.0162524,-0.0761216,0.996966,-0.649255,3.3577,-0.0148071,-0.599464,-2.70962,0.15874
-0.221408,0.972126,0.0771365,-0.975057,-0.22195,-0.00158499,0.0155796,-0.0755634,0.997019,-0.65202,3.3445,-0.0140318,-0.590263,-2.72683,0.16433
-0.217741,0.973022,0.0762728,-0.975896,-0.218229,-0.0019798,0.0147186,-0.0748654,0.997085,-0.654761,3.33127,-0.0132375,-0.581755,-2.74207,0.168046
-0.214128,0.973898,0.0753167,-0.976711,-0.214545,-0.00260455,0.0136222,-0.0741203,0.997156,-0.657496,3.31795,-0.012427,-0.57373,-2.75626,0.168241
-0.210581,0.974742,0.0743903,-0.9775,-0.210904,-0.00357533,0.0122042,-0.0734694,0.997223,-0.660196,3.30446,-0.0115315,-0.565186,-2.76831,0.161443
-0.207125,0.975542,0.0736043,-0.978259,-0.207325,-0.00499853,0.0103838,-0.0730395,0.997275,-0.662802,3.29102,-0.0107055,-0.555806,-2.77462,0.145019
-0.203794,0.976306,0.072764,-0.97898,-0.203844,-0.00682177,0.00817237,-0.0726247,0.997326,-0.665565,3.27715,-0.0100909,-0.549582,-2.77111,0.100853
-0.200603,0.977032,0.071888,-0.979656,-0.200483,-0.00895283,0.00566514,-0.0722215,0.997373,-0.668303,3.26331,-0.00970645,-0.545453,-2.76472,0.0529295
-0.197554,0.977712,0.0710791,-0.980287,-0.197258,-0.0112369,0.00303444,-0.0718979,0.997407,-0.67103,3.2495,-0.00957425,-0.545332,-2.76102,-4.7681e-05
-0.194574,0.978345,0.0705786,-0.980888,-0.1941,-0.0135809,0.000412485,-0.0718722,0.997414,-0.673765,3.2357,-0.00970608,-0.548725,-2.75971,-0.0526861
-0.191615,0.978931,0.0705552,-0.981468,-0.190962,-0.0159454,-0.00213611,-0.072303,0.99738,-0.676522,3.2219,-0.0100959,-0.554252,-2.76133,-0.103226
-0.188652,0.979469,0.0710704,-0.982034,-0.187823,-0.01823,-0.00450706,-0.0732326,0.997305,-0.679307,3.20808,-0.0107324,-0.559726,-2.76445,-0.151391
-0.185686,0.979964,0.072053,-0.982586,-0.184681,-0.0204209,-0.00670494,-0.0745901,0.997192,-0.682116,3.19425,-0.0116059,-0.563712,-2.7673,-0.197999
-0.182704,0.98043,0.0733232,-0.983129,-0.181525,-0.0224902,-0.00874016,-0.0761952,0.997055,-0.68494,3.18041,-0.0127102,-0.566179,-2.77075,-0.243725
-0.179708,0.98088,0.0747019,-0.983663,-0.178359,-0.0244009,-0.0106106,-0.0778665,0.996907,-0.687775,3.16654,-0.0140423,-0.567538,-2.77511,-0.289114
-0.176665,0.981331,0.0760218,-0.984194,-0.175155,-0.0261337,-0.0123302,-0.079437,0.996764,-0.690614,3.15266,-0.0156014,-0.56815,-2.77905,-0.334546
-0.173609,0.981783,0.0772105,-0.984716,-0.171949,-0.0277049,-0.0139239,-0.0808403,0.99663,-0.693454,3.13875,-0.0173897,-0.567862,-2.78233,-0.380765
-0.170358,0.982506,0.0752288,-0.985237,-0.168525,-0.0301223,-0.0169174,-0.0792498,0.996711,-0.696316,3.12468,-0.0192607,-0.569424,-2.78375,-0.414956
-0.167031,0.983268,0.0726938,-0.985749,-0.165046,-0.0325478,-0.0200054,-0.0770943,0.996823,-0.700826,3.11013,-0.0217404,-0.587885,-2.78932,-0.447595
-0.163215,0.983702,0.0754451,-0.986371,-0.16109,-0.0334884,-0.0207891,-0.0798827,0.996587,-0.704659,3.09548,-0.0232055,-0.588342,-2.78474,-0.445414
-0.159298,0.984129,0.0781885,-0.987001,-0.157053,-0.0340978,-0.0212769,-0.0826039,0.996355,-0.707712,3.08075,-0.0242273,-0.578699,-2.77952,-0.433824
-0.155295,0.984563,0.0807394,-0.987635,-0.152965,-0.0343194,-0.0214393,-0.0850707,0.996144,-0.710189,3.06613,-0.0250324,-0.562609,-2.77358,-0.417265
-0.151183,0.985024,0.0828904,-0.988275,-0.148805,-0.0341905,-0.021344,-0.0870875,0.995972,-0.712359,3.05172,-0.0257465,-0.543933,-2.76607,-0.398836
-0.147008,0.985511,0.0845937,-0.988912,-0.14462,-0.0337324,-0.0210097,-0.0886146,0.995844,-0.71437,3.03754,-0.0264548,-0.5245,-2.75751,-0.379137
-0.142785,0.986027,0.0858125,-0.989541,-0.14042,-0.0330153,-0.0205042,-0.0896291,0.995764,-0.716329,3.0236,-0.027186,-0.506425,-2.74821,-0.359723
-0.138531,0.986565,0.0865902,-0.990158,-0.136218,-0.0321074,-0.0198809,-0.0901859,0.995726,-0.71828,3.00983,-0.027948,-0.489709,-2.73901,-0.340869
-0.134242,0.987122,0.0869964,-0.990764,-0.132003,-0.0310191,-0.0191358,-0.090357,0.995726,-0.720244,2.99624,-0.0287379,-0.474769,-2.73002,-0.322978
-0.12998,0.987682,0.0871132,-0.991347,-0.127831,-0.0298307,-0.0183275,-0.0902368,0.995752,-0.722239,2.98278,-0.0295439,-0.461369,-2.72081,-0.305398
-0.125734,0.988237,0.0870602,-0.991911,-0.123686,-0.0285487,-0.0174448,-0.0899455,0.995794,-0.724259,2.96944,-0.0303557,-0.44887,-2.71145,-0.287905
-0.12151,0.988775,0.0869477,-0.992453,-0.119572,-0.0271871,-0.0164855,-0.089595,0.995842,-0.726272,2.9562,-0.0311579,-0.437222,-2.7017,-0.27064
-0.117328,0.989293,0.0867916,-0.992973,-0.115503,-0.0257745,-0.0154738,-0.0892058,0.995893,-0.728263,2.94305,-0.0319265,-0.425248,-2.69194,-0.251832
-0.113193,0.98979,0.0866215,-0.993468,-0.111485,-0.0243254,-0.01442,-0.0888092,0.995944,-0.730204,2.92998,-0.0326403,-0.412976,-2.68207,-0.23116
-0.109123,0.990263,0.0864386,-0.993939,-0.107534,-0.0228443,-0.0133267,-0.0884076,0.995995,-0.732079,2.91698,-0.033278,-0.400037,-2.67266,-0.208244
-0.105087,0.990718,0.0862289,-0.994388,-0.103619,-0.0213333,-0.0122003,-0.0879868,0.996047,-0.733889,2.90405,-0.0338242,-0.386571,-2.66292,-0.18356
-0.101089,0.991155,0.0859846,-0.994816,-0.0997457,-0.0197839,-0.0110323,-0.0875388,0.9961,-0.735625,2.89116,-0.0342713,-0.371423,-2.65361,-0.157544
-0.09713,0.991575,0.0856997,-0.995223,-0.0959165,-0.0181753,-0.00980212,-0.0870557,0.996155,-0.737277,2.87832,-0.0346114,-0.355934,-2.64493,-0.130592
-0.093187,0.991984,0.0853447,-0.995612,-0.0921102,-0.0164771,-0.00848388,-0.0865057,0.996215,-0.738849,2.86552,-0.0348332,-0.339399,-2.63694,-0.102075
-0.0892479,0.992382,0.0849237,-0.995984,-0.0883157,-0.0146781,-0.00706617,-0.0858927,0.996279,-0.740339,2.85277,-0.0349298,-0.322064,-2.62971,-0.0720019
-0.0853086,0.992769,0.0844509,-0.996339,-0.0845291,-0.0127694,-0.00553854,-0.0852311,0.996346,-0.741753,2.84005,-0.0348978,-0.304139,-2.62368,-0.0414689
-0.0813502,0.993144,0.0839473,-0.996678,-0.0807299,-0.0107631,-0.00391221,-0.084544,0.996412,-0.743097,2.82735,-0.0347358,-0.285876,-2.61894,-0.0106413
-0.0773753,0.993504,0.0834485,-0.997,-0.0769228,-0.00862954,-0.00215439,-0.0838659,0.996475,-0.744384,2.81468,-0.0344356,-0.267735,-2.61607,0.0222367
-0.0733676,0.993842,0.0830389,-0.997305,-0.0730897,-0.00638604,-0.000277433,-0.0832836,0.996526,-0.745597,2.80201,-0.0339965,-0.249771,-2.61545,0.0556407
-0.0693596,0.994154,0.0827432,-0.99759,-0.0692663,-0.00400161,0.0017531,-0.0828214,0.996563,-0.746739,2.78934,-0.0334099,-0.231849,-2.61691,0.0904725
-0.0653455,0.994439,0.0825857,-0.997855,-0.0654502,-0.0014425,0.00397077,-0.0825028,0.996583,-0.747804,2.77667,-0.0326679,-0.213497,-2.61971,0.126327
-0.0613253,0.994696,0.0825835,-0.998098,-0.0616415,0.00128213,0.0063659,-0.0823477,0.996583,-0.74878,2.76402,-0.0317699,-0.195918,-2.62294,0.160907
-0.057294,0.994927,0.0826948,-0.998318,-0.0578322,0.0041255,0.00888699,-0.0823194,0.996566,-0.749665,2.75139,-0.0307289,-0.17898,-2.62643,0.193164
-0.0532353,0.995138,0.0828666,-0.998516,-0.054,0.00701193,0.0114526,-0.0823703,0.996536,-0.750448,2.73878,-0.0295766,-0.163905,-2.62964,0.218141
-0.0491717,0.995334,0.083016,-0.998692,-0.050163,0.00989681,0.014015,-0.0824208,0.996499,-0.751119,2.72622,-0.0283549,-0.150393,-2.63167,0.235435
-0.0451306,0.995532,0.0829455,-0.998847,-0.0463298,0.01259,0.0163766,-0.0822816,0.996475,-0.751854,2.71305,-0.0271898,-0.143461,-2.63611,0.230644
-0.0411827,0.995742,0.0824789,-0.998981,-0.04256,0.0150094,0.0184558,-0.0817768,0.99648,-0.752567,2.69987,-0.0261186,-0.141589,-2.6336,0.19785
-0.0373693,0.995943,0.0818569,-0.999096,-0.0388981,0.0171624,0.0202769,-0.0811415,0.996496,-0.753274,2.68671,-0.0252497,-0.141468,-2.63029,0.149691
-0.0336052,0.996124,0.0812856,-0.999194,-0.0352741,0.0191826,0.0219755,-0.0805754,0.996506,-0.753984,2.67356,-0.0246288,-0.142517,-2.63091,0.0986749
-0.0298049,0.996284,0.0808032,-0.999275,-0.0316145,0.0212089,0.0236847,-0.0801125,0.996504,-0.754698,2.6604,-0.0242641,-0.142981,-2.63444,0.0471887
-0.0259374,0.996422,0.0804417,-0.999338,-0.0278971,0.0233342,0.0254948,-0.0797833,0.996486,-0.755413,2.64721,-0.0241503,-0.143185,-2.63905,-0.00164596
-0.0219913,0.996546,0.0800737,-0.99938,-0.024114,0.0256402,0.0274826,-0.0794602,0.996459,-0.756127,2.634,-0.0242724,-0.142144,-2.64602,-0.0472124
-0.0179402,0.996676,0.0794738,-0.999399,-0.0202334,0.0281443,0.0296588,-0.0789211,0.99644,-0.756831,2.62075,-0.0246163,-0.139603,-2.6541,-0.0903196
-0.0137965,0.996824,0.0784305,-0.999391,-0.0162608,0.0308683,0.0320456,-0.0779569,0.996442,-0.757519,2.60746,-0.0251727,-0.135389,-2.66304,-0.132239
-0.00956581,0.996999,0.0768183,-0.999353,-0.0121954,0.0338358,0.0346711,-0.076445,0.996471,-0.758184,2.59412,-0.0259381,-0.130903,-2.67294,-0.17393
-0.00660495,0.996631,0.0817493,-0.9994,-0.00935944,0.0333573,0.03401,-0.0814799,0.996095,-0.758418,2.5807,-0.0263054,-0.00688775,-2.55556,0.154788
-0.00373457,0.996259,0.086336,-0.999439,-0.00659145,0.032829,0.0332752,-0.086165,0.995725,-0.758298,2.56704,-0.026625,0.0104045,-2.56608,0.125661
-0.0009381,0.995888,0.0905913,-0.999474,-0.00387137,0.0322089,0.0324272,-0.0905134,0.995367,-0.758317,2.55309,-0.027167,0.0269401,-2.58066,0.100252
0.00179276,0.995517,0.0945703,-0.999505,-0.00118725,0.0314454,0.0314167,-0.0945799,0.995021,-0.758417,2.53905,-0.0278157,0.042354,-2.59678,0.0772494
0.00445075,0.995127,0.098504,-0.999535,0.00145495,0.030464,0.0301722,-0.0985938,0.99467,-0.75777,2.52486,-0.0288378,0.0647903,-2.61334,0.0499135
0.00694304,0.995067,0.0989588,-0.999532,0.00395791,0.0303297,0.0297885,-0.0991231,0.994629,-0.757666,2.51066,-0.0293577,0.076148,-2.61972,0.0515019
0.00944142,0.995042,0.0990077,-0.999527,0.00649245,0.0300653,0.0292734,-0.0992447,0.994632,-0.757809,2.49642,-0.0299094,0.0850859,-2.62632,0.0524405
0.0120062,0.995032,0.0988258,-0.999517,0.00910835,0.0297225,0.0286747,-0.0991349,0.994661,-0.758074,2.48223,-0.030476,0.0928127,-2.63143,0.0540408
0.0146737,0.995026,0.0985314,-0.9995,0.0118356,0.0293273,0.0280152,-0.0989124,0.994702,-0.758374,2.46817,-0.0309905,0.0929973,-2.63827,0.0525321
0.0174624,0.995008,0.0982535,-0.999474,0.0146858,0.0289124,0.0273251,-0.0987067,0.994741,-0.758633,2.45426,-0.0314175,0.100746,-2.64344,0.056061
0.0203647,0.994972,0.0980636,-0.999438,0.0176477,0.0284944,0.0266206,-0.0985888,0.994772,-0.758804,2.44049,-0.0317458,0.10936,-2.64844,0.0605929
0.0234055,0.99491,0.0980073,-0.99939,0.0207435,0.0280926,0.0259166,-0.098605,0.994789,-0.758864,2.42683,-0.0319726,0.118418,-2.65368,0.0673232
0.0265549,0.994824,0.0980779,-0.999329,0.0239411,0.0277316,0.0252399,-0.0987484,0.994792,-0.758813,2.41326,-0.0321006,0.128032,-2.65923,0.0746349
0.0298136,0.99471,0.0982968,-0.999253,0.0272396,0.0274248,0.0246022,-0.099041,0.994779,-0.758646,2.39976,-0.0321374,0.137716,-2.6659,0.0820126
0.0331675,0.994572,0.098622,-0.999161,0.0306257,0.027176,0.0240081,-0.0994407,0.994754,-0.758375,2.38631,-0.0320903,0.148225,-2.67352,0.0891459
0.0366168,0.994408,0.0990581,-0.999054,0.0340979,0.0270042,0.0234755,-0.0999531,0.994715,-0.758003,2.37288,-0.0319715,0.158469,-2.68238,0.0958515
0.0401249,0.994221,0.0995703,-0.99893,0.0376207,0.0269013,0.0229999,-0.100543,0.994667,-0.757536,2.35948,-0.0317877,0.169225,-2.69155,0.101967
0.0436868,0.994015,0.100129,-0.99879,0.0411902,0.0268684,0.0225833,-0.101181,0.994612,-0.756976,2.34609,-0.0315421,0.180056,-2.70115,0.108161
0.0472712,0.993791,0.100718,-0.998635,0.0447776,0.026878,0.0222012,-0.101851,0.994552,-0.756306,2.3327,-0.0312366,0.191902,-2.71087,0.114237
0.0508867,0.993557,0.10127,-0.998465,0.0483935,0.0269277,0.0218534,-0.102485,0.994494,-0.755541,2.31932,-0.0308696,0.204392,-2.72087,0.120481
0.0545152,0.993314,0.101766,-0.998281,0.0520231,0.0269862,0.0215116,-0.103062,0.994442,-0.754673,2.30593,-0.030443,0.217417,-2.7305,0.127228
0.0581532,0.993067,0.102159,-0.998083,0.0556653,0.0270405,0.0211663,-0.103536,0.9944,-0.753701,2.29253,-0.0299576,0.231036,-2.7406,0.134204
0.0618085,0.992821,0.102405,-0.997871,0.059327,0.0271067,0.0208367,-0.103862,0.994373,-0.752637,2.27912,-0.0294137,0.245372,-2.75059,0.140701
0.0654621,0.992576,0.102506,-0.997645,0.0629934,0.0271411,0.0204824,-0.104042,0.994362,-0.751474,2.26569,-0.0288122,0.25988,-2.76091,0.147969
0.0691295,0.992339,0.102398,-0.997405,0.0666838,0.0271221,0.020086,-0.104007,0.994374,-0.75023,2.25224,-0.0281498,0.274608,-2.77202,0.156355
0.0728152,0.992106,0.102093,-0.997152,0.0704033,0.0270369,0.0196358,-0.103771,0.994407,-0.748905,2.23875,-0.0274271,0.289713,-2.78352,0.165777
0.0765054,0.99188,0.101589,-0.996886,0.0741377,0.0268865,0.0191366,-0.10333,0.994463,-0.747502,2.22523,-0.0266443,0.304681,-2.79558,0.175337
0.0801878,0.991661,0.100884,-0.996607,0.0778799,0.0266168,0.018538,-0.102676,0.994542,-0.746027,2.21168,-0.0258064,0.319372,-2.80797,0.184649
0.0838513,0.991448,0.0999999,-0.996319,0.0816212,0.026194,0.0178078,-0.101828,0.994643,-0.744475,2.19809,-0.0249218,0.334314,-2.81997,0.192548
0.0874696,0.991242,0.0989386,-0.996023,0.0853369,0.0255942,0.016927,-0.100784,0.994764,-0.742877,2.18447,-0.0240026,0.348314,-2.83138,0.198469
0.091027,0.991029,0.0978531,-0.995722,0.0890099,0.0247941,0.0158618,-0.0996915,0.994892,-0.741252,2.17083,-0.0230749,0.360778,-2.84123,0.200351
0.094485,0.990798,0.0969078,-0.99542,0.0926038,0.0237405,0.014548,-0.098707,0.99501,-0.73946,2.15705,-0.022055,0.373406,-2.85043,0.197398
0.0978245,0.990542,0.0962107,-0.99512,0.0961033,0.022375,0.0129172,-0.09793,0.995109,-0.737627,2.1433,-0.0210904,0.384416,-2.85488,0.183714
0.101028,0.990262,0.0957791,-0.994825,0.0995032,0.0205735,0.0108428,-0.0973619,0.99519,-0.735683,2.12902,-0.0202487,0.393111,-2.85804,0.15297
0.10409,0.989978,0.0954355,-0.994531,0.102784,0.01851,0.00851524,-0.0968404,0.995264,-0.733714,2.11474,-0.0196018,0.394624,-2.85024,0.10581
0.107029,0.989687,0.0952068,-0.994238,0.105953,0.0163019,0.00604635,-0.0964029,0.995324,-0.731743,2.10051,-0.019198,0.393625,-2.84423,0.055702
0.109919,0.989364,0.0952738,-0.993934,0.109072,0.0140654,0.00352405,-0.0962419,0.995352,-0.729783,2.08629,-0.0190496,0.390443,-2.84213,0.00364921
0.112822,0.988993,0.0957283,-0.993615,0.112194,0.0119338,0.00106225,-0.0964634,0.995336,-0.727842,2.07208,-0.01916,0.386122,-2.84338,-0.0478043
0.115751,0.988562,0.0966761,-0.993277,0.115326,0.00998547,-0.00127802,-0.097182,0.995266,-0.725923,2.05785,-0.0195207,0.381588,-2.84649,-0.0964714
0.118699,0.988074,0.098086,-0.992924,0.118462,0.00825623,-0.0034617,-0.098372,0.995144,-0.724024,2.04361,-0.0201199,0.377926,-2.85001,-0.143186
0.121667,0.987545,0.0997553,-0.992556,0.121606,0.00671414,-0.00550033,-0.0998296,0.994989,-0.722138,2.02936,-0.0209496,0.376316,-2.85305,-0.188725
0.124646,0.986998,0.101477,-0.992174,0.124752,0.00532826,-0.00740047,-0.101347,0.994824,-0.720256,2.01508,-0.0220066,0.376428,-2.85633,-0.234081
0.127638,0.986444,0.103135,-0.991779,0.127901,0.00409213,-0.00915433,-0.102809,0.994659,-0.718372,2.00079,-0.0232904,0.377086,-2.86077,-0.279425
0.130663,0.985893,0.10461,-0.991369,0.13107,0.00299675,-0.0107568,-0.104098,0.994509,-0.716484,1.98647,-0.024802,0.378204,-2.86491,-0.325199
0.133836,0.985595,0.103397,-0.990907,0.134545,0.000116318,-0.013797,-0.102473,0.99464,-0.714619,1.97201,-0.0264351,0.376689,-2.86394,-0.364336
0.137048,0.985307,0.101923,-0.990421,0.138053,-0.00283827,-0.0168674,-0.100558,0.994788,-0.712757,1.95742,-0.0282611,0.374767,-2.86664,-0.401874
0.140285,0.985035,0.100132,-0.989909,0.141579,-0.00590028,-0.0199886,-0.0982942,0.994957,-0.712288,1.94204,-0.03083,0.358601,-2.87618,-0.440129
0.143969,0.984196,0.103104,-0.98936,0.145361,-0.00608,-0.0209712,-0.101131,0.994652,-0.711213,1.92688,-0.0323485,0.352455,-2.87096,-0.451831
0.147711,0.983328,0.106051,-0.988792,0.149177,-0.00598367,-0.0217043,-0.103978,0.994343,-0.709477,1.9119,-0.0335316,0.3572,-2.86291,-0.448273
0.151529,0.982456,0.108713,-0.988203,0.153043,-0.00566975,-0.0222079,-0.106571,0.994057,-0.70731,1.89715,-0.0345652,0.367539,-2.85115,-0.440044
0.155425,0.981602,0.110909,-0.987591,0.15696,-0.00519835,-0.022511,-0.108725,0.993817,-0.704894,1.88267,-0.0355342,0.381584,-2.83704,-0.426221
0.159399,0.980784,0.112494,-0.986955,0.16093,-0.00460241,-0.0226177,-0.110293,0.993642,-0.702388,1.86843,-0.0364868,0.396546,-2.82168,-0.409052
0.163438,0.980003,0.113497,-0.986296,0.164939,-0.00390028,-0.0225424,-0.111304,0.993531,-0.69986,1.85442,-0.0374531,0.411331,-2.80598,-0.391261
0.167506,0.979263,0.113953,-0.985618,0.168958,-0.00313001,-0.0223183,-0.111789,0.993481,-0.697355,1.84058,-0.0384352,0.425312,-2.79086,-0.37309
0.171589,0.978559,0.11393,-0.984924,0.172972,-0.002293,-0.0219505,-0.111818,0.993486,-0.694898,1.82689,-0.0394286,0.438196,-2.77556,-0.354669
0.175674,0.977877,0.113559,-0.984215,0.176972,-0.00136685,-0.0214333,-0.111526,0.99353,-0.692479,1.81333,-0.0404247,0.450098,-2.76083,-0.335903
0.179723,0.977211,0.112958,-0.983498,0.18092,-0.000359244,-0.0207874,-0.111029,0.9936,-0.690096,1.79989,-0.0414079,0.460985,-2.74585,-0.316959
0.183743,0.976544,0.112255,-0.98277,0.184829,0.000743126,-0.0200224,-0.110458,0.993679,-0.68772,1.78656,-0.0423617,0.471262,-2.73072,-0.296991
0.187704,0.975878,0.111491,-0.982039,0.188668,0.00193479,-0.0191467,-0.109852,0.993764,-0.685341,1.77335,-0.0432636,0.481549,-2.71457,-0.275211
0.191601,0.975206,0.110739,-0.981304,0.192439,0.00316824,-0.0182208,-0.109275,0.993845,-0.68292,1.76024,-0.044096,0.491685,-2.6986,-0.251679
0.195436,0.974534,0.10995,-0.980565,0.196142,0.00445646,-0.0172228,-0.108684,0.993927,-0.680452,1.74724,-0.04484,0.502786,-2.68297,-0.22643
0.199217,0.973861,0.109118,-0.979822,0.19979,0.00577562,-0.016176,-0.108067,0.994012,-0.677929,1.73432,-0.0454854,0.514151,-2.66794,-0.200271
0.202948,0.973191,0.10822,-0.979073,0.203383,0.00712054,-0.0150805,-0.107401,0.994101,-0.675345,1.72149,-0.0460247,0.526401,-2.65327,-0.173296
0.206667,0.972516,0.107246,-0.978312,0.206963,0.00848314,-0.0139459,-0.106673,0.994196,-0.672688,1.70873,-0.0464511,0.540061,-2.63904,-0.145314
0.210365,0.971844,0.106136,-0.97754,0.210515,0.00991547,-0.012707,-0.105838,0.994302,-0.669974,1.69604,-0.0467528,0.554742,-2.62503,-0.115725
0.214057,0.971166,0.104959,-0.976755,0.214057,0.0114005,-0.0113955,-0.10496,0.994411,-0.667185,1.68341,-0.0469298,0.570007,-2.61169,-0.0854131
0.217753,0.970478,0.103709,-0.975953,0.217594,0.0129826,-0.00996703,-0.104042,0.994523,-0.664333,1.67085,-0.0469706,0.586237,-2.59921,-0.0540892
0.221454,0.969777,0.102427,-0.975134,0.221132,0.0146364,-0.00845582,-0.103121,0.994633,-0.661418,1.65834,-0.0468752,0.603031,-2.58795,-0.0217554
0.225183,0.969051,0.10116,-0.974293,0.224685,0.0164366,-0.00680124,-0.102261,0.994734,-0.658426,1.64587,-0.0465957,0.620646,-2.5781,0.0130597
0.228912,0.968301,0.0999612,-0.973434,0.228233,0.0183392,-0.00505651,-0.101504,0.994822,-0.655367,1.63344,-0.0461886,0.638689,-2.57061,0.0485301
0.232646,0.967523,0.0988645,-0.972556,0.231772,0.0203981,-0.00317835,-0.100897,0.994892,-0.652226,1.62103,-0.0455917,0.657604,-2.56557,0.0860448
0.236387,0.966712,0.0979225,-0.971658,0.235305,0.0226195,-0.00117511,-0.100494,0.994937,-0.649,1.60866,-0.0448528,0.67725,-2.56169,0.124214
0.240132,0.965869,0.0971299,-0.97074,0.238829,0.025002,0.000951248,-0.100292,0.994958,-0.645676,1.59631,-0.0439272,0.696299,-2.55917,0.161097
0.243878,0.964996,0.0964737,-0.969801,0.242343,0.027497,0.00315476,-0.100266,0.994956,-0.642252,1.58399,-0.0428494,0.714909,-2.55757,0.195427
0.247637,0.964096,0.0958908,-0.968838,0.245865,0.0300561,0.00540077,-0.100346,0.994938,-0.638722,1.57172,-0.0416285,0.732613,-2.5566,0.225422
0.25138,0.963198,0.0951691,-0.967859,0.249384,0.0325038,0.00757388,-0.100281,0.99493,-0.635169,1.55946,-0.0403293,0.741932,-2.551,0.232899
0.255152,0.96227,0.0945216,-0.966852,0.252931,0.0349737,0.00974664,-0.100312,0.994908,-0.631502,1.54733,-0.0389872,0.754934,-2.54806,0.243285
0.258893,0.961353,0.0936712,-0.965836,0.256484,0.0371135,0.0116541,-0.100079,0.994911,-0.62771,1.53459,-0.0378066,0.761799,-2.54862,0.228992
0.262483,0.960475,0.0926869,-0.964845,0.259919,0.0389402,0.01331,-0.0996496,0.994934,-0.623902,1.52186,-0.0367682,0.761338,-2.54303,0.186375
0.265975,0.959611,0.0916735,-0.963866,0.263279,0.040572,0.0147976,-0.0991521,0.994962,-0.620097,1.50915,-0.0359541,0.760718,-2.54162,0.139253
0.269469,0.958732,0.0906626,-0.962872,0.266644,0.0421786,0.0162634,-0.0986623,0.994988,-0.616293,1.49644,-0.0353862,0.76083,-2.5446,0.0879012
0.273038,0.957814,0.0896815,-0.961838,0.270074,0.0439077,0.0178348,-0.0982475,0.995002,-0.612486,1.4837,-0.0350708,0.76204,-2.54849,0.0382534
0.276688,0.956862,0.0886553,-0.960761,0.273573,0.045794,0.0195648,-0.0978472,0.995009,-0.608671,1.47095,-0.0349951,0.764012,-2.55355,-0.00794582
0.280436,0.955878,0.0874778,-0.959632,0.277158,0.0478486,0.0214923,-0.0973649,0.995017,-0.604841,1.45817,-0.0351457,0.767976,-2.55971,-0.0523044
0.284295,0.954878,0.0859359,-0.958446,0.280857,0.0500052,0.0236131,-0.0965811,0.995045,-0.600987,1.44535,-0.035513,0.773391,-2.5667,-0.0945994
0.288246,0.953873,0.0839085,-0.957204,0.284656,0.0522526,0.0259573,-0.0953792,0.995103,-0.597104,1.4325,-0.0360901,0.780044,-2.57465,-0.136257
0.292262,0.95287,0.0813701,-0.955913,0.288535,0.0545765,0.0285263,-0.0937334,0.995189,-0.593187,1.4196,-0.0368762,0.786722,-2.58295,-0.17817
0.295124,0.951622,0.0855434,-0.955046,0.291182,0.0556739,0.0280718,-0.0981286,0.994778,-0.588857,1.40673,-0.0372718,0.870827,-2.43448,0.148806
0.297928,0.950383,0.0895021,-0.954193,0.293792,0.0565892,0.0274864,-0.102262,0.994378,-0.584142,1.3937,-0.037654,0.887725,-2.43923,0.118524
0.300641,0.949168,0.0932453,-0.953364,0.296346,0.0572417,0.0266991,-0.106106,0.993996,-0.579496,1.38037,-0.0382723,0.905001,-2.44719,0.0903702
0.303234,0.947975,0.0969147,-0.952573,0.298823,0.0575312,0.0255778,-0.109764,0.993629,-0.574466,1.36691,-0.0392117,0.927145,-2.45938,0.063439
0.3057,0.947157,0.09716,-0.951788,0.301271,0.057745,0.025422,-0.110128,0.993592,-0.569714,1.35326,-0.0399073,0.93904,-2.46344,0.0577477
0.308161,0.946384,0.0969204,-0.951002,0.303758,0.0576725,0.02514,-0.109944,0.99362,-0.565141,1.33946,-0.0406122,0.949173,-2.46749,0.0586428
0.310664,0.945619,0.0964004,-0.950197,0.306313,0.057428,0.0247763,-0.10944,0.993685,-0.560712,1.3257,-0.0413009,0.958295,-2.47127,0.0597385
0.313212,0.944843,0.0957584,-0.94937,0.308926,0.0570983,0.0243666,-0.108794,0.993766,-0.556361,1.31207,-0.0419216,0.966973,-2.47487,0.0622441
0.315858,0.944024,0.0951379,-0.948504,0.311636,0.0567751,0.0239487,-0.108172,0.993844,-0.552023,1.29862,-0.0424448,0.975738,-2.47773,0.0665377
0.318582,0.943161,0.0946183,-0.947603,0.314415,0.0564938,0.0235333,-0.107658,0.993909,-0.547649,1.28534,-0.0428549,0.984892,-2.47983,0.0719744
0.321399,0.942245,0.0942205,-0.946661,0.317277,0.0562855,0.0231408,-0.107285,0.993959,-0.543224,1.27224,-0.043146,0.99429,-2.48153,0.0796036
0.324313,0.941271,0.0939668,-0.945676,0.320226,0.0561404,0.0227528,-0.107069,0.993991,-0.538727,1.25929,-0.0433185,1.00447,-2.48253,0.0886643
0.327291,0.94025,0.0938637,-0.944659,0.323231,0.0560446,0.0223564,-0.107012,0.994006,-0.534145,1.24646,-0.0433786,1.01543,-2.48387,0.0978193
0.330343,0.939178,0.09391,-0.943606,0.326299,0.056012,0.0219625,-0.107117,0.994004,-0.529475,1.23373,-0.0433385,1.02679,-2.48619,0.106421
0.333455,0.938059,0.0940867,-0.942518,0.329414,0.0560871,0.0216195,-0.107381,0.993983,-0.524713,1.22109,-0.0432124,1.03872,-2.48903,0.114107
0.336622,0.936901,0.0943477,-0.941398,0.332575,0.0562402,0.0213138,-0.107751,0.993949,-0.519865,1.2085,-0.0430106,1.05073,-2.49279,0.1206
0.339858,0.935701,0.0946645,-0.940241,0.335792,0.0564853,0.0210657,-0.108204,0.993905,-0.514935,1.19597,-0.0427469,1.06283,-2.49714,0.125668
0.34316,0.934459,0.0950125,-0.939045,0.339067,0.0568146,0.0208754,-0.108717,0.993853,-0.509922,1.18347,-0.0424289,1.07506,-2.50172,0.129959
0.346501,0.933188,0.0953769,-0.937821,0.342375,0.0571923,0.0207165,-0.109264,0.993797,-0.504813,1.17101,-0.0420577,1.08813,-2.50648,0.133848
0.349874,0.931895,0.0957031,-0.93657,0.345711,0.0576291,0.0206186,-0.109796,0.99374,-0.499614,1.15858,-0.0416297,1.10195,-2.5108,0.138426
0.353285,0.93058,0.0959665,-0.93529,0.349084,0.0580731,0.0205413,-0.110273,0.993689,-0.494317,1.14619,-0.0411422,1.11641,-2.51504,0.144124
0.356718,0.929254,0.0961174,-0.933988,0.352484,0.0584995,0.020481,-0.11064,0.993649,-0.488926,1.13381,-0.040594,1.13157,-2.51924,0.150684
0.360188,0.927914,0.0961296,-0.932656,0.355927,0.0588946,0.020434,-0.110869,0.993625,-0.483446,1.12146,-0.0399865,1.14733,-2.52367,0.157772
0.363658,0.926573,0.0959945,-0.93131,0.359381,0.0592262,0.0203788,-0.110939,0.993618,-0.477884,1.10911,-0.0393219,1.1635,-2.52791,0.164979
0.367138,0.925228,0.0957201,-0.929945,0.362857,0.0594697,0.0202903,-0.110848,0.99363,-0.472236,1.09678,-0.0386026,1.17993,-2.5328,0.171966
0.370618,0.923884,0.0952873,-0.928566,0.366348,0.0596168,0.0201708,-0.110576,0.993663,-0.466505,1.08445,-0.0378237,1.19652,-2.53776,0.180474
0.37411,0.922535,0.0947135,-0.927169,0.369867,0.0596296,0.019979,-0.110123,0.993717,-0.460686,1.07212,-0.036983,1.21402,-2.54336,0.189944
0.37757,0.921198,0.0939941,-0.925772,0.373377,0.0594671,0.0196858,-0.10947,0.993795,-0.454785,1.05979,-0.036081,1.23176,-2.54917,0.199385
0.381007,0.919865,0.0931736,-0.924371,0.376885,0.0591197,0.0192664,-0.108652,0.993893,-0.448802,1.04745,-0.0351236,1.25012,-2.55561,0.208413
0.384401,0.918543,0.0922795,-0.922977,0.380372,0.0585694,0.018698,-0.107686,0.994009,-0.442759,1.0351,-0.0341206,1.26721,-2.56152,0.216149
0.387729,0.91723,0.0914087,-0.921599,0.383816,0.0577986,0.0179305,-0.106652,0.994135,-0.436683,1.02274,-0.0331008,1.28265,-2.56677,0.220279
0.390971,0.91592,0.0907311,-0.920248,0.387189,0.0568273,0.0169192,-0.105713,0.994253,-0.43059,1.01038,-0.0321051,1.29506,-2.56995,0.216173
0.394112,0.914604,0.0904196,-0.91893,0.390476,0.055641,0.0155828,-0.105018,0.994348,-0.424272,0.99795,-0.0310437,1.30756,-2.57151,0.204946
0.397142,0.913284,0.0905009,-0.917653,0.393675,0.0541512,0.0138275,-0.104554,0.994423,-0.417717,0.985096,-0.0301017,1.31447,-2.56988,0.171907
0.400073,0.911978,0.090756,-0.916407,0.396794,0.0524751,0.0118448,-0.104163,0.99449,-0.411146,0.972262,-0.0293543,1.31398,-2.5637,0.127041
0.402922,0.91068,0.0911955,-0.915183,0.399832,0.0507437,0.00974839,-0.103906,0.994539,-0.404583,0.959456,-0.0288458,1.31101,-2.55883,0.0763444
0.405729,0.909368,0.0918378,-0.913962,0.402825,0.0490473,0.00760755,-0.103836,0.994565,-0.398037,0.946667,-0.0285926,1.30739,-2.55665,0.0249325
0.408544,0.90801,0.0927903,-0.912722,0.405805,0.0475479,0.00551919,-0.104117,0.99455,-0.391509,0.933879,-0.0285955,1.30378,-2.5584,-0.0260707
0.411354,0.906605,0.0941049,-0.911469,0.40875,0.0463488,0.00355462,-0.104839,0.994483,-0.384998,0.921079,-0.0288469,1.30096,-2.56175,-0.0745155
0.414163,0.905157,0.0957059,-0.910201,0.411667,0.0454415,0.00173275,-0.105932,0.994372,-0.378496,0.908262,-0.0293352,1.29953,-2.56513,-0.120782
0.416969,0.903677,0.0974973,-0.908921,0.414559,0.0447678,3.73041e-05,-0.107284,0.994228,-0.371999,0.895427,-0.0300524,1.29954,-2.56873,-0.166124
0.419772,0.902179,0.0993258,-0.907629,0.417431,0.044291,-0.00150324,-0.108743,0.994069,-0.365497,0.882574,-0.0309944,1.30096,-2.57257,-0.210676
0.422574,0.900674,0.101082,-0.906324,0.420291,0.0439642,-0.00288654,-0.110191,0.993906,-0.358987,0.8697,-0.0321589,1.3031,-2.57701,-0.255123
0.425529,0.899318,0.100762,-0.904926,0.42359,0.0409869,-0.00582135,-0.108623,0.994066,-0.352458,0.856674,-0.0334202,1.30172,-2.57733,-0.290011
0.428511,0.897963,0.100201,-0.903494,0.426924,0.0378764,-0.00876657,-0.106762,0.994246,-0.345897,0.843522,-0.0348517,1.30075,-2.58103,-0.32456
0.431514,0.896604,0.0994854,-0.90203,0.430281,0.0346394,-0.0117488,-0.104686,0.994436,-0.339338,0.8303,-0.0364794,1.29872,-2.58558,-0.359292
0.434539,0.895241,0.0985918,-0.900531,0.433669,0.0312137,-0.0148125,-0.102349,0.994638,-0.333699,0.816173,-0.0387944,1.2873,-2.59818,-0.395574
0.437927,0.893293,0.101228,-0.89887,0.437064,0.0317481,-0.0158826,-0.104894,0.994357,-0.327667,0.802385,-0.0401057,1.27921,-2.5949,-0.405828
0.441354,0.891306,0.103829,-0.897176,0.440475,0.0324989,-0.0167677,-0.107497,0.994064,-0.321157,0.788913,-0.041127,1.28017,-2.5847,-0.401889
0.444833,0.889302,0.106142,-0.895443,0.443925,0.0333466,-0.0174641,-0.109878,0.993792,-0.314351,0.775773,-0.0420056,1.2856,-2.56794,-0.390538
0.448393,0.88729,0.107985,-0.893655,0.447453,0.0341597,-0.0180088,-0.111819,0.993565,-0.307436,0.762944,-0.0428039,1.29304,-2.54719,-0.373843
0.452011,0.885288,0.109321,-0.891822,0.451039,0.0348819,-0.0184276,-0.113262,0.993394,-0.300503,0.750409,-0.0435646,1.30077,-2.52261,-0.354154
0.455669,0.88331,0.110133,-0.889951,0.454678,0.0354262,-0.0187825,-0.114155,0.993285,-0.293612,0.738119,-0.0442938,1.30851,-2.49553,-0.331787
0.459357,0.881353,0.110489,-0.888047,0.458358,0.0357975,-0.0190931,-0.114563,0.993232,-0.286778,0.726046,-0.0449973,1.31517,-2.46642,-0.308289
0.463061,0.87942,0.110434,-0.886115,0.462066,0.0359965,-0.0193717,-0.114525,0.993231,-0.280032,0.714159,-0.0456767,1.32108,-2.43733,-0.285139
0.466772,0.877496,0.110111,-0.88416,0.465792,0.0360524,-0.0196529,-0.114184,0.993265,-0.273357,0.702444,-0.046332,1.32577,-2.40695,-0.263006
0.470442,0.875597,0.109607,-0.882206,0.469486,0.0360022,-0.0199356,-0.113633,0.993323,-0.266744,0.690893,-0.0469571,1.32957,-2.37619,-0.241788
0.47407,0.873713,0.109011,-0.880254,0.473145,0.0358549,-0.0202512,-0.112955,0.993394,-0.260177,0.679495,-0.047543,1.33294,-2.34523,-0.22049
0.477653,0.871836,0.108393,-0.878307,0.476767,0.0356439,-0.0206026,-0.112228,0.993469,-0.253633,0.668251,-0.04808,1.33607,-2.31392,-0.199531
0.481157,0.869983,0.107786,-0.876383,0.480313,0.0353883,-0.0209838,-0.111489,0.993544,-0.247097,0.657158,-0.048554,1.33942,-2.28293,-0.177205
0.484611,0.868134,0.107219,-0.874469,0.483809,0.0351235,-0.0213818,-0.110781,0.993615,-0.24056,0.646213,-0.0489536,1.34297,-2.25206,-0.154318
0.488023,0.866285,0.106696,-0.872559,0.487262,0.0348775,-0.021775,-0.11012,0.99368,-0.234011,0.635408,-0.0492722,1.34741,-2.22187,-0.130968
0.491396,0.864436,0.106207,-0.870655,0.49067,0.0346783,-0.0221352,-0.10951,0.993739,-0.22744,0.624743,-0.0495071,1.35259,-2.19214,-0.107532
0.49475,0.862577,0.105752,-0.868746,0.494052,0.0345527,-0.0224427,-0.108967,0.993792,-0.220828,0.614213,-0.0496588,1.35926,-2.16271,-0.0843523
0.498098,0.860703,0.105305,-0.866824,0.497418,0.0345176,-0.022671,-0.108474,0.993841,-0.214166,0.603824,-0.0496942,1.36691,-2.13417,-0.0613327
0.501445,0.858812,0.104854,-0.864889,0.500771,0.0345826,-0.0228081,-0.108029,0.993886,-0.207465,0.593561,-0.0496683,1.37575,-2.10649,-0.0394228
0.504813,0.856893,0.104397,-0.862927,0.504133,0.034757,-0.0228467,-0.107632,0.993928,-0.200723,0.583432,-0.049528,1.38555,-2.07958,-0.0169292
0.508187,0.854948,0.10397,-0.860945,0.50749,0.0350465,-0.0228007,-0.107323,0.993963,-0.193941,0.573429,-0.0492891,1.39557,-2.05365,0.00599982
0.511597,0.852957,0.103603,-0.858927,0.510869,0.0354671,-0.0226756,-0.107132,0.993986,-0.187125,0.563541,-0.0489774,1.4064,-2.02826,0.0299964
0.515026,0.850925,0.103319,-0.85688,0.514255,0.0360352,-0.022469,-0.107091,0.993995,-0.180255,0.553785,-0.0485383,1.41828,-2.00275,0.0547658
0.518449,0.848865,0.103143,-0.85482,0.517622,0.0367375,-0.0222039,-0.107215,0.993988,-0.173333,0.544139,-0.0480197,1.43057,-1.97773,0.0793099
0.521885,0.846765,0.103073,-0.852735,0.520989,0.0375956,-0.0218654,-0.107515,0.993963,-0.166356,0.534616,-0.0473864,1.44299,-1.9535,0.10282
0.525298,0.844643,0.103156,-0.850648,0.524314,0.0386365,-0.0214522,-0.108045,0.993914,-0.159333,0.525202,-0.0466789,1.45509,-1.93056,0.122343
0.528699,0.842482,0.103447,-0.84855,0.527609,0.0398927,-0.0209706,-0.108871,0.993835,-0.152268,0.515879,-0.0459361,1.4662,-1.90952,0.135593
0.532081,0.840284,0.103986,-0.846448,0.530858,0.0414242,-0.0203938,-0.11006,0.993716,-0.145101,0.506531,-0.045179,1.48394,-1.89432,0.156456
0.535442,0.838054,0.104722,-0.844342,0.53406,0.0432085,-0.0197169,-0.111557,0.993562,-0.137888,0.497294,-0.0444251,1.493,-1.87811,0.152674
0.538757,0.835823,0.105552,-0.842247,0.537203,0.0450971,-0.0190095,-0.113197,0.993391,-0.130676,0.488157,-0.0437426,1.49461,-1.86054,0.130167
0.542018,0.833598,0.106446,-0.840169,0.540277,0.047093,-0.0182539,-0.114958,0.993203,-0.123472,0.479168,-0.0432,1.49555,-1.84408,0.101702
0.54521,0.831393,0.107383,-0.838115,0.543287,0.0490173,-0.0175872,-0.116724,0.993009,-0.115982,0.469971,-0.0427675,1.50078,-1.83446,0.071357
0.548273,0.829268,0.108218,-0.836126,0.546186,0.050743,-0.0170275,-0.118305,0.992831,-0.10848,0.460824,-0.0425207,1.49969,-1.82463,0.0273365
0.551236,0.827203,0.108964,-0.834185,0.548998,0.0523134,-0.0165474,-0.119733,0.992668,-0.100973,0.45171,-0.0424897,1.50315,-1.82092,-0.014912
0.554104,0.825197,0.109626,-0.832291,0.551724,0.0537745,-0.0161088,-0.121037,0.992517,-0.0934521,0.442613,-0.0426759,1.50533,-1.81782,-0.059598
0.556894,0.823237,0.110227,-0.830436,0.554373,0.055202,-0.0156625,-0.122278,0.992372,-0.0859169,0.433525,-0.0430821,1.50874,-1.81742,-0.102877
0.559636,0.82131,0.110714,-0.828598,0.556983,0.0565165,-0.0152482,-0.123366,0.992244,-0.0783617,0.424435,-0.0436968,1.51335,-1.81848,-0.143001
0.562328,0.819433,0.110986,-0.826781,0.559565,0.0576253,-0.0148837,-0.124165,0.99215,-0.07078,0.415336,-0.0445059,1.51932,-1.82097,-0.180614
0.564983,0.817599,0.111023,-0.824973,0.562138,0.0584825,-0.0145953,-0.124633,0.992096,-0.0631676,0.406223,-0.0454994,1.52565,-1.82458,-0.216805
0.56759,0.815804,0.110929,-0.823185,0.564691,0.0590866,-0.0144376,-0.124852,0.99207,-0.0555294,0.397098,-0.0466756,1.52963,-1.82535,-0.25369
0.570156,0.814024,0.110849,-0.82141,0.567228,0.0594851,-0.0144542,-0.124968,0.992055,-0.0478764,0.387974,-0.0480364,1.53156,-1.82408,-0.290615
0.572633,0.812771,0.107213,-0.819706,0.569746,0.0589267,-0.0131901,-0.121626,0.992488,-0.0401643,0.378499,-0.0491939,1.52253,-1.81622,-0.308293
0.575142,0.811499,0.10335,-0.817967,0.572313,0.0582063,-0.0119145,-0.118014,0.99294,-0.032405,0.368791,-0.0503868,1.50811,-1.80609,-0.313775
0.577707,0.810161,0.0994681,-0.816176,0.574932,0.0575341,-0.0105756,-0.114421,0.993376,-0.0247478,0.359022,-0.051649,1.48705,-1.79502,-0.311538
0.580339,0.808732,0.0957028,-0.814324,0.577601,0.0570419,-0.00914646,-0.111037,0.993774,-0.0172723,0.349327,-0.0529195,1.45993,-1.77951,-0.302587
0.583051,0.807203,0.0920607,-0.8124,0.580331,0.0567667,-0.00760341,-0.107888,0.994134,-0.00999681,0.339793,-0.0541368,1.42654,-1.75889,-0.2906
0.585826,0.805596,0.0884458,-0.810415,0.583108,0.0566776,-0.00591422,-0.104881,0.994467,-0.00290034,0.330482,-0.0552464,1.39106,-1.73522,-0.27338
0.588668,0.803936,0.0845985,-0.808365,0.585947,0.0566729,-0.00400887,-0.101748,0.994802,0.00320763,0.321229,-0.0568331,1.34534,-1.70933,-0.257977
0.590522,0.802447,0.0858094,-0.807011,0.58772,0.0576081,-0.00420447,-0.103268,0.994645,0.00952862,0.312299,-0.0568864,1.29991,-1.66852,-0.21966
0.592319,0.801003,0.0869056,-0.805692,0.589439,0.0585076,-0.0043608,-0.104674,0.994497,0.0161609,0.303916,-0.0565269,1.26087,-1.62616,-0.180065
0.594112,0.799594,0.0876407,-0.80437,0.591169,0.0592316,-0.0044492,-0.105686,0.99439,0.0228507,0.295979,-0.0559551,1.22508,-1.58217,-0.142155
0.595924,0.798207,0.0879847,-0.803028,0.59294,0.0597284,-0.00449404,-0.106248,0.99433,0.0294252,0.288392,-0.0552743,1.19191,-1.53835,-0.10647
0.597796,0.796803,0.0880046,-0.801635,0.594797,0.0599739,-0.00455752,-0.1064,0.994313,0.0357951,0.281081,-0.0545319,1.16033,-1.49456,-0.0725083
0.599745,0.795362,0.087776,-0.800177,0.596756,0.0599865,-0.00466984,-0.106213,0.994332,0.0419345,0.274016,-0.0537481,1.12993,-1.45209,-0.0396676
0.601796,0.793858,0.0873558,-0.798635,0.598842,0.0597518,-0.00487794,-0.105724,0.994384,0.0478284,0.267154,-0.0529205,1.1004,-1.41144,-0.00764666
0.603947,0.79228,0.0868378,-0.797007,0.60105,0.0593157,-0.00519924,-0.105034,0.994455,0.0534971,0.260476,-0.0520549,1.07198,-1.37275,0.0222704
0.606208,0.790611,0.0862865,-0.795286,0.603387,0.0586923,-0.00566133,-0.104202,0.99454,0.0589583,0.253941,-0.0511478,1.04469,-1.33738,0.048896
0.608553,0.788865,0.0857617,-0.793488,0.60582,0.0579536,-0.00623859,-0.103319,0.994629,0.0642287,0.247537,-0.0501999,1.01845,-1.30506,0.0734639
0.610988,0.787027,0.0853365,-0.791609,0.608348,0.0571584,-0.00692915,-0.102476,0.994711,0.0693375,0.241254,-0.0492118,0.993061,-1.27506,0.096036
0.61351,0.785096,0.0850285,-0.78965,0.610963,0.0563681,-0.00769492,-0.101725,0.994783,0.0742994,0.235092,-0.0481889,0.968495,-1.24742,0.115939
0.616103,0.783082,0.084854,-0.78762,0.613648,0.0555957,-0.00853452,-0.101085,0.994841,0.0791358,0.229047,-0.0471372,0.944563,-1.22157,0.132676
0.618777,0.780977,0.0847878,-0.78551,0.616413,0.0548506,-0.00942725,-0.100542,0.994888,0.0838465,0.223118,-0.0460629,0.92148,-1.1971,0.146434
0.621524,0.778788,0.0848303,-0.783326,0.619249,0.0541346,-0.0103717,-0.100096,0.994924,0.0884469,0.217304,-0.0449772,0.898924,-1.17409,0.156507
0.624341,0.77652,0.0849398,-0.78107,0.622154,0.0534252,-0.0113599,-0.0996994,0.994953,0.0928778,0.211501,-0.0440566,0.876953,-1.15317,0.162444
0.627227,0.774174,0.0850939,-0.778737,0.625132,0.0527037,-0.0123931,-0.0993231,0.994978,0.0972098,0.205799,-0.0431146,0.855557,-1.13305,0.165893
0.630189,0.771748,0.0852457,-0.776325,0.628188,0.051953,-0.0134558,-0.0989186,0.995005,0.101438,0.200189,-0.0421637,0.834282,-1.11378,0.168124
0.633191,0.769268,0.0854178,-0.773859,0.631287,0.0511813,-0.014551,-0.0985088,0.99503,0.105567,0.19467,-0.0412059,0.814075,-1.09496,0.169889
0.636237,0.766727,0.0856262,-0.771334,0.634432,0.0503935,-0.015686,-0.0981086,0.995052,0.109603,0.189235,-0.0402376,0.794298,-1.07669,0.17195
0.639304,0.764148,0.08584,-0.76877,0.637599,0.0495993,-0.0168303,-0.0977002,0.995074,0.113551,0.183893,-0.039264,0.775386,-1.05897,0.173211
0.642392,0.761531,0.0860386,-0.766165,0.64079,0.0487753,-0.0179888,-0.0972527,0.995097,0.117417,0.178639,-0.0382827,0.757138,-1.042,0.174349
0.645495,0.758889,0.0861609,-0.763525,0.644002,0.0478765,-0.0191548,-0.0966899,0.99513,0.121206,0.17347,-0.0372956,0.739516,-1.026,0.174688
0.648617,0.756222,0.0861585,-0.760844,0.647239,0.0468874,-0.0203078,-0.0959651,0.995178,0.124931,0.168387,-0.0363028,0.722294,-1.01074,0.173619
0.651747,0.753556,0.0859092,-0.758134,0.650492,0.0457423,-0.0214139,-0.0949431,0.995252,0.128596,0.163393,-0.0353106,0.706189,-0.995888,0.17177
0.654885,0.750894,0.0853479,-0.755394,0.653766,0.0443712,-0.0224795,-0.0935294,0.995363,0.132197,0.158475,-0.0343239,0.691168,-0.981392,0.169085
0.658012,0.748258,0.0844356,-0.752641,0.657041,0.0427641,-0.023479,-0.091689,0.995511,0.13573,0.153634,-0.0333572,0.67739,-0.967496,0.165834
0.661139,0.745635,0.0832068,-0.749866,0.660323,0.0409256,-0.0244278,-0.0894514,0.995692,0.139188,0.148862,-0.032417,0.663762,-0.953853,0.162457
0.664261,0.743018,0.0817377,-0.74707,0.663609,0.0388499,-0.0253757,-0.0868702,0.995896,0.142574,0.144148,-0.0315035,0.650333,-0.940854,0.158089
0.667366,0.740416,0.0800455,-0.744266,0.666881,0.0365777,-0.0262982,-0.0839858,0.99612,0.145882,0.139492,-0.0306313,0.637103,-0.928192,0.152869
0.67046,0.737814,0.0781939,-0.741447,0.670143,0.0341431,-0.0272098,-0.0808682,0.996353,0.149122,0.134889,-0.0298027,0.624415,-0.916905,0.145592
0.673558,0.735195,0.0762151,-0.7386,0.673404,0.0315783,-0.0281074,-0.0775623,0.996591,0.152297,0.130327,-0.0290244,0.612211,-0.906636,0.137062
0.676668,0.732548,0.074119,-0.735718,0.67667,0.0289098,-0.0289763,-0.074093,0.99683,0.155405,0.125798,-0.0283076,0.600504,-0.897666,0.126693
0.679789,0.729869,0.0719512,-0.732801,0.679939,0.0261822,-0.0298128,-0.0705243,0.997064,0.158451,0.1213,-0.0276578,0.589157,-0.889545,0.115205
0.682925,0.727153,0.0697324,-0.729847,0.68321,0.0234086,-0.0306202,-0.0668803,0.997291,0.161436,0.116828,-0.0270784,0.578465,-0.881939,0.1029
0.686065,0.724401,0.0675054,-0.726862,0.686474,0.0206203,-0.0314034,-0.063214,0.997506,0.164366,0.11238,-0.0265694,0.568288,-0.875334,0.0900552
0.689239,0.721584,0.0653205,-0.72382,0.689758,0.0178589,-0.0321687,-0.0595893,0.997705,0.167246,0.107948,-0.0261273,0.558382,-0.869224,0.077327
0.692437,0.718707,0.0631831,-0.720728,0.693052,0.0151648,-0.0328901,-0.0560385,0.997887,0.170076,0.103538,-0.0257552,0.549065,-0.863783,0.064827
0.695652,0.715776,0.0610954,-0.717594,0.696349,0.0125351,-0.0335714,-0.0525617,0.998053,0.172859,0.0991479,-0.0254505,0.540157,-0.858916,0.0521347
0.698904,0.712772,0.0590757,-0.714397,0.699669,0.0100107,-0.034198,-0.0492001,0.998203,0.1756,0.0947842,-0.0252094,0.531156,-0.854437,0.0400156
0.702187,0.709697,0.0571232,-0.711142,0.703008,0.00756079,-0.0347922,-0.0459318,0.998339,0.178304,0.0904404,-0.0250229,0.522697,-0.850446,0.0284788
0.705491,0.706565,0.0552074,-0.707838,0.706356,0.00518053,-0.0353357,-0.0427327,0.998461,0.180974,0.0861212,-0.024891,0.514497,-0.84676,0.0175766
0.708832,0.703359,0.0533291,-0.704466,0.709732,0.00284912,-0.0358454,-0.0395881,0.998573,0.183613,0.0818216,-0.0248069,0.506508,-0.84283,0.00705396
0.712212,0.700077,0.0514441,-0.701026,0.713135,0.000574637,-0.0362843,-0.0364729,0.998676,0.186216,0.077549,-0.0247774,0.498465,-0.838881,-0.0038034
0.715624,0.696726,0.0495537,-0.697522,0.716561,-0.00168231,-0.0366804,-0.0333609,0.99877,0.188783,0.0732953,-0.0247985,0.490533,-0.834943,-0.0144648
0.719076,0.693296,0.0476493,-0.693945,0.720018,-0.00389949,-0.0370118,-0.0302619,0.998857,0.191313,0.0690656,-0.0248737,0.482627,-0.83127,-0.0253115
0.722554,0.689801,0.0457183,-0.690307,0.72349,-0.00612396,-0.037301,-0.0271348,0.998936,0.193807,0.0648525,-0.0250031,0.474561,-0.827947,-0.036644
0.726059,0.68624,0.043738,-0.686607,0.726981,-0.00836364,-0.0375361,-0.0239583,0.999008,0.196267,0.0606567,-0.0251928,0.466318,-0.824589,-0.0492119
0.729561,0.682645,0.0416856,-0.682876,0.730457,-0.0106194,-0.0376988,-0.0207186,0.999074,0.198697,0.0564897,-0.0254479,0.458218,-0.821595,-0.0632061
0.733058,0.679017,0.0395262,-0.679115,0.733918,-0.0129568,-0.0378068,-0.0173447,0.999135,0.201088,0.0523318,-0.0257778,0.450059,-0.819191,-0.0777723
0.736536,0.67537,0.0372824,-0.675337,0.737349,-0.0153626,-0.0378656,-0.013863,0.999187,0.203354,0.0480214,-0.0261922,0.441492,-0.818126,-0.0955071
0.739998,0.671655,0.035816,-0.67158,0.740762,-0.0158773,-0.0371952,-0.0123042,0.999232,0.205498,0.0436336,-0.0264145,0.42931,-0.813732,-0.108468
0.743396,0.667957,0.0345844,-0.667865,0.744114,-0.0158474,-0.0363201,-0.0113168,0.999276,0.207616,0.0392947,-0.0266334,0.415408,-0.803044,-0.112887
0.746714,0.664299,0.0335384,-0.664212,0.747388,-0.0152811,-0.0352174,-0.010866,0.999321,0.209666,0.0351273,-0.0269942,0.400993,-0.784836,-0.116199
0.749974,0.660656,0.0327442,-0.660598,0.750607,-0.0140927,-0.0338884,-0.0110616,0.999364,0.211639,0.031081,-0.0273662,0.383186,-0.759338,-0.121221
0.753161,0.657048,0.0321895,-0.657044,0.753753,-0.0121969,-0.0322769,-0.0119637,0.999407,0.213752,0.0276919,-0.0280314,0.367678,-0.725634,-0.129005
0.756638,0.653101,0.0309633,-0.653064,0.757197,-0.0126868,-0.0317311,-0.0106217,0.99944,0.215607,0.0242042,-0.0280248,0.346418,-0.692961,-0.108177
0.760114,0.649112,0.0296627,-0.649038,0.760639,-0.0133617,-0.0312358,-0.00909575,0.999471,0.217395,0.0208904,-0.0278041,0.325968,-0.660115,-0.0841082
0.763549,0.645126,0.028381,-0.645016,0.764039,-0.0140732,-0.0307632,-0.00756062,0.999498,0.219115,0.017726,-0.0274788,0.307238,-0.629106,-0.0607765
0.766925,0.641162,0.0271521,-0.641023,0.767381,-0.0146844,-0.030251,-0.0061433,0.999523,0.22074,0.0146828,-0.027111,0.289455,-0.599836,-0.0400396
0.770238,0.637225,0.0260271,-0.637065,0.770662,-0.0151014,-0.029681,-0.00494928,0.999547,0.222269,0.0117636,-0.026729,0.272591,-0.572621,-0.0224224
0.773485,0.633321,0.025011,-0.633148,0.773879,-0.0153143,-0.0290543,-0.00399027,0.99957,0.223714,0.00896693,-0.0263385,0.257007,-0.546692,-0.00818721
0.776681,0.629433,0.0240823,-0.629255,0.777048,-0.0153345,-0.0283651,-0.00324383,0.999592,0.22508,0.00629533,-0.0259414,0.242134,-0.522177,0.00369951
0.779822,0.62557,0.0232359,-0.625391,0.780163,-0.0151992,-0.027636,-0.0026789,0.999614,0.226375,0.0037452,-0.0255367,0.228351,-0.498862,0.013565
0.782922,0.621715,0.0224523,-0.621539,0.783241,-0.0149385,-0.026873,-0.00225929,0.999636,0.227598,0.00131238,-0.0251268,0.215137,-0.476361,0.021799
0.785983,0.617867,0.02171,-0.617698,0.78628,-0.0145851,-0.0260818,-0.00194662,0.999658,0.228747,-0.00100668,-0.0247141,0.202182,-0.454721,0.028815
0.789007,0.614024,0.0210305,-0.613863,0.789285,-0.0141749,-0.0253028,-0.0017258,0.999678,0.229841,-0.00321808,-0.0242946,0.189839,-0.433892,0.0346244
0.792005,0.610175,0.0203708,-0.610023,0.792265,-0.013721,-0.0245113,-0.00155962,0.999698,0.23088,-0.00531937,-0.0238697,0.178214,-0.413505,0.0397717
0.794964,0.606337,0.0196959,-0.606193,0.795207,-0.0132689,-0.0237077,-0.00139121,0.999718,0.231856,-0.0073255,-0.0234439,0.167054,-0.394419,0.0437735
0.797898,0.602492,0.0190269,-0.602357,0.798124,-0.0128171,-0.022908,-0.00123425,0.999737,0.232778,-0.00923842,-0.0230188,0.156105,-0.375845,0.0470953
0.800801,0.598649,0.0183495,-0.598522,0.801011,-0.0123942,-0.022118,-0.00105728,0.999755,0.233641,-0.0110723,-0.0225977,0.145348,-0.358626,0.0497509
0.803685,0.594792,0.0176697,-0.594672,0.803879,-0.0119894,-0.0213355,-0.000871988,0.999772,0.234443,-0.0128273,-0.0221868,0.13436,-0.342135,0.05136
0.806539,0.590935,0.0170097,-0.590821,0.806719,-0.0116316,-0.0205955,-0.000668369,0.999788,0.235189,-0.0145148,-0.0217886,0.12335,-0.327017,0.0519424
0.80938,0.587057,0.0163572,-0.586949,0.809545,-0.0112845,-0.0198665,-0.000467335,0.999803,0.235873,-0.0161237,-0.0214088,0.112632,-0.312533,0.0515046
0.812196,0.583172,0.0157324,-0.583068,0.812349,-0.0109848,-0.0191862,-0.000251265,0.999816,0.236498,-0.0176645,-0.0210489,0.101591,-0.298995,0.0497858
0.814991,0.579275,0.0151466,-0.579176,0.815132,-0.0107406,-0.0185682,-1.9021e-05,0.999828,0.237068,-0.0191457,-0.020712,0.0904859,-0.286,0.0471908
0.817763,0.575369,0.0145954,-0.575273,0.817894,-0.0105479,-0.0180064,0.000229311,0.999838,0.237585,-0.0205696,-0.0204029,0.0799931,-0.274143,0.0432003
0.820507,0.571463,0.0140652,-0.571369,0.820627,-0.0104088,-0.0174905,0.000504083,0.999847,0.238048,-0.0219406,-0.0201255,0.0700962,-0.262818,0.0388733
0.82322,0.56756,0.0135792,-0.567467,0.823331,-0.0103176,-0.017036,0.000787905,0.999855,0.238464,-0.0232625,-0.0198806,0.0603654,-0.251989,0.0335166
0.825893,0.563675,0.0131135,-0.563583,0.825996,-0.010273,-0.0166224,0.0010939,0.999861,0.238831,-0.0245473,-0.0196717,0.0507341,-0.241879,0.0279886
0.828525,0.559809,0.0126823,-0.559718,0.82862,-0.0102191,-0.0162296,0.00136829,0.999867,0.239151,-0.0257936,-0.0195023,0.0416491,-0.232002,0.0219779
0.831101,0.555985,0.0123053,-0.555895,0.831191,-0.0101332,-0.0158619,0.00158128,0.999873,0.239435,-0.0270054,-0.0193745,0.0329508,-0.223004,0.0150754
0.833639,0.55218,0.011985,-0.552093,0.833723,-0.00997854,-0.0155021,0.00170167,0.999878,0.239687,-0.0281844,-0.0192924,0.0248542,-0.214435,0.00678376
0.836136,0.548398,0.0117017,-0.548314,0.836216,-0.0097508,-0.0151325,0.00173679,0.999884,0.239905,-0.0293392,-0.0192603,0.0215289,-0.211073,0.00211653
0.838588,0.544645,0.0114776,-0.544566,0.838665,-0.00940168,-0.0147464,0.00163385,0.99989,0.240093,-0.0304528,-0.0192816,0.0141208,-0.203257,-0.00798576
0.840998,0.540919,0.0113076,-0.540847,0.841073,-0.008954,-0.0143539,0.0014146,0.999896,0.240247,-0.031524,-0.0193576,0.00711442,-0.195937,-0.0187762
0.843378,0.537205,0.0111771,-0.53714,0.843451,-0.00840411,-0.013942,0.00108419,0.999902,0.240367,-0.0325469,-0.0194876,0.000150646,-0.188894,-0.0298236
0.845724,0.533506,0.0110883,-0.533449,0.845796,-0.00779555,-0.0135374,0.000677812,0.999908,0.240458,-0.0335265,-0.0196696,-0.00648392,-0.181962,-0.0407523
0.848039,0.529819,0.0110323,-0.529771,0.848111,-0.0071639,-0.0131522,0.000230651,0.999913,0.240526,-0.0344684,-0.0199022,-0.0124333,-0.174947,-0.0518651
0.850343,0.526114,0.0109768,-0.526074,0.850414,-0.00651055,-0.0127601,-0.000238408,0.999919,0.240575,-0.035368,-0.0201837,-0.0175786,-0.167933,-0.0627426
0.852629,0.522403,0.0108972,-0.52237,0.852699,-0.00586098,-0.0123538,-0.000695132,0.999923,0.240605,-0.0362299,-0.020511,-0.022115,-0.160989,-0.0730445
0.854903,0.518676,0.0107899,-0.518651,0.85497,-0.00522651,-0.0119359,-0.00112806,0.999928,0.240622,-0.0370667,-0.0208812,-0.0261933,-0.153856,-0.0823348
0.857166,0.514931,0.0106361,-0.514913,0.85723,-0.00454625,-0.0114586,-0.0015798,0.999933,0.240628,-0.0378726,-0.0212925,-0.0292332,-0.147111,-0.090968
0.859432,0.511144,0.010413,-0.511134,0.859492,-0.00381205,-0.0108984,-0.00204623,0.999939,0.240621,-0.0386536,-0.0217431,-0.0318462,-0.140466,-0.0991335
0.861685,0.507342,0.0101317,-0.50734,0.861741,-0.00298973,-0.0102478,-0.00256404,0.999944,0.240607,-0.0394021,-0.0222296,-0.0354117,-0.130389,-0.109675
0.863938,0.503504,0.00975319,-0.50351,0.863987,-0.00207812,-0.00947297,-0.00311546,0.99995,0.240585,-0.0401186,-0.0227478,-0.0367942,-0.124279,-0.116275
0.86619,0.499629,0.00927455,-0.499641,0.866232,-0.00108807,-0.00857754,-0.00369148,0.999956,0.240565,-0.040801,-0.0232886,-0.038088,-0.118274,-0.121417
0.868438,0.495722,0.00864824,-0.49574,0.868471,-4.1002e-05,-0.00753107,-0.00425167,0.999963,0.240543,-0.0414367,-0.0238425,-0.0395455,-0.11213,-0.125235
0.870692,0.491765,0.00784329,-0.491787,0.870715,0.00102243,-0.00632647,-0.00474745,0.999969,0.240517,-0.0420159,-0.024397,-0.0411871,-0.104868,-0.126587
0.872966,0.487734,0.00683391,-0.487757,0.872977,0.00205479,-0.00496366,-0.00512705,0.999975,0.240487,-0.0425398,-0.0249423,-0.0428977,-0.0974233,-0.126258
0.875263,0.483615,0.005581,-0.483635,0.875265,0.00300751,-0.00343038,-0.00533152,0.99998,0.240449,-0.0430151,-0.0254732,-0.0447363,-0.0897011,-0.12447
0.8776,0.479377,0.00405008,-0.479391,0.877593,0.00387022,-0.00169902,-0.00533808,0.999984,0.240404,-0.04344,-0.0259874,-0.0466306,-0.0822725,-0.121793
0.879972,0.475021,0.00218472,-0.475026,0.87996,0.0046001,0.000262678,-0.00508575,0.999987,0.240223,-0.0439083,-0.0264923,-0.0499847,-0.0762091,-0.118127
0.882204,0.470861,0.00250944,-0.470867,0.882178,0.00685591,0.00101441,-0.00722992,0.999973,0.240101,-0.0441667,-0.0267271,-0.0044237,0.00756173,0.176463
0.884398,0.466724,0.0030585,-0.466731,0.88435,0.00934643,0.00165742,-0.00969346,0.999952,0.240014,-0.0441824,-0.0270964,-0.00388201,0.0211986,0.176914
0.886564,0.462591,0.00377719,-0.462602,0.886488,0.0117394,0.00208211,-0.0121551,0.999924,0.239845,-0.044223,-0.0276006,-0.00125337,0.0309004,0.171246
0.888713,0.458441,0.00458189,-0.458458,0.888608,0.0138643,0.00228444,-0.014422,0.999893,0.239662,-0.044251,-0.0280893,0.00389842,0.0398836,0.162738
0.890846,0.454273,0.00548791,-0.4543,0.89071,0.0157107,0.00224883,-0.016489,0.999862,0.239684,-0.0440096,-0.0282241,0.0116299,0.0515911,0.154365
0.892905,0.450212,0.00544257,-0.450238,0.892759,0.0163702,0.00251115,-0.0170675,0.999851,0.239784,-0.0437199,-0.0279377,0.0170212,0.060004,0.158617
0.894935,0.446167,0.00513687,-0.446189,0.894789,0.0163943,0.0027182,-0.0169639,0.999852,0.239875,-0.0434965,-0.0277011,0.021599,0.064226,0.159648
0.896928,0.442152,0.00468974,-0.442168,0.896791,0.0159326,0.00283892,-0.016364,0.999862,0.239951,-0.0433632,-0.0275129,0.024812,0.0645637,0.156823
0.898878,0.438179,0.00416164,-0.438189,0.898755,0.0151608,0.00290285,-0.0154513,0.999876,0.240014,-0.0433081,-0.0273668,0.0281529,0.0628053,0.151411
0.900762,0.434298,0.003627,-0.434303,0.900655,0.0142198,0.00290896,-0.0143839,0.999892,0.240073,-0.0433165,-0.0272505,0.0317446,0.0594283,0.145261
0.90257,0.430531,0.00314571,-0.430533,0.902478,0.0132453,0.00286359,-0.0133092,0.999907,0.240127,-0.0433747,-0.0271511,0.0345868,0.0564173,0.139901
0.904301,0.426887,0.00275641,-0.426887,0.904221,0.0123551,0.00278182,-0.0123494,0.99992,0.240181,-0.0434513,-0.0270528,0.0364964,0.053469,0.135811
0.905965,0.423346,0.00248599,-0.423345,0.905895,0.0115756,0.00264843,-0.0115395,0.99993,0.240249,-0.0435213,-0.0269361,0.0371891,0.0510498,0.133834
0.907581,0.41987,0.00228657,-0.419869,0.907519,0.0108926,0.00249838,-0.010846,0.999938,0.240328,-0.0435707,-0.0267893,0.037014,0.0500214,0.132815
0.909163,0.416436,0.00212659,-0.416435,0.909107,0.010301,0.00235642,-0.0102509,0.999945,0.24041,-0.0435933,-0.0266108,0.0347424,0.0500885,0.132481
0.910744,0.412967,0.00197695,-0.412966,0.910694,0.00977936,0.00223816,-0.00972291,0.99995,0.240488,-0.0436007,-0.0264074,0.0300413,0.0487083,0.130553
0.912335,0.40944,0.00180089,-0.409438,0.91229,0.00931879,0.00217256,-0.00923921,0.999955,0.240547,-0.0436073,-0.0261865,0.0250422,0.0474583,0.128312
0.913949,0.405825,0.00162464,-0.405823,0.913908,0.00895891,0.00215098,-0.00884731,0.999959,0.240584,-0.0436111,-0.0259512,0.019113,0.0461835,0.126051
0.915582,0.402128,0.00145928,-0.402125,0.915543,0.00871733,0.00216945,-0.00856824,0.999961,0.240596,-0.0436051,-0.0257001,0.0127295,0.0450962,0.124395
0.91724,0.398334,0.00130442,-0.39833,0.917202,0.00859773,0.00222835,-0.00840577,0.999962,0.240577,-0.0435802,-0.0254323,0.00606353,0.044901,0.122916
0.918907,0.394474,0.00116281,-0.394469,0.918869,0.00857923,0.00231581,-0.0083422,0.999963,0.240526,-0.0435337,-0.0251496,-0.0006563,0.0451424,0.121391
0.920588,0.390534,0.00105556,-0.390528,0.92055,0.00865281,0.00240752,-0.0083779,0.999962,0.240451,-0.0434607,-0.0248545,-0.00665996,0.0455023,0.11898
0.922272,0.38654,0.000976507,-0.386533,0.922234,0.00879634,0.00249957,-0.00849007,0.999961,0.240354,-0.0433611,-0.0245501,-0.0122296,0.0465846,0.116593
0.923961,0.382486,0.000928094,-0.382479,0.923921,0.00896387,0.00257107,-0.00863724,0.999959,0.240241,-0.0432483,-0.0242423,-0.0170371,0.0479708,0.112796
0.925644,0.378394,0.000908334,-0.378386,0.925603,0.00917064,0.00262935,-0.00883245,0.999958,0.240114,-0.0431198,-0.0239394,-0.0209765,0.0494458,0.108235
0.927327,0.374251,0.000904953,-0.374243,0.927283,0.00941297,0.00268367,-0.00906757,0.999955,0.239974,-0.0429761,-0.0236458,-0.0248012,0.0507195,0.103132
0.929004,0.370069,0.000913366,-0.37006,0.928957,0.009691,0.00273786,-0.00934098,0.999953,0.239822,-0.0428145,-0.0233652,-0.0282521,0.0520216,0.0972898
0.930679,0.365835,0.000930029,-0.365826,0.93063,0.00998032,0.00278564,-0.00962871,0.99995,0.239663,-0.0426404,-0.0231017,-0.031315,0.0530133,0.0906679
0.932344,0.361572,0.000931266,-0.361562,0.932291,0.0102934,0.00285359,-0.00993368,0.999947,0.239492,-0.0424496,-0.0228601,-0.0341335,0.0540138,0.0837689
0.934002,0.357265,0.000935626,-0.357255,0.933947,0.0106119,0.00291744,-0.0102458,0.999943,0.239313,-0.0422462,-0.0226434,-0.036856,0.0549577,0.0758595
0.935658,0.352906,0.000947708,-0.352895,0.935599,0.0109411,0.00297452,-0.0105716,0.99994,0.239127,-0.0420273,-0.022454,-0.0395237,0.056104,0.0676577
0.937307,0.348503,0.000963308,-0.348492,0.937244,0.0112528,0.00301879,-0.0108831,0.999936,0.238935,-0.0417966,-0.0222939,-0.0423543,0.0572915,0.0590426
0.938948,0.344059,0.000982491,-0.344047,0.938881,0.0115502,0.0030515,-0.011183,0.999933,0.23874,-0.0415485,-0.022165,-0.0446213,0.0587164,0.0501338
0.940583,0.339562,0.000989554,-0.339549,0.940514,0.011797,0.00307511,-0.011432,0.99993,0.238537,-0.0412912,-0.0220693,-0.0471029,0.0598317,0.0410309
0.942213,0.335014,0.000983567,-0.335001,0.942141,0.0119927,0.00309107,-0.0116292,0.999928,0.238326,-0.041029,-0.0220091,-0.0493513,0.0613011,0.0320609
0.943834,0.330418,0.000967623,-0.330405,0.943761,0.0121677,0.00310724,-0.011804,0.999926,0.238111,-0.0407598,-0.0219858,-0.0512917,0.0622349,0.0230138
0.945449,0.325768,0.000926119,-0.325755,0.945374,0.0123202,0.003138,-0.0119498,0.999924,0.237891,-0.0404945,-0.0220012,-0.0528804,0.0627412,0.0138435
0.94705,0.321085,0.000875605,-0.321071,0.946973,0.0124824,0.00317874,-0.0121026,0.999922,0.237673,-0.0402361,-0.0220582,-0.0536037,0.0626078,0.00406949
0.948639,0.316358,0.000813467,-0.316343,0.94856,0.0126996,0.00324601,-0.0123047,0.999919,0.237461,-0.039974,-0.0221582,-0.0536363,0.0626537,-0.0058017
0.95021,0.311608,0.000726191,-0.311591,0.950128,0.012938,0.00334161,-0.0125201,0.999916,0.237258,-0.0397163,-0.0223017,-0.0526204,0.0619614,-0.016099
0.951761,0.306838,0.000615091,-0.306819,0.951676,0.0132136,0.00346907,-0.0127649,0.999913,0.23707,-0.0394612,-0.0224897,-0.0510449,0.0613819,-0.0268418
0.953282,0.302082,0.000453698,-0.30206,0.953193,0.0135348,0.00365616,-0.0130395,0.999908,0.236889,-0.0392184,-0.022722,-0.0491184,0.0603672,-0.0365178
0.954785,0.297297,0.000263494,-0.297272,0.954691,0.013953,0.00389664,-0.0134005,0.999903,0.236717,-0.0389916,-0.0229971,-0.0469803,0.058906,-0.0457563
0.956262,0.292511,5.92963e-05,-0.292481,0.956161,0.0145124,0.00418834,-0.013895,0.999895,0.236557,-0.0387835,-0.0233124,-0.0449924,0.0569763,-0.0545561
0.957721,0.287698,-0.000162999,-0.287662,0.957611,0.0152328,0.00453855,-0.0145419,0.999884,0.236412,-0.0385978,-0.0236646,-0.0428327,0.0545153,-0.0623089
0.959152,0.282889,-0.000435964,-0.282846,0.959029,0.0161699,0.00499238,-0.015386,0.999869,0.236276,-0.0384201,-0.0240516,-0.0409705,0.0520204,-0.069605
0.960557,0.278082,-0.000774607,-0.278028,0.960417,0.0173225,0.00556103,-0.0164239,0.99985,0.23615,-0.038245,-0.0244687,-0.0394437,0.0494197,-0.0766082
0.961938,0.273265,-0.00118933,-0.273196,0.961777,0.0186624,0.00624365,-0.0176271,0.999825,0.236041,-0.0380761,-0.0249114,-0.0379012,0.0469929,-0.083202
0.963292,0.26845,-0.00173257,-0.268362,0.963105,0.0202552,0.00710616,-0.0190467,0.999793,0.23589,-0.03744,-0.0252938,-0.0374408,0.0509484,-0.0901446
0.964702,0.263334,-0.00218566,-0.263239,0.964521,0.0201224,0.00740703,-0.0188368,0.999795,0.235743,-0.0369859,-0.0255066,-0.0364745,0.0507882,-0.0839694
0.966087,0.258203,-0.00267234,-0.258104,0.965919,0.01957,0.0076343,-0.0182166,0.999805,0.235564,-0.0365959,-0.0256625,-0.0368422,0.0498421,-0.0748835
0.967444,0.253068,-0.00302604,-0.25297,0.967293,0.018736,0.00766856,-0.0173605,0.99982,0.235353,-0.0362343,-0.0257722,-0.0379933,0.0498244,-0.0613722
0.968765,0.247959,-0.00318358,-0.247867,0.968633,0.0176722,0.00746568,-0.0163311,0.999839,0.235117,-0.0358809,-0.0258286,-0.0394491,0.0488461,-0.04604
0.970053,0.242875,-0.00313726,-0.242794,0.969941,0.0163183,0.00700627,-0.0150679,0.999862,0.234871,-0.0359649,-0.0258662,-0.0407745,0.0422777,-0.0289094
0.971296,0.237855,-0.00299391,-0.237778,0.971184,0.0162068,0.00676252,-0.0150298,0.999864,0.234566,-0.0359686,-0.0256875,-0.0435302,0.0373771,0.00107231
0.97251,0.232847,-0.00274725,-0.232773,0.972394,0.0163353,0.00647503,-0.0152467,0.999863,0.234248,-0.0358592,-0.025349,-0.0454334,0.0342615,0.0316747
0.973694,0.227845,-0.00245601,-0.227775,0.973573,0.0165326,0.00615798,-0.0155383,0.99986,0.233919,-0.0356728,-0.0248778,-0.0466759,0.0321316,0.0616106
0.974857,0.222821,-0.00211454,-0.222756,0.974731,0.0167137,0.00578527,-0.0158225,0.999858,0.233612,-0.0354795,-0.0244091,-0.0471633,0.0308677,0.0842923
0.975994,0.217792,-0.00166985,-0.217734,0.975862,0.0169004,0.00531031,-0.0161311,0.999856,0.233297,-0.0352832,-0.0238637,-0.0468541,0.0299137,0.10112
0.977105,0.212756,-0.00112547,-0.212706,0.976967,0.0170918,0.00473592,-0.0164611,0.999853,0.232991,-0.0350736,-0.0232745,-0.0464047,0.0292088,0.10903
0.97819,0.20771,-0.000554297,-0.20767,0.978048,0.017201,0.00411493,-0.0167107,0.999852,0.232701,-0.0348339,-0.0226547,-0.0454472,0.0289344,0.114155
0.979245,0.202678,-6.97584e-06,-0.202648,0.979103,0.0170729,0.00346714,-0.0167172,0.999854,0.23243,-0.0345863,-0.0220079,-0.044993,0.0292544,0.11821
0.980269,0.197667,0.000462757,-0.197647,0.980131,0.0167311,0.00285362,-0.0164924,0.99986,0.232162,-0.034339,-0.0213409,-0.0450382,0.0293321,0.122168
0.981265,0.192659,0.000868019,-0.192647,0.981135,0.0161877,0.00226706,-0.0160517,0.999869,0.231887,-0.0341088,-0.0206605,-0.0456518,0.0289586,0.126071
0.982229,0.187681,0.00124185,-0.187677,0.982108,0.0155241,0.00169395,-0.0154813,0.999879,0.2316,-0.0339071,-0.0199763,-0.0471433,0.0278902,0.129158
0.983162,0.182729,0.00161218,-0.182732,0.983051,0.0148204,0.00112325,-0.0148654,0.999889,0.231296,-0.0337384,-0.0192972,-0.0494195,0.0266902,0.130505
0.984065,0.1778,0.00201055,-0.177811,0.983963,0.0141493,0.000537446,-0.0142813,0.999898,0.230982,-0.0335905,-0.018626,-0.0519898,0.0255109,0.130884
0.984934,0.172911,0.00243211,-0.172928,0.984841,0.0135445,-5.32439e-05,-0.013761,0.999905,0.230657,-0.0334494,-0.0179651,-0.0543728,0.0245976,0.129877
0.985777,0.168036,0.00287743,-0.16806,0.985691,0.0129823,-0.000654753,-0.0132813,0.999912,0.230318,-0.0333147,-0.0173183,-0.0566695,0.0234027,0.127783
0.986595,0.163155,0.0033738,-0.163184,0.986517,0.012468,-0.00129409,-0.0128515,0.999917,0.229974,-0.0331775,-0.016689,-0.0588243,0.0228526,0.124325
0.987385,0.158287,0.00390514,-0.158323,0.987315,0.0119739,-0.00196029,-0.0124412,0.999921,0.229622,-0.0330362,-0.0160819,-0.0611717,0.022735,0.12
0.988154,0.153399,0.00449408,-0.153442,0.988091,0.0114807,-0.00267943,-0.0120342,0.999924,0.22927,-0.0328904,-0.0155014,-0.0627692,0.0229624,0.114037
0.9889,0.148491,0.00511855,-0.14854,0.988845,0.0109789,-0.00343118,-0.0116174,0.999927,0.228921,-0.0327387,-0.014954,-0.0639621,0.0231214,0.106721
0.989624,0.143567,0.00576913,-0.143621,0.989578,0.0104549,-0.00420802,-0.011175,0.999929,0.228573,-0.0325821,-0.0144451,-0.0651834,0.023888,0.0986775
0.990322,0.138641,0.00644159,-0.1387,0.990285,0.00990012,-0.00500645,-0.0106978,0.99993,0.228227,-0.032423,-0.0139801,-0.0662424,0.0243775,0.0892919
0.990997,0.133693,0.00713324,-0.133756,0.99097,0.00932011,-0.0058228,-0.0101903,0.999931,0.227885,-0.0322642,-0.013564,-0.0671653,0.0247446,0.0789331
0.991646,0.128749,0.00784217,-0.128816,0.99163,0.00871845,-0.00665404,-0.00965581,0.999931,0.22755,-0.0321087,-0.0132009,-0.0678321,0.0250431,0.0682309
0.992271,0.123793,0.00856649,-0.123862,0.992266,0.00808973,-0.00749879,-0.00908827,0.999931,0.227222,-0.0319684,-0.0128962,-0.0678381,0.0249462,0.0564397
0.99287,0.118835,0.0093023,-0.118906,0.992877,0.00748926,-0.00834605,-0.00854197,0.999929,0.226903,-0.0318332,-0.0126531,-0.0678024,0.0245095,0.0441435
0.993445,0.113868,0.0100431,-0.11394,0.993464,0.00691409,-0.00919015,-0.00801307,0.999926,0.226592,-0.0317012,-0.0124698,-0.0672534,0.024205,0.0319762
0.993994,0.108903,0.0107855,-0.108976,0.994024,0.00636153,-0.0100283,-0.00749868,0.999922,0.226289,-0.0315732,-0.0123447,-0.0671381,0.0236898,0.0199773
0.994516,0.103952,0.011515,-0.104024,0.994558,0.00584927,-0.0108443,-0.00701503,0.999917,0.225989,-0.0314453,-0.0122778,-0.066925,0.0231875,0.00798373
0.995012,0.0990054,0.0122416,-0.0990767,0.995065,0.00535443,-0.011651,-0.00654058,0.999911,0.225694,-0.0313266,-0.0122681,-0.0665359,0.0222908,-0.00358489
0.99548,0.0940778,0.0129771,-0.0941479,0.995546,0.00490172,-0.0124582,-0.00610133,0.999904,0.225408,-0.031212,-0.0123152,-0.0661254,0.0215825,-0.015313
0.995921,0.0891802,0.0137061,-0.0892489,0.995999,0.00448326,-0.0132515,-0.00568823,0.999896,0.225125,-0.0311029,-0.0124196,-0.0654979,0.0207391,-0.0268597
0.996334,0.0843248,0.0144504,-0.0843919,0.996424,0.00409924,-0.0140531,-0.00530371,0.999887,0.224845,-0.0310006,-0.0125817,-0.0648701,0.0195245,-0.0382596
0.996717,0.0795187,0.0152068,-0.0795842,0.996821,0.00374765,-0.0148605,-0.00494557,0.999877,0.224564,-0.0309078,-0.0128025,-0.0643129,0.0181497,-0.0497186
0.997074,0.0747504,0.0159861,-0.0748143,0.997192,0.0034391,-0.0156842,-0.00462503,0.999866,0.224281,-0.0308242,-0.0130815,-0.0636811,0.0163981,-0.061173
0.997403,0.0700348,0.0168299,-0.0700978,0.997535,0.00318077,-0.0165656,-0.00435224,0.999853,0.224011,-0.0307486,-0.0134136,-0.0630112,0.0143169,-0.0721053
0.997704,0.0653731,0.0176966,-0.0654355,0.997852,0.00297094,-0.0174644,-0.00412211,0.999839,0.223748,-0.0306805,-0.0137991,-0.062275,0.0122355,-0.0832209
0.997978,0.0607826,0.0185839,-0.0608449,0.998143,0.00280408,-0.018379,-0.00392915,0.999823,0.223495,-0.0306097,-0.0142373,-0.0615303,0.0107736,-0.0947325
0.998222,0.0563171,0.0194996,-0.0563789,0.998406,0.00263465,-0.0193201,-0.00372933,0.999806,0.223263,-0.0305202,-0.014722,-0.0603902,0.0101747,-0.105547
0.998439,0.0519979,0.020386,-0.0520571,0.998641,0.00238533,-0.0202343,-0.00344284,0.999789,0.223051,-0.0304306,-0.0152538,-0.0590472,0.0104719,-0.116299
0.998627,0.0479096,0.0211956,-0.0479653,0.998847,0.00212368,-0.0210694,-0.00313742,0.999773,0.222859,-0.0303462,-0.0158429,-0.058416,0.0123844,-0.129033
0.998789,0.0440545,0.0219095,-0.0441063,0.999025,0.0018846,-0.0218052,-0.00284866,0.999758,0.222676,-0.0302573,-0.0164924,-0.0579725,0.0140627,-0.141424
0.998928,0.0404298,0.0225379,-0.0404778,0.999179,0.00167816,-0.0224515,-0.00258864,0.999745,0.222497,-0.0301617,-0.0171969,-0.0578939,0.0151995,-0.152448
0.999048,0.0370002,0.0231029,-0.0370447,0.999312,0.00150076,-0.0230315,-0.00235518,0.999732,0.222317,-0.0300582,-0.0179488,-0.058097,0.0155822,-0.162412
0.999152,0.0337432,0.0236127,-0.0337836,0.999428,0.00131116,-0.023555,-0.00210777,0.99972,0.22213,-0.029957,-0.0187429,-0.0583577,0.0157271,-0.170875
0.99924,0.0306508,0.0240921,-0.0306865,0.999528,0.00111287,-0.0240467,-0.00185133,0.999709,0.221938,-0.0298643,-0.0195754,-0.0585595,0.0150599,-0.178216
0.999315,0.027688,0.024548,-0.0277193,0.999615,0.000933154,-0.0245128,-0.00161297,0.999698,0.22174,-0.0297852,-0.0204439,-0.0587421,0.0131873,-0.185085
0.999379,0.024853,0.0249956,-0.0248808,0.99969,0.000798138,-0.024968,-0.00141955,0.999687,0.221544,-0.0297209,-0.021346,-0.0589973,0.0104415,-0.191311
0.999432,0.0221194,0.02541,-0.0221447,0.999755,0.00071486,-0.0253879,-0.00127715,0.999677,0.221344,-0.0296755,-0.0222828,-0.0587234,0.00713463,-0.197802
0.999477,0.0194736,0.025809,-0.0194977,0.99981,0.000683338,-0.0257908,-0.0011862,0.999667,0.221147,-0.029653,-0.0232547,-0.0581707,0.00322424,-0.204178
0.999513,0.0169071,0.0262136,-0.0169328,0.999856,0.000761587,-0.026197,-0.00120509,0.999656,0.221124,-0.0292653,-0.0240947,-0.054819,0.00413025,-0.211214
0.999555,0.0146396,0.0259875,-0.0146299,0.999893,-0.000564968,-0.025993,0.000184523,0.999662,0.221081,-0.0291744,-0.0247758,-0.0523852,-0.0020545,-0.205748
0.999595,0.0125248,0.025561,-0.0124752,0.99992,-0.00210082,-0.0255853,0.00178109,0.999671,0.221044,-0.0291768,-0.025462,-0.0499268,-0.00854543,-0.200435
0.999635,0.010517,0.024876,-0.0104245,0.999938,-0.0038437,-0.0249149,0.00358298,0.999683,0.220931,-0.0294225,-0.0262131,-0.0480638,-0.0173579,-0.194342
0.999657,0.00884971,0.0246401,-0.00874776,0.999953,-0.00424242,-0.0246765,0.00402542,0.999687,0.220829,-0.029562,-0.0268686,-0.0323931,0.0237435,-0.0477658
0.999678,0.0073306,0.024292,-0.0072232,0.999964,-0.004506,-0.0243241,0.00432909,0.999695,0.220699,-0.0296624,-0.0275529,-0.0325056,0.0175677,-0.0431142
0.999697,0.00596214,0.0238729,-0.00585218,0.999972,-0.00467328,-0.0239001,0.00453215,0.999704,0.220513,-0.0298412,-0.0283434,-0.0336801,0.0113878,-0.0375157
0.999713,0.00471976,0.0234716,-0.00460891,0.999978,-0.00477439,-0.0234936,0.00466484,0.999713,0.220285,-0.0301132,-0.0290915,-0.0348949,0.00434789,-0.0291878
0.999727,0.00358378,0.0231012,-0.00347521,0.999983,-0.00473798,-0.0231178,0.0046564,0.999722,0.22003,-0.0304374,-0.029752,-0.0357526,-0.00335504,-0.0191449
0.999737,0.00253399,0.0227758,-0.00243175,0.999987,-0.00451527,-0.022787,0.0044587,0.99973,0.219763,-0.0307586,-0.0303026,-0.0365216,-0.00994479,-0.00748876
0.999746,0.00156882,0.0225019,-0.00147607,0.99999,-0.00413829,-0.0225082,0.00410402,0.999738,0.219499,-0.0310724,-0.0307351,-0.0365074,-0.0158431,0.00458054
0.999752,0.000696247,0.022264,-0.000615985,0.999993,-0.00361166,-0.0222664,0.00359705,0.999746,0.219241,-0.0313674,-0.0310563,-0.0358511,-0.0209675,0.0167668
0.999757,-9.37242e-05,0.0220568,0.000159237,0.999996,-0.00296844,-0.0220565,0.00297123,0.999752,0.218992,-0.0316378,-0.0312761,-0.0345677,-0.0250628,0.0277161
0.99976,-0.000787486,0.0218821,0.000837034,0.999997,-0.00225528,-0.0218803,0.00227305,0.999758,0.218753,-0.0318846,-0.0314044,-0.0329217,-0.0288328,0.0373926
0.999763,-0.00139589,0.0217462,0.00142924,0.999998,-0.00151808,-0.021744,0.0015488,0.999762,0.218525,-0.0321078,-0.0314501,-0.0310812,-0.0313667,0.0463648
0.999764,-0.00190751,0.021643,0.00192514,0.999998,-0.00079413,-0.0216414,0.000835609,0.999765,0.218306,-0.0323102,-0.0314245,-0.0293659,-0.0336348,0.0540609
0.999765,-0.00233877,0.0215669,0.00234185,0.999997,-0.000117767,-0.0215666,0.000168246,0.999767,0.218094,-0.0324988,-0.031341,-0.0276851,-0.0352223,0.0602013
0.999765,-0.00270008,0.02153,0.0026902,0.999996,0.000487982,-0.0215313,-0.000429947,0.999768,0.217914,-0.0326721,-0.0311563,-0.0257895,-0.035995,0.0658646
0.999763,-0.00299692,0.021545,0.00297583,0.999995,0.00101077,-0.0215479,-0.000946418,0.999767,0.217746,-0.0328448,-0.0309438,-0.0240319,-0.036278,0.0697592
0.999762,-0.00322751,0.0215924,0.00319656,0.999994,0.00146756,-0.021597,-0.00139819,0.999766,0.217587,-0.0330137,-0.03071,-0.022031,-0.0361854,0.0723166
0.999759,-0.00340472,0.0216706,0.00336564,0.999993,0.00183946,-0.0216767,-0.00176608,0.999763,0.217439,-0.0331863,-0.0304629,-0.0203246,-0.0361823,0.0737964
0.999757,-0.00352608,0.0217783,0.00348002,0.999992,0.00215216,-0.0217857,-0.00207585,0.999761,0.217302,-0.0333612,-0.0302078,-0.0185069,-0.0355551,0.0744068
0.999753,-0.00358853,0.021913,0.00353616,0.999991,0.00242838,-0.0219215,-0.00235029,0.999757,0.217175,-0.0335359,-0.0299483,-0.0163161,-0.0346241,0.0742095
0.99975,-0.00360974,0.0220646,0.00355171,0.99999,0.00266871,-0.022074,-0.00258968,0.999753,0.217071,-0.0337142,-0.0296547,-0.0143861,-0.0339032,0.0741943
0.999746,-0.00357515,0.0222537,0.0035113,0.99999,0.00290725,-0.0222639,-0.00282838,0.999748,0.216977,-0.033889,-0.0293643,-0.0124747,-0.0328698,0.0731383
0.999741,-0.00349962,0.0224699,0.00342975,0.999989,0.00314754,-0.0224807,-0.00306966,0.999743,0.216893,-0.0340576,-0.029079,-0.0107198,-0.0318014,0.0717445
0.999736,-0.00338658,0.0227093,0.00331044,0.999989,0.00338942,-0.0227206,-0.00331335,0.999736,0.216814,-0.0342173,-0.0288005,-0.00927458,-0.030949,0.0698796
0.99973,-0.00324296,0.0229945,0.00316074,0.999988,0.00361104,-0.0230059,-0.00353739,0.999729,0.216745,-0.03437,-0.028528,-0.00797055,-0.0303408,0.0679029
0.999724,-0.00306357,0.0233122,0.00297587,0.999988,0.00379562,-0.0233235,-0.00372519,0.999721,0.216684,-0.0345151,-0.0282613,-0.00704931,-0.029454,0.0658927
0.999716,-0.00285599,0.0236648,0.00276345,0.999988,0.00394228,-0.0236758,-0.00387576,0.999712,0.216628,-0.0346481,-0.0279985,-0.00646115,-0.0282284,0.0641786
0.999707,-0.00262872,0.024046,0.00253284,0.999989,0.00401686,-0.0240563,-0.00395478,0.999703,0.216578,-0.0347747,-0.0277375,-0.00592542,-0.0268115,0.0631156
0.999698,-0.0024096,0.0244391,0.0023117,0.999989,0.00403334,-0.0244486,-0.00397562,0.999693,0.216529,-0.0348924,-0.0274782,-0.00588359,-0.0252317,0.062094
0.999689,-0.00217368,0.0248553,0.00207498,0.99999,0.00399626,-0.0248637,-0.00394345,0.999683,0.216483,-0.0349994,-0.0272178,-0.00593766,-0.0237692,0.0615716
0.999678,-0.0019326,0.0252908,0.00183488,0.999991,0.00388619,-0.025298,-0.00383854,0.999673,0.21644,-0.0351028,-0.0269546,-0.00594308,-0.0225365,0.061507
0.999668,-0.00168359,0.0257277,0.0015885,0.999992,0.00371613,-0.0257337,-0.00367402,0.999662,0.2164,-0.0352026,-0.0266895,-0.00549384,-0.0208284,0.0615334
0.999656,-0.00143305,0.0261734,0.00134178,0.999993,0.0035044,-0.0261782,-0.00346808,0.999651,0.216365,-0.0352966,-0.0264209,-0.00529891,-0.0193776,0.0618509
0.999645,-0.00116419,0.0266223,0.00107788,0.999994,0.00325632,-0.0266259,-0.00322647,0.99964,0.216339,-0.0353797,-0.0261573,-0.00487474,-0.0179439,0.0620077
0.999634,-0.000873858,0.0270517,0.00079322,0.999995,0.00299149,-0.0270542,-0.00296894,0.99963,0.216314,-0.0354532,-0.0259001,-0.00468367,-0.0167284,0.0625405
0.999622,-0.000597425,0.0274848,0.000523132,0.999996,0.00271016,-0.0274863,-0.00269476,0.999619,0.216303,-0.0355353,-0.0256322,-0.00417341,-0.0156345,0.0631444
0.999611,-0.000304856,0.0278755,0.000236927,0.999997,0.00244014,-0.0278762,-0.00243259,0.999608,0.216298,-0.0356217,-0.0253542,-0.0034242,-0.0148981,0.0641992
0.999602,1.12398e-05,0.0282266,-7.36451e-05,0.999998,0.00220983,-0.0282265,-0.00221103,0.999599,0.216299,-0.035704,-0.0250587,-0.00313673,-0.0140749,0.0663182
0.999593,0.000328693,0.0285305,-0.000386101,0.999998,0.00200668,-0.0285297,-0.00201688,0.999591,0.216308,-0.0357926,-0.0247426,-0.00250062,-0.013197,0.0691452
0.999586,0.000647677,0.0287589,-0.000701407,0.999998,0.00185826,-0.0287576,-0.00187767,0.999585,0.216317,-0.0358773,-0.024407,-0.00248478,-0.0120774,0.0724681
0.999582,0.000986212,0.0288981,-0.00103752,0.999998,0.00176064,-0.0288963,-0.00178989,0.999581,0.216317,-0.035956,-0.0240514,-0.0026666,-0.0112579,0.0765611
0.999579,0.00133721,0.0289694,-0.00138789,0.999998,0.00172911,-0.0289671,-0.00176858,0.999579,0.216317,-0.0360164,-0.023672,-0.00245201,-0.0098689,0.0807895
0.999579,0.00169021,0.0289759,-0.00174145,0.999997,0.0017431,-0.0289729,-0.00179282,0.999579,0.216318,-0.0360601,-0.0232675,-0.00214838,-0.00843699,0.0847521
0.99958,0.00203861,0.0289096,-0.00209127,0.999996,0.00179153,-0.0289058,-0.00185123,0.99958,0.216317,-0.0360878,-0.0228413,-0.00212209,-0.00685081,0.0882933
0.999583,0.00239207,0.0287818,-0.00244624,0.999995,0.0018469,-0.0287773,-0.00191654,0.999584,0.216315,-0.0361076,-0.022396,-0.00208844,-0.00503793,0.091546
0.999587,0.00272798,0.0285941,-0.00278337,0.999994,0.00189749,-0.0285888,-0.00197629,0.999589,0.216311,-0.036124,-0.0219368,-0.0014316,-0.00345574,0.0943631
0.999593,0.00306477,0.0283546,-0.00312206,0.999993,0.00197654,-0.0283484,-0.00206426,0.999596,0.216305,-0.0361208,-0.0214648,-0.00108513,-0.00196196,0.0969523
0.9996,0.00339687,0.0280755,-0.00345572,0.999992,0.00204804,-0.0280683,-0.00214425,0.999604,0.216306,-0.0361144,-0.0209829,-0.000554231,-0.000429995,0.0987387
0.999608,0.00372253,0.0277496,-0.00378231,0.999991,0.00210188,-0.0277415,-0.00220601,0.999613,0.216303,-0.0361033,-0.0204921,-9.5388e-05,0.000860766,0.100398
0.999616,0.00404645,0.0274014,-0.00410714,0.999989,0.0021589,-0.0273924,-0.00227061,0.999622,0.216303,-0.0360816,-0.0199958,0.000754699,0.0021657,0.101689
0.999625,0.00435989,0.0270231,-0.00442084,0.999988,0.00219605,-0.0270132,-0.00231469,0.999632,0.216302,-0.0360567,-0.0194953,0.00138584,0.00326053,0.102279
0.999634,0.00466899,0.0266323,-0.00472989,0.999986,0.00222389,-0.0266216,-0.00234905,0.999643,0.216304,-0.036028,-0.018994,0.0020621,0.00438697,0.102417
0.999643,0.00496921,0.0262398,-0.0050299,0.999985,0.00224723,-0.0262282,-0.00237841,0.999653,0.21631,-0.035994,-0.0184934,0.00282104,0.00573925,0.102261
0.999652,0.00526189,0.0258332,-0.00532224,0.999983,0.00226777,-0.0258208,-0.00240447,0.999664,0.216318,-0.0359555,-0.017995,0.00386138,0.00704065,0.101757
0.999661,0.00556319,0.0254359,-0.00562356,0.999982,0.00230262,-0.0254226,-0.00244488,0.999674,0.216333,-0.0359084,-0.0175009,0.00466906,0.0082423,0.100721
0.999669,0.0058546,0.0250503,-0.005915,0.99998,0.00233783,-0.0250361,-0.00248523,0.999683,0.216356,-0.0358571,-0.0170109,0.00536397,0.00934289,0.0993823
0.999677,0.00613406,0.0246619,-0.00619488,0.999978,0.00239073,-0.0246466,-0.00254274,0.999693,0.216383,-0.0357972,-0.0165267,0.0060322,0.0106033,0.0980599
0.999685,0.00642815,0.0242526,-0.00648976,0.999976,0.00246238,-0.0242362,-0.00261899,0.999703,0.216406,-0.0357291,-0.0160493,0.00677699,0.0121225,0.096357
0.999693,0.00672123,0.0238608,-0.00678407,0.999974,0.0025538,-0.0238431,-0.00271489,0.999712,0.216433,-0.0356511,-0.01558,0.00711956,0.013318,0.0945436
0.9997,0.0070054,0.023473,-0.00706939,0.999972,0.0026443,-0.0234538,-0.00280945,0.999721,0.216462,-0.0355705,-0.0151187,0.00742215,0.0147229,0.0925954
0.999706,0.00730417,0.0231004,-0.00736976,0.999969,0.00275557,-0.0230796,-0.002925,0.999729,0.216496,-0.0354816,-0.0146679,0.0079991,0.0163387,0.0903238
0.999713,0.00758949,0.0227431,-0.00765697,0.999967,0.00288147,-0.0227205,-0.00305479,0.999737,0.216536,-0.0353836,-0.0142277,0.00852588,0.0178064,0.0880629
0.999718,0.00788211,0.0223915,-0.0079516,0.999964,0.00301613,-0.0223669,-0.00319332,0.999745,0.216578,-0.0352793,-0.0137982,0.00862801,0.0189594,0.0856278
0.999723,0.00817079,0.0220494,-0.00824272,0.999961,0.00317335,-0.0220226,-0.00335422,0.999752,0.21662,-0.0351625,-0.0133803,0.00869272,0.020717,0.083219
0.999728,0.00845495,0.0217417,-0.00852944,0.999958,0.00333558,-0.0217126,-0.00352012,0.999758,0.216671,-0.0350368,-0.012973,0.00874681,0.0222387,0.0806939
0.999732,0.00874402,0.0214345,-0.00882095,0.999955,0.00349715,-0.021403,-0.00368528,0.999764,0.216723,-0.0349065,-0.012577,0.00890251,0.0235767,0.0780474
0.999736,0.00904108,0.0211397,-0.00912041,0.999952,0.00365941,-0.0211056,-0.00385125,0.99977,0.216777,-0.0347711,-0.0121935,0.00903266,0.024764,0.0754559
0.999739,0.00932656,0.020862,-0.00940817,0.999948,0.00381741,-0.0208254,-0.00401268,0.999775,0.216833,-0.0346306,-0.0118223,0.00899011,0.0257564,0.0727787
0.999742,0.00961714,0.0205845,-0.00970107,0.999945,0.00398145,-0.0205451,-0.00418011,0.99978,0.216888,-0.0344813,-0.0114631,0.00892059,0.0267181,0.0703712
0.999744,0.00990579,0.020332,-0.00999169,0.999942,0.00412774,-0.0202899,-0.00432984,0.999785,0.216945,-0.0343292,-0.0111146,0.00879027,0.0277336,0.0680598
0.999746,0.010202,0.020077,-0.0102896,0.999938,0.00426477,-0.0200323,-0.00447027,0.999789,0.217,-0.0341737,-0.0107775,0.00866666,0.0285505,0.0656107
0.999748,0.0104965,0.0198306,-0.0105857,0.999934,0.00439921,-0.0197831,-0.00460802,0.999794,0.217052,-0.0340111,-0.0104523,0.00837912,0.0291887,0.0630518
0.999749,0.0107869,0.0196131,-0.0108775,0.999931,0.00451518,-0.019563,-0.00472739,0.999797,0.217108,-0.0338456,-0.0101368,0.00811362,0.0296785,0.0609552
0.99975,0.0110716,0.0194061,-0.0111632,0.999927,0.00461499,-0.0193536,-0.00483047,0.999801,0.217165,-0.0336778,-0.00983041,0.00801967,0.0302102,0.0590251
0.999751,0.011355,0.0192094,-0.0114474,0.999923,0.0047055,-0.0191545,-0.00492423,0.999804,0.217222,-0.0335062,-0.00953357,0.00775801,0.0306166,0.0569338
0.999751,0.0116433,0.0190343,-0.0117362,0.99992,0.00477456,-0.0189771,-0.00499676,0.999807,0.217284,-0.0333337,-0.0092459,0.00773621,0.0308418,0.0547966
0.999751,0.0119277,0.018858,-0.0120208,0.999916,0.00483154,-0.0187988,-0.00505703,0.99981,0.217343,-0.0331598,-0.00896689,0.00766768,0.0309384,0.0532232
0.999751,0.0121965,0.0186958,-0.0122895,0.999913,0.00486989,-0.0186348,-0.00509844,0.999813,0.217402,-0.0329891,-0.00869543,0.00723506,0.0308824,0.0515814
0.99975,0.0124801,0.0185308,-0.0125732,0.999909,0.00491658,-0.0184677,-0.00514834,0.999816,0.217456,-0.0328119,-0.00843305,0.00691902,0.0308636,0.0496187
0.99975,0.0127531,0.0183742,-0.012846,0.999905,0.00494568,-0.0183094,-0.00518048,0.999819,0.217508,-0.0326377,-0.00817781,0.00649956,0.0308623,0.0479882
0.999749,0.0130345,0.0182268,-0.013127,0.999902,0.00496578,-0.0181603,-0.0052038,0.999822,0.21756,-0.0324656,-0.00793019,0.00595145,0.0305852,0.0467044
0.999748,0.0132957,0.0180811,-0.0133876,0.999898,0.00496903,-0.0180132,-0.00520985,0.999824,0.217609,-0.0322998,-0.00769123,0.00554528,0.0301807,0.0449885
0.999747,0.013562,0.0179526,-0.0136533,0.999894,0.00497793,-0.0178832,-0.00522178,0.999826,0.217661,-0.0321322,-0.00745915,0.0052815,0.0296485,0.0432092
0.999745,0.0138375,0.0178281,-0.0139283,0.999891,0.0049797,-0.0177573,-0.00522675,0.999829,0.217712,-0.0319656,-0.00723349,0.00488078,0.0292,0.041786
0.999744,0.0140935,0.0177119,-0.0141836,0.999887,0.00497158,-0.0176398,-0.00522152,0.999831,0.217762,-0.0318021,-0.00701452,0.00461016,0.0288942,0.0399697
0.999742,0.0143541,0.0176185,-0.0144433,0.999883,0.00494833,-0.0175455,-0.00520152,0.999833,0.217819,-0.0316453,-0.00680176,0.00471992,0.0281637,0.0384841
0.99974,0.0146072,0.0175186,-0.0146957,0.99988,0.00493249,-0.0174445,-0.00518866,0.999834,0.217872,-0.0314873,-0.00659725,0.00455229,0.0275631,0.0368903
0.999738,0.0148618,0.0174241,-0.0149495,0.999876,0.00491466,-0.0173489,-0.00517385,0.999836,0.217921,-0.0313296,-0.00639955,0.00447625,0.0270409,0.0353792
0.999736,0.0150955,0.0173276,-0.0151825,0.999873,0.00489817,-0.0172514,-0.00515995,0.999838,0.217966,-0.0311718,-0.00620902,0.00424219,0.0265043,0.0339796
0.999733,0.015337,0.0172573,-0.015423,0.999869,0.00485902,-0.0171805,-0.00512388,0.999839,0.218015,-0.0310237,-0.00602385,0.00393538,0.0260089,0.0328752
0.999731,0.0155783,0.0171877,-0.0156634,0.999866,0.00482518,-0.0171103,-0.0050931,0.999841,0.218062,-0.0308777,-0.00584623,0.0035522,0.0254602,0.0315898
0.999728,0.0158077,0.0171271,-0.0158919,0.999862,0.00479221,-0.017049,-0.00506309,0.999842,0.218109,-0.0307341,-0.0056747,0.00354829,0.0250421,0.0306629
0.999726,0.0160319,0.0170621,-0.0161152,0.999859,0.00475722,-0.0169835,-0.00503088,0.999843,0.218151,-0.0305944,-0.00551068,0.00361443,0.0244181,0.0295341
0.999723,0.0162711,0.0170062,-0.0163537,0.999855,0.00473316,-0.0169267,-0.00500996,0.999844,0.218193,-0.0304541,-0.00535283,0.00358236,0.0239534,0.0284141
0.99972,0.0164975,0.0169511,-0.0165795,0.999851,0.00470713,-0.016871,-0.00498686,0.999845,0.218231,-0.0303171,-0.00520078,0.00363587,0.0234034,0.0274512
0.999717,0.0167132,0.0169046,-0.0167948,0.999848,0.00469701,-0.0168235,-0.00497959,0.999846,0.218268,-0.0301771,-0.0050531,0.00317985,0.023071,0.0266051
0.999715,0.0169299,0.0168562,-0.0170111,0.999844,0.00468716,-0.0167742,-0.00497256,0.999847,0.218301,-0.0300385,-0.00490986,0.00271063,0.0225547,0.0256337
0.999712,0.0171338,0.0168205,-0.0172146,0.999841,0.00467422,-0.0167378,-0.00496243,0.999848,0.218335,-0.0299038,-0.00477028,0.00251284,0.0223202,0.024846
0.999709,0.0173353,0.0167892,-0.0174159,0.999837,0.00466209,-0.0167057,-0.00495313,0.999848,0.218369,-0.0297721,-0.00463516,0.00229525,0.0221043,0.0239277
0.999706,0.0175353,0.0167623,-0.0176155,0.999834,0.00464825,-0.016678,-0.00494215,0.999849,0.218403,-0.0296444,-0.00450463,0.00215421,0.0217865,0.0230339
0.999703,0.017732,0.0167406,-0.0178118,0.999831,0.00463259,-0.0166556,-0.0049294,0.999849,0.218437,-0.0295214,-0.00437847,0.00211145,0.0213772,0.022251
0.9997,0.0179293,0.0167097,-0.0180088,0.999827,0.00461543,-0.0166241,-0.00491497,0.99985,0.218465,-0.0294028,-0.0042579,0.00181092,0.02114,0.0214879
0.999697,0.0181216,0.0166839,-0.0182009,0.999824,0.00461107,-0.0165974,-0.00491333,0.99985,0.218492,-0.029283,-0.00414081,0.00150423,0.0208613,0.0207254
0.999694,0.0182988,0.0166575,-0.0183781,0.99982,0.00461878,-0.01657,-0.0049235,0.999851,0.218516,-0.0291602,-0.0040255,0.000736204,0.0206011,0.0202487
0.999691,0.0184746,0.0166303,-0.0185539,0.999817,0.00462946,-0.0165417,-0.00493658,0.999851,0.218536,-0.029037,-0.00391145,5.76184e-05,0.0200608,0.0197695
0.999688,0.0186418,0.0166055,-0.0187211,0.999814,0.00463579,-0.016516,-0.00494522,0.999851,0.218555,-0.0289166,-0.00379886,-0.000578413,0.0197783,0.0192426
0.999685,0.0188086,0.016591,-0.0188881,0.999811,0.00464586,-0.0165005,-0.00495777,0.999852,0.218576,-0.0287965,-0.003687,-0.000949774,0.0195508,0.0189424
0.999683,0.0189712,0.0165698,-0.0190505,0.999808,0.0046421,-0.0164785,-0.00495629,0.999852,0.218595,-0.0286829,-0.00357789,-0.00110574,0.019091,0.0187176
0.99968,0.0191336,0.0165582,-0.0192129,0.999805,0.00464198,-0.0164662,-0.00495862,0.999852,0.218616,-0.0285714,-0.003471,-0.00112938,0.0187121,0.0183069
0.999677,0.0193005,0.0165441,-0.0193799,0.999801,0.00465265,-0.016451,-0.00497177,0.999852,0.218635,-0.0284575,-0.00336602,-0.00111651,0.0185068,0.0179835
0.999674,0.0194509,0.0165233,-0.0195303,0.999798,0.00465979,-0.0164293,-0.00498097,0.999853,0.218651,-0.0283454,-0.00326326,-0.00130272,0.018241,0.0175705
0.999672,0.0195882,0.01651,-0.0196677,0.999796,0.00466769,-0.0164152,-0.00499087,0.999853,0.218667,-0.0282347,-0.00316166,-0.00162525,0.0177239,0.0174671
0.999669,0.0197352,0.0164902,-0.0198147,0.999793,0.00467085,-0.0163946,-0.00499605,0.999853,0.21868,-0.0281276,-0.00306227,-0.00193332,0.017134,0.0172704
0.999667,0.0198713,0.0164815,-0.0199509,0.99979,0.00468415,-0.016385,-0.00501141,0.999853,0.218695,-0.0280188,-0.00296341,-0.00201069,0.0169695,0.0166613
0.999664,0.0199992,0.0164663,-0.0200791,0.999787,0.00470334,-0.0163688,-0.00503239,0.999853,0.218708,-0.027908,-0.00286566,-0.0021995,0.0167712,0.0164146
0.999662,0.0201137,0.0164474,-0.0201938,0.999785,0.0047215,-0.0163489,-0.00505204,0.999854,0.218717,-0.0277977,-0.00276932,-0.00239661,0.0167945,0.0161803
0.99966,0.0202466,0.0164176,-0.0203267,0.999782,0.00472883,-0.0163182,-0.00506094,0.999854,0.218721,-0.0276925,-0.00267665,-0.00262404,0.0165122,0.0158368
0.999658,0.0203549,0.016395,-0.020435,0.99978,0.00473607,-0.0162949,-0.00506948,0.999854,0.218725,-0.0275906,-0.00258642,-0.00281346,0.0163592,0.0155393
0.999656,0.0204675,0.0163731,-0.0205476,0.999778,0.00473709,-0.0162725,-0.0050719,0.999855,0.218727,-0.0274937,-0.00249851,-0.00325711,0.0157357,0.0154029
0.999654,0.0205834,0.0163652,-0.0206637,0.999775,0.00475432,-0.0162637,-0.00509084,0.999855,0.218733,-0.027394,-0.00241057,-0.00367979,0.0154015,0.0149452
0.999652,0.0207045,0.016331,-0.0207849,0.999773,0.00477438,-0.0162285,-0.00511216,0.999855,0.21873,-0.0272939,-0.00232546,-0.00392912,0.0151325,0.014548
0.99965,0.0208044,0.0163125,-0.020885,0.99977,0.00478763,-0.0162091,-0.00512665,0.999855,0.218729,-0.0271974,-0.00224083,-0.00416632,0.0150083,0.0142479
0.999649,0.0209099,0.0162909,-0.0209909,0.999768,0.004817,-0.0161864,-0.00515727,0.999856,0.218727,-0.0270969,-0.00215777,-0.00448711,0.0150758,0.0137258
0.999647,0.0210148,0.0162621,-0.0210963,0.999766,0.0048547,-0.0161563,-0.00519606,0.999856,0.21872,-0.0269932,-0.00207615,-0.00465619,0.0148583,0.0132906
0.999645,0.021123,0.0162455,-0.0212048,0.999763,0.00488488,-0.0161385,-0.00522763,0.999856,0.218716,-0.0268922,-0.00199483,-0.00472019,0.014936,0.0129413
0.999643,0.0212114,0.0162311,-0.0212938,0.999761,0.00491762,-0.0161229,-0.00526149,0.999856,0.218713,-0.0267917,-0.00191498,-0.00477405,0.0149073,0.0126247
0.999641,0.0213033,0.0162243,-0.0213863,0.999759,0.00495572,-0.0161148,-0.00530092,0.999856,0.218712,-0.0266901,-0.00183619,-0.00475523,0.0150783,0.0121516
0.99964,0.0213869,0.0162031,-0.02147,0.999757,0.00497338,-0.0160928,-0.00531947,0.999856,0.218707,-0.0265973,-0.00176147,-0.00499532,0.0149074,0.0117813
0.999638,0.0214855,0.0161909,-0.0215689,0.999755,0.0049993,-0.0160796,-0.00534671,0.999856,0.218702,-0.0265051,-0.00168963,-0.00513457,0.0148837,0.011444
0.999636,0.0215742,0.0161781,-0.0216582,0.999753,0.00503202,-0.0160655,-0.00538058,0.999856,0.218696,-0.0264121,-0.00161956,-0.00526987,0.0148932,0.0110809
0.999635,0.0216587,0.0161506,-0.0217431,0.999751,0.00506715,-0.0160369,-0.00541646,0.999857,0.218685,-0.0263195,-0.00155253,-0.00579127,0.0147136,0.0105585
0.999633,0.0217574,0.0161348,-0.0218424,0.999748,0.00510793,-0.0160196,-0.00545848,0.999857,0.218674,-0.0262257,-0.00148618,-0.00602004,0.0148669,0.0101939
0.999631,0.0218417,0.016126,-0.0219272,0.999746,0.00514479,-0.0160095,-0.00549649,0.999857,0.218666,-0.026134,-0.00142041,-0.00579333,0.0148938,0.00979413
0.99963,0.0219221,0.0161239,-0.022008,0.999744,0.005175,-0.0160064,-0.00552794,0.999857,0.218661,-0.0260466,-0.00135622,-0.00568858,0.0148758,0.00953434
0.999628,0.0220118,0.0161102,-0.0220984,0.999742,0.00521208,-0.0159914,-0.00556616,0.999857,0.218653,-0.0259592,-0.00129555,-0.00554932,0.0146388,0.00902245
0.999626,0.0220826,0.0161055,-0.0221699,0.99974,0.00526191,-0.0159851,-0.00561701,0.999856,0.218647,-0.0258679,-0.00123534,-0.00544219,0.0148317,0.00907847
0.999625,0.0221685,0.0160847,-0.0222565,0.999738,0.00531064,-0.0159628,-0.00566664,0.999857,0.218635,-0.025776,-0.00117738,-0.00540946,0.014829,0.00900212
0.999624,0.0222357,0.0160677,-0.0223244,0.999736,0.00536266,-0.0159442,-0.00571935,0.999857,0.218622,-0.0256834,-0.00112111,-0.00529648,0.0149098,0.00856233
0.999623,0.0222922,0.0160387,-0.0223818,0.999735,0.00542778,-0.0159134,-0.00578471,0.999857,0.218603,-0.0255859,-0.00106721,-0.00546212,0.015143,0.00821904
0.999621,0.0223686,0.0160193,-0.0224589,0.999733,0.00547846,-0.0158925,-0.00583616,0.999857,0.218584,-0.0254924,-0.00101382,-0.00570754,0.0149936,0.00814412
0.99962,0.0224368,0.0159901,-0.0225275,0.999731,0.00551888,-0.015862,-0.00587701,0.999857,0.218561,-0.0254046,-0.000963248,-0.0062049,0.0146769,0.00814842
0.999619,0.0225025,0.0159803,-0.0225944,0.999729,0.00558879,-0.0158502,-0.00594772,0.999857,0.218542,-0.0253072,-0.000911462,-0.00646167,0.014782,0.00808202
0.999618,0.0225696,0.0159773,-0.0226624,0.999727,0.00564875,-0.0158454,-0.00600868,0.999856,0.218527,-0.0252106,-0.000857716,-0.00663332,0.014584,0.0079106
0.999616,0.0226344,0.0159605,-0.0227279,0.999725,0.00570196,-0.0158271,-0.00606252,0.999856,0.218509,-0.0251166,-0.000806178,-0.0064906,0.0146271,0.00762474
0.999615,0.0227053,0.0159591,-0.0227996,0.999724,0.00574911,-0.0158241,-0.00611076,0.999856,0.218495,-0.0250252,-0.00075543,-0.00641937,0.0148268,0.00746558
0.999614,0.0227577,0.0159475,-0.0228527,0.999722,0.00579965,-0.015811,-0.00616185,0.999856,0.218479,-0.0249334,-0.000707071,-0.00613452,0.0147486,0.00739189
0.999613,0.0228081,0.0159414,-0.0229039,0.999721,0.0058532,-0.0158034,-0.00621605,0.999856,0.218463,-0.0248406,-0.000659688,-0.00596822,0.014678,0.00727551
0.999612,0.022872,0.0159208,-0.0229687,0.999719,0.00591563,-0.015781,-0.00627901,0.999856,0.218441,-0.0247438,-0.000614184,-0.00625828,0.0145755,0.00723827
0.999611,0.022923,0.0159177,-0.0230205,0.999717,0.00597026,-0.0157764,-0.00633436,0.999855,0.218424,-0.0246484,-0.000567749,-0.00587741,0.0146031,0.00714593
0.999609,0.0229768,0.0159138,-0.0230751,0.999716,0.0060238,-0.0157709,-0.00638866,0.999855,0.218407,-0.0245532,-0.0005224,-0.00558871,0.0146386,0.00711305
0.999608,0.023033,0.0159044,-0.0231318,0.999714,0.00605789,-0.0157603,-0.00642341,0.999855,0.218389,-0.0244652,-0.000479865,-0.00559626,0.01491,0.00687615
0.999607,0.023085,0.0159109,-0.0231847,0.999713,0.00610828,-0.0157653,-0.00647477,0.999855,0.218375,-0.0243731,-0.000437918,-0.00569362,0.0149331,0.00688939
0.999606,0.0231226,0.0158973,-0.0232232,0.999711,0.0061758,-0.0157499,-0.00654255,0.999855,0.218355,-0.0242733,-0.000396961,-0.00596136,0.0149381,0.00692847
0.999605,0.0231664,0.0159021,-0.0232678,0.99971,0.00622533,-0.0157533,-0.00659288,0.999854,0.218339,-0.0241773,-0.000354716,-0.00577543,0.0152631,0.00686193
0.999604,0.0232249,0.0159082,-0.0233272,0.999708,0.00627562,-0.0157578,-0.00664423,0.999854,0.218325,-0.0240816,-0.00031375,-0.00545647,0.0152005,0.00682372
0.999603,0.0232724,0.0159003,-0.0233755,0.999707,0.00632824,-0.0157483,-0.0066974,0.999854,0.218307,-0.0239852,-0.000275149,-0.00562748,0.0151761,0.00690499
0.999601,0.0233248,0.0159047,-0.0234287,0.999705,0.00637692,-0.0157513,-0.006747,0.999853,0.218292,-0.0238898,-0.000236755,-0.00535145,0.0150611,0.00682188
0.9996,0.0233611,0.0159134,-0.0234661,0.999704,0.00644357,-0.0157582,-0.00681442,0.999853,0.218279,-0.0237876,-0.000198121,-0.00554767,0.0152223,0.00636704
0.999599,0.023401,0.0159244,-0.0235068,0.999703,0.00649136,-0.0157678,-0.0068631,0.999852,0.218267,-0.0236903,-0.00015952,-0.00526537,0.0151296,0.00598021
0.999598,0.0234448,0.0159158,-0.0235513,0.999701,0.00653591,-0.0157578,-0.00690812,0.999852,0.218249,-0.0235952,-0.000124739,-0.005226,0.0151168,0.00576126
0.999597,0.0234835,0.0159204,-0.0235909,0.9997,0.00658992,-0.0157608,-0.00696284,0.999852,0.218233,-0.0234969,-9.02977e-05,-0.00506908,0.0151351,0.00565503
0.999596,0.0235389,0.0159165,-0.023647,0.999698,0.00663586,-0.0157555,-0.00700956,0.999851,0.218215,-0.0234006,-5.73252e-05,-0.00505469,0.0151368,0.0052903
0.999595,0.0235795,0.0159035,-0.0236882,0.999697,0.00668251,-0.0157411,-0.00705653,0.999851,0.218192,-0.0233043,-2.67027e-05,-0.00526821,0.0153481,0.00505924
0.999594,0.0236227,0.0159142,-0.0237323,0.999696,0.00673138,-0.0157504,-0.00710633,0.999851,0.218175,-0.0232068,5.20948e-06,-0.00506832,0.0153602,0.00502193
0.999594,0.0236516,0.0159183,-0.0237619,0.999695,0.00677474,-0.0157532,-0.00715024,0.99985,0.218159,-0.0231115,3.62694e-05,-0.00513597,0.0151649,0.00458529
0.999593,0.0236771,0.0159273,-0.0237883,0.999694,0.00682275,-0.0157609,-0.00719886,0.99985,0.218144,-0.0230152,6.69755e-05,-0.00522015,0.0150745,0.0043801
0.999592,0.0237111,0.0159412,-0.0238228,0.999693,0.00685803,-0.0157737,-0.007235,0.999849,0.218132,-0.0229233,9.75184e-05,-0.0049478,0.0150823,0.00423158
0.999591,0.0237461,0.0159515,-0.0238587,0.999691,0.00690714,-0.0157826,-0.0072849,0.999849,0.218121,-0.0228273,0.000126994,-0.00479557,0.015192,0.00431444
0.99959,0.0237861,0.0159545,-0.0238993,0.99969,0.00694055,-0.0157844,-0.00731901,0.999849,0.218106,-0.0227361,0.000154934,-0.00467561,0.0153401,0.00429843
0.999589,0.0238235,0.0159561,-0.0239375,0.999689,0.0069872,-0.0157847,-0.00736627,0.999848,0.218091,-0.0226415,0.000180868,-0.00410941,0.01541,0.0042119
0.999588,0.023855,0.015959,-0.0239698,0.999688,0.00703963,-0.0157861,-0.00741926,0.999848,0.218076,-0.0225439,0.000206511,-0.00424923,0.0154647,0.00410336
0.999587,0.0238828,0.0159655,-0.0239983,0.999687,0.0070778,-0.0157914,-0.00745803,0.999847,0.218061,-0.0224512,0.000231827,-0.00408568,0.0153339,0.00384906
0.999587,0.0239118,0.0159689,-0.024028,0.999686,0.00711915,-0.0157937,-0.00749991,0.999847,0.218047,-0.0223583,0.000255627,-0.00388503,0.015561,0.00403986
0.999585,0.0239433,0.0159878,-0.02406,0.999685,0.0071458,-0.0158117,-0.0075275,0.999847,0.218038,-0.0222714,0.000279506,-0.00350381,0.0153104,0.0039336
0.999585,0.0239703,0.0159936,-0.0240877,0.999684,0.0071911,-0.0158162,-0.00757337,0.999846,0.218027,-0.0221802,0.000301307,-0.00362135,0.0149613,0.00366431
0.999584,0.0240034,0.0159911,-0.0241216,0.999683,0.00723662,-0.0158124,-0.00761934,0.999846,0.218013,-0.0220877,0.000322612,-0.00357774,0.0149083,0.00372535
0.999583,0.0240257,0.016017,-0.0241445,0.999682,0.00727123,-0.0158372,-0.00765492,0.999845,0.218007,-0.0219986,0.000346452,-0.00345379,0.0148197,0.0037086
0.999583,0.0240438,0.0160176,-0.0241635,0.999681,0.00732275,-0.0158364,-0.00770673,0.999845,0.217996,-0.0219042,0.000368291,-0.00322403,0.0147295,0.00372779
0.999582,0.0240639,0.0160363,-0.0241846,0.99968,0.00737347,-0.0158538,-0.00775822,0.999844,0.21799,-0.0218082,0.000392105,-0.00324264,0.0148013,0.00380432
0.999581,0.0240879,0.016054,-0.0242094,0.999679,0.00741767,-0.0158702,-0.00780322,0.999844,0.217986,-0.021714,0.000415954,-0.00299098,0.0147965,0.00344823
0.99958,0.0241059,0.0160606,-0.0242283,0.999679,0.00746821,-0.0158755,-0.00785419,0.999843,0.217979,-0.0216176,0.000438132,-0.00296412,0.0149847,0.00329606
0.99958,0.024135,0.0160675,-0.0242581,0.999678,0.00751141,-0.015881,-0.00789802,0.999843,0.217971,-0.0215232,0.00045966,-0.00292433,0.014944,0.00324052
0.999578,0.0241695,0.0160872,-0.0242933,0.999676,0.007545,-0.0158997,-0.00793263,0.999842,0.217968,-0.0214329,0.000481475,-0.00274474,0.014853,0.00345537
0.999578,0.0242004,0.0160962,-0.0243249,0.999675,0.00758544,-0.0159074,-0.00797377,0.999842,0.217963,-0.0213413,0.00050158,-0.00265234,0.014958,0.00317134
0.999577,0.0242321,0.0161064,-0.0243572,0.999674,0.00761513,-0.0159166,-0.00800421,0.999841,0.217959,-0.021254,0.000520642,-0.00249133,0.0147018,0.0029301
0.999576,0.0242471,0.0161151,-0.0243729,0.999674,0.00765307,-0.0159242,-0.00804259,0.999841,0.217955,-0.0211652,0.0005389,-0.00270398,0.0145456,0.00280304
0.999576,0.0242567,0.0161271,-0.0243833,0.999673,0.00769951,-0.0159351,-0.00808947,0.99984,0.217951,-0.0210729,0.000557935,-0.00249375,0.0144949,0.0025052
0.999575,0.0242866,0.0161364,-0.024414,0.999672,0.00774212,-0.0159431,-0.00813278,0.99984,0.217948,-0.0209807,0.000577164,-0.00241276,0.0144313,0.00231348
0.999574,0.024292,0.016155,-0.02442,0.999672,0.0077767,-0.0159608,-0.0081679,0.999839,0.217949,-0.0208916,0.000596995,-0.0022236,0.0144753,0.0021032
0.999574,0.0243154,0.0161697,-0.024444,0.999671,0.00780728,-0.0159745,-0.0081992,0.999839,0.21795,-0.0208047,0.000615797,-0.00205581,0.0145505,0.00241186
0.999573,0.0243264,0.0161845,-0.0244557,0.99967,0.00783843,-0.0159885,-0.00823089,0.999838,0.217952,-0.020719,0.000633832,-0.00196168,0.0142719,0.00231579
0.999572,0.0243455,0.0161918,-0.0244754,0.999669,0.00786905,-0.0159949,-0.00826198,0.999838,0.217952,-0.0206345,0.000650247,-0.0015659,0.0140572,0.00222897
0.999572,0.0243626,0.0162007,-0.0244931,0.999669,0.0079061,-0.0160027,-0.00829952,0.999838,0.217952,-0.0205482,0.000666274,-0.00142094,0.0141284,0.00227029
0.999572,0.0243729,0.0161997,-0.0245042,0.999668,0.00795613,-0.0160004,-0.00834969,0.999837,0.217949,-0.0204563,0.000681981,-0.00143166,0.014025,0.00234114
0.999571,0.0243829,0.0162105,-0.0245151,0.999667,0.00800586,-0.0160099,-0.00839983,0.999837,0.217949,-0.0203625,0.000699501,-0.00141337,0.0142183,0.00227458
0.99957,0.024413,0.0162224,-0.0245459,0.999666,0.00804414,-0.0160206,-0.00843888,0.999836,0.21795,-0.0202723,0.000717212,-0.00117268,0.0140406,0.00225718
0.99957,0.0244325,0.0162415,-0.0245662,0.999665,0.00808724,-0.0160385,-0.00848275,0.999835,0.217956,-0.0201812,0.000735139,-0.00092571,0.0140555,0.0022909
0.999569,0.0244504,0.0162422,-0.0245849,0.999665,0.00813172,-0.016038,-0.00852753,0.999835,0.217956,-0.020089,0.000751408,-0.000876326,0.0139928,0.00226552
0.999569,0.0244688,0.0162501,-0.0246041,0.999664,0.00817738,-0.0160446,-0.00857367,0.999835,0.217958,-0.0199963,0.000767966,-0.000932982,0.0135852,0.00225998
0.999568,0.0244707,0.0162577,-0.0246065,0.999663,0.00821163,-0.0160512,-0.00860813,0.999834,0.217959,-0.0199078,0.000784415,-0.000945356,0.013619,0.00201242
0.999568,0.0244857,0.0162578,-0.0246223,0.999663,0.00825568,-0.0160502,-0.00865241,0.999834,0.217958,-0.0198163,0.000799435,-0.000879454,0.013719,0.00177094
0.999568,0.0244957,0.0162663,-0.0246331,0.999662,0.00830435,-0.0160574,-0.00870145,0.999833,0.21796,-0.0197218,0.000815699,-0.00102968,0.0140259,0.00195051
0.999567,0.0245095,0.0162816,-0.0246477,0.999661,0.00833956,-0.0160717,-0.00873725,0.999833,0.217965,-0.0196313,0.000832882,-0.000888078,0.0140178,0.00187728
0.999567,0.0245214,0.0162811,-0.0246603,0.999661,0.00838382,-0.01607,-0.00878169,0.999832,0.217966,-0.0195391,0.000847776,-0.000798708,0.0139606,0.00162416
0.999566,0.0245318,0.0162849,-0.0246713,0.99966,0.00842624,-0.0160727,-0.00882436,0.999832,0.217967,-0.0194471,0.000862676,-0.000859723,0.0140442,0.00171099
0.999566,0.0245413,0.0163011,-0.0246817,0.999659,0.00846806,-0.0160878,-0.00886672,0.999831,0.217973,-0.0193555,0.000878797,-0.000988241,0.0138094,0.0014922
0.999565,0.0245549,0.0163261,-0.0246963,0.999659,0.00851667,-0.0161114,-0.00891616,0.99983,0.217984,-0.0192617,0.000896238,-0.000725019,0.014106,0.00130694
0.999565,0.0245771,0.0163329,-0.0247192,0.999658,0.00855521,-0.016117,-0.00895522,0.99983,0.217991,-0.0191712,0.000912162,-0.000574237,0.0139648,0.00128347
0.999564,0.0245926,0.0163404,-0.0247351,0.999657,0.00857833,-0.0161239,-0.00897877,0.99983,0.217997,-0.0190879,0.000926351,-0.000499344,0.0140216,0.00138171
0.999563,0.0246076,0.0163507,-0.0247508,0.999657,0.00861406,-0.0161331,-0.00901499,0.999829,0.218004,-0.0190023,0.000939318,-0.000458057,0.0139801,0.00137302
0.999563,0.0246162,0.0163561,-0.0247603,0.999656,0.00866612,-0.0161372,-0.00906732,0.999829,0.218009,-0.0189102,0.000952558,-0.000690283,0.0139835,0.00136084
0.999563,0.0246209,0.016375,-0.0247659,0.999655,0.00870864,-0.016155,-0.00911038,0.999828,0.218018,-0.01882,0.000968032,-0.000393552,0.0140533,0.00136468
0.999562,0.0246361,0.0163954,-0.0247819,0.999655,0.00875154,-0.0161741,-0.00915401,0.999827,0.218031,-0.01873,0.000983765,-0.000247352,0.014042,0.00146433
0.999562,0.0246458,0.0164059,-0.0247924,0.999654,0.0087951,-0.0161835,-0.00919799,0.999827,0.218042,-0.01864,0.00099837,7.96584e-05,0.0140708,0.00143011
0.999561,0.0246603,0.0164144,-0.0248075,0.999653,0.00882859,-0.016191,-0.00923191,0.999826,0.218051,-0.0185537,0.00101174,0.000187971,0.0142894,0.00149305
0.999561,0.0246696,0.0164274,-0.0248175,0.999653,0.00886317,-0.016203,-0.00926697,0.999826,0.218062,-0.0184682,0.00102438,0.000338865,0.0142557,0.00172609
0.99956,0.0246788,0.0164336,-0.0248275,0.999652,0.00890691,-0.0162081,-0.009311,0.999825,0.21807,-0.0183795,0.00103615,0.000351941,0.0144513,0.00177453
0.99956,0.0246884,0.0164464,-0.0248377,0.999652,0.00893837,-0.01622,-0.00934293,0.999825,0.218081,-0.0182951,0.00104822,0.000464029,0.0142179,0.00180457
0.999559,0.0247131,0.0164483,-0.0248631,0.999651,0.00898245,-0.0162205,-0.00938744,0.999824,0.218089,-0.018207,0.00105897,0.000282039,0.0143887,0.00198242
0.999559,0.0247153,0.0164688,-0.0248661,0.99965,0.00901948,-0.0162401,-0.00942502,0.999824,0.218102,-0.018121,0.00107196,2.42855e-05,0.0140679,0.00191126
0.999558,0.0247328,0.0164906,-0.0248845,0.999649,0.00905631,-0.0162608,-0.00946266,0.999823,0.218118,-0.0180359,0.00108538,0.000199712,0.0138445,0.00170152
0.999557,0.0247572,0.0164899,-0.0249095,0.999648,0.009092,-0.016259,-0.00949873,0.999823,0.218128,-0.0179514,0.00109677,0.000335241,0.0136797,0.00176626
0.999557,0.0247744,0.0165039,-0.0249273,0.999648,0.0091231,-0.016272,-0.00953045,0.999822,0.218142,-0.0178687,0.00110871,0.000687894,0.0137173,0.00169396
0.999556,0.024788,0.0165266,-0.0249418,0.999647,0.00916365,-0.0162936,-0.00957179,0.999821,0.21816,-0.0177827,0.00112146,0.0010601,0.0135851,0.0016378
0.999556,0.0247953,0.0165345,-0.0249498,0.999646,0.00920378,-0.0163005,-0.00961222,0.999821,0.218175,-0.0176957,0.00113364,0.000862687,0.0137576,0.0017261
0.999555,0.0248039,0.0165483,-0.0249592,0.999646,0.00924614,-0.0163131,-0.00965506,0.99982,0.21819,-0.0176073,0.00114616,0.000932924,0.0136806,0.00139605
0.999555,0.0248093,0.0165449,-0.0249651,0.999645,0.00927795,-0.0163088,-0.00968687,0.99982,0.218199,-0.0175228,0.00115679,0.000592097,0.0137303,0.00116282
0.999555,0.0248327,0.0165528,-0.0249891,0.999644,0.00930844,-0.0163158,-0.00971793,0.99982,0.21821,-0.0174398,0.00116727,0.000621663,0.0136673,0.00112485
0.999554,0.0248312,0.0165798,-0.0249886,0.999644,0.00935264,-0.0163417,-0.00976277,0.999819,0.218229,-0.0173523,0.00118011,0.000622004,0.0137406,0.00105588
0.999553,0.024851,0.016596,-0.0250094,0.999643,0.00940567,-0.0163563,-0.00981652,0.999818,0.218247,-0.0172599,0.00119367,0.000877886,0.0137587,0.00111784
0.999553,0.0248589,0.0166131,-0.0250182,0.999642,0.00944925,-0.0163723,-0.00986066,0.999817,0.218266,-0.0171699,0.00120811,0.000964953,0.0137417,0.00145275
0.999553,0.0248685,0.0166207,-0.0250284,0.999642,0.00948219,-0.016379,-0.00989394,0.999817,0.218282,-0.0170851,0.00122075,0.00108704,0.0136448,0.00145463
0.999552,0.0248808,0.0166311,-0.0250414,0.999641,0.00951993,-0.0163882,-0.00993213,0.999816,0.218297,-0.0170009,0.00123177,0.00135458,0.0136229,0.00121918
0.999552,0.0248894,0.0166365,-0.0250508,0.99964,0.0095666,-0.0163924,-0.00997907,0.999816,0.218311,-0.0169139,0.00124193,0.00136023,0.0136494,0.00112318
0.999551,0.0248958,0.016651,-0.0250582,0.99964,0.00961815,-0.0164056,-0.0100311,0.999815,0.218328,-0.0168247,0.00125337,0.00137879,0.0137999,0.00108406
0.999551,0.0249095,0.0166578,-0.0250726,0.999639,0.00965861,-0.0164112,-0.0100719,0.999815,0.218342,-0.0167393,0.00126437,0.00156643,0.0135777,0.00117117
0.999551,0.0249239,0.0166593,-0.0250878,0.999638,0.00970288,-0.0164115,-0.0101165,0.999814,0.218355,-0.0166539,0.00127395,0.00167359,0.0135816,0.0012106
0.99955,0.0249305,0.0166614,-0.0250952,0.999638,0.00974791,-0.0164124,-0.0101616,0.999814,0.218367,-0.0165687,0.00128299,0.00190716,0.0134476,0.00104373
0.99955,0.0249357,0.0166746,-0.0251013,0.999637,0.0097951,-0.0164243,-0.0102092,0.999813,0.218382,-0.0164829,0.001293,0.00171025,0.0132233,0.000939704
0.999549,0.0249494,0.0166888,-0.0251158,0.999636,0.00983518,-0.0164373,-0.0102499,0.999812,0.218399,-0.0163994,0.00130372,0.0019723,0.0132785,0.00119773
0.999549,0.0249525,0.0166912,-0.0251196,0.999636,0.00987762,-0.0164386,-0.0102924,0.999812,0.218413,-0.0163154,0.00131318,0.00184782,0.0133881,0.00117616
0.999549,0.0249559,0.0167018,-0.0251238,0.999635,0.0099185,-0.0164481,-0.0103336,0.999811,0.218429,-0.0162323,0.00132272,0.00200652,0.0131626,0.000982663
0.999549,0.0249605,0.0167119,-0.0251295,0.999634,0.00997893,-0.0164568,-0.0103944,0.999811,0.218445,-0.0161419,0.00133274,0.00207234,0.0130222,0.00100326
0.999549,0.0249653,0.0167119,-0.0251348,0.999634,0.0100082,-0.0164559,-0.0104238,0.99981,0.218458,-0.0160613,0.00134274,0.00202898,0.0127452,0.00120595
0.999548,0.0249826,0.016725,-0.0251528,0.999633,0.0100451,-0.016468,-0.0104612,0.99981,0.218474,-0.0159802,0.00135252,0.00223152,0.0126346,0.00142743
0.999548,0.0249906,0.0167375,-0.0251619,0.999632,0.0101002,-0.0164789,-0.0105168,0.999809,0.218492,-0.0158922,0.00136285,0.00257949,0.0127698,0.0013454
0.999547,0.0250036,0.0167491,-0.0251757,0.999632,0.0101403,-0.0164894,-0.0105573,0.999808,0.218511,-0.0158081,0.00137375,0.00258303,0.0129217,0.00122071
0.999547,0.0250103,0.0167572,-0.025183,0.999631,0.0101807,-0.0164964,-0.0105981,0.999808,0.218528,-0.0157255,0.00138371,0.00241719,0.0126417,0.00134059
0.999546,0.0250144,0.0167686,-0.0251879,0.999631,0.0102158,-0.0165068,-0.0106335,0.999807,0.218546,-0.0156461,0.00139359,0.00248616,0.0124211,0.00135339
0.999546,0.0250323,0.016778,-0.0252066,0.99963,0.0102606,-0.016515,-0.0106789,0.999807,0.218563,-0.0155641,0.00140305,0.0025611,0.0124156,0.00127047
0.999546,0.0250371,0.0167861,-0.0252122,0.999629,0.0103028,-0.0165219,-0.0107214,0.999806,0.218581,-0.0154827,0.00141288,0.00250325,0.0123012,0.00113567
0.999545,0.0250499,0.0168015,-0.0252259,0.999628,0.0103426,-0.0165361,-0.0107618,0.999805,0.218601,-0.0154025,0.00142328,0.00251914,0.0124625,0.000845458
0.999545,0.0250537,0.016821,-0.0252304,0.999628,0.0103798,-0.0165547,-0.0107995,0.999805,0.218623,-0.0153243,0.00143415,0.00260463,0.0121496,0.000802887
0.999544,0.0250546,0.0168255,-0.0252321,0.999627,0.0104237,-0.0165581,-0.0108435,0.999804,0.218642,-0.0152444,0.0014439,0.00269762,0.0121367,0.000995311
0.999544,0.0250693,0.016832,-0.0252476,0.999626,0.0104681,-0.0165633,-0.0108883,0.999804,0.21866,-0.0151638,0.00145398,0.00264967,0.0121701,0.00120271
0.999544,0.0250829,0.0168407,-0.0252621,0.999626,0.0105118,-0.0165707,-0.0109324,0.999803,0.218678,-0.0150839,0.00146438,0.00246834,0.0119577,0.000934157
0.999543,0.025094,0.0168598,-0.0252741,0.999625,0.0105534,-0.0165887,-0.0109747,0.999802,0.2187,-0.0150053,0.00147577,0.00257011,0.0121819,0.000841159
0.999542,0.0251039,0.0168834,-0.025285,0.999624,0.010605,-0.0166108,-0.0110271,0.999801,0.218725,-0.0149233,0.001488,0.00272501,0.012193,0.00064674
0.999542,0.0251047,0.0168972,-0.0252869,0.999623,0.0106586,-0.0166233,-0.011081,0.9998,0.218749,-0.0148399,0.00150033,0.00278891,0.0120932,0.000849159
0.999542,0.0251183,0.0169072,-0.0253013,0.999623,0.0106947,-0.0166322,-0.0111176,0.9998,0.21877,-0.0147629,0.00151201,0.00288415,0.0118307,0.000730949
0.999541,0.0251274,0.0169114,-0.025311,0.999622,0.0107323,-0.0166354,-0.0111554,0.999799,0.218788,-0.0146877,0.00152175,0.00291404,0.0116918,0.000668181
0.999541,0.025134,0.0169245,-0.0253184,0.999621,0.0107695,-0.0166475,-0.011193,0.999799,0.218809,-0.0146134,0.00153169,0.00295744,0.011785,0.000548969
0.999541,0.0251419,0.0169258,-0.025327,0.999621,0.0108109,-0.0166476,-0.0112346,0.999798,0.218826,-0.014538,0.00154079,0.00296932,0.0115137,0.0008509
0.99954,0.02515,0.016937,-0.0253358,0.99962,0.0108454,-0.0166578,-0.0112695,0.999798,0.218846,-0.0144651,0.00155084,0.00301969,0.0115164,0.000978073
0.99954,0.0251546,0.0169432,-0.0253413,0.99962,0.0108936,-0.0166627,-0.011318,0.999797,0.218865,-0.0143879,0.00156059,0.00295727,0.0115434,0.000933374
0.99954,0.0251636,0.016958,-0.0253513,0.999619,0.0109456,-0.0166761,-0.0113705,0.999796,0.218886,-0.0143079,0.0015721,0.00299662,0.0116833,0.00114155
0.999539,0.0251781,0.0169684,-0.0253667,0.999618,0.0109918,-0.0166852,-0.0114172,0.999796,0.218908,-0.0142293,0.00158416,0.00303344,0.0116014,0.00142066
0.999539,0.0251767,0.0169725,-0.0253661,0.999617,0.0110382,-0.0166881,-0.0114637,0.999795,0.218927,-0.0141516,0.0015953,0.00293415,0.01152,0.00113338
0.999539,0.0251702,0.0169945,-0.0253606,0.999617,0.0110843,-0.016709,-0.0115101,0.999794,0.218951,-0.0140748,0.00160767,0.00334709,0.0115062,0.0012867
0.999538,0.0251733,0.0170162,-0.0253648,0.999616,0.0111317,-0.0167294,-0.0115581,0.999793,0.218979,-0.0139979,0.00162026,0.00367294,0.01142,0.00114497
0.999538,0.0251796,0.0170324,-0.0253718,0.999616,0.0111626,-0.0167448,-0.0115896,0.999793,0.219006,-0.0139277,0.00163205,0.00345773,0.0112092,0.00120759
0.999538,0.0251801,0.0170439,-0.0253731,0.999615,0.0112034,-0.0167553,-0.0116307,0.999792,0.21903,-0.0138559,0.00164251,0.00343866,0.0112235,0.00125801
0.999537,0.0251955,0.017055,-0.0253893,0.999614,0.011241,-0.0167652,-0.0116688,0.999791,0.219053,-0.0137852,0.00165288,0.00332486,0.0108462,0.00105884
0.999537,0.0252052,0.0170653,-0.0253999,0.999614,0.0112903,-0.0167741,-0.0117185,0.999791,0.219076,-0.0137106,0.00166349,0.00331273,0.010828,0.000941702
0.999536,0.0252092,0.0170746,-0.0254047,0.999613,0.0113316,-0.0167824,-0.0117601,0.99979,0.219099,-0.0136379,0.00167505,0.00327734,0.0106778,0.00105228
0.999536,0.0252189,0.0170772,-0.0254151,0.999612,0.0113729,-0.0167838,-0.0118017,0.999789,0.219119,-0.0135658,0.00168581,0.00329588,0.0108571,0.000856123
0.999536,0.0252247,0.0170823,-0.0254217,0.999612,0.0114129,-0.0167877,-0.0118419,0.999789,0.219139,-0.0134948,0.00169642,0.00327091,0.0108336,0.000987756
0.999535,0.0252387,0.0170998,-0.0254364,0.999611,0.011446,-0.0168043,-0.0118756,0.999788,0.219164,-0.0134274,0.00170795,0.00320432,0.0106271,0.00090396
0.999535,0.025237,0.0171285,-0.0254356,0.999611,0.0114759,-0.0168322,-0.0119063,0.999787,0.219195,-0.013363,0.00172047,0.00340506,0.010303,0.000969628
0.999534,0.0252446,0.0171333,-0.0254439,0.99961,0.0115188,-0.0168358,-0.0119494,0.999787,0.219219,-0.0132942,0.00173122,0.00324426,0.0103928,0.00104265
0.999534,0.0252505,0.0171528,-0.0254508,0.999609,0.011557,-0.0168543,-0.0119882,0.999786,0.219247,-0.0132259,0.00174352,0.00348567,0.0103802,0.00100704
0.999534,0.0252537,0.0171609,-0.0254547,0.999609,0.0115965,-0.0168613,-0.0120279,0.999785,0.219272,-0.0131574,0.00175484,0.00382891,0.0104129,0.000968994
0.999534,0.0252528,0.0171708,-0.0254543,0.999608,0.0116192,-0.0168707,-0.0120508,0.999785,0.219297,-0.0130955,0.00176567,0.00375259,0.0102017,0.00113332
0.999533,0.0252647,0.0171946,-0.0254671,0.999608,0.0116555,-0.0168934,-0.012088,0.999784,0.219326,-0.0130306,0.00177678,0.00393005,0.0100079,0.000997862
0.999532,0.0252776,0.0172033,-0.0254808,0.999607,0.0116978,-0.0169008,-0.0121307,0.999784,0.219353,-0.0129628,0.00178753,0.00404817,0.00997253,0.00102911
0.999532,0.0252758,0.0172172,-0.0254799,0.999606,0.0117362,-0.0169137,-0.0121694,0.999783,0.21938,-0.0128958,0.00179932,0.00410293,0.00978221,0.00116788
0.999532,0.0252735,0.0172289,-0.0254783,0.999606,0.0117758,-0.0169245,-0.0122092,0.999782,0.219406,-0.0128283,0.00181105,0.00422434,0.0100141,0.00120537
0.999532,0.0252777,0.0172345,-0.0254831,0.999606,0.0118068,-0.0169292,-0.0122404,0.999782,0.21943,-0.0127644,0.00182184,0.00415022,0.00984407,0.0011433
0.999532,0.0252855,0.0172402,-0.0254914,0.999605,0.0118277,-0.0169343,-0.0122616,0.999781,0.219452,-0.012706,0.00183155,0.00413669,0.00980186,0.00131888
0.999531,0.0252951,0.0172522,-0.0255019,0.999604,0.0118692,-0.0169452,-0.0123036,0.999781,0.219477,-0.0126414,0.00184133,0.00405833,0.00983358,0.00150779
0.999531,0.0252959,0.0172567,-0.0255033,0.999604,0.011905,-0.0169487,-0.0123395,0.99978,0.2195,-0.0125776,0.00185158,0.00398119,0.00983346,0.00148831
0.999531,0.0252893,0.0172665,-0.0254975,0.999604,0.0119432,-0.0169576,-0.0123778,0.99978,0.219523,-0.0125133,0.00186221,0.00391425,0.00983241,0.00142352
0.999531,0.0252965,0.0172666,-0.0255053,0.999603,0.0119781,-0.0169568,-0.0124129,0.999779,0.219544,-0.0124501,0.00187188,0.00411369,0.00998874,0.00129467
0.999531,0.0252949,0.0172815,-0.0255046,0.999602,0.0120235,-0.0169705,-0.0124586,0.999778,0.219569,-0.0123838,0.00188264,0.0038957,0.0097969,0.00120271
0.99953,0.025313,0.0172919,-0.0255233,0.999602,0.0120509,-0.01698,-0.0124866,0.999778,0.219593,-0.012324,0.00189378,0.00416018,0.00972248,0.00143081
0.999529,0.0253236,0.0173084,-0.0255348,0.999601,0.0120917,-0.0169953,-0.012528,0.999777,0.219621,-0.0122613,0.00190475,0.00416492,0.00965014,0.00128939
0.999529,0.0253296,0.0173277,-0.0255417,0.9996,0.0121299,-0.0170135,-0.0125667,0.999776,0.21965,-0.0121991,0.00191646,0.00432585,0.00971939,0.00117178
0.999528,0.025352,0.0173419,-0.0255649,0.999599,0.0121689,-0.0170264,-0.0126065,0.999776,0.219679,-0.0121369,0.00192775,0.0045361,0.00934074,0.00115384
0.999527,0.0253668,0.0173581,-0.0255805,0.999598,0.0121987,-0.0170416,-0.012637,0.999775,0.219708,-0.0120789,0.00193901,0.0048077,0.00903362,0.00106369
0.999527,0.0253723,0.0173644,-0.0255866,0.999598,0.01223,-0.0170471,-0.0126685,0.999774,0.219734,-0.0120213,0.00194881,0.00499986,0.00891608,0.00116427
0.999527,0.025366,0.0173809,-0.0255812,0.999597,0.0122715,-0.0170626,-0.0127103,0.999774,0.219761,-0.0119596,0.00195958,0.00496718,0.00885391,0.00144518
0.999527,0.0253746,0.0174007,-0.0255907,0.999597,0.0123154,-0.0170812,-0.0127549,0.999773,0.219791,-0.0118955,0.00197171,0.00504649,0.00878364,0.00138028
0.999526,0.0253966,0.0174174,-0.0256136,0.999596,0.0123524,-0.0170966,-0.0127927,0.999772,0.219819,-0.0118334,0.00198422,0.004928,0.00868113,0.00153897
0.999525,0.0254113,0.0174258,-0.0256288,0.999595,0.0123756,-0.0171042,-0.0128164,0.999772,0.219845,-0.0117772,0.00199574,0.00475474,0.00848855,0.00167701
0.999525,0.0254177,0.0174343,-0.0256358,0.999594,0.0124054,-0.0171119,-0.0128464,0.999771,0.219869,-0.0117209,0.002006,0.00480131,0.00824394,0.00153088
0.999524,0.0254342,0.0174459,-0.025653,0.999594,0.012433,-0.0171225,-0.0128746,0.999771,0.219893,-0.0116659,0.0020164,0.00487983,0.00798917,0.00159852
0.999524,0.0254429,0.0174666,-0.0256625,0.999593,0.0124641,-0.0171424,-0.0129064,0.99977,0.219922,-0.01161,0.00202799,0.00494178,0.00792329,0.001661
0.999523,0.025459,0.0174827,-0.0256795,0.999592,0.0125065,-0.0171572,-0.0129495,0.999769,0.21995,-0.0115497,0.00204013,0.00476535,0.00766963,0.0016259
0.999522,0.025477,0.0175036,-0.0256982,0.999591,0.0125349,-0.0171771,-0.0129787,0.999768,0.21998,-0.0114939,0.00205371,0.00489945,0.007566,0.00177399
0.999522,0.0254804,0.0175124,-0.0257021,0.999591,0.012558,-0.0171852,-0.0130021,0.999768,0.220007,-0.0114418,0.00206571,0.0049824,0.0074945,0.00166949
0.999521,0.0254956,0.0175393,-0.0257183,0.99959,0.0125945,-0.017211,-0.0130396,0.999767,0.220039,-0.0113862,0.00207833,0.00493755,0.00746777,0.00141412
0.999521,0.0255061,0.017547,-0.0257296,0.999589,0.0126287,-0.0172177,-0.0130741,0.999766,0.220066,-0.0113313,0.00209029,0.00497155,0.00743931,0.00147379
0.99952,0.0255193,0.0175475,-0.0257432,0.999588,0.0126558,-0.0172173,-0.0131015,0.999766,0.220089,-0.01128,0.00210105,0.00488751,0.00705608,0.00126372
0.99952,0.0255223,0.0175551,-0.025747,0.999588,0.0126935,-0.0172239,-0.0131394,0.999765,0.220113,-0.0112261,0.00211178,0.00489516,0.00696503,0.00111118
0.99952,0.0255241,0.0175797,-0.0257499,0.999587,0.0127362,-0.0172474,-0.0131828,0.999764,0.220143,-0.011169,0.00212519,0.00497003,0.00721641,0.00130394
0.99952,0.0255152,0.0175884,-0.0257418,0.999587,0.0127842,-0.017255,-0.0132308,0.999764,0.22017,-0.0111088,0.00213856,0.00495191,0.00713094,0.00111252
0.999519,0.0255232,0.0175952,-0.0257505,0.999586,0.01282,-0.0172607,-0.0132669,0.999763,0.220195,-0.0110525,0.00215169,0.00496135,0.00702693,0.00114737
0.999519,0.0255192,0.0176167,-0.0257477,0.999586,0.0128644,-0.0172811,-0.0133118,0.999762,0.220225,-0.0109938,0.00216573,0.00502518,0.00719438,0.00119894
0.999519,0.0255329,0.0176117,-0.0257619,0.999585,0.0129005,-0.017275,-0.013348,0.999762,0.220247,-0.0109378,0.00217779,0.00491712,0.0070936,0.00120851
0.999518,0.0255529,0.0176148,-0.0257824,0.999584,0.0129264,-0.0172772,-0.0133743,0.999761,0.220268,-0.010889,0.00218799,0.00504296,0.00690683,0.000940341
0.999518,0.0255575,0.0176354,-0.0257878,0.999583,0.0129585,-0.0172969,-0.0134071,0.999761,0.220297,-0.0108366,0.00220016,0.00513477,0.00673384,0.000830821
0.999518,0.0255597,0.0176484,-0.0257909,0.999583,0.0129976,-0.0173089,-0.0134465,0.99976,0.220326,-0.0107805,0.00221348,0.00501126,0.00648406,0.000663836
0.999517,0.0255597,0.0176585,-0.0257913,0.999583,0.0130173,-0.0173184,-0.0134665,0.999759,0.220352,-0.0107346,0.00222555,0.00488799,0.00624598,0.000654793
0.999517,0.025553,0.0176621,-0.0257853,0.999582,0.0130506,-0.0173212,-0.0134997,0.999759,0.220376,-0.0106843,0.00223623,0.00498639,0.00634932,0.00076624
0.999517,0.0255592,0.0176736,-0.0257922,0.999582,0.0130822,-0.0173319,-0.0135318,0.999758,0.220402,-0.010633,0.00224804,0.0049348,0.00652897,0.000824754
0.999517,0.0255591,0.0176792,-0.0257929,0.999581,0.0131245,-0.0173364,-0.0135742,0.999758,0.220427,-0.0105774,0.0022598,0.00484588,0.00667245,0.000800945
0.999516,0.0255752,0.0176918,-0.0258099,0.99958,0.013165,-0.0173477,-0.0136152,0.999757,0.220453,-0.0105212,0.00227279,0.00497906,0.006821,0.0011279
0.999516,0.0255766,0.0177037,-0.0258123,0.99958,0.0132114,-0.0173584,-0.013662,0.999756,0.22048,-0.0104628,0.00228607,0.00486949,0.00684284,0.000979786
0.999516,0.0255779,0.0177157,-0.0258146,0.999579,0.013266,-0.0173689,-0.0137169,0.999755,0.220507,-0.0104007,0.00229972,0.00474918,0.00678517,0.000887301
0.999515,0.0255805,0.0177355,-0.0258184,0.999578,0.0133127,-0.0173874,-0.0137642,0.999754,0.220537,-0.0103402,0.00231475,0.00475098,0.00695937,0.000772107
0.999515,0.0255892,0.0177509,-0.0258278,0.999577,0.0133453,-0.0174019,-0.0137973,0.999753,0.220566,-0.0102856,0.00232937,0.00440578,0.00679565,0.000968496
0.999515,0.0255889,0.0177571,-0.0258283,0.999577,0.013386,-0.0174071,-0.0138381,0.999753,0.220591,-0.0102297,0.00234218,0.0045469,0.00689942,0.00096882
0.999514,0.025593,0.0177712,-0.0258333,0.999576,0.0134257,-0.0174201,-0.0138783,0.999752,0.220618,-0.010174,0.00235519,0.00447791,0.00701897,0.000924761
0.999514,0.0256054,0.01778,-0.0258465,0.999575,0.0134647,-0.0174277,-0.0139177,0.999751,0.220643,-0.0101209,0.00236668,0.00441662,0.00675837,0.000753918
0.999514,0.0256042,0.0178005,-0.0258462,0.999575,0.0134992,-0.0174473,-0.0139527,0.99975,0.220672,-0.0100688,0.00237936,0.00454415,0.00686925,0.000909504
0.999513,0.0256047,0.0178212,-0.0258476,0.999574,0.0135378,-0.017467,-0.0139918,0.99975,0.220704,-0.0100138,0.0023934,0.00461999,0.00665544,0.00105103
0.999513,0.0256061,0.017838,-0.0258501,0.999574,0.0135825,-0.0174826,-0.014037,0.999749,0.220735,-0.00995742,0.00240711,0.00444727,0.00692557,0.000879822
0.999513,0.0256085,0.0178509,-0.0258531,0.999573,0.0136071,-0.0174949,-0.014062,0.999748,0.220764,-0.00990861,0.00242016,0.00450566,0.00678455,0.000938399
0.999512,0.0256201,0.017865,-0.0258656,0.999572,0.013649,-0.0175076,-0.0141044,0.999747,0.220793,-0.0098556,0.00243193,0.00410407,0.00696972,0.000804233
0.999512,0.0256209,0.0178813,-0.0258672,0.999572,0.013682,-0.0175231,-0.0141379,0.999746,0.220822,-0.00980548,0.00244454,0.0041684,0.00661298,0.000941094
0.999512,0.025618,0.0179007,-0.025865,0.999571,0.0137051,-0.0175419,-0.0141614,0.999746,0.220852,-0.00976055,0.00245713,0.00423445,0.00638708,0.00104474
0.999511,0.0256224,0.017918,-0.0258705,0.999571,0.0137537,-0.0175579,-0.0142105,0.999745,0.220883,-0.00970721,0.00246909,0.0043609,0.00643756,0.00101506
0.999511,0.0256278,0.0179291,-0.0258766,0.99957,0.0137873,-0.017568,-0.0142445,0.999744,0.220911,-0.00965865,0.00248079,0.00463022,0.00655488,0.00122905
0.99951,0.0256302,0.017941,-0.0258798,0.99957,0.0138192,-0.0175791,-0.0142767,0.999744,0.220941,-0.0096086,0.00249281,0.00491299,0.00665266,0.00126423
0.99951,0.0256338,0.017964,-0.0258845,0.999569,0.0138619,-0.0176009,-0.0143201,0.999743,0.220972,-0.00955732,0.00250437,0.00492713,0.00664764,0.00132824
0.999509,0.0256516,0.0179733,-0.0259031,0.999568,0.0138976,-0.017609,-0.0143563,0.999742,0.221002,-0.0095051,0.00251618,0.00521901,0.0065584,0.00118873
0.999509,0.0256569,0.0179803,-0.025909,0.999567,0.0139288,-0.0176151,-0.0143879,0.999741,0.221029,-0.00945578,0.00252689,0.00530782,0.00655209,0.00121859
0.999509,0.0256639,0.0179821,-0.0259167,0.999567,0.0139687,-0.0176158,-0.0144279,0.999741,0.221053,-0.00940389,0.00253645,0.00511716,0.0064238,0.00125292
0.999509,0.0256639,0.0179945,-0.0259174,0.999566,0.0139988,-0.0176274,-0.0144583,0.99974,0.221078,-0.00935688,0.00254627,0.00510909,0.00644277,0.00130982
0.999509,0.0256618,0.0180063,-0.0259161,0.999566,0.0140357,-0.0176383,-0.0144954,0.999739,0.221105,-0.00930484,0.00255717,0.00491055,0.00664844,0.00132128
0.999508,0.0256723,0.0180212,-0.0259273,0.999565,0.0140597,-0.0176524,-0.01452,0.999739,0.221132,-0.00925979,0.00256769,0.00498605,0.00655682,0.00145365
0.999508,0.0256848,0.0180157,-0.0259405,0.999564,0.014104,-0.0176456,-0.0145644,0.999738,0.221155,-0.00920576,0.00257681,0.00490185,0.00662932,0.0012519
0.999507,0.0256879,0.018026,-0.025944,0.999564,0.0141199,-0.0176554,-0.0145806,0.999738,0.221179,-0.00916203,0.00258736,0.00481592,0.00644739,0.00112293
0.999507,0.0256966,0.0180565,-0.0259537,0.999563,0.0141499,-0.017685,-0.0146116,0.999737,0.221213,-0.00911629,0.0025985,0.004771,0.00597788,0.000670669
0.999506,0.0256969,0.018074,-0.0259551,0.999562,0.0141989,-0.0177012,-0.014661,0.999736,0.221244,-0.00906464,0.00260907,0.00511789,0.00593375,0.000570682
0.999506,0.0256977,0.0180846,-0.0259569,0.999562,0.0142427,-0.0177107,-0.0147051,0.999735,0.221274,-0.00900877,0.00262193,0.00494333,0.00637545,0.000586907
0.999506,0.025703,0.0180867,-0.0259628,0.999561,0.0142777,-0.0177117,-0.0147402,0.999734,0.221299,-0.00895646,0.00263404,0.00485782,0.00633546,0.000470322
0.999506,0.0257063,0.018103,-0.0259669,0.99956,0.0143099,-0.0177272,-0.0147729,0.999734,0.221327,-0.00890686,0.00264638,0.00468058,0.0061585,0.000544703
0.999505,0.0257047,0.0181282,-0.0259663,0.99956,0.0143449,-0.0177515,-0.0148085,0.999733,0.22136,-0.00885715,0.0026595,0.00485587,0.00622129,0.000525324
0.999505,0.025709,0.0181425,-0.0259714,0.999559,0.0143787,-0.0177649,-0.0148428,0.999732,0.221392,-0.00880797,0.00267188,0.00498301,0.00619303,0.000521663
0.999505,0.0257108,0.0181553,-0.0259739,0.999559,0.0144055,-0.0177769,-0.0148699,0.999731,0.221422,-0.00876206,0.00268356,0.00503878,0.0060585,0.000390477
0.999504,0.025709,0.0181797,-0.0259731,0.999558,0.0144411,-0.0178004,-0.0149062,0.99973,0.221456,-0.00871382,0.00269558,0.00528256,0.00595158,0.000370973
0.999504,0.025714,0.0181866,-0.0259789,0.999558,0.0144821,-0.0178062,-0.0149474,0.99973,0.221485,-0.00866268,0.00270677,0.00525434,0.00585619,0.000227529
0.999504,0.0257151,0.0182023,-0.0259807,0.999557,0.0145077,-0.0178212,-0.0149734,0.999729,0.221515,-0.00861636,0.00271899,0.00516751,0.00576303,0.000386237
0.999503,0.02571,0.0182154,-0.0259763,0.999557,0.0145404,-0.0178335,-0.0150063,0.999728,0.221545,-0.00856844,0.00273069,0.00514156,0.00577273,0.000510418
0.999503,0.0257077,0.018225,-0.0259747,0.999556,0.0145709,-0.0178423,-0.0150371,0.999728,0.221573,-0.00852112,0.0027421,0.00514965,0.00560636,0.000372009
0.999503,0.025706,0.0182309,-0.0259738,0.999556,0.0146076,-0.0178473,-0.0150739,0.999727,0.221599,-0.00847168,0.00275293,0.00520835,0.0056725,0.000299584
0.999503,0.0256991,0.0182433,-0.0259674,0.999556,0.0146259,-0.0178593,-0.0150923,0.999727,0.221627,-0.00842887,0.00276446,0.00516388,0.00549158,0.00038525
0.999503,0.0256977,0.0182443,-0.0259664,0.999555,0.0146501,-0.0178597,-0.0151166,0.999726,0.221651,-0.0083856,0.00277404,0.00511379,0.00554985,0.000421842
0.999503,0.0256887,0.0182574,-0.0259581,0.999555,0.0146772,-0.0178723,-0.0151438,0.999726,0.221677,-0.00834121,0.00278432,0.00523565,0.00553795,0.000455688
