quat_1,quat_2,quat_3,quat_4,quat_5,quat_6,quat_7,quat_8,quat_9,pos_1,pos_2,pos_3,vel_1,vel_2,vel_3
0.999858766870358,0.0168022461134716,0.000361715398371663,-0.0168021973452654,0.999858823671346,-0.000137444253113214,-0.000363973704887394,0.000131347227924933,0.999999925135521,-0.0287620667612988,0.0052841263051269,0.545043099826048,-0.00030204301743811,-3.29770892809725e-06,-4.11025523629121e-05
0.99985876581214,0.0168022978675419,0.000362236103879172,-0.0168022490314435,0.999858822802968,-0.000137442892817726,-0.000364494320826262,0.000131337099956824,0.999999924947225,-0.0287635293452445,0.00528410878985448,0.545042901479174,-0.000282424310232972,-3.7102847720582e-06,-3.81507536504479e-05
0.999858764814584,0.0168023468544472,0.000362717022618371,-0.0168022979573301,0.999858821981592,-0.000137437031854796,-0.000364975079627744,0.000131323141421889,0.999999924773709,-0.0287648854903953,0.00528408919597027,0.545042719150955,-0.000259514918372516,-4.12750091129997e-06,-3.4702236866479e-05
0.999858763883605,0.0168023928526628,0.000363152274332806,-0.0168023439022913,0.999858821210967,-0.000137426358889681,-0.000365410096604856,0.000131305139922222,0.999999924617208,-0.0287661194922146,0.00528406752546208,0.545042555212096,-0.000233620257688786,-4.5392597062211e-06,-3.08030431389695e-05
0.999858763024032,0.0168024356926459,0.000363536581992428,-0.0168023866975616,0.999858820493963,-0.000137410653044405,-0.000365794091738618,0.000131282963349956,0.99999992447973,-0.0287672172585858,0.00528404383095412,0.545042411790184,-0.000205079185647209,-4.93544049058614e-06,-2.65042727903075e-05
0.999858762239547,0.0168024752588057,0.000363865330367824,-0.0168024262282052,0.999858819832526,-0.000137389786525941,-0.000366122448288459,0.000131256561529676,0.999999924363031,-0.0287681664661985,0.00528401821527376,0.545042290746029,-0.000174259616118183,-5.30611860249242e-06,-2.18614241340247e-05
0.999858761532644,0.0168025114905259,0.00036413461610126,-0.0168024624341312,0.999858819227673,-0.000137363725549291,-0.000366391262871851,0.000131225966299216,0.999999924268592,-0.0287689566942018,0.00528399082993147,0.545042193653424,-0.000141553820920911,-5.6417803649113e-06,-1.69336843317497e-05
0.999858760904613,0.0168025443822377,0.00036434128874243,-0.0168024953101608,0.999858818679482,-0.000137332529562949,-0.000366597386481272,0.000131191290045314,0.999999924197598,-0.0287695795337051,0.00528396187254515,0.54504212178256,-0.000107373477646762,-5.93352967487842e-06,-1.17831813272631e-05
0.99985876035554,0.0168025739825567,0.000364482982330477,-0.0168025249051616,0.99985881818711,-0.000137296348814705,-0.000366738456020758,0.000131152722739097,0.999999924150932,-0.0287700286720139,0.00528393158326104,0.545042076087253,-7.21445258184274e-05,-6.17328205474684e-06,-6.47420628325134e-06
0.999858759884322,0.0168026003925153,0.00036455813722183,-0.0168025513202781,0.999858817748825,-0.000137255420325044,-0.000366812916062762,0.000131110527543705,0.999999924129154,-0.0287702999507995,0.00528390024024409,0.545042057196119,-3.63018952168805e-05,-6.35394228625118e-06,-1.07241624412537e-06
0.999858759488711,0.0168026237629357,0.000364566011983987,-0.0168025747063056,0.999858817362051,-0.000137210062363484,-0.000366820030647091,0.000131065035092381,0.999999924132508,-0.0287703913977257,0.00528386815432844,0.545042065407756,-2.84171198264514e-07,-6.46956209219391e-06,4.35597307684472e-06
0.999858759165367,0.0168026442910037,0.000364506685297005,-0.0168025952602665,0.999858817023419,-0.000137160667548797,-0.00036675988506573,0.000131016636558926,0.999999924160911,-0.0287703032313817,0.00528383566293617,0.545042100689976,3.5471737977952e-05,-6.51547474225538e-06,9.74499445455377e-06
0.999858758909929,0.0168026622161149,0.000364381047925824,-0.0168026132212612,0.99985881672885,-0.000137107694717171,-0.000366633377699096,0.000130965775663457,0.999999924213963,-0.0287700378396897,0.00528380312338627,0.545042162683042,7.0535867376694e-05,-6.48840392470438e-06,1.50297263871997e-05
0.999858758717107,0.0168026778150802,0.000364190784946092,-0.0168026288656792,0.999858816473629,-0.000137051659722897,-0.000366442202089147,0.000130912939774905,0.999999924290955,-0.0287695997322807,0.0052837709057282,0.545042250706851,0.000104490332102526,-6.38654474315677e-06,2.01470707631937e-05
0.999858758580782,0.0168026913967808,0.000363938348522499,-0.016802642501863,0.999858816252494,-0.000136993125352751,-0.000366188819551376,0.000130858650286361,0.999999924390878,-0.0287689954676377,0.0052837393852435,0.54504236377194,0.000136934273543026,-6.2096152540699e-06,2.50365016240231e-05
0.999858758494117,0.016802703296379,0.00036362692165023,-0.0168026544643273,0.999858816059743,-0.000136932690548884,-0.000365876422739516,0.000130803452451051,0.999999924512448,-0.0287682335561063,0.00528370893476575,0.54504250059414,0.000167488557011543,-5.95887753894073e-06,2.96407761386535e-05
0.999858758449678,0.0168027138691884,0.000363260373375992,-0.0168026651076403,0.999858815889331,-0.000136870979144801,-0.000365508890682802,0.000130747904874799,0.999999924654115,-0.028767324340153,0.00528367991697212,0.545042659612673,0.00019580016617088,-5.63712790598969e-06,3.39065994410588e-05
0.99985875843957,0.0168027234843194,0.00036284320611361,-0.0168026748000808,0.999858815734983,-0.000136808628324784,-0.000365090735914249,0.000130692568864893,0.999999924814101,-0.028766279853516,0.00528365267680093,0.545042839011443,0.000221546243752253,-5.24865641744722e-06,3.77852356320177e-05
0.999858758455562,0.0168027325182106,0.000362380495759378,-0.0168026839171822,0.999858815590299,-0.000136746277018983,-0.000364627044398608,0.000130637997835624,0.999999924990413,-0.0287651136611331,0.00528362753414665,0.545043036743236,0.000244437732797893,-4.79917653371456e-06,4.12330579881973e-05
0.999858758489231,0.0168027413481621,0.000361877825393444,-0.0168026928352788,0.999858815448869,-0.000136684554444739,-0.000364123409049725,0.000130584726967786,0.999999925180884,-0.0287638406819483,0.0052836047769787,0.545043250556501,0.000264222577876945,-4.29572624329905e-06,4.42120322332929e-05
0.999858758532093,0.0168027503459815,0.000361341213424153,-0.0168027019251661,0.99985881530438,-0.000136624068998606,-0.000363585857697557,0.000130533263312105,0.999999925383193,-0.0287624769968855,0.00528358465502198,0.545043478024368,0.000280688451394647,-3.74654259557114e-06,4.66901276020296e-05
0.99985875857574,0.0168027598718502,0.000360777037092054,-0.0168027115459808,0.999858815150717,-0.000136565397694502,-0.000363020776424712,0.000130484076516556,0.999999925594908,-0.0287610396444405,0.00528356737412621,0.545043716575538,0.000293664976153109,-3.16091206070396e-06,4.86416513848488e-05
0.999858758611966,0.0168027702685127,0.000360191952298373,-0.0168027220394038,0.999858814982065,-0.000136509076330442,-0.000362434829240274,0.000130437590343722,0.999999925813512,-0.0287595464064671,0.00528355309143806,0.545043963526642,0.000303025421658596,-2.54899960278687e-06,5.00475036051595e-05
0.999858758632895,0.0168027818558815,0.000359592810758879,-0.01680273372428,0.999858814793,-0.000136455590550515,-0.000361834875094492,0.00013039417512801,0.999999926036439,-0.0287580155868323,0.00528354191147429,0.545044216115669,0.000308687858227142,-1.92165975290487e-06,5.08953495052057e-05
0.999858758631092,0.0168027949261453,0.000358986575507588,-0.016802746891739,0.999858814578573,-0.000136405367949983,-0.000361227883261127,0.000130354141303302,0.999999926261105,-0.0287564657856774,0.00528353388317698,0.545044471536053,0.000310615759627168,-1.2902333087402e-06,5.11797085348831e-05
0.999858758599667,0.0168028097394526,0.000358380235785867,-0.0168027618008928,0.999858814334378,-0.000136358771350273,-0.000360620848125036,0.000130317734110402,0.999999926484944,-0.0287549156720503,0.00528352899801322,0.545044726970985,0.000308818051745248,-6.66333553924405e-07,5.09019595760114e-05
0.999858758532367,0.0168028265202362,0.000357780722350848,-0.0168027786751726,0.999858814056623,-0.000136316093347646,-0.000360020704410478,0.000130285129570655,0.999999926705436,-0.0287533837576732,0.00528352718916129,0.545044979627558,0.000303348611476729,-6.16260830686919e-08,5.00702631553092e-05
0.999858758423658,0.0168028454542282,0.000357194824223007,-0.0168027976993553,0.999858813742172,-0.000136277552214449,-0.000359434243871199,0.000130256431787478,0.999999926920141,-0.0287518881745683,0.00528352833180503,0.545045226770302,0.000294305226652231,5.12393565938578e-07,4.86994023893862e-05
0.999858758268789,0.0168028666862034,0.000356629107866534,-0.0168028190173185,0.999858813388589,-0.000136243289206289,-0.000358868034436687,0.000130231671612467,0.99999992712672,-0.0287504464591969,0.00528353224453661,0.545045465753741,0.000281828034231668,1.04462023732332e-06,4.68105453801016e-05
0.999858758063844,0.0168028903184762,0.000356089839757969,-0.0168028427305467,0.99985881299416,-0.00013621336730205,-0.000358328342770371,0.000130210806686923,0.99999992732297,-0.0287490753456638,0.00528353869184716,0.545045694053565,0.000266097460154939,1.52455325061919e-06,4.44309326919782e-05
0.999858757805774,0.0168029164101601,0.000355582913249393,-0.0168028688974003,0.999858812557907,-0.000136187771377411,-0.00035782106114596,0.00013019372284427,0.999999927506839,-0.0287477905704094,0.00528354738766361,0.545045909296061,0.00024733169006182,1.94250019664331e-06,4.15934944041823e-05
0.999858757492425,0.0168029449771874,0.00035511378057269,-0.0168028975331428,0.999858812079585,-0.00013616640978627,-0.000357351639487881,0.000130180236833535,0.999999927676453,-0.0287466066906486,0.00528355799987081,0.545046109285468,0.000225783705508738,2.28976656948423e-06,3.83364020372874e-05
0.99985875712254,0.0168029759930734,0.00035468739076189,-0.0168029286107117,0.999858811559673,-0.000136149117299395,-0.000356925023351845,0.000130170100300212,0.999999927830134,-0.0287455369186345,0.00528357015573873,0.545046292028939,0.000201737925267067,2.55882764276648e-06,3.47025613711644e-05
0.999858756695751,0.0168030093903943,0.000354308134192337,-0.0168029620622019,0.999858810999342,-0.000136135659325824,-0.000356545598542964,0.000130163004938312,0.999999927966412,-0.0287445929736105,0.00528358344815779,0.545046455758833,0.000175506495718196,2.74347933495096e-06,3.07390528154538e-05
0.999858756212555,0.0168030450629388,0.00035397979434958,-0.0168029977810213,0.999858810400426,-0.000136125737320287,-0.000356217142982577,0.000130158588706597,0.999999928084042,-0.0287437849530898,0.00528359744257002,0.545046598952094,0.000147425278221158,2.83896520692929e-06,2.64965265556564e-05
0.999858755674285,0.0168030828684806,0.000353705507348024,-0.0168030356246664,0.999858809765367,-0.000136118995259768,-0.000355942786341774,0.000130156442983456,0.999999928182014,-0.0287431212248483,0.00528361168447027,0.545046720346505,0.000117849584580121,2.84207718614847e-06,2.20285601575875e-05
0.999858755083055,0.0168031226321103,0.000353487729621357,-0.0168030754180553,0.999858809097162,-0.000136115027054926,-0.000355724977861347,0.00013015612051905,0.99999992825956,-0.0287426083407592,0.00528362570734139,0.54504681895366,8.71497143409097e-05,2.75122810311689e-06,1.73909866889792e-05
0.999858754441706,0.0168031641500544,0.000353328214104514,-0.0168031169573478,0.999858808399298,-0.000136113384746698,-0.000355565462675309,0.000130157144029749,0.999999928316157,-0.0287422509733199,0.00528363904087855,0.545046894068513,5.57063495765639e-05,2.56649465376735e-06,1.26412016798812e-05
0.99985875375374,0.0168032071939058,0.000353227995121484,-0.0168031600141738,0.999858807675678,-0.000136113587326902,-0.000355465266849597,0.000130159015270115,0.999999928351535,-0.0287420518754432,0.00528365121935263,0.54504694527543,2.39058640633386e-05,2.28962995316099e-06,7.83745742378502e-06
0.999858753023241,0.0168032515151796,0.000353187382086395,-0.0168032043401878,0.999858806930545,-0.00013611513001259,-0.000355424691240448,0.000130161224410411,0.99999992836567,-0.028742011863796,0.00528366178995956,0.545046972450698,-7.86439570881827e-06,1.92404540855718e-06,3.03815317756916e-06
0.999858752254795,0.0168032968501083,0.000353205962017833,-0.0168032496718604,0.999858806168398,-0.000136117493798148,-0.000355443314169494,0.000130163259543691,0.999999928358786,-0.0287421298256848,0.00528367032100297,0.545046975761494,-3.92208004063802e-05,1.47476220812881e-06,-1.69887020094789e-06
0.999858751453402,0.0168033429245861,0.000353282610760025,-0.0168032957354178,0.999858805393907,-0.000136120155106927,-0.000355520002806169,0.000130164616146074,0.999999928331348,-0.0287424027491987,0.00528367640975989,0.545046955661353,-6.97880421641665e-05,9.4833328104842e-07,-6.3170227720439e-06
0.999858750624387,0.016803389459171,0.000353415512700259,-0.0168033422518383,0.999858804611835,-0.0001361225953651,-0.000355652933043872,0.000130164806316486,0.999999928284055,-0.0287428257760452,0.00528367968988531,0.545046912882227,-9.92035984269397e-05,3.52737126777603e-07,-1.07616370166986e-05
0.999858749773305,0.0168034361740546,0.000353602188671118,-0.0168033889418158,0.999858803826941,-0.000136124310324637,-0.000355839617555569,0.000130163367628027,0.99999992821783,-0.0287433922762439,0.00528367983821936,0.545046848423248,-0.00012712200258121,-3.02754574245588e-07,-1.49806104573491e-05
0.999858748905855,0.0168034827939134,0.000353839531630002,-0.0168034355306031,0.999858803043911,-0.000136124818969484,-0.00035607694161857,0.00013015987143194,0.999999928133807,-0.0287440939435847,0.005283676580872,0.545046763536378,-0.000153218871434521,-1.0077331801449e-06,-1.89250119548564e-05
0.99985874802778,0.0168035290525565,0.000354123849617849,-0.0168034817526514,0.999858802267268,-0.000136123671849249,-0.000356361206207836,0.000130153930466902,0.99999992803332,-0.0287449209105184,0.00528366969847278,0.545046659709117,-0.000177194642969351,-1.75083031573121e-06,-2.25496447163025e-05
0.999858747144786,0.0168035746972938,0.000354450915415496,-0.0168035273559693,0.999858801501301,-0.000136120458697442,-0.000356688177773929,0.000130145205640465,0.999999927917882,-0.028745861880921,0.00528365903048849,0.545046538644533,-0.000198777981708824,-2.51991291270674e-06,-2.58135596272802e-05
0.999858746262454,0.016803619492951,0.000354816022240151,-0.0168035721061282,0.999858800750002,-0.000136114815206768,-0.000357053144046011,0.000130133411866263,0.999999927789171,-0.0287469042789732,0.00528364447852854,0.545046402238852,-0.000217728813420221,-3.30229254241192e-06,-2.86805131608497e-05
0.999858745386161,0.0168036632254705,0.000355214044757125,-0.016803615789853,0.999858800016996,-0.000136106428851372,-0.000357450975133283,0.000130118322859065,0.999999927649009,-0.0287480344122166,0.00528362600857553,0.545046252556911,-0.000233840955695723,-4.08494527289927e-06,-3.11193648081134e-05
0.999858744521005,0.0168037057050418,0.000355639504623973,-0.0168036582181425,0.999858799305495,-0.000136095043664862,-0.000357876189140586,0.00013009977480971,0.999999927499338,-0.028749237646691,0.00528360365209868,0.545046091805782,-0.000246944316125035,-4.85473809716299e-06,-3.31044097543887e-05
0.999858743671744,0.0168037467687182,0.000356086639736207,-0.016803699228875,0.999858798618252,-0.000136080463903696,-0.000358323021466261,0.00013007766888347,0.999999927342204,-0.0287504985919342,0.005283577506027,0.545045922306909,-0.000256906635250063,-5.5986578680004e-06,-3.46156433016671e-05
0.99985874284273,0.0168037862824842,0.000356549476306067,-0.0168037386888652,0.99985879795752,-0.000136062556546703,-0.000358785496913026,0.000130051972507256,0.999999927179723,-0.0287518012935206,0.00528354773158013,0.545045746467087,-0.000263634757190072,-6.30403864226247e-06,-3.56389544015607e-05
0.999858742037865,0.0168038241427499,0.000357021902879036,-0.0168037764953484,0.999858797325039,-0.000136041252603944,-0.000359257503716245,0.000130022719433911,0.999999927014067,-0.0287531294307475,0.00528351455197497,0.545045566748667,-0.000267075416685807,-6.95878336912595e-06,-3.61662465115655e-05
0.999858741260556,0.0168038602772608,0.000357497745377028,-0.0168038125768802,0.999858796722007,-0.000136016547230334,-0.000359732868578559,0.000129990008594356,0.999999926847428,-0.0287544665170362,0.00528347824904623,0.54504538563933,-0.000267215537251434,-7.55157597485196e-06,-3.61954848881444e-05
0.99985874051369,0.0168038946454194,0.000357970842252642,-0.0168038468936479,0.999858796149088,-0.000135988498660968,-0.000360205431795689,0.000129954001769899,0.999999926681999,-0.0287557961006004,0.0052834391588385,0.545045205621818,-0.000264082041080234,-8.0720800756614e-06,-3.5730670307668e-05
0.9998587397996,0.0168039272380286,0.000358435118845229,-0.0168038794372053,0.999858795606406,-0.0001359572260071,-0.000360669121564937,0.000129914920138973,0.999999926519946,-0.0287571019629572,0.0052833976662456,0.545045029143971,-0.00025774117724296,-8.51112079849308e-06,-3.47817400926605e-05
0.999858739120065,0.0168039580764763,0.000358884660046973,-0.0168039102296479,0.999858795093566,-0.000135922905971526,-0.000361118026585709,0.000129873039771998,0.99999992636338,-0.0287583683128987,0.0052833541987898,0.545044858589443,-0.000248297380481722,-8.86084650592473e-06,-3.3364398201672e-05
0.999858738476294,0.0168039872113893,0.000359313780415287,-0.0168039393222598,0.999858794609675,-0.000135885768561273,-0.000361546466089787,0.000129828686166806,0.99999992621433,-0.0287595799736203,0.00528330921964871,0.545044696249434,-0.000235891678469238,-9.1148675840766e-06,-3.14998769776655e-05
0.999858737868944,0.0168040147207951,0.000359717090906015,-0.0168039667936682,0.999858794153373,-0.000135846091892773,-0.000361949056477576,0.000129782227933637,0.999999926074724,-0.0287607225608038,0.00528326322005062,0.545044544295781,-0.000220699670700325,-9.26836987325714e-06,-2.92146339619404e-05
0.999858737298123,0.0168040407078384,0.000360089561449836,-0.0168039927475538,0.999858793722874,-0.000135804196199827,-0.000362320773784669,0.000129734069753073,0.999999925946361,-0.0287617826495822,0.00528321671117042,0.545044404755719,-0.000202929107158185,-9.3182007780441e-06,-2.65399879496818e-05
0.999858736763418,0.0168040652981047,0.000360426578651156,-0.0168040173099693,0.999858793316011,-0.000135760437167519,-0.000362657011260226,0.000129684644742138,0.99999992583089,-0.0287627479284637,0.0052831702156663,0.545044279488602,-0.000182817099488981,-9.26292658578438e-06,-2.35116991650821e-05
0.999858736263924,0.0168040886366113,0.000360723997953975,-0.0168040406263267,0.999858792930289,-0.000135715198726037,-0.000362953631403977,0.000129634406373513,0.999999925729789,-0.0287636073384704,0.00528312425900406,0.545044170164848,-0.00016062700157002,-9.10286003655792e-06,-2.01694990923485e-05
0.999858735798276,0.0168041108845294,0.000360978189691611,-0.016804062858116,0.999858792562937,-0.000135668885445927,-0.000363207011881223,0.000129583820099139,0.999999925644347,-0.0287643511959362,0.00528307936071887,0.54504407824736,-0.000136645000032884,-8.84005772008755e-06,-1.65565760646846e-05
0.999858735364698,0.0168041322157054,0.000361186078516235,-0.0168040841794244,0.999858792210974,-0.000135621914681497,-0.000363414084814316,0.000129533354833357,0.999999925575654,-0.0287649712976234,0.00528303602576539,0.545044004975599,-0.000111176458451063,-8.4782874071441e-06,-1.27190232120719e-05
0.999858734961044,0.0168041528130503,0.000361345175788471,-0.0168041047733251,0.999858791871265,-0.000135574708611611,-0.000363572369033465,0.000129483474451833,0.999999925524579,-0.0287654610070404,0.00528299473610514,0.545043951352509,-8.45420614986479e-05,-8.02296595511204e-06,-8.70525578498438e-06
0.999858734584851,0.0168041728648691,0.000361453604596046,-0.0168041248282065,0.999858791540588,-0.000135527686326602,-0.0003636799949584,0.000129434629460492,0.999999925491767,-0.0287658153210808,0.00528295594267566,0.545043918134418,-5.70738073987212e-05,-7.4810689409745e-06,-4.56540519197329e-06
0.999858734233393,0.0168041925611997,0.000361510117162471,-0.0168041445341119,0.999858791215693,-0.000135481256106922,-0.000363735721874365,0.000129387248984075,0.99999992547763,-0.0287660309163492,0.00528292005787879,0.545043905823996,-2.91108983946005e-05,-6.86101366992545e-06,-3.50697313608785e-07
0.999858733903735,0.0168042120902288,0.000361514104500819,-0.0168041640791575,0.999858790893366,-0.000135435808033244,-0.000363738947459889,0.000129341733216387,0.999999925482345,-0.0287661061747891,0.00528288744871617,0.545043914666367,-9.95579773364104e-07,-6.17251766584519e-06,3.8871771981521e-06
0.999858733592793,0.0168042316348515,0.000361465598262754,-0.0168041836460943,0.999858790570486,-0.000135391707059517,-0.0003636897095187,0.000129298446464542,0.999999925505851,-0.0287660411884843,0.00528285843068844,0.545043944648351,2.69310218427515e-05,-5.4264351731572e-06,8.09669290299415e-06
0.999858733297389,0.0168042513694343,0.000361365264827636,-0.0168042034090748,0.999858790244081,-0.000135349286669821,-0.000363588679962665,0.000129257710907255,0.999999925547855,-0.028765837743754,0.00528283326256079,0.54504399550086,5.433301065532e-05,-4.63457457003783e-06,1.22271121566829e-05
0.999858733014304,0.0168042714568374,0.000361214391770156,-0.0168042235306794,0.999858789911379,-0.000135308843227372,-0.000363437151185986,0.000129219801173147,0.999999925607837,-0.0287654992849149,0.00528281214208268,0.545044066704357,8.08837350514065e-05,-3.80949991562926e-06,1.62290927703077e-05
0.999858732740334,0.0168042920457465,0.000361014866935914,-0.0168042441592526,0.999858789569854,-0.000135270631109088,-0.000363237015061634,0.000129184939828607,0.999999925685058,-0.0287650308583229,0.00528279520273206,0.545044157497311,0.000106269654539515,-2.96432011510831e-06,2.00552734734746e-05
0.999858732472343,0.016804313268355,0.000360769150441657,-0.0168042654265908,0.99985878921726,-0.000135234858703629,-0.000362990734877992,0.00012915329384774,0.999999925778574,-0.0287644390375415,0.00528278251153728,0.545044266887506,0.000130194014812833,-2.11246938197662e-06,2.36608302361729e-05
0.999858732207301,0.0168043352384332,0.000360480239999813,-0.0168042874460167,0.999858788851674,-0.000135201685333476,-0.000362701310616319,0.000129124972118254,0.999999925887248,-0.0287637318307045,0.00528277406801029,0.545044393666044,0.000152380288206487,-1.26748281175945e-06,2.70039969342691e-05
0.999858731942337,0.0168043580498091,0.00036015163004427,-0.0168043103108667,0.999858788471511,-0.000135171219143425,-0.000362372238046619,0.000129100024017616,0.99999992600977,-0.0287629185713467,0.00528276980420628,0.545044536423849,0.000172575340014641,-4.42770945218869e-07,3.00465443293144e-05
0.999858731674767,0.0168043817752808,0.000359787265205055,-0.0168043340934091,0.99985878807555,-0.000135143515979285,-0.000362007462189912,0.000129078439074057,0.999999926144674,-0.028762009794163,0.00528276958590483,0.545044693570454,0.000190552284789001,3.48602805402651e-07,3.27542119182317e-05
0.999858731402134,0.016804406465968,0.000359391488743329,-0.0168043588442026,0.99985878766294,-0.000135118579261935,-0.000361611325758306,0.000129060147707302,0.999999926290361,-0.0287610170973292,0.00528277321488885,0.545044863354816,0.000206113000794781,1.09413806549617e-06,3.509708781444e-05
0.999858731122225,0.0168044321511053,0.000358968986613617,-0.0168043845918962,0.999858787233208,-0.000135096360843187,-0.000361188513239475,0.00012904502302428,0.999999926445117,-0.0287599529931632,0.00528278043227872,0.54504504388789,0.000219090275202861,1.78210307813712e-06,3.70499325295582e-05
0.999858730833098,0.0168044588382681,0.000358524727867347,-0.0168044113434614,0.999858786786248,-0.000135076762812022,-0.000360743991338997,0.000129032883626386,0.999999926607141,-0.0287588307490316,0.0052827909228612,0.545045233166681,0.00022934955729513,2.40172649366516e-06,3.8592443230255e-05
0.99985873053309,0.0168044865140158,0.000358063902149753,-0.016804439084843,0.999858786322317,-0.000135059640202543,-0.000360282946531656,0.000129023497367014,0.999999926774565,-0.0287576642205084,0.00528280432033611,0.545045429099455,0.000236790301889649,2.94337216619397e-06,3.97094558243995e-05
0.999858730220829,0.0168045151449291,0.000357591855070873,-0.016804467782003,0.999858785842013,-0.000135044804538818,-0.000359810720501273,0.000129016585981458,0.99999992694548,-0.0287564676788691,0.00528282021338838,0.545045629531807,0.000241346890296897,3.39869406892557e-06,4.03910829952156e-05
0.999858729895232,0.0168045446790105,0.000357114022250275,-0.0168044973823273,0.99985878534625,-0.00013503202813726,-0.000359332744267204,0.000129011830496401,0.999999927117961,-0.0287552556350522,0.00528283815247964,0.545045832273253,0.000242989121330164,3.7607688033231e-06,4.06327871235814e-05
0.999858729555499,0.0168045750474107,0.000356635862844181,-0.0168045278163593,0.999858784836231,-0.000135021049074503,-0.000358854471804556,0.000129008877313407,0.999999927290086,-0.0287540426622463,0.00528285765724179,0.545046035124023,0.000241722270150244,4.02420358120135e-06,4.04353878268376e-05
0.999858729201108,0.0168046061664397,0.000356162793362886,-0.0168045589998167,0.999858784313413,-0.000135011576717444,-0.000358381313964131,0.000129007344849535,0.999999927459967,-0.0287528432192591,0.00528287822434561,0.545046235901734,0.000237586717966423,4.18521799440475e-06,3.98050046392213e-05
0.999858728831796,0.0168046379398141,0.000355700122575903,-0.0168045908358458,0.999858783779464,-0.000135003297703265,-0.000357918573487533,0.000129006830609538,0.999999927625764,-0.0287516714767935,0.00528289933570997,0.545046432467608,0.000230657160772907,4.24169835138483e-06,3.87529361459752e-05
0.99985872844754,0.0168046702610916,0.000355252988282131,-0.016804623217461,0.999858783236229,-0.000134995882250564,-0.000357471381892631,0.000129006918557744,0.999999927785711,-0.0287505411487062,0.00528292046691258,0.545046622751942,0.000221041410312929,4.19322384120257e-06,3.72954776372552e-05
0.999858728048535,0.0168047030162387,0.000354826296693009,-0.0168046560301181,0.999858782685676,-0.000134988990678512,-0.000357044638975153,0.000129007186654006,0.999999927938133,-0.0287494653302454,0.00528294109566039,0.545046804778509,0.000208878805279888,4.0410642736858e-06,3.5453680065632e-05
0.999858727635173,0.0168047360862772,0.000354424665138648,-0.0168046891543665,0.999858782129861,-0.000134982280008581,-0.000356642955634181,0.000129007214416379,0.999999928081468,-0.0287484563451587,0.00528296071017819,0.545046976687617,0.000194338255312998,3.78814963602509e-06,3.32530537699362e-05
0.999858727208007,0.0168047693499555,0.000354052368760448,-0.0168047224685241,0.999858781570875,-0.000134975410524029,-0.000356270600682875,0.000129006590374591,0.999999928214277,-0.0287475256034459,0.00528297881737575,0.545047136757561,0.00017761594459267,3.43901218650183e-06,3.07232210597727e-05
0.999858726767726,0.0168048026863899,0.000353713291799923,-0.0168047558513235,0.9998587810108,-0.000134968052164627,-0.000355931452251982,0.000129004919281579,0.999999928335264,-0.02874668347138,0.00528299495065933,0.545047283424211,0.000158932725716678,2.99970227059076e-06,2.78975223310503e-05
0.999858726315129,0.0168048359776228,0.000353410884032593,-0.0168047891844735,0.999858780451666,-0.000134959890639278,-0.000355628954332925,0.000129001828956552,0.999999928443285,-0.0287459391552636,0.00528300867725975,0.545047415298538,0.000138531238021776,2.47767948604625e-06,2.48125808831765e-05
0.99985872585109,0.0168048691110507,0.000353148122828733,-0.0168048223550903,0.999858779895412,-0.000134950633146008,-0.000355366078940363,0.000128996976640995,0.999999928537363,-0.0287453006002047,0.00528301960495893,0.545047531181857,0.00011667278754673,1.88168123057927e-06,2.15078320609446e-05
0.99985872537653,0.0168049019816726,0.000352927481250821,-0.016804855257948,0.999858779343839,-0.000134940013597822,-0.000355145294302259,0.000128990054759238,0.99999992861669,-0.0287447744050065,0.00528302738810748,0.54504763007865,9.36340283923089e-05,1.22157103433157e-06,1.80250227108649e-05
0.999858724892397,0.0168049344941205,0.000352750902520924,-0.0168048877975112,0.999858778798588,-0.000134927797263589,-0.000354968539409121,0.000128980795987177,0.999999928680643,-0.0287443657540597,0.00528303173283912,0.545047711206825,6.97034872930244e-05,5.0816940456071e-07,1.44076872351056e-05
0.999858724399632,0.0168049665644332,0.000352619781111397,-0.0168049198897101,0.999858778261096,-0.000134913784745411,-0.000354837205174464,0.000128968977546369,0.999999928728778,-0.0287440783669139,0.00528303240140176,0.545047774005303,4.51779747471625e-05,-2.46929817419544e-07,1.07006067518665e-05
0.999858723899153,0.0168049981215442,0.000352534950630186,-0.0168049514634285,0.999858777732581,-0.000134897815227433,-0.000354752122376611,0.000128954424655582,0.999999928760841,-0.0287439144659845,0.00528302921554085,0.545047818138877,2.03589270495198e-05,-1.03155436726784e-06,6.94925800388721e-06
0.999858723391838,0.0168050291084593,0.000352496678588347,-0.0168049824616819,0.999858777214018,-0.000134879768945621,-0.000354713556468621,0.000128937013087876,0.999999928776767,-0.0287438747626283,0.00528302205888709,0.545047843500307,-4.45127597666655e-06,-1.83315635588892e-06,3.19925872321848e-06
0.999858722878502,0.016805059483106,0.000352504668053576,-0.0168050128424655,0.999858776706122,-0.000134859568843238,-0.000354721209259522,0.000128916670797876,0.999999928776676,-0.0287439584615985,0.00528301087831755,0.545047850209641,-2.89529728447717e-05,-2.63901947305098e-06,-5.0418386631632e-07
0.999858722359893,0.0168050892188443,0.000352558066110294,-0.016805042579264,0.999858776209342,-0.000134837181392657,-0.000354774227387092,0.000128893378601224,0.99999992876087,-0.028744163283665,0.00528299568427729,0.545047838610801,-5.28528177959823e-05,-3.43646707248614e-06,-4.11681482037481e-06
0.999858721836681,0.0168051183046351,0.000352655478965346,-0.016805071661218,0.999858775723862,-0.000134812616579994,-0.000354871217421187,0.000128867169905398,0.999999928729834,-0.0287444855059716,0.00528297655006553,0.545047809265504,-7.58672708044935e-05,-4.2130676375074e-06,-7.59585710330837e-06
0.999858721309454,0.0168051467448695,0.000352794993459447,-0.0168051000929503,0.999858775249595,-0.000134785927064607,-0.000355010267358015,0.000128838129507949,0.999999928684221,-0.0287449200194869,0.00528295361010824,0.5450477629446,-9.77259389543843e-05,-4.95683420607295e-06,-1.09005149072324e-05
0.999858720778719,0.0168051745588689,0.000352974204669203,-0.0168051278940635,0.999858774786199,-0.000134757206540956,-0.000355188974190669,0.000128806391494983,0.99999992862485,-0.0287454604027097,0.00528292705725567,0.545047700616968,-0.000118174730097838,-5.65641447319895e-06,-1.39924488138679e-05
0.999858720244905,0.016805201780073,0.000353190249213657,-0.0168051550983237,0.99985877433309,-0.000134726587344876,-0.000355404477170637,0.00012877213628836,0.999999928552695,-0.0287460990105959,0.00528289713915908,0.545047623436111,-0.000136978782309089,-6.30126848220211e-06,-1.68362173374101e-05
0.999858719708367,0.0168052284549369,0.000353439843813806,-0.0168051817525542,0.999858773889456,-0.000134694237359912,-0.00035565349630975,0.000128735586904891,0.999999928468867,-0.0287468270775019,0.00528286415379606,0.545047532724648,-0.000153925135675526,-6.8818310617951e-06,-1.93996798206126e-05
0.999858719169398,0.016805254641567,0.00035371932859384,-0.016805207915266,0.999858773454288,-0.000134660356291592,-0.000355932375612515,0.000128697004503938,0.99999992837461,-0.0287476348327794,0.00528282844422719,0.545047429956887,-0.000168825116368799,-7.3896564565507e-06,-2.1654356171936e-05
0.99985871862824,0.0168052804081269,0.00035402471456006,-0.0168052336550601,0.999858773026402,-0.000134625171388606,-0.000356237130476222,0.000128656683311871,0.99999992827128,-0.028748511627515,0.0052827903926788,0.545047316739723,-0.000181516406676058,-7.81754292977501e-06,-2.35757394672377e-05
0.999858718085097,0.016805305831052,0.000354351734647818,-0.0168052590488355,0.999858772604472,-0.00013458893269917,-0.000356563498650718,0.000128614945021873,0.999999928160331,-0.028749446070788,0.00528275041405671,0.545047194792096,-0.000191864778693363,-8.15963548269843e-06,-2.51435580488118e-05
0.99985871754015,0.0168053309931113,0.000354695897688838,-0.0168052841798471,0.999858772187062,-0.000134551907958133,-0.00035690699411194,0.000128572132775512,0.9999999280433,-0.0287504261737172,0.00528270894900422,0.545047065923265,-0.000199765473641177,-8.41150523061374e-06,-2.63419843673158e-05
0.999858716993571,0.0168053559813614,0.000355052544621671,-0.0168053091356531,0.999858771772663,-0.000134514377206419,-0.000357262963173747,0.000128528604839032,0.999999927921784,-0.0287514394994887,0.00528266645662388,0.545046932010189,-0.000205144213198641,-8.57020438321214e-06,-2.71597884858755e-05
0.999858716445545,0.0168053808850346,0.000355416906246642,-0.0168053340059983,0.999858771359728,-0.000134476627247998,-0.000357626642141281,0.000128484728091256,0.999999927797428,-0.0287524733175006,0.00528262340698668,0.545046794974266,-0.000207957833818502,-8.63429621027399e-06,-2.75904348349299e-05
0.999858715896276,0.0168054057934093,0.000355784161814083,-0.0168053588806784,0.999858770946708,-0.000134438946050975,-0.000357993215796559,0.00012844087144163,0.999999927671898,-0.0287535147597272,0.00528258027355452,0.545046656757743,-0.00020819453961725,-8.60385980030236e-06,-2.76321214958816e-05
0.99985871534601,0.0168054307937049,0.000356149497730576,-0.0168053838474296,0.999858770532091,-0.000134401617199392,-0.000358357876002922,0.000128397399296978,0.999999927546868,-0.0287545509773927,0.00528253752564138,0.545046519300068,-0.000205873774082643,-8.48046985183182e-06,-2.7287762001431e-05
0.999858714795045,0.0168054559690473,0.00035650816567266,-0.0168054089898882,0.999858770114436,-0.000134364914499772,-0.00035871587971963,0.000128354665192925,0.999999927423996,-0.0287555692960604,0.00528249562103681,0.545046384514479,-0.000201045715440823,-8.26715215563102e-06,-2.6564910322024e-05
0.999858714243745,0.0168054813965451,0.000356855539410796,-0.0168054343856622,0.999858769692402,-0.000134329096842325,-0.000359062605731195,0.000128313005701563,0.999999927304906,-0.028756557367276,0.00528245499891047,0.545046254265103,-0.000193790405035333,-7.96831583050717e-06,-2.54756303885799e-05
0.999858713692544,0.0168055071455175,0.000357187169667818,-0.0168054601045531,0.999858769264784,-0.000134294403410679,-0.000359393609417357,0.000128272734720599,0.999999927191167,-0.0287575033149636,0.00528241607311083,0.545046130344846,-0.000184216522417644,-7.58966375249648e-06,-2.40363121691438e-05
0.999858713141959,0.0168055332759085,0.000357498836365726,-0.0168054862069656,0.999858768830538,-0.000134261049326317,-0.000359704674919096,0.00012823413824095,0.999999927084274,-0.0287583958748497,0.00528237922596249,0.545046014454331,-0.000172459825001264,-7.1380829689753e-06,-2.22674369428181e-05
0.999858712592593,0.0168055598369191,0.000357786597651823,-0.0168055127425352,0.999858768388804,-0.000134229221804418,-0.00035999186409307,0.000128197469679725,0.999999926985631,-0.028759224525292,0.00528234480265712,0.545045908182122,-0.000158681274028696,-6.62151720335343e-06,-2.01932950202905e-05
0.999858712045136,0.0168055868658845,0.000358046835139287,-0.0168055397490007,0.999858767938929,-0.000134199076887439,-0.000360251561690753,0.000128162945854384,0.999999926896533,-0.0287599796080059,0.00528231310632178,0.545045812986484,-0.000143064872200627,-6.04882382834167e-06,-1.78416597001531e-05
0.999858711500359,0.016805614387418,0.000358276294847894,-0.016805567251344,0.999858767480475,-0.000134170736811165,-0.00036048051624901,0.000128130743661437,0.999999926818153,-0.0287606524373175,0.0052822843938358,0.545045730178863,-0.000125815241582217,-5.42961791516517e-06,-1.52434217709411e-05
0.999858710959118,0.016805642412837,0.000358472123387096,-0.0168055952612127,0.999858767013235,-0.000134144288045272,-0.000360675876235052,0.000128100997509403,0.999999926751521,-0.0287612353967217,0.00528225887245389,0.545045660909287,-0.000107154973289101,-4.77410614850792e-06,-1.24321893033715e-05
0.999858710422339,0.0168056709398817,0.000358631898984971,-0.0168056237766351,0.999858766537236,-0.000134119780037335,-0.000360835221049857,0.000128073797541615,0.99999992669752,-0.028761722021689,0.00528223669727896,0.545045606153841,-8.73217829430362e-05,-4.09291352560809e-06,-9.44385787170521e-06
0.999858709891009,0.0168056999527297,0.000358753657032383,-0.0168056527820324,0.999858766052738,-0.000134097224675561,-0.000360956586559697,0.000128049188669701,0.999999926656871,-0.0287621070678389,0.00528221796961327,0.545045566704357,-6.65655079367052e-05,-3.39690583928286e-06,-6.316156666423e-06
0.999858709366166,0.0168057294223062,0.000358835909880889,-0.0168056822485258,0.999858765560231,-0.000134076596471863,-0.000361038484894357,0.000128027170423746,0.999999926630126,-0.0287623865637823,0.00528220273620129,0.54504554316042,-4.51449841471078e-05,-2.69701096840427e-06,-3.0881762113258e-06
0.999858708848877,0.0168057593068795,0.00035887766070456,-0.0168057121345305,0.99985876506042,-0.000134057833453585,-0.000361079918322056,0.000128007697610665,0.999999926617658,-0.0287625578481269,0.00528219098936296,0.545045535923768,-2.3324840870675e-05,-2.00404197394715e-06,2.00116425480269e-07
0.999858708340228,0.01680578955293,0.000358878411309326,-0.0168057423866231,0.999858764554219,-0.000134040838738684,-0.000361080387084264,0.000127990681757516,0.999999926619667,-0.0287626195903347,0.00528218266800071,0.54504554519514,-1.37225340344736e-06,-1.32852492365371e-06,3.50836892690067e-06
0.999858707841295,0.0168058200962724,0.000358838163847762,-0.0168057729406626,0.999858764042721,-0.000134025482756824,-0.00036103989114771,0.000127975993302974,0.999999926636169,-0.0287625717953202,0.00528217765944974,0.545045570973575,2.0446307137869e-05,-6.80534238958382e-07,6.7963354986123e-06
0.999858707353131,0.0168058508634079,0.000358757416471128,-0.0168058037231425,0.999858763527184,-0.00013401160606722,-0.00036095892590456,0.000127963464487253,0.999999926667,-0.0287624157918719,0.00528217580212717,0.545045613058168,4.18682874654483e-05,-6.9538188346166e-08,1.00243631303419e-05
0.999858706876738,0.0168058817730765,0.000358637153023616,-0.0168058346527429,0.999858763008999,-0.00013399902271328,-0.000360838471924689,0.000127952892878801,0.999999926711824,-0.0287621542051776,0.00528217688892342,0.545045671052223,6.26381907331853e-05,4.95743062933432e-07,1.31538664795813e-05
0.999858706413048,0.0168059127379788,0.000358478826954853,-0.0168058656420527,0.999858762489665,-0.000133987524044782,-0.000360679978934901,0.000127944045465579,0.999999926770134,-0.0287617909139233,0.00528218067126719,0.545045744369751,8.25106028423087e-05,1.00746469097553e-06,1.6147785699033e-05
0.999858705962901,0.0168059436666291,0.00035828433969512,-0.0168058965994246,0.999858761970752,-0.000133976882930441,-0.00036048534426823,0.000127936663229664,0.999999926841261,-0.0287613309926148,0.00528218686378607,0.545045832244186,0.000101253070846959,1.45876786560973e-06,1.89710217885944e-05
0.999858705527018,0.0168059744653041,0.000358056013802658,-0.0168059274309244,0.999858761453871,-0.000133966858277068,-0.000360256886091237,0.000127930466116257,0.999999926924384,-0.0287607806399483,0.0052821951494755,0.54504593373923,0.000118648799959902,1.84387225794232e-06,2.15908443771974e-05
0.999858705105984,0.0168060050400452,0.000357796561252836,-0.0168059580423367,0.999858760940638,-0.00013395719976702,-0.000359997311777517,0.000127925158302569,0.999999927018542,-0.0287601470942141,0.00528220518528231,0.545046047761646,0.00013449913813787,2.15814917859126e-06,2.39772672146798e-05
0.99985870470023,0.0168060352986748,0.000357509047294539,-0.0168059883411831,0.999858760432644,-0.000133947652722398,-0.000359709681851201,0.000127920433667954,0.999999927122651,-0.0287594385368689,0.00528221660800368,0.54504617307584,0.000148625820058039,2.39817446987446e-06,2.61033871030263e-05
0.999858704310009,0.0168060651527856,0.000357196850349118,-0.0168060182387152,0.999858759931413,-0.000133937963003005,-0.000359397369974135,0.000127915981364327,0.999999927235514,-0.0287586639855414,0.00528222904039871,0.545046308320043,0.00016087294544624,2.56176063508123e-06,2.79456824774874e-05
0.999858703935388,0.0168060945196616,0.000356863618470892,-0.0168060476518393,0.999858759438375,-0.000133927881845591,-0.00035906401949411,0.000127911491385715,0.999999927355837,-0.0287578331778574,0.00528224209740835,0.545046452023872,0.000171108670141766,2.6479680493554e-06,2.94842683761782e-05
0.999858703576229,0.016806123324093,0.000356513222925292,-0.0168060765049352,0.999858758954835,-0.000133917170554003,-0.000358713497108615,0.000127906660037218,0.999999927482254,-0.0287569564475652,0.0052822553923795,0.545046602627059,0.000179226591938619,2.65709545443167e-06,3.07031051000052e-05
0.999858703232183,0.0168061515000481,0.000356149709470739,-0.0168061047315334,0.999858758481938,-0.000133905604953741,-0.000358349844228674,0.000127901195207098,0.999999927613334,-0.0287560445945258,0.00528226854319081,0.545046758499093,0.000185146817084542,2.59065028792527e-06,3.15901584593492e-05
0.999858702902682,0.0168061789921686,0.000355777247952994,-0.0168061322758144,0.99985875802065,-0.000133892979529565,-0.000357977226650054,0.000127894821350383,0.999999927747607,-0.0287551087501901,0.00528228117818147,0.545046917959548,0.000188816697298907,2.45129972897657e-06,3.213751010578e-05
0.999858702586938,0.0168062057570575,0.00035540008083588,-0.016806159093903,0.999858757571736,-0.000133879111171692,-0.000357599883154381,0.000127887284099107,0.999999927883581,-0.0287541602402293,0.00528229294178954,0.545047079298829,0.000190211231237386,2.2428036554062e-06,3.23414170756211e-05
0.999858702283942,0.0168062317643352,0.000355022471299671,-0.0168061851549291,0.999858757135732,-0.000133863842464476,-0.000357222073670267,0.00012787835442245,0.999999928019756,-0.0287532104460009,0.00528230349981279,0.545047240799095,0.000189333128437038,1.96993099207574e-06,3.22023202975372e-05
0.999858701992472,0.0168062569974405,0.000354648651538228,-0.0168062104418347,0.999858756712944,-0.000133847044460375,-0.000356848027624483,0.000127867832269015,0.999999928154649,-0.0287522706665355,0.00528231254421338,0.54504740075509,0.00018621253787059,1.63836118313552e-06,3.17248024328874e-05
0.999858701711097,0.0168062814541617,0.000354282771877997,-0.0168062349519111,0.99985875630343,-0.000133828618892315,-0.000356481893105392,0.000127855549633863,0.999999928286807,-0.0287513519827078,0.00528231979739673,0.545047557494645,0.00018090644727287,1.25457274157265e-06,3.09174960290915e-05
0.999858701438197,0.0168063051468863,0.000353928851326698,-0.0168062586970537,0.999858755907,-0.000133808499788546,-0.000356127687445799,0.000127841373004221,0.999999928414824,-0.0287504651252124,0.00528232501590525,0.545047709398595,0.000173497763326578,8.25721011933498e-07,2.97929435616261e-05
0.999858701171973,0.0168063281025627,0.000353590730136894,-0.0168062817037306,0.999858755523212,-0.000133786654465814,-0.000355789249809916,0.000127825205149824,0.999999928537361,-0.0287496203479101,0.00528232799347868,0.545047854919885,0.00016409408656507,3.59507422572463e-07,2.83674115012986e-05
0.99985870091047,0.0168063503623759,0.000353272024940321,-0.0168063040126629,0.999858755151382,-0.000133763083888162,-0.000355470196340014,0.00012780698623588,0.999999928653154,-0.0287488273080256,0.00528232856344431,0.54504799260163,0.000152826198418968,-1.35957396505562e-07,2.66606610792201e-05
0.999858700651604,0.0168063719811406,0.000352976086972739,-0.0168063256782247,0.999858754790592,-0.000133737822390908,-0.000355173878382467,0.000127786694249459,0.999999928761036,-0.0287480949545883,0.00528232660041256,0.545048121093936,0.000139846281163659,-6.52294196380619e-07,2.46956789130719e-05
0.999858700393183,0.0168063930264249,0.000352705963867482,-0.0168063467675708,0.999858754439703,-0.000133710936781029,-0.000354903344271469,0.000127764344742487,0.999999928859942,-0.0287474314263907,0.00528232202126548,0.545048239169271,0.000125325894573909,-1.18099694820537e-06,2.24983711173462e-05
0.999858700132942,0.0168064135774187,0.00035246436544843,-0.0168063673595105,0.999858754097378,-0.000133682524836649,-0.000354661305101469,0.000127739989906799,0.999999928948925,-0.0287468439606181,0.00528231478543804,0.545048345736235,0.000109453735826061,-1.71357352042824e-06,2.00972249145046e-05
0.999858699868573,0.0168064337235688,0.000352253633901121,-0.0168063875431476,0.999858753762101,-0.000133652713239397,-0.000354450104867579,0.000127713717008626,0.999999929027162,-0.0287463388131598,0.00528230489450373,0.545048439851556,9.24332115833707e-05,-2.24168284949956e-06,1.75229421231153e-05
0.99985869959776,0.0168064535630067,0.000352075718644461,-0.0168064074163121,0.999858753432209,-0.000133621654983381,-0.00035427169529709,0.000127685646220854,0.999999929093969,-0.0287459211914658,0.00528229239108786,0.545048520730196,7.44798532188484e-05,-2.75726636901025e-06,1.48080491866418e-05
0.999858699318213,0.0168064732007977,0.000351932156166014,-0.0168064270838129,0.999858753105915,-0.0001335895263141,-0.000354127615635932,0.000127655927901899,0.999999929148796,-0.0287455952006511,0.00528227735714248,0.545048587753465,5.58186077606023e-05,-3.25267160614321e-06,1.19864886497331e-05
0.999858699027707,0.0168064927470441,0.000351824055021579,-0.0168064466555439,0.999858752781346,-0.000133556523258715,-0.00035401897759182,0.000127624739379265,0.999999929191242,-0.0287453638033864,0.00528225991162683,0.545048640475043,3.66810383690293e-05,-3.72076603839387e-06,9.09319716351856e-06
0.999858698724115,0.016806512314879,0.000351752086135593,-0.0168064662444807,0.999858752456576,-0.000133522857815792,-0.000353946455571731,0.00012759228130356,0.999999929221056,-0.0287452287939401,0.00528224020764654,0.545048678624883,1.7302468956101e-05,-4.15503951075538e-06,6.16367520726334e-06
0.999858698405447,0.0168065320183875,0.000351716478473719,-0.0168064859646033,0.999858752129657,-0.00013348875387856,-0.000353910282286325,0.000127558773645794,0.999999929238133,-0.0287451907865632,0.00528221842911241,0.545048702110947,-2.08089206450388e-06,-4.54969374842198e-06,3.23355377552998e-06
0.999858698069883,0.0168065519704943,0.000351717020093427,-0.016806505928785,0.999858751798662,-0.000133454442969893,-0.000353910249728426,0.000127524451416064,0.999999929242522,-0.028745249218236,0.00528219478698647,0.545048711018775,-2.12348139557273e-05,-4.89971775585915e-06,3.38163264829865e-07
0.999858697715807,0.0168065722808579,0.000351753064513414,-0.0168065262466876,0.999858751461715,-0.000133420159869903,-0.000353945715467791,0.000127489560185459,0.999999929234419,-0.0287454023656169,0.00528216951518836,0.545048705608922,-3.99298572922971e-05,-5.20094816353104e-06,-2.48789028066953e-06
0.999858697341839,0.0168065930538109,0.000351823542278897,-0.0168065470227007,0.999858751117033,-0.000133386138218211,-0.000354015614140601,0.000127454351495315,0.999999929214164,-0.0287456473758689,0.00528214286623901,0.545048686312299,-5.79441054670339e-05,-5.45011386629316e-06,-5.21113653616141e-06
0.999858696946859,0.0168066143863836,0.000351926977538231,-0.0168065683539658,0.999858750762949,-0.000133352606172609,-0.000354118473950519,0.000127419078238612,0.99999992918224,-0.0287459803108698,0.00528211510672127,0.545048653723503,-7.50657817613219e-05,-5.6448645827818e-06,-7.7996350410255e-06
0.999858696530035,0.0168066363664509,0.000352061509387221,-0.0168065903285205,0.999858750397958,-0.00013331978220407,-0.000354252437939084,0.000127383990097518,0.999999929139262,-0.0287463962041574,0.00528208651263815,0.545048608592228,-9.10957213352853e-05,-5.78378325344632e-06,-1.02233475325017e-05
0.999858696090841,0.0168066590710339,0.000352224917682097,-0.0168066130235991,0.999858750020731,-0.000133287871104649,-0.000354415289727736,0.000127349329118666,0.999999929085973,-0.0287468891298121,0.00528205736474907,0.545048551812872,-0.000105849669509207,-5.86638247744611e-06,-1.2454484172708e-05
0.999858695629077,0.0168066825647905,0.000352414652970697,-0.0168066365041202,0.999858749630154,-0.000133257060280286,-0.000354604483382274,0.000127315325504008,0.999999929023232,-0.028747452282341,0.00528202794396299,0.545048484412498,-0.000119160380055731,-5.89308545859145e-06,-1.44678197328749e-05
0.999858695144872,0.0168067068987226,0.000352627870144677,-0.0168066608213909,0.999858749225341,-0.000133227516394475,-0.000354817177003739,0.000127282193689881,0.999999928952004,-0.0287480780665035,0.005281998526864,0.545048407537283,-0.000130879489863582,-5.86519219214979e-06,-1.62409761784301e-05
0.999858694638697,0.0168067321091243,0.000352861465373978,-0.0168066860120508,0.999858748805659,-0.000133199382421555,-0.000355050269608017,0.000127250128780404,0.999999928873353,-0.028748758195907,0.00528196938144091,0.545048322437658,-0.000140879149242964,-5.78483186115762e-06,-1.77546685354064e-05
0.999858694111361,0.0168067582167906,0.000353112115848986,-0.0168067120972774,0.999858748370734,-0.000133172775160559,-0.000355300440820491,0.000127219303394088,0.99999992878842,-0.028749483799107,0.00528194076308691,0.545048230452303,-0.000149053390270734,-5.65490262655894e-06,-1.89929113810869e-05
0.999858693564008,0.0168067852265033,0.000353376321825968,-0.0168067390822662,0.999858747920469,-0.000133147783251409,-0.000355564192882144,0.000127189864973917,0.999999928698419,-0.0287502455318615,0.00528191291092892,0.545048132991228,-0.000155319218895851,-5.47900018894316e-06,-1.99431837932345e-05
0.999858692998106,0.0168068131268017,0.000353650450447896,-0.0168067669559977,0.999858747455041,-0.000133124465725504,-0.000355837894439798,0.000127161933601812,0.999999928604615,-0.0287510336941343,0.00528188604453913,0.545048031518119,-0.000159617419984727,-5.26133665978545e-06,-2.05965511130842e-05
0.999858692415426,0.0168068418900458,0.000353930780795683,-0.0168067956912941,0.999858746974903,-0.000133102851112681,-0.000356117825575985,0.000127135600348597,0.999999928508314,-0.0287518383503879,0.00528186036107277,0.5450479275322,-0.000161913068050176,-5.00665141076302e-06,-2.09477424002118e-05
0.999858691818028,0.0168068714727686,0.000354213549614959,-0.0168068252451665,0.999858746480777,-0.000133082937116187,-0.000356400223523849,0.000127110926180443,0.999999928410844,-0.0287526494516874,0.0052818360328682,0.545047822549815,-0.000162195740026525,-4.72011566876998e-06,-2.09951830020588e-05
0.99985869120823,0.0168069018163143,0.000354494997159945,-0.0168068555594476,0.999858745973646,-0.000133064690856639,-0.000356681328508719,0.000127087941432133,0.99999992831354,-0.0287534569581218,0.00528181320553572,0.545047718085954,-0.00016047943008673,-4.40723268701608e-06,-2.07409822147931e-05
0.999858690588573,0.0168069328477497,0.000354771412599365,-0.0168068865616964,0.999858745454736,-0.000133048049675523,-0.000356957429161226,0.000127066645847041,0.999999928217728,-0.0287542509600619,0.00528179199655273,0.545047615635961,-0.000156802170099012,-4.07373535452399e-06,-2.01908765371785e-05
0.999858689961794,0.0168069644810337,0.000355039178439467,-0.0168069181663625,0.999858744925498,-0.000133032922478592,-0.000357224906956771,0.000127047009173349,0.999999928124709,-0.028755021796798,0.00528177249437345,0.545047516657632,-0.000151225362845664,-3.72548310011909e-06,-1.93541295626223e-05
0.99985868933078,0.0168069966184242,0.000355294813435726,-0.0168069502761862,0.999858744387581,-0.00013301919158991,-0.000357480279152502,0.000127028972296126,0.999999928035743,-0.0287557601711474,0.0052817547580519,0.545047422553913,-0.000143832838538055,-3.36835991184971e-06,-1.8243390067145e-05
0.999858688698526,0.0168070291520972,0.000355535013487703,-0.0168069827838121,0.999858743842809,-0.000133006715077905,-0.000357720239715689,0.000127012448875162,0.999999927952032,-0.028756457258681,0.00528173881736852,0.545047334656413,-0.000134729648413851,-3.00817522385322e-06,-1.6874510353648e-05
0.999858688068094,0.0168070619659497,0.000355756690040125,-0.0168070155735866,0.999858743293147,-0.000132995329506862,-0.000357941697765853,0.000126997327450003,0.999999927874707,-0.0287571048102946,0.00528172467344153,0.545047254209925,-0.00012404061226375,-2.6505693225272e-06,-1.52663273600426e-05
0.999858687442566,0.0168070949375553,0.000355957005547593,-0.0168070485235069,0.999858742740672,-0.000132984853059778,-0.000358141813087183,0.000126983473965572,0.999999927804817,-0.0287576952469435,0.00528171229979688,0.545047182358112,-0.000111908639560047,-2.30092480009809e-06,-1.34404094904471e-05
0.999858686824992,0.016807127940236,0.000356133405599575,-0.0168070815072884,0.999858742187532,-0.000132975088972121,-0.000358318028306972,0.000126970734664721,0.999999927743309,-0.0287582217454629,0.00528170164386283,0.545047120130558,-9.84928464281354e-05,-1.96428543283785e-06,-1.14207725098592e-05
0.999858686218351,0.0168071608452153,0.000356283647346284,-0.0168071143965128,0.999858741635913,-0.00013296582921116,-0.000358468097379578,0.000126958939288448,0.999999927691023,-0.028758678314513,0.00528169262884903,0.545047068431293,-8.39664929773738e-05,-1.64528368852213e-06,-9.23356820458046e-06
0.999858685625495,0.0168071935238137,0.000356405823913633,-0.0168071470628185,0.999858741088002,-0.000132956858331463,-0.000358590110063012,0.00012694790451963,0.999999927648679,-0.0287590598598168,0.00528168515596437,0.545047028028941,-6.85147674669161e-05,-1.34807788173171e-06,-6.90674980120396e-06
0.999858685049113,0.016807225849648,0.000356498384546873,-0.016807179380097,0.999858740545946,-0.000132947957434718,-0.000358682512126556,0.000126937437602848,0.999999927616869,-0.0287593622379945,0.00528167910692315,0.545046999548592,-5.23324454032215e-05,-1.07629978962907e-06,-4.46971839840357e-06
0.999858684491683,0.0168072577007961,0.000356560150276234,-0.0168072112266528,0.999858740011822,-0.000132938908160852,-0.000358744121081544,0.00012692734007077,0.99999992759605,-0.0287595822984415,0.00528167434668572,0.545046983465477,-3.562145294009e-05,-8.33013332109258e-07,-1.9529548546264e-06
0.999858683955434,0.0168072889618881,0.000356590324953843,-0.0168072424872932,0.999858739487595,-0.000132929496637293,-0.000358774137283362,0.0001269174115065,0.999999927586542,-0.0287597179128467,0.00528167072637721,0.545046980100512,-1.85883648490408e-05,-6.2068470137493e-07,6.12358272159627e-07
0.99985868344231,0.0168073195260884,0.000356588501568527,-0.0168072730553069,0.999858738975085,-0.000132919517314997,-0.000358772150310089,0.000126907453272115,0.999999927588519,-0.0287597679921026,0.00528166808632661,0.545046989617744,-1.44186786381024e-06,-4.41164105618977e-07,3.19472006462133e-06
0.999858682953938,0.0168073492969331,0.000356554663802934,-0.0168073028343007,0.999858738475938,-0.000132908776622562,-0.000358738140581037,0.000126897272135336,0.999999927602012,-0.0287597324905089,0.00528166625916819,0.545047012023721,1.56097796487697e-05,-2.95679077418327e-07,5.76269515901537e-06
0.999858682491601,0.0168073781899918,0.000356489182855237,-0.0168073317398597,0.999858737991596,-0.000132897096373571,-0.000358672476236395,0.000126886683729118,0.999999927626909,-0.0287596123973301,0.00528166507294787,0.545047047168775,3.23612609575333e-05,-1.84839086552512e-07,8.28529357056751e-06
0.99985868205622,0.016807406134323,0.000356392809604715,-0.0168073597010034,0.999858737523276,-0.000132884316867515,-0.000358575905356218,0.000126875515783217,0.999999927662959,-0.0287594097159178,0.00528166435417925,0.545047094750177,4.86126570359233e-05,-1.08650997777506e-07,1.0732341847553e-05
0.999858681648331,0.0168074330737008,0.000356266662256212,-0.0168073866614123,0.999858737071941,-0.0001328702996309,-0.000358449543652861,0.000126863611072059,0.999999927709772,-0.0287591274307562,0.00528166393079662,0.545047154317122,6.41718162405973e-05,-6.65447272271266e-08,1.30748411210931e-05
0.999858681268082,0.0168074589675892,0.000356112209651831,-0.0168074125804038,0.999858736638291,-0.000132854929752154,-0.000358294857824401,0.000126850830029415,0.999999927766828,-0.0287587694629339,0.00528166363495568,0.545047225277464,7.88566097037913e-05,-5.74082838439217e-08,1.52853078160802e-05
0.999858680915224,0.0168074837918493,0.000355931250489095,-0.0168074374336409,0.999858736222747,-0.000132838117771631,-0.000358113644807595,0.000126837052987131,0.999999927833487,-0.0287583406146801,0.00528166330563773,0.545047306906098,9.24970461675227e-05,-7.96312329890007e-08,1.73380930407425e-05
0.999858680589119,0.0168075075391662,0.000355725888732149,-0.0168074612135627,0.999858735825444,-0.000132819801096523,-0.00035790800721639,0.000126822182002953,0.999999927908994,-0.0287578465037288,0.00528166279101769,0.545047398354882,0.000104937221908059,-1.31155490808915e-07,1.92096769574552e-05
0.999858680288742,0.0168075302191908,0.000355498505546114,-0.0168074839295283,0.99985873544623,-0.000132799944919749,-0.000357680325295708,0.00012680614225094,0.999999927992491,-0.0287572934883924,0.00528166195056228,0.545047498663959,0.000116037083603947,-2.09532253712318e-07,2.08789347891461e-05
0.9998586800127,0.0168075518583917,0.000355251728123937,-0.0168075056076737,0.999858735084665,-0.00013277854263068,-0.000357433225759588,0.000126788882956143,0.999999928083032,-0.0287566885843307,0.00528166065683088,0.545047606774331,0.000125673984452304,-3.11983791793208e-07,2.23273714855021e-05
0.999858679759249,0.0168075724996238,0.000354988395809395,-0.0168075262904839,0.999858734740034,-0.000132755615714965,-0.000357169547917238,0.000126770377864008,0.99999992817959,-0.0287560393740918,0.00528165879695799,0.545047721541529,0.000133744016505182,-4.35468779941573e-07,2.35393224776684e-05
0.999858679526325,0.0168075922014187,0.000354711523949105,-0.0168075460360889,0.999858734411352,-0.000132731213150214,-0.000356892307519902,0.000126750625243994,0.999999928281078,-0.0287553539105812,0.00528165627380308,0.545047841750183,0.000140163105046457,-5.76749814001306e-07,2.45021183984427e-05
0.999858679311565,0.0168076110370125,0.000354424265930046,-0.0168075649172959,0.999858734097385,-0.000132705410313182,-0.000356604658785261,0.000126729647435353,0.999999928386354,-0.0287546406156779,0.00528165300676015,0.545047966129344,0.000144867853832166,-7.32461761903204e-07,2.52062120959444e-05
0.999858679112354,0.0168076290931258,0.000354129873877133,-0.0168075830203762,0.99985873379667,-0.000132678307422736,-0.00035630985507423,0.000126707489951374,0.999999928494247,-0.0287539081752646,0.00528164893222624,0.545048093368319,0.000147816133120492,-8.99179623470525e-07,2.56452667409016e-05
0.999858678925851,0.0168076464685205,0.00035383165849746,-0.0168076004436266,0.999858733507538,-0.000132650027551166,-0.000356011208707261,0.000126684220166456,0.999999928603562,-0.0287531654319718,0.00528164400373458,0.54504822213287,0.000148987405597454,-1.07348462289075e-06,2.58162043178521e-05
0.999858678749041,0.0168076632723561,0.000353532948563852,-0.0168076172957329,0.999858733228143,-0.000132620714243835,-0.000355712050413413,0.000126659925617702,0.999999928713098,-0.0287524212769514,0.00528163819176418,0.545048351081541,0.000148382788513864,-1.25202733195201e-06,2.5719214277188e-05
0.999858678578777,0.0168076796223767,0.000353237050530507,-0.0168076336939619,0.999858732956492,-0.000132590528793718,-0.000355415688905647,0.000126634711959296,0.999999928821667,-0.0287516845419968,0.00528163148324359,0.545048478881934,0.000146024853551848,-1.43158671683794e-06,2.535772260105e-05
0.999858678411825,0.0168076956429579,0.000352947208767589,-0.0168076497622155,0.999858732690479,-0.000132559647223225,-0.00035512537107007,0.000126608700613835,0.999999928928102,-0.0287509638933101,0.00528162388077171,0.545048604226737,0.000141957169097806,-1.60912411198312e-06,2.47383220283106e-05
0.999858678244915,0.0168077114630496,0.000352666566890037,-0.0168076656289791,0.99985873242792,-0.000132528257030451,-0.000354844243245247,0.000126582026169762,0.999999929031275,-0.0287502677281866,0.00528161540158324,0.545048725849301,0.000136243592669358,-1.78183125672586e-06,2.38706646288629e-05
0.999858678074785,0.0168077272140491,0.000352398130638303,-0.0168076814252005,0.999858732166586,-0.000132496553760695,-0.0003545753140503,0.000126554833578028,0.999999929130108,-0.0287496040758398,0.00528160607629036,0.545048842538591,0.000128967324200228,-1.94717166949191e-06,2.27673183785532e-05
0.999858677898234,0.0168077430276406,0.000352144732746211,-0.0168076972821353,0.999858731904245,-0.000132464737466353,-0.000354321419197944,0.000126527275203748,0.999999929223588,-0.0287489805035304,0.00528159594743538,0.545048953153342,0.000120229733685296,-2.10291479195149e-06,2.14435897885714e-05
0.999858677712167,0.0168077590336383,0.000351909000203236,-0.0168077133291955,0.999858731638696,-0.000132433009119812,-0.000354085188700835,0.000126499507790599,0.999999929310775,-0.0287484040290875,0.00528158506789164,0.545049056635236,0.000110148979298334,-2.24716248959342e-06,1.99173150435807e-05
0.99985867751364,0.0168077753578704,0.000351693324286066,-0.0168077296918382,0.999858731367802,-0.00013240156704426,-0.000353869016847101,0.000126471689396584,0.999999929390813,-0.0287478810408256,0.00528157349915163,0.545049152020968,9.88584344905225e-05,-2.3783676629677e-06,1.82086224544219e-05
0.999858677299904,0.0168077921201379,0.00035149983369757,-0.0168077464895291,0.999858731089531,-0.00013237060342604,-0.000353675035284236,0.00012644397635905,0.999999929462943,-0.0287474172257607,0.00528156130954187,0.545049238453066,8.6504944728338e-05,-2.49534488715466e-06,1.63396693476264e-05
0.999858677068444,0.0168078094322838,0.000351330371110833,-0.0168077638338157,0.999858730801983,-0.000132340300970156,-0.000353505089509985,0.000126416520345582,0.999999929526505,-0.0287470175069215,0.0052815485724045,0.545049315189319,7.32469364098879e-05,-2.59727315716032e-06,1.43343567959566e-05
0.999858676817016,0.0168078273964036,0.000351186473372231,-0.0168077818265416,0.999858730503423,-0.000132310829757364,-0.00035336071902517,0.000126389465544886,0.99999992958095,-0.0287466859904362,0.00528153536428436,0.545049381610755,5.92524020946274e-05,-2.68369097450272e-06,1.22180258253578e-05
0.999858676543679,0.0168078461032272,0.000351069355571105,-0.0168078005582311,0.999858730192309,-0.000132282344356897,-0.000353243141356882,0.000126362946048236,0.999999929625842,-0.0287464259229486,0.00528152176315901,0.545049437228041,4.46967874659309e-05,-2.75448415689454e-06,1.00171389237401e-05
0.999858676246824,0.016807865630698,0.00035097989913506,-0.0168078201066704,0.999858729867316,-0.000132254981243762,-0.000353153240111875,0.000126337083467716,0.999999929660863,-0.0287462396597912,0.0052815078467469,0.545049481686278,2.97608064183011e-05,-2.8098668878437e-06,7.75895081671602e-06
0.999858675925192,0.0168078860427719,0.000350918644059939,-0.0168078405357087,0.999858729527355,-0.000132228856563655,-0.000353091557169921,0.000126311984832472,0.999999929685815,-0.0287461286442055,0.00528149369092578,0.545049514768119,1.46282113005599e-05,-2.85035664642364e-06,5.4711725630685e-06
0.999858675577898,0.0168079073884547,0.000350885785332578,-0.0168078618942961,0.999858729171591,-0.000132204064281523,-0.000353058289075828,0.000126287740797997,0.999999929700623,-0.0287460933977659,0.00528147936829034,0.545049536395205,-5.16454343009789e-07,-2.87674376374263e-06,3.18163308230543e-06
0.999858675204434,0.0168079297010926,0.000350881173553339,-0.0168078842157755,0.999858728799453,-0.000132180674742821,-0.000353053287637623,0.000126264424197405,0.999999929705333,-0.0287461335220277,0.00528146494687368,0.545049546627915,-1.54900932151363e-05,-2.89005644038351e-06,9.17942196025947e-07
0.999858674804683,0.0168079529979266,0.000350904319714697,-0.016807907517435,0.999858728410646,-0.000132158733668622,-0.000353076064687508,0.000126242088956541,0.999999929700111,-0.0287462477112801,0.00528145048905321,0.545049545663435,-3.01132549283013e-05,-2.89152212979237e-06,-1.29284076747298e-06
0.999858674378917,0.0168079772799145,0.000350954404042165,-0.0168079318003307,0.99985872800515,-0.000132138261597782,-0.000353125800912147,0.000126220769387726,0.999999929685241,-0.0287464337761561,0.00528143605065673,0.545049533832195,-4.42122736017345e-05,-2.88252624247685e-06,-3.42452886760822e-06
0.999858673927784,0.0168080025318235,0.000351030288755692,-0.0168079570493765,0.999858727583217,-0.000132119253781214,-0.000353201358610493,0.000126200479869577,0.999999929661117,-0.0287466886777199,0.00528142168027961,0.545049511592734,-5.76213170943111e-05,-2.86456915404763e-06,-5.45211615848757e-06
0.999858673452308,0.0168080287225883,0.000351130534563547,-0.0168079832337004,0.999858727145371,-0.000132101680525202,-0.000353301298191151,0.000126181214912965,0.999999929628244,-0.0287470085715288,0.00528140741881913,0.545049479525055,-7.01843238624962e-05,-2.83922251000166e-06,-7.35206940473129e-06
0.999858672953863,0.0168080558059272,0.000351253420657146,-0.0168080103072578,0.999858726692394,-0.000132085487972578,-0.000353423898177598,0.00012616294960586,0.999999929587227,-0.0287473888610509,0.00528139329922698,0.545049438322571,-8.17568049978552e-05,-2.80808580778638e-06,-9.10259954689364e-06
0.999858672434156,0.0168080837212032,0.000351396967935077,-0.0168080382096893,0.99985872622531,-0.000132070599302926,-0.000353567178449195,0.000126145640422785,0.999999929538762,-0.0287478242597135,0.00528137934647619,0.545049388782762,-9.22074908245904e-05,-2.77274420549832e-06,-1.06839098065012e-05
0.999858671895197,0.0168081123945147,0.000351558965147799,-0.0168080668674073,0.999858725745368,-0.000132056916325724,-0.000353728926409115,0.000126129226377973,0.99999992948363,-0.0287483088607555,0.00528136557773403,0.545049331796638,-0.000101419803491292,-2.73472845535638e-06,-1.2078417655024e-05
0.999858671339272,0.0168081417399936,0.000351736997622005,-0.0168080961948904,0.999858725254024,-0.000132044321433629,-0.000353906725737633,0.000126113630495191,0.999999929422689,-0.0287488362139742,0.00528135200272819,0.545049268337176,-0.000109293139258699,-2.69547779338447e-06,-1.32709481820425e-05
0.9998586707689,0.01680817166129,0.000351928478195285,-0.0168081260961627,0.999858724752906,-0.00013203267987695,-0.00035409798736084,0.000126098761561486,0.999999929356856,-0.0287493994083778,0.00528133862428959,0.545049199446866,-0.000115743946624063,-2.65630653258225e-06,-1.42488967781481e-05
0.999858670186804,0.016808202053214,0.000352130679968297,-0.016808156466431,0.999858724243797,-0.00013202184231521,-0.000354299982241274,0.000126084516127359,0.999999929287107,-0.0287499911596938,0.0052813254390515,0.545049126224513,-0.000120706589012787,-2.61837501003397e-06,-1.50023594217303e-05
0.999858669595861,0.0168082328035083,0.000352340770462998,-0.0168081871938523,0.999858723728598,-0.000132011647597156,-0.000354509875578272,0.000126070780711681,0.999999929214451,-0.0287506039016348,0.00528131243828192,0.545049049811483,-0.000124133983469636,-2.58266542934946e-06,-1.55242292699164e-05
0.999858668999065,0.0168082637947186,0.000352555846762075,-0.0168082181613984,0.999858723209299,-0.000132001925717,-0.000354724761992364,0.000126057434166259,0.999999929139931,-0.028751229879784,0.00528129960882365,0.545048971377547,-0.000125998009564199,-2.54996302337664e-06,-1.58102586631136e-05
0.999858668399479,0.0168082949061322,0.000352772971196496,-0.0168082492487892,0.999858722687946,-0.000131992500892444,-0.000354941701259758,0.000126044350152929,0.999999929064603,-0.0287518612469447,0.00528128693411455,0.545048892106503,-0.000126289685551778,-2.5208428343459e-06,-1.5859086078898e-05
0.999858667800189,0.0168083260157488,0.000352989207145243,-0.0168082803344578,0.999858722166604,-0.000131983194708366,-0.000355157754160103,0.000126031399684384,0.999999928989525,-0.0287524901587874,0.00528127439525943,0.54504881318175,-0.000125019111672368,-2.49566228384375e-06,-1.56722279987693e-05
0.999858667204259,0.0168083570022532,0.000353201654513614,-0.0168083112975173,0.999858721647331,-0.000131973829269388,-0.000355370018003018,0.000126018453679269,0.999999928915748,-0.0287531088686371,0.0052812619721246,0.545048735771994,-0.000122215183285078,-2.47455957328524e-06,-1.525403606983e-05
0.999858666614686,0.0168083877469551,0.000353407484464166,-0.0168083420196961,0.999858721132136,-0.000131964230305315,-0.000355575661406567,0.000126005385482711,0.999999928844293,-0.0287537098202607,0.0052812496444259,0.545048661017244,-0.000117925079295377,-2.45745782819526e-06,-1.46116203665646e-05
0.999858666034359,0.0168084181356656,0.000353603972987009,-0.0168083723872077,0.999858720622956,-0.000131954230174739,-0.000355771957913532,0.000125992073304543,0.999999928776153,-0.0287542857375517,0.00528123739278216,0.54504859001529,-0.000112213534000694,-2.44407477454422e-06,-1.37547399533976e-05
0.999858665466011,0.0168084480604786,0.000353788532913773,-0.0168084022925283,0.999858720121618,-0.000131943670714955,-0.000355956318048991,0.000125978402530044,0.999999928712268,-0.0287548297100549,0.00528122519970703,0.545048523808787,-0.000105161903029347,-2.4339376168869e-06,-1.26956623377941e-05
0.999858664912187,0.0168084774214296,0.00035395874400176,-0.0168084316360499,0.999858719629817,-0.000131932405889464,-0.000356126319444925,0.000125964267860756,0.999999928653521,-0.0287553352733318,0.00528121305051436,0.545048463373132,-9.68670364414403e-05,-2.42640268043714e-06,-1.14489937751606e-05
0.999858664375204,0.0168085061280057,0.000354112380741324,-0.0168084603275866,0.999858719149085,-0.000131920304188569,-0.000356279734684215,0.000125949575246756,0.999999928600725,-0.0287557964832417,0.00528120093411452,0.545048409605248,-8.74399742832025e-05,-2.42067927880764e-06,-1.0031482711565e-05
0.99985866385712,0.0168085341004827,0.00035424743757002,-0.0168084882877074,0.999858718680774,-0.000131907250743607,-0.000356414556546932,0.000125934243576223,0.999999928554613,-0.0287562079832921,0.00528118884368218,0.545048363313419,-7.70044818949196e-05,-2.41585718504618e-06,-8.46179896781105e-06
0.999858663359708,0.016808561271071,0.000354362151211167,-0.0168085154488785,0.999858718226031,-0.000131893149120922,-0.00035652902037605,0.000125918206093217,0.999999928515829,-0.0287565650643049,0.00528117677717905,0.545048325208274,-6.56954440623438e-05,-2.41093701105676e-06,-6.76029154250173e-06
0.999858662884431,0.0168085875848516,0.00035445501989163,-0.0168085417563969,0.999858717785787,-0.00013187792276795,-0.000356621623316934,0.000125901411520126,0.999999928484924,-0.0287568637157428,0.00528116473771914,0.545048295895042,-5.36571386430395e-05,-2.40486274406542e-06,-4.94872814320499e-06
0.999858662432422,0.0168086130004911,0.000354524819233457,-0.016808567169102,0.999858717360739,-0.000131861516090271,-0.000356691140224931,0.00012588382486713,0.999999928462344,-0.0287571006681478,0.00528115273376746,0.545048275867139,-4.10414115759197e-05,-2.39655565081758e-06,-3.05001975352608e-06
0.999858662004478,0.0168086374907255,0.000354570614655949,-0.016808591659859,0.99985871695135,-0.000131843895145319,-0.000356736636077411,0.00012586542791712,0.999999928448431,-0.028757273426257,0.00528114077916759,0.545048265501165,-2.80057761856888e-05,-2.38494873612059e-06,-1.08793370374902e-06
0.999858661601044,0.0168086610426095,0.000354591770168393,-0.0168086152158054,0.999858716557836,-0.000131825047945528,-0.000356757474770383,0.000125846219380858,0.999999928443414,-0.0287573802924738,0.00528112889299716,0.545048265053355,-1.47114604096248e-05,-2.36902093792419e-06,9.13201178433987e-07
0.999858661222217,0.016808683657528,0.000354587953478327,-0.0168086378383632,0.999858716180174,-0.000131804984370729,-0.000356753324224568,0.000125826214723469,0.999999928447412,-0.0287574203804952,0.00528111709925484,0.545048274657523,-1.32142600100391e-06,-2.34783025369862e-06,2.92879369626698e-06
0.999858660867746,0.0168087053509752,0.00035455913738535,-0.0168086595430173,0.999858715818097,-0.000131783735696608,-0.000356724157771063,0.000125805445669584,0.99999992846043,-0.0287573936190166,0.00528110542638586,0.545048294324494,1.20016161082756e-05,-2.32054502082193e-06,4.93429002555765e-06
0.999858660537041,0.0168087261521072,0.000354505597475712,-0.0168086803588691,0.999858715471111,-0.000131761353752803,-0.000356670251832046,0.000125783959400426,0.999999928482361,-0.0287573007455527,0.0052810939066574,0.545048323943041,2.50971702639678e-05,-2.28647261960067e-06,6.90547042520611e-06
0.999858660229185,0.0168087461030784,0.000354427906177419,-0.0168087003279737,0.999858715138498,-0.000131737909730564,-0.000356592179956594,0.000125761817461788,0.999999928512989,-0.0287571432905369,0.00528108257539822,0.545048363282279,3.78088767952469e-05,-2.24508492800474e-06,8.8187393482446e-06
0.999858659942972,0.0168087652575831,0.000354326910482724,-0.0168087195038846,0.999858714819346,-0.000131713495234988,-0.000356490790563827,0.000125739097191078,0.999999928551995,-0.0287569235327006,0.0052810714704525,0.545048411998334,4.99922771491406e-05,-2.1959353128707e-06,1.06522693193823e-05
0.9998586596769,0.0168087836807008,0.00035420373864808,-0.0168087379515003,0.999858714512551,-0.000131688214061402,-0.000356367213503665,0.000125715883382301,0.99999992859896,-0.0287566444884648,0.00528106063074908,0.545048469635933,6.15001825594453e-05,-2.13898299468335e-06,1.23838483165621e-05
0.999858659429184,0.0168088014484333,0.000354059801187087,-0.0168087557466031,0.999858714216824,-0.000131662180142856,-0.000356222861015075,0.000125692266217315,0.999999928653361,-0.0287563099014367,0.00528105009485868,0.545048535630157,7.2190498336018e-05,-2.07441429519034e-06,1.39920708922031e-05
0.999858659197837,0.0168088186441783,0.000353896721658176,-0.0168087729723372,0.999858713930749,-0.000131635526780107,-0.00035605935867823,0.000125668351659153,0.999999928714597,-0.0287559241136211,0.00528103990084667,0.545048609325859,8.19582779119243e-05,-2.00233005834294e-06,1.54610904103513e-05
0.999858658980681,0.0168088353583865,0.000353716340568347,-0.0168087897188701,0.999858713652793,-0.000131608395752627,-0.000355878549134628,0.000125644250499079,0.999999928781988,-0.0287554920471237,0.00528103008475877,0.545048689980388,9.06845617364339e-05,-1.9233516564196e-06,1.67729769990436e-05
0.999858658775361,0.0168088516874408,0.000353520701075847,-0.0168088060822746,0.999858713381319,-0.000131580933192801,-0.000355682477722291,0.000125620074472111,0.999999928854784,-0.0287550191570159,0.00528102067929424,0.54504877677075,9.82726820163634e-05,-1.8382247306961e-06,1.79131558569108e-05
0.999858658579403,0.0168088677316175,0.000353312013246997,-0.0168088221624947,0.999858713114629,-0.000131553289119777,-0.000355473356729554,0.000125595936392467,0.999999928932174,-0.0287545113456606,0.00528101171288194,0.545048868806512,0.000104640551719139,-1.74790985503597e-06,1.88692511474778e-05
0.999858658390223,0.0168088835942557,0.000353092647993342,-0.0168088380625176,0.999858712850972,-0.000131525612895267,-0.000355253559256584,0.000125571945712228,0.999999929013295,-0.0287539749312617,0.00528100320816724,0.54504896513462,0.000109708137681449,-1.65371575283544e-06,1.96292256848994e-05
0.999858658205228,0.0168088993779081,0.000352865050211708,-0.0168088538845337,0.999858712588608,-0.000131498058567293,-0.00035502553245704,0.000125548215325719,0.999999929097256,-0.0287534164603798,0.00528099518218796,0.545049064767572,0.000113451993955039,-1.5566960909294e-06,2.01895063201367e-05
0.999858658021796,0.01680891518482,0.000352631766262685,-0.0168088697304164,0.999858712325808,-0.00013147077186153,-0.000354791824794086,0.000125524848100643,0.999999929183134,-0.0287528427336423,0.00528098764437346,0.545049166679515,0.000115810530966831,-1.45866277305596e-06,2.05408256638941e-05
0.999858657837356,0.0168089311137231,0.000352395367047616,-0.0168088856985242,0.999858712060898,-0.000131443895048121,-0.00035455500920964,0.000125501943038336,0.999999929270002,-0.0287522606342836,0.00528098059689625,0.545049269832039,0.000116795325319365,-1.36089425790492e-06,2.06848728534386e-05
0.999858657649407,0.0168089472590917,0.000352158440158711,-0.0168089018829601,0.999858711792279,-0.000131417559305668,-0.000354317675147155,0.000125479587771042,0.999999929356927,-0.0287516770848696,0.00528097403360327,0.545049373180616,0.000116391969504301,-1.2652860764924e-06,2.06194564886921e-05
0.999858657455537,0.0168089637101914,0.000351923572541515,-0.0168089183726239,0.99985871151844,-0.000131391882692546,-0.000354082411182318,0.000125457856825272,0.999999929442984,-0.0287510989914853,0.00528096793922667,0.545049475683108,0.000114617126469661,-1.17363343093459e-06,2.0347072740569e-05
0.999858657253471,0.0168089805492834,0.000351693305798038,-0.016808935249421,0.999858711237993,-0.000131366971275188,-0.000353851760351239,0.000125436813501851,0.999999929527267,-0.0287505331356437,0.0052809622894254,0.545049576316124,0.000111503887109929,-1.08776357109206e-06,1.98727139399879e-05
0.999858657041099,0.0168089978504414,0.000351470105002216,-0.016808952587084,0.999858710949684,-0.000131342917807606,-0.000353628188947964,0.000125416509080212,0.999999929608899,-0.0287499860934166,0.00528095705072743,0.545049674087312,0.000107101230165254,-1.00949472209866e-06,1.92037859901559e-05
0.999858656816507,0.0168090156785379,0.000351256328791427,-0.0168089704501631,0.999858710652418,-0.000131319799876992,-0.000353414056588933,0.000125396981467334,0.999999929687048,-0.0287494641577326,0.00528095218067663,0.545049768047151,0.000101473296998785,-9.40595641786055e-07,1.83499935577717e-05
0.999858656578,0.0168090340884049,0.000351054201268724,-0.0168089888931913,0.999858710345271,-0.0001312976780968,-0.000353211588088693,0.000125378253863643,0.999999929760931,-0.0287489732647448,0.00528094762817749,0.545049857300095,9.46984906293221e-05,-8.82747007589766e-07,1.73231964535834e-05
0.999858656324117,0.0168090531241716,0.000350865786119568,-0.0168090079600253,0.9998587100275,-0.000131276594845804,-0.00035302284755902,0.000125360333937546,0.999999929829825,-0.0287485189251196,0.00528094333402803,0.545049941014941,8.68684102490351e-05,-8.37504710859584e-07,1.61372411268079e-05
0.999858656053654,0.0168090728187836,0.000350692963210518,-0.0168090276833682,0.999858709698551,-0.000131256573738854,-0.00035284971500195,0.00012534321368977,0.999999929893076,-0.0287481061610372,0.00528093923163197,0.545050018434295,7.80866344936918e-05,-8.06264825079701e-07,1.48077711863836e-05
0.999858655765669,0.0168090931937094,0.000350537407825017,-0.0168090480844781,0.999858709358068,-0.000131237619724983,-0.000352693865550122,0.000125326869900569,0.999999929950104,-0.0287477394496227,0.00528093524788183,0.545050088883045,6.84673688394829e-05,-7.90230354293874e-07,1.33520204213058e-05
0.999858655459496,0.016809114258839,0.000350400572621152,-0.0168090691730689,0.999858709005888,-0.000131219719584497,-0.000352556751435417,0.000125311264930055,0.99999993000041,-0.0287474226734433,0.00528093130420253,0.545050151775768,5.81339744914673e-05,-7.90380406904929e-07,1.17885911970118e-05
0.999858655134743,0.0168091360126905,0.000350283672286404,-0.016809090947519,0.999858708642042,-0.000131202841888382,-0.00035243958664523,0.00012529634693548,0.999999930043579,-0.0287471590749083,0.00528092731772786,0.545050206623553,4.72223449941682e-05,-8.07460392469632e-07,1.01379725148909e-05
0.999858654791284,0.0168091584429425,0.000350187669687661,-0.0168091133954048,0.999858708266747,-0.000131186937338089,-0.000352343333080207,0.000125282050443598,0.999999930079289,-0.0287469512127741,0.00528092320256098,0.545050253040597,3.58593642516435e-05,-8.41896891050301e-07,8.41929875786957e-06
0.999858654429289,0.0168091815252961,0.000350113268034825,-0.0168091364923609,0.999858707880419,-0.000131171948866757,-0.000352268692888619,0.000125268306582599,0.999999930107307,-0.028746800988655,0.00528091887140116,0.545050290740101,2.41911293452769e-05,-8.93857920863661e-07,6.65456884470177e-06
0.99985865404917,0.016809205226411,0.000350060908066643,-0.0168091602050209,0.99985870748363,-0.00013115779659195,-0.000352216105400017,0.000125255028083275,0.999999930127494,-0.0287467095690408,0.00528091423683041,0.545050319545989,1.23620621954463e-05,-9.63217714587546e-07,4.86554913047912e-06
0.999858653651589,0.0168092295033307,0.000350030765100224,-0.0168091844904406,0.999858707077114,-0.000131144385606496,-0.000352185744306055,0.000125242117118577,0.999999930139805,-0.0287466773993557,0.00528090921176698,0.545050339390961,5.15062842967452e-07,-1.04984032876859e-06,3.07380364405493e-06
0.999858653237468,0.0168092543036211,0.000350022732111373,-0.0168092092962347,0.999858706661763,-0.000131131618177917,-0.000352177500948292,0.000125229477785722,0.99999993014429,-0.0287467042047953,0.00528090371284066,0.545050350316311,-1.12045253453544e-05,-1.15260870471501e-06,1.30123702780967e-06
0.999858652807931,0.0168092795681973,0.00035003643743335,-0.0168092345634042,0.999858706238587,-0.000131119385643996,-0.000352191001878573,0.000125217007704454,0.999999930141097,-0.0287467889955695,0.00528089766191405,0.54505035247111,-2.26562065778586e-05,-1.27043639920923e-06,-4.30969657987703e-07
0.999858652364296,0.0168093052317184,0.000350071250877329,-0.0168092602267287,0.999858705808693,-0.000131107571396984,-0.000352225615028837,0.000125204600897851,0.99999993013046,-0.0287469300898578,0.00528089098702476,0.545050346108765,-3.37039358723871e-05,-1.4019425326566e-06,-2.10230339159456e-06
0.999858651908052,0.0168093312237837,0.000350126293745518,-0.0168092862159613,0.999858705373282,-0.00013109605362673,-0.000352280459769082,0.000125192150366386,0.999999930112699,-0.0287471251401142,0.00528088362381363,0.545050331583078,-4.42177268437131e-05,-1.54547002780674e-06,-3.69315843477555e-06
0.999858651440834,0.0168093574701805,0.000350200451550279,-0.0168093124570732,0.999858704933612,-0.000131084708229831,-0.000352354419673738,0.000125179550782478,0.999999930088219,-0.0287473711672018,0.0052808755168521,0.545050309343133,-5.40751719670658e-05,-1.69910768712535e-06,-5.18506374836216e-06
0.999858650964395,0.0168093838941686,0.000350292389314215,-0.0168093388735355,0.999858704490988,-0.000131073411431878,-0.00035244615786384,0.000125166700854776,0.999999930057499,-0.0287476646018701,0.00528086662084873,0.545050279927085,-6.31628572967738e-05,-1.8607166229722e-06,-6.56089637414696e-06
0.999858650480581,0.0168094104177783,0.000350400569326448,-0.0168093653876146,0.99985870404673,-0.00013106204198326,-0.000352554134797867,0.000125153505224775,0.999999930021089,-0.0287480013330089,0.00528085690171142,0.545050243954917,-7.1377655326606e-05,-2.02796156049591e-06,-7.80507827862159e-06
0.999858649991297,0.0168094369631008,0.000350523271205347,-0.0168093919216586,0.999858703602161,-0.000131050483035231,-0.000352676628363332,0.000125139876004961,0.999999929979601,-0.0287483767620306,0.00528084633744089,0.545050202120265,-7.86278815610824e-05,-2.19834698975768e-06,-8.90375397777735e-06
0.999858649498488,0.0168094634535426,0.000350658614071695,-0.0168094183993492,0.999858703158579,-0.000131038623878208,-0.000352811756076192,0.000125125734143738,0.999999929933705,-0.0287487858626688,0.00528083491883249,0.545050155181409,-8.48343023258764e-05,-2.36925750872465e-06,-9.8449462799604e-06
0.999858649004101,0.016809489815024,0.000350804580579573,-0.0168094447468961,0.999858702717236,-0.000131026361655976,-0.000352957499137312,0.000125111010735057,0.999999929884117,-0.0287492232454208,0.00528082264996807,0.545050103951535,-8.99309833240743e-05,-2.53800130716229e-06,-1.06186877156531e-05
0.999858648510061,0.0168095159771006,0.000350959042496631,-0.0168094708941547,0.999858702279324,-0.000131013603050358,-0.000353111728037569,0.000125095648272477,0.999999929831591,-0.0287496832258178,0.0052808095484848,0.545050049288422,-9.38659704136494e-05,-2.70185567553973e-06,-1.12171256716712e-05
0.999858648018249,0.0168095418739928,0.000351119787481573,-0.0168094967756517,0.999858701845956,-0.000131000265846291,-0.000353272229358001,0.000125079601763565,0.99999992977691,-0.0287501598956646,0.00528079564561358,0.545049992083652,-9.66017960530076e-05,-2.85811356477242e-06,-1.16345998396463e-05
0.999858647530471,0.0168095674455097,0.000351284546680776,-0.0168095223315052,0.999858701418146,-0.000130986280270484,-0.000353436733385145,0.00012506283960415,0.999999929720879,-0.0287506471963656,0.00528078098598365,0.545049933251524,-9.81158068591571e-05,-3.00413039963827e-06,-1.18676912289935e-05
0.999858647048436,0.0168095926378548,0.000351451022759451,-0.0168095475082264,0.999858700996802,-0.000130971590033156,-0.000353602942155852,0.000125045344148444,0.999999929664308,-0.0287511389934366,0.00528076562719395,0.545049873717779,-9.84003097734778e-05,-3.1373704422501e-06,-1.19152426384761e-05
0.999858646573736,0.0168096174043047,0.000351616917992515,-0.0168095722593945,0.999858700582709,-0.000130956153054542,-0.000353768557556479,0.000125027111962997,0.999999929608012,-0.0287516291512916,0.00528074963915533,0.545049814408297,-9.74625364419658e-05,-3.25545198982821e-06,-1.17783510123863e-05
0.99985864610783,0.0168096417057503,0.000351779962060933,-0.0168095965461944,0.999858700176523,-0.000130939941894317,-0.000353931309122606,0.00012500815378861,0.999999929552792,-0.0287521116074014,0.00528073310321128,0.545049756237909,-9.53244275833418e-05,-3.35619063223958e-06,-1.14603325135019e-05
0.99985864565202,0.0168096655110969,0.000351937939224479,-0.0168096203378129,0.999858699778764,-0.000130922943912036,-0.000354088981210695,0.000124988494243828,0.999999929499432,-0.028752580444931,0.00528071611104888,0.545049700099439,-9.20222413039837e-05,-3.43763974610335e-06,-1.09666614259043e-05
0.999858645207445,0.0168096887975184,0.00035208871456601,-0.0168096436116899,0.999858699389812,-0.000130905161178378,-0.000354239439237199,0.000124968171294922,0.999999929448686,-0.0287530299629911,0.00528069876341597,0.545049646853115,-8.76059914876571e-05,-3.49812741175785e-06,-1.03048841547491e-05
0.999858644775066,0.0168097115505663,0.000352230259022448,-0.0168096663536249,0.999858699009903,-0.00013088661014337,-0.000354380654700447,0.000124947235503334,0.999999929401268,-0.0287534547436732,0.00528068116866418,0.545049597316482,-8.21387244761847e-05,-3.53628901194822e-06,-9.48450971740385e-06
0.999858644355659,0.0168097337641367,0.000352360672933389,-0.0168096885577399,0.999858698639131,-0.000130867321061096,-0.00035451072871625,0.000124925749054598,0.999999929357848,-0.0287538497150855,0.00528066344114119,0.545049552254899,-7.56956442270379e-05,-3.5510948772653e-06,-8.5168781955268e-06
0.999858643949809,0.0168097554402982,0.0003524782078512,-0.0168097102263064,0.999858698277452,-0.000130847337174075,-0.00035462791381118,0.000124903784576247,0.999999929319041,-0.0287542102096593,0.00528064569945817,0.545049512372765,-6.83630979307761e-05,-3.541872456401e-06,-7.41500875132686e-06
0.999858643557911,0.0168097765889902,0.000352581286369005,-0.0168097313694406,0.999858697924691,-0.00013082671367043,-0.000354730633730198,0.0001248814237619,0.999999929285402,-0.0287545320170638,0.00528062806466103,0.545049478305533,-6.02374356782352e-05,-3.50832259931778e-06,-6.19342897724223e-06
0.999858643180166,0.0168097972275992,0.00035266851973903,-0.016809752004678,0.999858697580542,-0.00013080551643756,-0.000354817501031491,0.000124858755829069,0.999999929257414,-0.0287548114311344,0.00528061065833554,0.545049450612638,-5.1423759159519e-05,-3.45052963715391e-06,-4.86798753902845e-06
0.999858642816588,0.0168098173804238,0.000352738723075383,-0.0168097721564379,0.999858697244586,-0.000130783820643048,-0.000354887332263195,0.000124835875844876,0.99999992923549,-0.0287550452903014,0.00528059360067815,0.545049429771387,-4.20345755510597e-05,-3.36896504083086e-06,-3.4556523214729e-06
0.999858642467009,0.016809837078042,0.000352790927963451,-0.0168097918553883,0.999858696916296,-0.000130761709176113,-0.000354939160544723,0.00012481288295596,0.999999929219966,-0.0287552310110863,0.00528057700856476,0.545049416171895,-3.21883737073859e-05,-3.26448453949067e-06,-1.97429650989118e-06
0.999858642131086,0.016809856356593,0.000352824392332597,-0.0168098111377286,0.999858696595053,-0.000130739270982826,-0.000354972245409999,0.000124789878558202,0.999999929211093,-0.0287553666143217,0.00528056099365033,0.545049410113109,-2.20081405237761e-05,-3.13831869191737e-06,-4.42475243978336e-07
0.999858641808312,0.0168098752569901,0.000352838607488031,-0.0168098300444009,0.999858696280154,-0.000130716599326892,-0.000354986079808991,0.000124766964439811,0.999999929209042,-0.0287554507438425,0.00528054566053176,0.545049411799979,-1.16198358724338e-05,-2.99205702109798e-06,1.12080436251606e-06
0.999858641498029,0.0168098938240787,0.000352833302239254,-0.0168098486202493,0.999858695970835,-0.000130693790007333,-0.000354980394205514,0.000124744240930136,0.999999929213895,-0.0287554826774867,0.00528053110500575,0.545049421341775,-1.15084484734356e-06,-2.82762594161563e-06,2.69631694395047e-06
0.999858641199444,0.0168099121057572,0.00035280844410398,-0.0168098669131406,0.999858695666277,-0.000130670939564721,-0.000354955157750713,0.000124721805086216,0.999999929225651,-0.0287554623303401,0.00528051741245189,0.545049438751582,9.27157383063631e-06,-2.6472608224022e-06,4.26485342679875e-06
0.999858640911642,0.0168099301520761,0.000352764237606033,-0.0168098849730646,0.999858695365627,-0.000130648143508331,-0.000354910576551292,0.0001246997489491,0.999999929244225,-0.0287553902502528,0.00528050465636909,0.545049463946971,1.95218244976981e-05,-2.45347263389472e-06,5.80745347962297e-06
0.999858640633603,0.0168099480143326,0.000352701119722158,-0.0168099028512297,0.999858695068014,-0.000130625494596365,-0.000354847089087936,0.000124678157901164,0.999999929269448,-0.0287552676057483,0.00528049289709128,0.545049496751807,2.94774778889483e-05,-2.24900972424623e-06,7.30563302875064e-06
0.999858640364222,0.0168099657441746,0.000352619752565679,-0.016809920599169,0.999858694772559,-0.00013060308120055,-0.000354765358872408,0.000124657109154232,0.99999992930107,-0.0287550961665362,0.00528048218070508,0.545049536899185,3.90207232525042e-05,-2.03681535240034e-06,8.74160409027652e-06
0.999858640102325,0.0168099833927329,0.000352521013424621,-0.0168099382678734,0.999858694478393,-0.000130580985784045,-0.000354666264461378,0.000124636670395461,0.999999929338768,-0.0287548782769287,0.00528047253818892,0.545049584035443,4.803975211147e-05,-1.81998168404396e-06,1.00984843020383e-05
0.999858639846691,0.0168100010097916,0.000352405982299228,-0.0168099559069648,0.999858694184673,-0.000130559283518572,-0.000354550886972358,0.000124616898614438,0.999999929382146,-0.028754616822543,0.00528046398478951,0.545049637725182,5.64300575232056e-05,-1.60170101567352e-06,1.13604936795429e-05
0.999858639596065,0.0168100186430137,0.000352275927109241,-0.0168099735639239,0.999858693890592,-0.000130538041063643,-0.000354420495272445,0.000124597839131517,0.999999929430743,-0.0287543151907505,0.00528045651964733,0.545049697457244,6.40956338495466e-05,-1.38521504301566e-06,1.25131363000073e-05
0.99985863934918,0.0168100363372314,0.000352132286765709,-0.0168099912833825,0.999858693595392,-0.000130517315527003,-0.000354276529034966,0.000124579524843208,0.999999929484039,-0.028753977225404,0.005280450125679,0.545049762651547,7.09500633967762e-05,-1.17376302708515e-06,1.354336481038e-05
0.999858639104776,0.0168100541338123,0.000351976652325101,-0.0168100091064933,0.999858693298374,-0.000130497153621817,-0.000354120579882002,0.000124561975696499,0.999999929541462,-0.0287536071764409,0.00528044476971966,0.545049832666703,7.69174777771186e-05,-9.70529730721542e-07,1.44397258796098e-05
0.999858638861613,0.0168100720701108,0.000351810746465243,-0.0168100270703828,0.999858692998911,-0.000130477591032399,-0.000353954370852498,0.000124545198399864,0.999999929602396,-0.0287532096450147,0.00528044040292445,0.545049906808306,8.19333834733374e-05,-7.78594003193863e-07,1.51924849728238e-05
0.999858638618488,0.0168100901790097,0.000351636401542299,-0.016810045207697,0.999858692696451,-0.000130458651996462,-0.00035377973445526,0.000124529186374587,0.999999929666188,-0.0287527895248568,0.00528043696142367,0.545049984337794,8.5945342821144e-05,-6.00878880596595e-07,1.57937290919425e-05
0.99985863837425,0.0168101084885592,0.000351455536504757,-0.0168100635462427,0.999858692390523,-0.00013044034910761,-0.000353598589582841,0.000124513919945473,0.999999929732158,-0.0287523519406103,0.00528043436722176,0.545050064481766,8.89135034451746e-05,-4.40104044287044e-07,1.62374464345172e-05
0.999858638127814,0.0168101270217159,0.0003512701329537,-0.0168100821087292,0.999858692080747,-0.000130422683337608,-0.000353412917575534,0.00012449936676562,0.999999929799606,-0.0287519021839058,0.00528043252932658,0.545050146441635,9.08109710700862e-05,-2.98741439463699e-07,1.65195822279007e-05
0.999858637878172,0.016810145796181,0.000351082210647796,-0.0168101009126105,0.99985869176683,-0.000130405644273941,-0.000353224737733802,0.000124485482465756,0.999999929867822,-0.0287514456479722,0.00528043134509097,0.545050229403504,9.16240225550422e-05,-1.78974802371783e-07,1.66380703159241e-05
0.999858637624398,0.0168101648243407,0.000350893802756124,-0.0168101199700272,0.99985869144857,-0.000130389210564344,-0.000353036082582053,0.000124472211514716,0.999999929936094,-0.0287509877615843,0.00528043070174555,0.545050312548137,9.1352157950269e-05,-8.26637769840956e-08,1.6592840386213e-05
0.999858637365666,0.0168101841133029,0.000350706931162311,-0.0168101392878473,0.999858691125858,-0.00013037335055592,-0.000352848973187027,0.000124459488273586,0.999999930003717,-0.0287505339231519,0.00528043047809815,0.545050395060905,9.00079923242443e-05,-1.13132274142531e-08,1.63858010279751e-05
0.999858637101245,0.0168102036650282,0.000350523582119692,-0.0168101588677989,0.999858690798667,-0.000130358023113381,-0.000352665394830161,0.000124447238223016,0.99999993007,-0.0287500894357445,0.00528043054637262,0.545050476141592,8.76169900387988e-05,3.39517405835812e-08,1.60207990957315e-05
0.999858636830513,0.0168102234765483,0.000350345682549415,-0.016810178706692,0.99985869046706,-0.000130343178597842,-0.00035248727332552,0.000124435379340221,0.999999930134277,-0.0287496594438298,0.00528043077415731,0.54505055501393,8.4217046030276e-05,5.24046293085348e-08,1.55035561233164e-05
0.999858636552954,0.0168102435402647,0.000350175077262378,-0.0168101987967189,0.999858690131175,-0.000130328759984762,-0.000352316452263789,0.000124423823599565,0.999999930195912,-0.0287492488724755,0.00528043102643189,0.545050630934774,7.98579204683305e-05,4.37299550953531e-08,1.48415827849719e-05
0.999858636268162,0.0168102638443196,0.000350013507371735,-0.0168102191258282,0.999858689791222,-0.000130314704097696,-0.00035215467144861,0.000124412478568893,0.999999930254309,-0.0287488623697272,0.00528043116763954,0.545050703202785,7.46005348916188e-05,8.02900673494764e-09,1.40440726346249e-05
0.999858635975839,0.0168102843730288,0.000349862590145757,-0.0168102396781586,0.999858689447477,-0.000130300942932637,-0.000352003546774608,0.000124401249072221,0.999999930308914,-0.0287485042528323,0.00528043106377114,0.545050771166543,6.85161395243478e-05,-5.4181136286491e-08,1.3121776567072e-05
0.999858635675794,0.016810305107366,0.000349723800531429,-0.0168102604345261,0.999858689100273,-0.000130287405046661,-0.000351864551777001,0.000124390038888608,0.999999930359225,-0.0287481784589268,0.00528043058442779,0.545050834231979,6.16853629582697e-05,-1.41975304167443e-07,1.20868596560814e-05
0.999858635367939,0.0168103260254878,0.000349598454557323,-0.0168102813729501,0.999858688749987,-0.000130274016983452,-0.000351739001060848,0.000124378752456316,0.999999930404798,-0.0287478885007408,0.00528042960482812,0.545050891869056,5.4197156710992e-05,-2.54034522012118e-07,1.095274221112e-05
0.999858635052285,0.0168103471032878,0.000349487694800063,-0.0168103024692085,0.999858688397037,-0.000130260704708369,-0.000351628035793761,0.000124367296551803,0.999999930445248,-0.0287476374278168,0.00528042800772839,0.54505094361762,4.614764833493e-05,-3.88666635214278e-07,9.73392706084803e-06
0.999858634728936,0.0168103683149667,0.000349392478072464,-0.0168103236974093,0.999858688041868,-0.000130247395025855,-0.000351532611419681,0.000124355581913714,0.999999930480254,-0.0287474277936602,0.0052804256852242,0.545050989092353,3.76389177334326e-05,-5.43832925509221e-07,8.44581523513457e-06
0.999858634398083,0.0168103896336088,0.000349313565463334,-0.0168103450305676,0.999858687684942,-0.000130234016952974,-0.000351453487723247,0.000124343524783481,0.999999930509564,-0.0287472616291675,0.00528042254040508,0.545051027986787,2.87777121423574e-05,-7.17180267850746e-07,7.10451233811916e-06
0.999858634059997,0.0168104110317515,0.000349251514829411,-0.0168103664411757,0.999858687326731,-0.000130220503024043,-0.000351391221344803,0.000124331048335807,0.999999930532998,-0.0287471404226009,0.00528041848883562,0.545051060076324,1.96741158358564e-05,-9.06078288529492e-07,5.72662801590397e-06
0.999858633715021,0.0168104324819376,0.000349206675809121,-0.0168103879017557,0.999858686967705,-0.000130206790502914,-0.000351346160815304,0.000124318083974428,0.999999930550442,-0.0287470651062918,0.00528041345983946,0.545051085220248,1.04401910220494e-05,-1.10766090356117e-06,4.32907099410389e-06
0.999858633363561,0.0168104539572406,0.000349179187396484,-0.0168104093853843,0.999858686608325,-0.000130192822481781,-0.000351318444149103,0.000124304572471387,0.99999993056186,-0.0287470360501779,0.00528040739756624,0.545051103362703,1.18860659757831e-06,-1.31887154387756e-06,2.92884220511204e-06
0.999858633006078,0.0168104754317522,0.000349168978082081,-0.0168104308661806,0.999858686249031,-0.000130178548847788,-0.000351307999001213,0.000124290464931,0.999999930567283,-0.0287470530621917,0.00528040026182459,0.545051114532636,-7.96872856978482e-06,-1.53651131797738e-06,1.54282853434064e-06
0.999858632643083,0.0168104968810256,0.00034917576853664,-0.0168104523197479,0.99985868589024,-0.000130163927101624,-0.000351314545364323,0.000124275723563087,0.999999930566815,-0.0287471153954373,0.00528039202866874,0.545051118842719,-1.69220113593309e-05,-1.75728931408295e-06,1.87599687240435e-07
0.999858632275123,0.0168105182824648,0.0003491990767823,-0.0168104737235632,0.999858685532335,-0.000130148923015208,-0.000351337600750446,0.000124260322253525,0.999999930560629,-0.0287472217620089,0.00528038269072995,0.545051116487266,-2.5564853040381e-05,-1.97787421499008e-06,-1.12078937486831e-06
0.999858631902777,0.0168105396156573,0.000349238225767158,-0.0168104950573076,0.999858685175659,-0.00013013351111875,-0.000351376487772617,0.000124244246923817,0.999999930548963,-0.0287473703532279,0.00528037225728833,0.54505110773918,-3.37955353509285e-05,-2.19494637967052e-06,-2.36698807218257e-06
0.999858631526645,0.0168105608626426,0.000349292353230635,-0.0168105163031342,0.999858684820517,-0.000130117675011036,-0.000351430344014125,0.00012422749567542,0.999999930532119,-0.0287475588659979,0.00528036075408491,0.545051092945981,-4.15181992888034e-05,-2.40524954130985e-06,-3.5365296866952e-06
0.999858631147345,0.0168105820081151,0.000349360423720695,-0.0168105374458697,0.999858684467163,-0.000130101407490174,-0.000351498134046249,0.000124210078718407,0.999999930510457,-0.0287477845349065,0.00528034822287789,0.545051072524958,-4.86439528342899e-05,-2.60564128494447e-06,-4.61599858724982e-06
0.999858630765502,0.0168106030395602,0.000349441242599344,-0.0168105584731477,0.999858684115805,-0.00013008471050532,-0.000351578663430993,0.00012419201808773,0.999999930484391,-0.028748044169636,0.00528033472075125,0.545051046957532,-5.50918849186605e-05,-2.79314149021331e-06,-5.59318328001486e-06
0.999858630381742,0.0168106239473219,0.000349533471850491,-0.0168105793754756,0.999858683766602,-0.000130067594933563,-0.000351670594522963,0.000124173347154391,0.999999930454384,-0.028748334197186,0.00528032031918792,0.545051016782876,-6.07899741969048e-05,-2.96497796473106e-06,-6.45721356437459e-06
0.99985862999669,0.0168106447246046,0.00034963564748411,-0.0168106001462332,0.999858683419662,-0.000130050080189056,-0.000351772463864508,0.000124154109942065,0.999999930420943,-0.0287486507083552,0.00528030510292325,0.545050982590913,-6.56758825505891e-05,-3.1186285447321e-06,-7.19868027412457e-06
0.999858629610958,0.016810665367411,0.000349746198313073,-0.0168106207816094,0.999858683075046,-0.0001300321936747,-0.000351882700950669,0.000124134360263241,0.999999930384611,-0.0287489895078839,0.00528028916859828,0.545050945014738,-6.96976247286315e-05,-3.25185900241298e-06,-7.80973631659027e-06
0.999858629225146,0.0168106858744203,0.00034986346586427,-0.0168106412804777,0.999858682732768,-0.000130013970089593,-0.000351999648125833,0.000124114160692111,0.999999930345959,-0.0287493461676208,0.00528027262323513,0.545050904722608,-7.28141071036222e-05,-3.362756171859e-06,-8.28417796420739e-06
0.999858628839835,0.0168107062468118,0.00034998572517378,-0.0168106616442174,0.9998586823928,-0.000129995450607877,-0.000352121581362136,0.000124093581394006,0.999999930305585,-0.0287497160820447,0.00528025558255983,0.545050862409556,-7.49955301637778e-05,-3.44975579084348e-06,-8.6175055927127e-06
0.999858628455587,0.0168107264880396,0.000350111206207217,-0.0168106818764862,0.999858682055074,-0.000129976681946709,-0.00035224673166109,0.000124072698833502,0.9999999302641,-0.0287500945254488,0.00528023816920002,0.545050818788766,-7.62236510537921e-05,-3.51166464340088e-06,-8.80696332350174e-06
0.999858628072936,0.0168107466035656,0.000350238115640767,-0.0168107019829508,0.999858681719488,-0.000129957715343258,-0.000352373306814309,0.000124051594385496,0.999999930222125,-0.0287504767100854,0.00528022051078688,0.545050774582802,-7.6491904198803e-05,-3.54767668652408e-06,-8.85155728201551e-06
0.999858627692389,0.0168107666005589,0.000350364658736392,-0.0168107219709836,0.999858681385911,-0.00012993860546156,-0.00035249951325721,0.000124030352874582,0.99999993018028,-0.028750857844556,0.00528020273799187,0.54505073051479,-7.58053797808498e-05,-3.55738294670455e-06,-8.75205244179733e-06
0.999858627314426,0.0168107864875684,0.000350489061045718,-0.0168107418493337,0.999858681054189,-0.000129919409251375,-0.000352623577750609,0.000124009061069326,0.99999993013918,-0.0287512331917426,0.00528018498252997,0.545050687299684,-7.41806615546225e-05,-3.540775073392e-06,-8.51094827519454e-06
0.999858626939493,0.0168108062741789,0.000350609589681434,-0.0168107616277801,0.999858680724149,-0.000129900184781851,-0.000352743768629462,0.00012398780615862,0.999999930099426,-0.0287515981255823,0.00528016737516084,0.545050645635694,-7.16455271773321e-05,-3.4982425425939e-06,-8.1324336879066e-06
0.999858626568005,0.0168108259706573,0.000350724573902692,-0.016810781316776,0.999858680395609,-0.000129880990072817,-0.000352858416365669,0.000123966674237202,0.999999930061598,-0.028751948186009,0.00528015004371984,0.545050606195992,-6.82385158618393e-05,-3.43056360852625e-06,-7.62232195248805e-06
0.999858626200344,0.0168108455875993,0.000350832424771377,-0.0168108009270938,0.999858680068379,-0.000129861881946071,-0.000352965933202209,0.000123945748826789,0.999999930026248,-0.0287522791314158,0.00528013311120943,0.545050569620796,-6.4008369724565e-05,-3.33889020217807e-06,-6.98796658800536e-06
0.999858625836857,0.016810865135584,0.000350931653649657,-0.0168108204694772,0.999858679742272,-0.000129842914918512,-0.000353064831629425,0.000123925109458514,0.999999929993893,-0.0287525869880231,0.00528011669398061,0.545050536509914,-5.90133566700746e-05,-3.22472707298775e-06,-6.23815935511863e-06
0.999858625477855,0.0168108846248442,0.000351020889325264,-0.0168108399543103,0.999858679417108,-0.000129824140157836,-0.000353153741490291,0.000123904830340992,0.999999929965012,-0.0287528680955852,0.00528010090003229,0.545050507415846,-5.33204840205087e-05,-3.08990556072562e-06,-5.38301173470373e-06
0.999858625123615,0.01681090406496,0.000351098893569342,-0.0168108593913096,0.999858679092716,-0.000129805604519918,-0.000353231425519835,0.000123884979136386,0.999999929940034,-0.0287531191489126,0.00528008582745425,0.545050482837509,-4.70046133361858e-05,-2.93655246989824e-06,-4.43382145658007e-06
0.999858624774378,0.0168109234645835,0.000351164574952457,-0.0168108787892466,0.999858678768944,-0.00012978734968529,-0.000353296793144652,0.000123865615864843,0.999999929919341,-0.0287533372347455,0.00528007156303681,0.54505046321467,-4.01474879782341e-05,-2.76705459255434e-06,-3.40292580458903e-06
0.999858624430347,0.0168109428311979,0.000351217000766899,-0.0168108981557067,0.999858678445658,-0.000129769411409896,-0.000353348912390889,0.000123846791954989,0.999999929903257,-0.0287535198635733,0.00528005818106755,0.545050448923139,-3.28366859188283e-05,-2.58401949285828e-06,-2.30354358120129e-06
0.99985862409169,0.0168109621709186,0.000351255406927632,-0.016810917496889,0.999858678122753,-0.000129751818902866,-0.000353387019773316,0.000123828549455417,0.99999992989205,-0.0287536649960582,0.00528004574233203,0.545050440270775,-2.51645110972648e-05,-2.39023321956467e-06,-1.14960773162474e-06
0.999858623758539,0.0168109814883387,0.000351279205749768,-0.0168109368174505,0.999858677800146,-0.000129734594341618,-0.000353410528063522,0.000123810920419139,0.999999929885925,-0.0287537710637917,0.00528003429333216,0.54505043749435,-1.72268372491483e-05,-2.18861565622858e-06,4.44092665163808e-08
0.999858623430986,0.0168110007864221,0.000351287991526957,-0.0168109561203994,0.999858677477784,-0.000129717752531673,-0.000353419031861793,0.000123793926469697,0.999999929885024,-0.0287538369841803,0.0052800238657322,0.545050440757302,-9.12191858818211e-06,-1.98217424979776e-06,1.26367506882305e-06
0.999858623109088,0.0168110200664455,0.000351281543862375,-0.0168109754070363,0.999858677155645,-0.000129701300715734,-0.000353412310924403,0.000123777578554276,0.999999929889422,-0.0287538621693337,0.0052800144760386,0.545050450148384,-9.49181995301244e-07,-1.77395687611493e-06,2.49317996272898e-06
0.999858622792866,0.0168110393279909,0.00035125982873147,-0.0168109946769468,0.999858676833737,-0.000129685238533722,-0.000353390331225543,0.000123761876885861,0.999999929899134,-0.0287538465288972,0.00528000612551602,0.545050465681243,7.19198453266758e-06,-1.56700460564341e-06,3.71791995585429e-06
0.999858622482297,0.0168110585689864,0.000351222997283242,-0.0168110139280424,0.999858676512095,-0.000129669558132433,-0.000353353243760612,0.000123746811073005,0.999999929914104,-0.0287537904668487,0.00527999880033826,0.545050487294898,1.52034325043854e-05,-1.36430512635711e-06,4.92307822468919e-06
0.999858622177326,0.0168110777857949,0.000351171382414098,-0.0168110331566495,0.999858676190782,-0.000129654244420886,-0.000353301381124865,0.00012373236043268,0.999999929934216,-0.0287536948723489,0.00527999247196882,0.545050514855123,2.29894282167556e-05,-1.16874755884635e-06,6.09420273061916e-06
0.999858621877856,0.0168110969733478,0.00035110549317494,-0.0168110523576437,0.999858675869889,-0.000129639275464334,-0.000353235251927925,0.000123718494478193,0.999999929959293,-0.0287535611048091,0.00527998709776251,0.545050548156705,3.04577887165209e-05,-9.83079370016011e-07,7.21737787713227e-06
0.999858621583753,0.0168111161253189,0.000351026007097712,-0.0168110715246243,0.999858675549525,-0.000129624623007645,-0.000353155533130239,0.000123705173571415,0.999999929989097,-0.0287533909734047,0.00527998262177573,0.545050586926537,3.75209650560868e-05,-8.09866045063024e-07,8.27938817801592e-06
0.999858621294845,0.0168111352343348,0.00035093376055207,-0.0168110906501262,0.999858675229823,-0.000129610253116307,-0.000353063060411907,0.000123692349725716,0.999999930023337,-0.0287531867113308,0.00527997897577037,0.545050630827508,4.40970602107143e-05,-6.51454126681016e-07,9.2678720208065e-06
0.99985862101092,0.0168111542922168,0.000350829737265661,-0.0168111097258621,0.999858674910924,-0.000129596126921177,-0.000352958816707137,0.000123679967543495,0.999999930061668,-0.0287529509451564,0.00527997608039282,0.545050679463134,5.01107699215082e-05,-5.09938165992614e-07,1.0171463741651e-05
0.999858620731729,0.0168111732902466,0.000350715055162565,-0.0168111287429905,0.999858674592985,-0.000129582201451321,-0.000352843919058577,0.000123667965270056,0.999999930103699,-0.0287526866596897,0.00527997384650747,0.545050732382864,5.54942357609037e-05,-3.87132059699357e-07,1.09799224035544e-05
0.999858620456985,0.0168111922194512,0.000350590951693409,-0.0168111476924012,0.999858674276163,-0.00012956843053778,-0.000352719603964733,0.000123656275943744,0.999999930149001,-0.0287523971588179,0.00527997217666175,0.545050789087993,6.01878008699385e-05,-2.84545169391521e-07,1.16842458336994e-05
0.999858620186365,0.0168112110708986,0.000350458767847481,-0.0168111665650131,0.999858673960618,-0.000129554765769912,-0.000352587211410454,0.000123644828620819,0.999999930197105,-0.0287520860228284,0.00527997096665792,0.545050849038112,6.41406600747763e-05,-2.03363536382133e-07,1.22767686751335e-05
0.99985861991951,0.0168112298359972,0.000350319931051365,-0.0168111853520756,0.999858673646504,-0.000129541157485199,-0.000352448167784657,0.000123633549652496,0.999999930247515,-0.0287517570627592,0.00527997010720557,0.545050911658002,6.7311397437016e-05,-1.44436417560529e-07,1.27512434104652e-05
0.999858619656027,0.0168112485067932,0.000350175937170433,-0.0168112040454672,0.999858673333964,-0.000129527555773094,-0.000352303967901285,0.00012362236399112,0.99999993029971,-0.0287514142723545,0.00527996948562781,0.545050976344882,6.96684057130315e-05,-1.08268277382782e-07,1.3102903530821e-05
0.999858619395491,0.0168112670762567,0.000350028331838494,-0.016811222637984,0.999858673023124,-0.000129513911473356,-0.000352156156348404,0.00012361119650212,0.999999930353154,-0.0287510617782266,0.00527996898759375,0.545051042475943,7.11901836707312e-05,-9.50162819157458e-08,1.3328508252723e-05
0.999858619137447,0.0168112855385506,0.000349878691347112,-0.016811241123611,0.999858672714093,-0.000129500177149448,-0.000352006308396619,0.000123599973258452,0.9999999304073,-0.0287507037888428,0.0052799684988499,0.545051109416042,7.18655087247173e-05,-1.04493251007366e-07,1.3426368406151e-05
0.999858618881413,0.0168113038892769,0.000349728603329415,-0.0168112594977693,0.999858672406953,-0.0001294863080186,-0.000351856010701288,0.000123588622795168,0.999999930461598,-0.0287503445429625,0.00527996790692332,0.545051176525487,7.16934838779502e-05,-1.36175933176331e-07,1.33963533458418e-05
0.999858618626882,0.0168113221256916,0.000349579647473696,-0.0168112777575342,0.999858672101759,-0.000129472262821174,-0.000351706842033479,0.000123577077302814,0.999999930515499,-0.0287499882581542,0.00527996710277058,0.545051243167808,7.06834594860085e-05,-1.89218388162606e-07,1.3239878978463e-05
0.999858618373327,0.0168113402468855,0.000349433376499731,-0.0168112959018176,0.999858671798533,-0.000129458004612886,-0.000351560354272328,0.0001235652737393,0.999999930568468,-0.0287496390800114,0.00527996598234766,0.545051308717423,6.88548318691263e-05,-2.62470180137543e-07,1.29598772128739e-05
0.999858618120206,0.016811358253925,0.00034929129762551,-0.0168113139315108,0.999858671497265,-0.000129443501465533,-0.000351418053886177,0.000123553154842041,0.999999930619982,-0.0287493010326773,0.00527996444807755,0.5450513725671,6.62367222668827e-05,-3.54499011407149e-07,1.25607473627003e-05
0.999858617866963,0.0168113761499488,0.000349154854744135,-0.0168113318495838,0.999858671197909,-0.000129428727063568,-0.000351281384122045,0.000123540670024062,0.999999930669544,-0.0287489779712632,0.00527996241019455,0.545051434135137,6.28675410460661e-05,-4.6361736114006e-07,1.20482902544548e-05
0.999858617613035,0.0168113939402193,0.000349025411520198,-0.0168113496611373,0.999858670900381,-0.00012941366118614,-0.00035115170811249,0.000123527776140127,0.999999930716681,-0.0287486735367209,0.00527995978794634,0.545051492872174,5.87944434180637e-05,-5.87912635574411e-07,1.14296259749232e-05
0.999858617357859,0.016811411632124,0.000348904235601915,-0.0168113673734073,0.999858670604561,-0.000129398290066201,-0.000351030293096027,0.000123514438111222,0.999999930760956,-0.0287483911136908,0.00527995651063765,0.545051548267548,5.40726841769735e-05,-7.25280288800991e-07,1.07130964053807e-05
0.999858617100876,0.016811429235129,0.000348792484130208,-0.0168113849957199,0.999858670310293,-0.000129382606621095,-0.000350918295932121,0.000123500629398749,0.99999993080197,-0.0287481337918126,0.0052799525185021,0.545051599855129,4.87648801280813e-05,-8.73459332006144e-07,9.90815384251278e-06
0.999858616841534,0.0168114467606834,0.000348691190708582,-0.0168114025393968,0.999858670017387,-0.000129366610551294,-0.000350816750074555,0.000123486332322351,0.999999930839364,-0.0287479043309333,0.00527994776339181,0.54505164721857,4.29401899132563e-05,-1.03006962423215e-06,9.02523717520617e-06
0.999858616579302,0.0168114642220748,0.00034860125397862,-0.0168114200176128,0.999858669725621,-0.00012935030830651,-0.000350726554147956,0.000123471538218152,0.999999930872829,-0.028747705130601,0.00527994220927739,0.545051689995904,3.66734218572232e-05,-1.19265031666256e-06,8.07563722007522e-06
0.999858616313668,0.0168114816342409,0.000348523427925228,-0.0168114374452083,0.999858669434744,-0.000129333712921083,-0.000350648462251615,0.000123456247437229,0.999999930902103,-0.0287475382041759,0.00527993583255415,0.545051727883452,3.00440812366215e-05,-1.35869881717926e-06,7.07135293672349e-06
0.999858616044149,0.0168114990135371,0.000348458314013793,-0.0168114548384583,0.999858669144479,-0.000129316843722852,-0.000350583076092841,0.0001234404691868,0.999999930926976,-0.0287474051578312,0.00527992862215349,0.545051760638984,2.31353690049707e-05,-1.52570964512362e-06,6.02494033715746e-06
0.999858615770301,0.0168115163774674,0.000348406355238363,-0.0168114722148037,0.99985866885453,-0.000129299725922142,-0.00035053083902903,0.000123424221219441,0.999999930947294,-0.0287473071746558,0.00527992057946163,0.545051788084116,1.60331444926003e-05,-1.69121255958118e-06,4.94935597556912e-06
0.999858615491718,0.0168115337443812,0.000348367832136289,-0.0168114895925491,0.999858668564584,-0.000129282390089748,-0.000350492032074069,0.000123407529378258,0.999999930962956,-0.0287472450040066,0.00527991171805071,0.545051810105919,8.82486492564763e-06,-1.85280936936725e-06,3.85779696283204e-06
0.999858615208045,0.0168115511331163,0.000348342860413973,-0.0168115069905065,0.999858668274322,-0.000129264871792115,-0.000350466771518232,0.000123390427272167,0.99999993097392,-0.0287472189563466,0.00527990206325467,0.545051826657681,1.59790515541021e-06,-2.0081114100969e-06,2.76343381453794e-06
0.999858614919015,0.016811568561139,0.000348331370863546,-0.0168115244261323,0.999858667983443,-0.000129247224395188,-0.000350454989062729,0.00012337296941624,0.999999930980203,-0.0287472289163628,0.00527989165294199,0.545051837756662,-5.56322905647647e-06,-2.15479778762459e-06,1.67893805970804e-06
0.999858614624369,0.0168115860476647,0.000348333172147358,-0.0168115419186564,0.999858667691619,-0.000129229477155929,-0.000350456493891154,0.000123355188272545,0.999999930981869,-0.028747274338805,0.00527988053311512,0.545051843484773,-1.2572318019042e-05,-2.29157855042777e-06,6.17324161255291e-07
0.999858614323915,0.01681160361156,0.000348347913518956,-0.0168115594869762,0.999858667398528,-0.000129211666871228,-0.00035047093592755,0.000123337126522062,0.999999930979036,-0.0287473542457278,0.00527986875966699,0.545051843989392,-1.93432943290274e-05,-2.4159930568228e-06,-4.08380897360913e-07
0.999858614017531,0.0168116212704509,0.000348375088675356,-0.0168115771487645,0.999858667103868,-0.000129193840311236,-0.000350497809728921,0.000123318839433221,0.999999930971872,-0.0287474672609326,0.00527985639672386,0.545051839478237,-2.58098194893413e-05,-2.52745067714568e-06,-1.38809638462053e-06
0.999858613705146,0.0168116390411755,0.000348414083296665,-0.0168115949209216,0.999858666807347,-0.000129176038405479,-0.00035053650175235,0.000123300378250897,0.999999930960587,-0.028747611690558,0.00527984351103082,0.545051830207467,-3.18954986496998e-05,-2.62469689387079e-06,-2.31016597742575e-06
0.999858613386776,0.016811656938866,0.000348464121287141,-0.0168116128186586,0.999858666508705,-0.000129158310138025,-0.000350586236837132,0.000123281804993712,0.999999930945441,-0.0287477854416329,0.00527983017728047,0.545051816494072,-3.75169606834441e-05,-2.7059385904483e-06,-3.16190048250435e-06
0.99985861306255,0.0168116749757692,0.000348524236383609,-0.0168116308543208,0.999858666207726,-0.000129140716674235,-0.000350646049886447,0.000123263197057939,0.999999930926764,-0.0287479859914145,0.00527981648031422,0.54505179872018,-4.26156462374203e-05,-2.77029313531204e-06,-3.9344811851627e-06
0.999858612732662,0.0168116931617797,0.000348593388768678,-0.0168116490379147,0.999858665904236,-0.000129123305633128,-0.000350714902031626,0.000123244619532879,0.999999930904909,-0.028748210621451,0.00527980250517317,0.545051777297079,-4.71329668223577e-05,-2.8171288840834e-06,-4.61916587898922e-06
0.9998586123974,0.0168117115042101,0.000348670397551245,-0.0168116673768851,0.999858665598104,-0.000129106116121918,-0.000350791613206819,0.000123226131369881,0.99999993088028,-0.0287484562321886,0.00527978834285781,0.545051752692915,-5.10128896942498e-05,-2.84536522442335e-06,-5.20768653324641e-06
0.999858612057121,0.0168117300074805,0.00034875401582993,-0.0168116858757949,0.999858665289249,-0.000129089180500423,-0.000350874937231439,0.000123207785884689,0.999999930853308,-0.0287487195266367,0.00527977408444097,0.545051725404687,-5.41904390873504e-05,-2.85532304239751e-06,-5.69040336207322e-06
0.999858611712251,0.0168117486735192,0.000348842929246108,-0.0168117045367266,0.999858664977633,-0.000129072521332998,-0.000350963560312209,0.000123189627733999,0.999999930824445,-0.0287489969672978,0.00527975982043443,0.54505169596496,-5.66676211043467e-05,-2.84766472580313e-06,-6.06772872703816e-06
0.99985861136328,0.0168117675008072,0.000348935801381277,-0.0168117233583156,0.999858664663276,-0.000129056168311246,-0.000351056146718487,0.000123171709072914,0.999999930794154,-0.0287492849635861,0.00527974563773028,0.54505166491403,-5.84055385233663e-05,-2.82291303176428e-06,-6.33380078613931e-06
0.999858611010761,0.0168117864848901,0.000349031256392317,-0.0168117423362688,0.999858664346247,-0.000129040144911888,-0.000351151321195752,0.000123154076506456,0.999999930762909,-0.0287495797948531,0.00527973162002399,0.545051632811938,-5.93968240433354e-05,-2.78181663210321e-06,-6.48744860816762e-06
0.999858610655313,0.0168118056180851,0.00034912789477397,-0.016811761463069,0.999858664026669,-0.000129024471097811,-0.000351247684771218,0.000123136773525351,0.999999930731197,-0.0287498776869904,0.00527971784667762,0.545051600227337,-5.96359455529958e-05,-2.72533378258693e-06,-6.52770105423214e-06
0.999858610297609,0.0168118248894409,0.000349224312614702,-0.0168117807279321,0.999858663704722,-0.000129009161568224,-0.000351343833977554,0.000123119838432723,0.999999930699505,-0.0287501748822929,0.00527970439175439,0.545051567727072,-5.91187025459554e-05,-2.65465852173863e-06,-6.45378020948602e-06
0.99985860993837,0.0168118442851428,0.00034931911191522,-0.0168118001172148,0.999858663380635,-0.000128994219450934,-0.000351438371063955,0.000123103297863654,0.999999930668322,-0.0287504676446468,0.00527969132300411,0.545051535875442,-5.78656272829359e-05,-2.57109947880536e-06,-6.26866270645157e-06
0.999858609578333,0.01681186378911,0.00034941096051392,-0.0168118196150002,0.999858663054676,-0.000128979643318534,-0.000351529964031137,0.000123087172792715,0.999999930638114,-0.0287507524393745,0.00527967869974986,0.545051505206805,-5.594148100023e-05,-2.47683786158366e-06,-5.98206199228839e-06
0.999858609218232,0.0168118833838942,0.000349498597671129,-0.0168118392040029,0.999858662727139,-0.000128965410391046,-0.000351617351932516,0.000123071461644778,0.999999930609324,-0.0287510258702369,0.00527966657123639,0.545051476234973,-5.33230600489363e-05,-2.37314780877608e-06,-5.5903907352715e-06
0.999858608858924,0.0168119030460245,0.00034958070316147,-0.0168118588609152,0.999858662398414,-0.00012895151876761,-0.000351699214694483,0.000123056184723178,0.999999930582417,-0.0287512844941828,0.00527965498526689,0.545051449480849,-5.00226365835861e-05,-2.26032059152825e-06,-5.09558602434195e-06
0.999858608501264,0.0168119227503064,0.000349656052574667,-0.0168118785606989,0.999858662068927,-0.000128937950656908,-0.000351774327777636,0.000123041344832922,0.999999930557823,-0.0287515250903836,0.00527964397996971,0.545051425431198,-4.6120103437554e-05,-2.14117877980819e-06,-4.50985214838351e-06
0.999858608146057,0.0168119424712559,0.00034972356631557,-0.0168118982780137,0.999858661739107,-0.000128924674496898,-0.000351841611205681,0.000123026928575831,0.999999930535926,-0.0287517447762371,0.00527963358237102,0.545051404521026,-4.16677223464032e-05,-2.01754692766965e-06,-3.8412061230143e-06
0.999858607794095,0.0168119621821389,0.000349782275375675,-0.0168119179862567,0.999858661409406,-0.000128911654678913,-0.000351900095505157,0.000123012916649029,0.99999993051707,-0.0287519409462664,0.00527962381030925,0.545051387142948,-3.67239705976788e-05,-1.89127028724863e-06,-3.09856330762106e-06
0.999858607446141,0.0168119818553647,0.000349831329353112,-0.0168119376579545,0.99985866108029,-0.000128898853886405,-0.000351948929763656,0.000122999286048381,0.999999930501561,-0.0287521113013916,0.00527961467241699,0.545051373643033,-3.13527990240797e-05,-1.76418018118266e-06,-2.29160691048881e-06
0.99985860710292,0.0168120014629332,0.000349870002525861,-0.0168119572652095,0.999858660752235,-0.000128886233404508,-0.000351987387707436,0.00012298601027573,0.999999930489658,-0.0287522538742746,0.00527960616827399,0.545051364317269,-2.56228119542393e-05,-1.63806145552755e-06,-1.43066615726909e-06
0.999858606765113,0.0168120209769125,0.000349897698840327,-0.0168119767801771,0.999858660425712,-0.000128873752384552,-0.000352014872676991,0.00012297305851947,0.999999930481576,-0.0287523670504132,0.00527959828870976,0.545051359408626,-1.96063897923042e-05,-1.51462531820447e-06,-5.26600525483234e-07
0.999858606433342,0.0168120403699179,0.000349913956386189,-0.0168119961755442,0.999858660101188,-0.000128861367268032,-0.000352030922091633,0.000122960395003176,0.999999930477483,-0.0287524495847367,0.00527959101622878,0.545051359104688,-1.33787690528839e-05,-1.39548723607989e-06,4.09314742741114e-07
0.999858606108165,0.0168120596155548,0.000349918449738736,-0.0168120154249716,0.99985865977911,-0.00012884903355752,-0.000352035209821331,0.000122947980716717,0.9999999304775,-0.0287525006145718,0.00527958432584968,0.545051363535694,-7.01792974181916e-06,-1.28189786513745e-06,1.36536589365649e-06
0.999858605790063,0.0168120786890239,0.000349910996395137,-0.0168120345036983,0.999858659459901,-0.000128836704334416,-0.000352027552597225,0.000122935771825777,0.999999930481697,-0.0287525196666386,0.00527957818564983,0.545051372773325,-6.00184006984407e-07,-1.17583423024696e-06,2.33009292539241e-06
0.999858605479425,0.0168120975678326,0.000349891568616549,-0.0168120533892537,0.999858659143946,-0.000128824325992296,-0.000352007921780408,0.000122923715206453,0.999999930490089,-0.0287525066521322,0.00527957255566341,0.545051386831529,5.79611462304428e-06,-1.07778778909737e-06,3.29168343096213e-06
0.999858605176579,0.0168121162303981,0.000349860261513735,-0.0168120720600559,0.999858658831613,-0.000128811860995141,-0.000351976411834505,0.000122911771737282,0.999999930502649,-0.0287524618735791,0.00527956739233771,0.545051405665073,1.20923688201937e-05,-9.89468872361413e-07,4.238257823422e-06
0.999858604881737,0.0168121346586104,0.000349817336015261,-0.0168120904979797,0.999858658523213,-0.000128799260751532,-0.000351933282832067,0.000122899888453975,0.999999930519289,-0.0287523860194113,0.00527956264507768,0.545051429170389,1.82140671365961e-05,-9.11493791721624e-07,5.15853021816215e-06
0.999858604595017,0.0168121528371726,0.000349763184964864,-0.0168121086876934,0.999858658219008,-0.00012878648567862,-0.000351878926893967,0.000122888019180738,0.999999930539876,-0.0287522801450501,0.0052795582603229,0.545051457188293,2.40886834912561e-05,-8.4456817250577e-07,6.04151029196804e-06
0.999858604316437,0.0168121707540023,0.000349698335742909,-0.0168121266170619,0.999858657919207,-0.000128773499785618,-0.000351813870719471,0.000122876119070306,0.999999930564228,-0.0287521456598819,0.00527955418145144,0.545051489505959,2.96472946054474e-05,-7.89210758468247e-07,6.87675418042112e-06
0.99985860404591,0.0168121884004716,0.000349623442517983,-0.016812144277388,0.999858657623961,-0.000128760270789308,-0.000351738767840904,0.000122864144849601,0.999999930592118,-0.0287519843072282,0.00527955034971464,0.545051525859981,3.48253773732183e-05,-7.45753867271372e-07,7.65449510626408e-06
0.999858603783254,0.0168122057712722,0.000349539276971546,-0.0168121616632769,0.999858657333364,-0.000128746773290758,-0.000351654389402996,0.000122852058151985,0.999999930623279,-0.0287517981536194,0.00527954670535671,0.545051565938046,3.95587883974618e-05,-7.1427406982051e-07,8.36502473283089e-06
0.999858603528183,0.0168122228650138,0.000349446719451049,-0.0168121787732381,0.999858657047443,-0.000128732984088791,-0.000351561615238539,0.000122839820979902,0.999999930657402,-0.0287515895468938,0.0052795431883155,0.545051609385286,4.37983198779402e-05,-6.94808410970437e-07,9.00091462578104e-06
0.999858603280318,0.0168122396840984,0.000349346726980532,-0.0168121956095609,0.999858656766162,-0.000128718888247203,-0.000351461401985492,0.000122827402309087,0.999999930694153,-0.0287513610493793,0.0052795397403752,0.545051655814452,4.75144779397085e-05,-6.86257833391124e-07,9.55768371577872e-06
0.999858603039181,0.0168122562354126,0.00034924033439367,-0.0168122121790107,0.99985865648941,-0.000128704467941288,-0.000351354784032439,0.000122814766917383,0.999999930733172,-0.0287511153966643,0.00527953630442767,0.545051704812194,5.06440526147747e-05,-6.90229736644423e-07,1.00259125652047e-05
0.999858602804184,0.0168122725301429,0.00034912868327631,-0.016812228492639,0.999858656217003,-0.000128689707252382,-0.000351242902537614,0.000122801879692071,0.999999930774059,-0.0287508555710932,0.00527953282195739,0.545051755928581,5.31793746340091e-05,-7.0470553826901e-07,1.04045106856279e-05
0.999858602574699,0.0168122885814262,0.000349012931723821,-0.0168122445634348,0.99985865594872,-0.000128674621448198,-0.000351126915690995,0.000122788736424082,0.999999930816406,-0.0287505847025966,0.00527952924063202,0.545051808691723,5.50628181395646e-05,-7.29755319098273e-07,1.06848682377072e-05
0.999858602350003,0.0168123044068954,0.00034889429604652,-0.0168122604088796,0.999858655684268,-0.000128659215769413,-0.00035100803972125,0.000122775321898346,0.999999930859786,-0.0287503060273205,0.00527952550937952,0.545051862614045,5.62964842101233e-05,-7.64494459428355e-07,1.08673424783713e-05
0.999858602129318,0.0168123200270783,0.000348774013782618,-0.0168122760493436,0.9998586554233,-0.000128643505644902,-0.000350887512253584,0.000122761630728576,0.999999930903765,-0.028750022867659,0.00527952158172559,0.545051917195129,5.68501892440823e-05,-8.08112380391638e-07,1.09474023432058e-05
0.999858601911828,0.0168123354647915,0.000348653331084208,-0.016812291507481,0.999858655165434,-0.00012862751764638,-0.00035076657971348,0.000122747668524056,0.999999930947906,-0.0287497386088864,0.00527951741705043,0.545051971924811,5.67504352092554e-05,-8.59322897930946e-07,1.0928927428882e-05
0.999858589005454,0.0168136755412674,0.000319854366273081,-0.0168136248866128,0.999858628151485,-0.00016040325066325,-0.000322506116082482,0.000155002656547184,0.999999935981989,-0.0287399806050951,0.00527664574896133,0.545099159350401,0.00480531841328467,-0.00142952766478541,0.0235216279102919
0.999858528850285,0.0168190286106604,0.000206305448395693,-0.0168189696282567,0.99985851068554,-0.000284377104348897,-0.000211059205033491,0.000280867028122281,0.99999993828386,-0.0287009095971717,0.00526512548380739,0.545289132449226,0.010837811235306,-0.00316495902584037,0.0523332563262918
0.999858394473019,0.0168282742143197,1.37406412663573e-05,-0.0168282654662332,0.999858274703833,-0.000489885367731691,-2.1982619171676e-05,0.000489584766097126,0.999999879911754,-0.02863143729021,0.00524511374792682,0.545621218460923,0.0169585921088261,-0.00481809983573496,0.0803157650285542
0.999858149070153,0.016841024937296,-0.000248227855958004,-0.0168412095903229,0.999857886731096,-0.000761578073342089,0.000235366824161109,0.00076565050013258,0.999999679190833,-0.0285311777750757,0.00521708761796615,0.546090787416257,0.0231475771923605,-0.00636838782147669,0.107304435341299
0.999857753422975,0.0168567038371551,-0.000569610135681371,-0.0168573140983687,0.999857317654352,-0.00108410997282448,0.000551254341632299,0.00109355785886253,0.999999250124649,-0.0283998743471759,0.00518159353655341,0.546692562782125,0.0293545107688505,-0.00779880302973978,0.133154438782162
0.999857172715657,0.0168745242315259,-0.000940532303232695,-0.0168758710262449,0.999856551226265,-0.00144289536158908,0.000916049212284447,0.00145856157860836,0.999998516724881,-0.0282375892260113,0.00513925298482073,0.547420596877791,0.0355497564964993,-0.00911486682462488,0.157809876587309
0.999856373948011,0.0168938129353574,-0.00135298190685099,-0.0168962721281349,0.999855578078243,-0.00182728596430392,0.00132191667934354,0.00184988386891761,0.999997415229642,-0.0280443716652407,0.00509058583462681,0.548268861622643,0.0416979841545254,-0.0103264541207108,0.181239078395453
0.999855330054773,0.0169137412287945,-0.00180119924134124,-0.0169177430153229,0.999854397557606,-0.00223016949691866,0.00176321647256523,0.0022603190843041,0.999995891004212,-0.0278206480653778,0.00503613701539296,0.549231185368252,0.0477616783521685,-0.0114271653413651,0.203448669249149
0.999854018797261,0.0169334363247815,-0.00228031339986041,-0.016939452044739,0.999853018255597,-0.00264515587393669,0.00223518665685869,0.00268339699038469,0.999993901642006,-0.0275668447171989,0.0049764774443505,0.550301577449466,0.0536982374417951,-0.0124046724605833,0.224469324527415
0.999852425004866,0.016951660309729,-0.0027873687651781,-0.0169601977578293,0.999851457464413,-0.00306833803636807,0.00273494129824617,0.0031151595518787,0.999991407901619,-0.027283804937022,0.00491226345813854,0.551474183080654,0.0594694379950433,-0.0132501247963661,0.244350093305669
0.999850536645092,0.0169671746496019,-0.00331954137384467,-0.0169787702225927,0.999849735951511,-0.00349669550042609,0.00325971352286651,0.0035525346028164,0.999988376815273,-0.0269723169033083,0.00484417510405334,0.552743349515801,0.0650435151693321,-0.0139439580205318,0.263111593019975
0.99984834491093,0.0169785265091089,-0.00387515373300649,-0.0169937436236015,0.999847879048692,-0.00392828709333419,0.0038078677143846,0.00399354471764591,0.99998477575614,-0.0266335806073317,0.00477303696861496,0.554103664265858,0.0703885139420405,-0.0144736277885805,0.280806492742569
0.999845836768999,0.0169847743983047,-0.00445198094545421,-0.0170041907561143,0.999845910633958,-0.00436033086828569,0.0043772357064329,0.00443536099882989,0.99998058350169,-0.0262686843694138,0.00469963783034711,0.55554970962903,0.0754657854535868,-0.0148505762601831,0.297403048058627
0.9998429887712,0.0169852322081307,-0.00504972196363034,-0.0170094281071701,0.999843865837831,-0.00478782851913257,0.00496761115035218,0.00487296965899507,0.999975788209975,-0.0258792070036458,0.00462470886460909,0.55707593484138,0.0802457311021974,-0.0150915464072566,0.312874112338276
0.999839773594705,0.0169794482378995,-0.00566793398216995,-0.017008991870062,0.999841785687647,-0.00520555362101059,0.00557864980563494,0.0053011253968891,0.999970387929499,-0.0254665661806251,0.00454887395549468,0.558676713256048,0.0846888016175981,-0.0152158980004408,0.327211495836303
0.999836135671614,0.0169676158288191,-0.00630886822964127,-0.0170031008693883,0.999839674873366,-0.00561418827149432,0.00621259736976206,0.00572053862918405,0.9999643389,-0.0250326644696382,0.0044727561864435,0.560345919995229,0.0887770527305181,-0.0152287531976065,0.340383405744677
0.999832078284133,0.0169493583286369,-0.00696666966909601,-0.0169912669809387,0.999837628763983,-0.00600107940277051,0.00686382403717475,0.00611844423553577,0.99995772538629,-0.0245790953471441,0.00439662816786334,0.562077797574282,0.0925024321035843,-0.0151736586690362,0.352366300673336
0.999827525213889,0.0169244634613641,-0.00764737609996756,-0.0169733933323459,0.999835590691944,-0.00637930282052732,0.00753815252265954,0.00650800447414294,0.999950409837563,-0.0241079821795443,0.00432107283409862,0.563867411899752,0.0958486037252123,-0.0150304964354217,0.363268500733179
0.999822447333032,0.0168933618511923,-0.00834794192305499,-0.016949879026559,0.999833579572456,-0.00674646280026594,0.00823258221769054,0.00688676155351967,0.999942396893608,-0.0236209830934987,0.00424642280550089,0.565708751533447,0.098823552532096,-0.0148115744340948,0.373061917374491
0.999816802951786,0.0168565758081216,-0.00906732525587571,-0.0169212575237785,0.999831582879212,-0.00710471118797623,0.00894603706032793,0.00725684017156471,0.999933651144735,-0.0231201394874725,0.00417305679027035,0.567596441784983,0.101420294982129,-0.0145159614789498,0.381811715938996
0.999810554839985,0.0168143555432765,-0.0098046865439667,-0.0168877392320513,0.999829633268901,-0.00745041616329365,0.00967774220525576,0.00761458370761793,0.999924176835808,-0.0226071269735855,0.00410130233154654,0.569524822346026,0.103649682127095,-0.0141428039871391,0.389526918216067
0.999803699928717,0.0167680406539864,-0.0105543555688553,-0.0168506519446411,0.999827689774802,-0.00778757270415944,0.0104219546097712,0.00796389177527326,0.999913975944883,-0.0220838969564592,0.00403162160831975,0.571489453912508,0.105571173626906,-0.0137031084511568,0.396155643411346
0.999796235403599,0.0167177577983006,-0.0113138961895756,-0.0168100274547854,0.99982580973651,-0.00811006545609058,0.0111763433089939,0.0082985998174435,0.999903106601489,-0.0215516154915547,0.00396437813706269,0.573484669384436,0.107255369300746,-0.0131737481970155,0.401725524340545
0.999788178862753,0.0166638109143434,-0.0120795203593585,-0.0167660765855774,0.999824029528342,-0.00841478779510819,0.0119371722877615,0.00861553152864978,0.999891632395357,-0.0210115397842355,0.00389998678176227,0.575505030825941,0.108711361763439,-0.0125645451094583,0.40621651193154
0.999779554616918,0.0166066302550766,-0.0128476457597846,-0.0167191274298317,0.999822383681446,-0.00869895784201213,0.0127009034317558,0.00891184162354941,0.999879625820476,-0.0204646681130786,0.00383882532750417,0.577545114007796,0.109959818748342,-0.0118833008193932,0.409616889637695
0.999770393253878,0.0165467889940848,-0.0136148649266421,-0.0166696558433719,0.999820895364977,-0.0089610136502227,0.0134641504391851,0.00918591125371764,0.999867159020332,-0.0199120928672022,0.00378123546157175,0.579599531095115,0.111013151212093,-0.0111383921135925,0.41196733570612
0.999760734439652,0.0164847710234445,-0.0143779761090367,-0.0166180541107943,0.99981958147199,-0.00920025992813813,0.0142237178774798,0.00943699260777476,0.999854303896454,-0.0193546713594207,0.00372751050870205,0.581663155253905,0.111885292637505,-0.0103395309220022,0.413295827375486
0.99975065018153,0.016420776578134,-0.0151325991878272,-0.01656449076483,0.999818413842306,-0.00942109269441514,0.0149751496590278,0.00966940734615663,0.999841111104291,-0.0187933711715005,0.00367805322650055,0.583730407016711,0.112549101422214,-0.00942954727339212,0.413595770741221
0.999740113795272,0.0163556082935032,-0.0158807728390678,-0.0165096172387708,0.9998174693878,-0.00961563547593745,0.0157206045445417,0.00987532198595644,0.999827655452893,-0.0182293008435982,0.00363344048881668,0.585797076276609,0.113014315949564,-0.00839772258145862,0.412900846578954
0.999729208018581,0.0162890532651098,-0.0166185853269259,-0.0164531963901764,0.999816720733369,-0.00978862965480338,0.0164560919749552,0.0100594078204946,0.999813985374886,-0.0176633294890658,0.00359415914352443,0.587857937106982,0.113327488106807,-0.00729980424232412,0.411299468342975
0.999717997383924,0.0162209332416374,-0.0173437894200263,-0.0163950250414899,0.999816152340257,-0.00994307162864564,0.0171793149038253,0.0102246195182902,0.999800144176396,-0.0170961023382015,0.00356050284550486,0.589908685913198,0.113509898005834,-0.00615385484085056,0.408863008255027
0.999706557205671,0.0161503242976688,-0.0180545425050092,-0.016334241221276,0.999815714534868,-0.0100861059312232,0.017888321433556,0.0103780534885314,0.999786129110661,-0.0165282858642119,0.00353266288522062,0.591945248095179,0.113579577852049,-0.0049748122731712,0.405640482689438
0.999694951891192,0.0160762234842134,-0.0187498853797562,-0.0162699267261463,0.999815357340084,-0.0102245152083508,0.0185820517595393,0.0105264555005753,0.999771924534291,-0.0159603381226736,0.00351079214586391,0.593963847898283,0.113556859244978,-0.00376690123727641,0.401688884876503
0.999683257363948,0.0159973373450028,-0.019428590892737,-0.0162009000466315,0.99981502478836,-0.0103656666515048,0.0192591740187948,0.0106771440620253,0.999757512005183,-0.0153927351964846,0.00349502779157335,0.595960964372725,0.113454033598114,-0.00253346910468403,0.397059954416369
0.99967154368636,0.0159124828667713,-0.0200897394892222,-0.0161260749463853,0.999814674678893,-0.0105150370214529,0.019918696005353,0.0108355519358116,0.999742885127818,-0.0148258007914006,0.00348548952215557,0.597933327542729,0.113284506790196,-0.00127636560566904,0.391791027743318
0.999659888206657,0.015820579731653,-0.0207320324041895,-0.016044451101554,0.999814272998872,-0.0106768486262154,0.02055926797101,0.0110058513842267,0.999728056891375,-0.0142598879245116,0.00348229706177446,0.599877806814408,0.11305402456244,4.75841948401346e-06,0.385918311827156
0.999648367102114,0.0157208829040744,-0.0213540626297017,-0.0159553432945958,0.999813791344761,-0.0108540157161586,0.0211794516083029,0.0111909104871499,0.999713056007593,-0.0136952498251399,0.00348556366739845,0.601791499029079,0.112771076240686,0.0013046120544695,0.379480963393569
0.999637066622171,0.0156129741757061,-0.0219538168073656,-0.0158583974939054,0.999813189549056,-0.0110497616567005,0.0217771959615541,0.0113939036828178,0.999697920721514,-0.0131321581603651,0.00349536262617862,0.603671663421051,0.112444105572186,0.00261717046279926,0.372519418237301
0.999626066466699,0.0154967786419927,-0.0225294716324107,-0.0157535835710452,0.999812431424537,-0.0112661694300284,0.0223506564777104,0.0116168765456594,0.999682697826834,-0.012570812067801,0.00351177414701072,0.605515774117941,0.112057143274772,0.0039576989791066,0.365054131719809
0.999615458566338,0.0153721177258009,-0.023078842948323,-0.0156407522720601,0.999811485240556,-0.0115048185312724,0.0228976388209196,0.0118613649171409,0.999667447783877,-0.0120116018753291,0.00353498794414834,0.607321338044483,0.111602664958513,0.00533365851039333,0.357119478221205
0.999605317134291,0.0152388822040255,-0.0236005598668112,-0.0155197849665494,0.999810339047887,-0.0117652967469,0.0234167937909351,0.0121269288000871,0.999652235213042,-0.0114547810136318,0.00356512219435533,0.609086235659228,0.111098289092958,0.00671553948117248,0.348814611503621
0.999595690769849,0.0150970379960592,-0.0240942822697502,-0.0153906037327701,0.999808999866273,-0.0120454598560357,0.0239078294934881,0.0124114153160737,0.999637120388575,-0.0109006143949518,0.00360212377326623,0.610808867863236,0.110545947726216,0.00807861026951721,0.34022590138319
0.999586606191271,0.014946541711647,-0.0245604888770561,-0.0152531218594491,0.999807476752342,-0.0123430832313916,0.0243712740036051,0.0127126048069725,0.999622143953636,-0.0103493243913698,0.00364585976624393,0.612487971519483,0.109941422284389,0.00939982792471883,0.33142069147226
0.999578090983454,0.0147869319593986,-0.0249997333806355,-0.0151068600902959,0.999805770247951,-0.0126571938877799,0.0248077166238042,0.0130295211780305,0.999607327290964,-0.00980120533118967,0.00369606192341223,0.61412261925022,0.109284507295735,0.010669839654219,0.322446150466718
0.999570163808194,0.0146179672792726,-0.0254126475811126,-0.0149515440903948,0.999803884109597,-0.0129863254493357,0.0252178300766084,0.0133607017774217,0.999592693397787,-0.00925649254374464,0.00375249656104366,0.615712003666396,0.108570445243711,0.0118875151188326,0.313316036113647
0.999562846183107,0.0144391054039125,-0.0257997822754793,-0.0147865846292302,0.999801832206161,-0.013328662056111,0.0256022156332229,0.0137043260446512,0.9995782700731,-0.00871552931248995,0.00381486953830777,0.617255386396389,0.107788737596553,0.0130482012797329,0.304051850476271
0.999556147273313,0.0142502185717109,-0.0261617988447017,-0.0146118395325359,0.999799604686323,-0.013683735401845,0.0259615599224621,0.0140599338451769,0.999564062812715,-0.00817865299367235,0.00388290213749386,0.618752181882045,0.106925544788381,0.0141447704487713,0.294688487303275
0.999550077154708,0.0140512699069969,-0.0264991523264183,-0.0144272763392295,0.99979717740678,-0.0140519659431355,0.0262963297334344,0.014427954236005,0.999550067369872,-0.00764633192570937,0.00395623770297743,0.620201967636489,0.105974295211846,0.015174602056471,0.285247861629532
0.999544627804742,0.0138424098885302,-0.0268127714934282,-0.0142330415306473,0.999794530302054,-0.0144332154034709,0.026607471797744,0.0148082702087057,0.99953627126681,-0.00711904501184039,0.00403454085284435,0.621604512194122,0.104902660883236,0.0161263483495351,0.275801012467198
0.999539826839505,0.0136240316563021,-0.0271020354047562,-0.0140293992256747,0.999791696827167,-0.0148235931143893,0.0268944328629405,0.0151969969692177,0.999522756501371,-0.00659733909527033,0.00411737508258915,0.622959339233025,0.103748929286762,0.017014189555343,0.266301538848437
0.999535596072497,0.0133961956297584,-0.0273703146976343,-0.0138165591023609,0.99978859195507,-0.0152274124876759,0.0271605389962951,0.015598504388181,0.999509375534958,-0.00608166676378815,0.00420450558017794,0.624266921038733,0.102469418448976,0.0178195199088727,0.256792426574168
0.999531947720248,0.0131597734655399,-0.0276171296282489,-0.0135952960580904,0.999785225652894,-0.0156419465312173,0.0274053537043531,0.0160100883360543,0.999496184915086,-0.00557278041703277,0.00429548350143051,0.625527142095002,0.101045594757208,0.018556306735388,0.247337749302056
0.999528858573372,0.0129154521709333,-0.0278433470371725,-0.0133662717713886,0.999781582466519,-0.0160664289646655,0.027629760367138,0.0164310211479262,0.999483175389207,-0.00507134424567405,0.00438998427633093,0.626740222576194,0.0994810850928198,0.0192224112857987,0.237951185165237
0.999526295326068,0.0126639236269039,-0.0280501335133649,-0.0131301127420718,0.99977767528391,-0.0164984891211705,0.0278349616692054,0.0168589751252216,0.999470354671213,-0.00457809333205865,0.0044876241302531,0.627906639936027,0.0977849257194956,0.0198186233887074,0.228675624988516
0.999524219424904,0.0124060645507546,-0.0282387029694838,-0.0128875796623541,0.999773550162955,-0.0169339506615722,0.0280222246347912,0.0172898223508686,0.999457761473487,-0.00409360173518097,0.0045880999332007,0.629027027037742,0.0959720951600087,0.020355537283356,0.219554197770314
0.999522631604955,0.0121425176236805,-0.0284089453388472,-0.0126392233241046,0.999769233310639,-0.0173703816659832,0.0281914693350739,0.017721156599306,0.99944544706828,-0.00361846054296757,0.00469118009694712,0.630101948293744,0.0940503138777694,0.0208438544523886,0.210592534234604
0.999521415882162,0.0118748443058261,-0.0285644405796734,-0.0123863584369397,0.999764884332311,-0.017797589181468,0.0283463810316054,0.0181428809375204,0.999433498815053,-0.00315317337947157,0.004796520995231,0.631132832109172,0.0920310598861695,0.0212783834341157,0.201839103567689
0.999520560105584,0.0116037547832096,-0.0287054489801301,-0.012129610575947,0.999760546740133,-0.0182132295089694,0.0284872335177635,0.0185526832776733,0.999421970675902,-0.00269822766129442,0.00490390780099353,0.632120474665617,0.0899219636584562,0.0216663765218899,0.193291936824482
0.999520010426089,0.0113300746558154,-0.0288336290834797,-0.0118697057052473,0.999756294048572,-0.0186135057615514,0.0286157097465859,0.0189468181644871,0.999410906102761,-0.00225402104422664,0.00501313585893942,0.633065906691873,0.0877324961658034,0.0220139918883089,0.184961412515525
0.99951971003393,0.0110545098461323,-0.0289507696918611,-0.0116072780411938,0.999752191387996,-0.0189954444900589,0.0287336101136603,0.0193223608019893,0.999400333211308,-0.00182099934804258,0.00512399725371637,0.633970374800052,0.0854559332148719,0.0223239060652161,0.176895990619625
0.999519614860258,0.0107776067474193,-0.0290582639261258,-0.0113428343701874,0.999748284475051,-0.0193573706283422,0.0288423233816712,0.0196776747099471,0.999390268863949,-0.00139949658854513,0.00523635416685278,0.634834986904668,0.0831165282537622,0.0226142188047018,0.16904346929013
0.999519695398633,0.0104996976437534,-0.0291570722058047,-0.011076687036212,0.999744605310192,-0.0196985064781534,0.0289427972823389,0.0200120089585678,0.999380725240844,-0.000989903123067556,0.00535012498026998,0.635661078898389,0.0806983367931842,0.0228925983455868,0.161484840109461
0.999519918647164,0.0102211326180493,-0.0292482593596777,-0.0108092197863112,0.999741151173187,-0.0200197756861366,0.0290360636997845,0.0203263154289275,0.999371676557779,-0.00059263820314827,0.005465280271453,0.636450241156521,0.078177562557733,0.0231705087991515,0.154267751142898
0.999520216800737,0.0099425797701298,-0.0293339617870357,-0.0105413016892759,0.999737812813234,-0.0203269916639732,0.0291241680620122,0.02062645725582,0.999362963139904,-0.000208255135636844,0.00558189220389355,0.637203592739824,0.0755748294384392,0.0234523865448754,0.147297308756085
0.999520655076239,0.00966347088164513,-0.0294121982600212,-0.010272214968098,0.999734680326189,-0.0206167541757161,0.0292051652215217,0.0209090000624688,0.999354727832301,0.000163016814279055,0.00569982634216858,0.637923034037411,0.0729104891214474,0.0237158778274809,0.140562439381247
0.999521172295833,0.00938451370998033,-0.0294848611119604,-0.0100028247033687,0.999731668291214,-0.0208934179496797,0.0292808748215978,0.0211783454994368,0.99934684071727,0.000520794543770435,0.00581903060856795,0.63860949055538,0.0701818689691682,0.0239628280561856,0.134110013768568
0.999521710246444,0.00910628025773146,-0.0295537883509256,-0.0097337535906051,0.999728767887833,-0.0211576156149984,0.0293531052371132,0.0214351654377169,0.999339246149973,0.000864790298671735,0.00593944258807344,0.639264439909606,0.0673975958502788,0.0241999764937198,0.127963229533685
0.999522211226143,0.00882941112347903,-0.0296207826502648,-0.00946567615375819,0.99972598270638,-0.0214093548878789,0.0294236340473746,0.0216795064744462,0.999331901201233,0.00119474004975233,0.00606102169564892,0.639889423714148,0.0645700217014023,0.0244301275115934,0.122116045748681
0.999522625979699,0.00855459058660224,-0.029687356476167,-0.00919930009707673,0.999723320739927,-0.021648437506144,0.029493949080639,0.0219112060058116,0.99932477504513,0.00151047550856095,0.00618374107706683,0.640485899273535,0.0617120859283676,0.0246580992304913,0.116564674467365
0.99952291541891,0.00828244703509341,-0.0297547075870868,-0.00893524569972619,0.999720810415152,-0.0218737881300135,0.0295652318909847,0.0221292181059807,0.999317864730362,0.00181183574510986,0.00630760074983724,0.641055462059913,0.0588240885671338,0.0248851264327793,0.111334412628556
0.999523060214944,0.00801349477362176,-0.0298234136219878,-0.00867401149159164,0.999718478170705,-0.0220845178506202,0.0296380435116552,0.0223326734978991,0.999311181800363,0.0020987344904711,0.00643259177533668,0.641599414440113,0.0559280398373647,0.0251119085239126,0.106325449680533
0.999523052418118,0.0077481143254305,-0.029893718557064,-0.0084159511198387,0.999716355033771,-0.0222796150043083,0.0297126143500934,0.0225205728699732,0.999304750487103,0.00237111642508805,0.00655872321823094,0.642119066233424,0.0530210607610726,0.0253415643089503,0.101603709121988
0.999522888826756,0.00748663562968998,-0.0299657303993273,-0.00816139339417128,0.999714450717244,-0.0224590446142815,0.0297890310228864,0.0226928912672882,0.999298577161325,0.00262897755476588,0.00668601001909115,0.642615600321063,0.0501202588440349,0.0255744275471781,0.09707963449988
0.999522582204402,0.00722937945033788,-0.0300390368721885,-0.00791064053909589,0.999712778827996,-0.0226225907947742,0.029866861731807,0.0228494183901828,0.999292687179049,0.00287234576876338,0.00681447020503509,0.643090076828435,0.0472253652471762,0.0258104349936507,0.0927746315155367
0.999522148361432,0.00697659437523225,-0.0301131543659993,-0.00766393982647152,0.999711338342097,-0.0227706832701793,0.0299456000321123,0.0229905876649136,0.99928709284046,0.00310126428266244,0.00694411408009265,0.643543540035816,0.0443420498513492,0.0260472674593994,0.0886702253703193
0.999521602598011,0.00672859720410337,-0.0301876120216427,-0.00742158788635193,0.999710141513632,-0.0229031217967945,0.0300247560048279,0.0231162050185272,0.999281819654692,0.00331579845799578,0.00707494177620127,0.643977038425363,0.0414727646048708,0.0262841314569121,0.0847825358484084
0.999520962451916,0.00648555139244486,-0.0302619107514926,-0.00718375243470935,0.999709181669124,-0.0230205514140752,0.0301038090638403,0.0232269177806102,0.999276874029546,0.00351604218188663,0.00720695210781724,0.644391468741102,0.0386282993158096,0.0265198952683786,0.0810432252641474
0.999520245569297,0.00624758673434981,-0.030335562580745,-0.00695056486549302,0.999708453705649,-0.0231235213043115,0.0301822521549353,0.0233232769879609,0.999272263402422,0.00370213014366948,0.00734013592980169,0.644787630702822,0.0358097039533666,0.0267532361516159,0.0774726839596882
0.99951946819509,0.00601481048183533,-0.0304081363104207,-0.00672214940532413,0.999707941006014,-0.0232130436799781,0.0302596332822792,0.0234062971096172,0.999267981999443,0.00387419234783464,0.00747447794894135,0.645166353367036,0.0330210908296046,0.0269828194402607,0.0740675461731288
0.999518650821468,0.00578747248426273,-0.0304790390641913,-0.00649876992120516,0.999707624723665,-0.0232901493958271,0.0303353366479397,0.0234770149638451,0.999264027731832,0.00403240007417762,0.00760995541283972,0.64552845904508,0.0302677568789143,0.0272069329180378,0.0708224060468449
0.999517808749473,0.00556577828809143,-0.0305478657961681,-0.006280650632613,0.999707485632221,-0.0233558686101582,0.0304089365201078,0.0235364670873036,0.999260392138488,0.0041769355161788,0.00774653477949305,0.645874720097073,0.0275554953905673,0.0274225588477439,0.0677277046158083
0.999516905404692,0.00534945391496768,-0.0306159950522692,-0.00606742302620816,0.99970762695054,-0.0234061315629202,0.03048183373831,0.0235805843806155,0.999257130998933,0.00430798267624575,0.0078840630518402,0.646205265291443,0.0248920288046601,0.0276183820442009,0.0647508265681463
0.999516059450694,0.0051398402345739,-0.0306794547298534,-0.00586058826293466,0.999707847919196,-0.0234493563660705,0.030549965717991,0.0236178079239728,0.99925417124148,0.00442587427532345,0.00802262939775799,0.6465218781303,0.0222764997582894,0.0278038518168314,0.0619360929677572
0.999515245539575,0.00493674401857469,-0.03073926629668,-0.00565986005093927,0.999708243413008,-0.0234817809435869,0.0306143743716399,0.0236443779908435,0.999251571663142,0.00453083028052365,0.00816207150150126,0.646824801000589,0.019714880823734,0.0279688017030823,0.0592693170032271
0.999514487031565,0.00474029967636955,-0.0307948010710526,-0.00546536895594961,0.99970880719961,-0.0235038411692319,0.0306744185960033,0.0236607346993146,0.999249343095749,0.00462310931681589,0.00830228835632218,0.647114692353399,0.01720995685148,0.0281131499695394,0.0567228427373219
0.999513805836877,0.0045506132511959,-0.0308454836324474,-0.00527723315432055,0.999709521716478,-0.0235164410497592,0.0307295094610454,0.0236677863022696,0.999247483429322,0.00470300404691089,0.00844317850151017,0.647392091307131,0.0147587644684707,0.0282381851256278,0.0542712402586245
0.999513218648882,0.00436780833855972,-0.0308909047531688,-0.00509558997439971,0.999710371079248,-0.0235203936915483,0.030779225282072,0.0236663517870887,0.999245987274468,0.00477078660945897,0.00858464134718864,0.6476575027614,0.0123710777383602,0.0283418390642627,0.0519264270165208
0.999512729260783,0.00419195678653732,-0.0309310773165327,-0.00492053787483385,0.999711337448633,-0.0235165916681909,0.0308235681367982,0.0236573302586303,0.999244834048368,0.00482681887676294,0.00872656457399172,0.647911489777823,0.0100542841137729,0.028423200270906,0.0496969333206202
0.999512344091097,0.00402312963634942,-0.0309659238106908,-0.00475216912000621,0.99971240556112,-0.0235058089810427,0.0308624512664701,0.0236415015413052,0.999244008491769,0.00487143344758602,0.00886884232405326,0.648154545800407,0.00780916222404671,0.0284825608458957,0.0475489284896495
0.999512070283119,0.00386138528781315,-0.0309953393595524,-0.00459055398330299,0.999713566941802,-0.0234885267019003,0.0308957630182706,0.0236193517302775,0.999243502881735,0.00490500986179919,0.00901136167910716,0.648387049128146,0.00563580005211552,0.0285209958873836,0.0454762989332515
0.999511906935685,0.00370674910435655,-0.03101947621847,-0.00443574149538835,0.999714808894557,-0.0234654016438252,0.0309236493832304,0.023591542721859,0.999243297210857,0.00492790407370699,0.00915402134300526,0.648609361375475,0.0035415048055547,0.0285374963886579,0.0434669600667904
0.999511854211795,0.0035593169655968,-0.0310384367009479,-0.00428784204759217,0.999716124542099,-0.0234368244670827,0.0309462065635715,0.023558471793908,0.999243379115449,0.00494052821463768,0.00929670764905671,0.648821768553126,0.00152325228002003,0.0285326932984032,0.0415151349211787
0.999511914001241,0.00341910040859467,-0.0310522708021695,-0.00414688914201629,0.999717500774429,-0.0234034603375867,0.0309634797789129,0.0235208077608979,0.999243731289947,0.00494323015558151,0.00943932305509081,0.649024522139809,-0.000421434789609531,0.0285079581694037,0.0396010977374856
0.999512087930979,0.00328596989283357,-0.0310610444402303,-0.00401277638925901,0.999718924441546,-0.0233659953584018,0.0309755339825543,0.0234792358330172,0.999244335375084,0.00493642032848085,0.00958176170577774,0.649217813170961,-0.00228599015868633,0.0284643012787004,0.037733601199338
0.999512370140535,0.00315976825898752,-0.0310650575502517,-0.00388538584235464,0.99972037444039,-0.023325451884657,0.0309826679436582,0.0234347774326302,0.999245157853555,0.00492047754291698,0.00972394761706745,0.649401894018377,-0.00406936889614826,0.0284073024333472,0.0359132820377051
0.999512752604734,0.00304038411290352,-0.0310646655374606,-0.0037646373300186,0.999721836496166,-0.0232825500859674,0.03098523658586,0.0233881529236097,0.999246170578872,0.00489584926542487,0.00986581369706869,0.649577002271202,-0.00576601992828863,0.0283361435252103,0.0341447303189563
0.999513230174041,0.00292774858857768,-0.0310601190476859,-0.00365047926113613,0.999723304795043,-0.0232376386674986,0.0309834908978694,0.0233397116066007,0.999247357341466,0.00486290851223322,0.0100072976830378,0.649743354384636,-0.00738886386873872,0.0282563464724919,0.0324096189974972
0.9995138007903,0.00282179301137991,-0.0310515621818004,-0.00354288002923159,0.999724756676832,-0.0231917849366443,0.0309775730299803,0.0232905210686669,0.999248688564324,0.00482206314459645,0.0101483654309576,0.649901130396291,-0.00893317531686036,0.0281683832468734,0.0307148073762781
0.999514461296856,0.00272241030192697,-0.0310391710682506,-0.00344174192178782,0.999726190981504,-0.0231451394067398,0.030967661697325,0.0232407303620513,0.9992501550569,0.00477370127764978,0.0102889698741043,0.650050554260502,-0.0103907953714009,0.0280725797141661,0.0290666572205782
0.999515205740936,0.00262949323701873,-0.0310232051530853,-0.00334698404144122,0.999727595127045,-0.0230983384537211,0.0309540173560764,0.0231909746844066,0.9992517338002,0.00471825367085702,0.0104290852011339,0.650191837956865,-0.0117729865906859,0.0279730430348454,0.0274603458622763
0.999516035136212,0.00254285674293481,-0.0310036995400702,-0.00325844906380301,0.999728951740693,-0.0230522354914777,0.0309366775088185,0.0231421029952089,0.999253403823912,0.00465605800798755,0.0105686973466137,0.650325177979848,-0.0130835653139984,0.0278720946921539,0.0258875354369604
0.999516943380763,0.00246249628375558,-0.0309808974503778,-0.00317614847649751,0.999730255165852,-0.0230071507770229,0.0309158854900451,0.0230944369507878,0.999255150102462,0.00458753624945815,0.0107078039549197,0.650450776804062,-0.0143092348155842,0.0277703673601352,0.0243666251021316
0.999517923666559,0.00238837422982649,-0.030955063201818,-0.00310004940718297,0.999731508481397,-0.0229630277442623,0.0308919077261873,0.0230479200373707,0.999256965659478,0.00451307635883037,0.0108464002855274,0.650568888097722,-0.0154534300111638,0.0276686695448537,0.022889035542589
0.999518968876308,0.00232040703685053,-0.0309264703389548,-0.00303007151930223,0.999732716022237,-0.0229197552645997,0.0308650210275456,0.0230024395659366,0.999258844469732,0.00443310190052258,0.0109844887795244,0.650679714115068,-0.0165201277504106,0.0275666018918647,0.0214542349492735
0.999520070733631,0.00225850282351456,-0.0308954262898898,-0.00296612073550687,0.999733886547264,-0.0228770237767986,0.0308355367785326,0.0229576839881114,0.999260783988585,0.00434796097898601,0.0111220663091795,0.650783462116607,-0.0175140550815915,0.0274654873962848,0.0200574169948602
0.99952121465505,0.0022024847527248,-0.0308624450652936,-0.00290803258173597,0.999735021517555,-0.0228348439407445,0.0308039737858254,0.0229136599479134,0.99926276793784,0.00425806080108829,0.0112591460268754,0.650880341606195,-0.0184293782099514,0.0273671760693083,0.0187098261734317
0.999522382716226,0.00215216791220515,-0.03082814659619,-0.00285563639584801,0.999736122590784,-0.022793212321228,0.0307709569245614,0.0228703598665073,0.999264777148441,0.00416376670640576,0.0113957434746413,0.650970618688429,-0.0192658497148938,0.0272740764065786,0.017414842920523
0.999523550488913,0.00210738061998295,-0.0307933591048597,-0.00280878416901395,0.999737187691546,-0.0227522807228225,0.0307373185156126,0.0228279323093605,0.999266782574578,0.00406549958667473,0.0115318925527985,0.651054542927665,-0.0200250819853151,0.0271864484693687,0.0161675786995854
0.999524700994751,0.00206778119596366,-0.0307586797876402,-0.00276714969659272,0.999738217155626,-0.0227121122101813,0.0307036640144073,0.0227864310372827,0.999268764435611,0.00396363257172172,0.0116676194873865,0.651132353245961,-0.0207014975680898,0.027107323666548,0.014966414235618
0.999525816210812,0.00203306933740899,-0.0307247352662368,-0.00273046180354428,0.999739201371033,-0.0226731960770502,0.0306706261176787,0.0227463375310898,0.999270692466497,0.00385857607493768,0.0118029758311337,0.651204257163699,-0.0213058840286176,0.0270370805828981,0.0138067989911732
0.999526884216131,0.00200298705792555,-0.030691949629154,-0.00269848228220601,0.999740133984786,-0.0226358718289308,0.0306386344761865,0.0227079841229675,0.999272546172717,0.00375064857875682,0.0119380012505097,0.651270454930788,-0.0218453763333398,0.026977040323657,0.0126821188547477
0.999527897278083,0.00197726541061762,-0.0306606096539364,-0.00267096030109257,0.999741007475092,-0.0226005297229574,0.0306079815395441,0.0226717532225514,0.999274308221667,0.00364022428605781,0.012072762211385,0.651331135911643,-0.0223103331505956,0.0269294149651835,0.0116007930392134
0.999528852941001,0.0019557334155367,-0.0306308218181306,-0.00264772315893197,0.999741825648149,-0.0225670470327927,0.030578778597589,0.0226375165712579,0.999275978467894,0.00352761360384322,0.0122073071065562,0.651386500309186,-0.0227156082256206,0.0268925942440925,0.0105556881843157
0.999529744575202,0.00193837135693802,-0.0306028172872128,-0.00262874984538908,0.999742593613167,-0.0225352210965009,0.0305512582994922,0.0226050709377435,0.999277554728524,0.0034131471336644,0.0123417060599563,0.651436748003771,-0.0230573508508333,0.0268708206186674,0.00955668430966087
0.999530567781645,0.0019249950550137,-0.0305767634673882,-0.0026138529304793,0.999743317184563,-0.0225048332067694,0.0305255932450175,0.0225741918757873,0.999279037115357,0.00329713524315665,0.0124760421083201,0.65148213804997,-0.0233309264147727,0.0268686285572176,0.00861030444055189
0.99953132160299,0.00191542554470993,-0.0305527131293402,-0.00260283959558824,0.999744008014249,-0.0224754013455612,0.0305018419217712,0.0225443914219721,0.999280435140603,0.00317991009315237,0.012610411835704,0.651522911227457,-0.0235468418711012,0.0268827064822915,0.00771092377872267
0.999532005926593,0.0019096246248039,-0.0305306806696839,-0.00259565922687262,0.999744675633342,-0.0224465163435524,0.0304800210226276,0.0225152587499179,0.999281757785003,0.00306172822383875,0.0127448872902931,0.651559294820569,-0.0237086406384496,0.0269132553709078,0.0068544927690137
0.999532613719675,0.00190756057070822,-0.0305109049912231,-0.00259228867764785,0.999745317715796,-0.0224182904065688,0.0304603701574045,0.022486905478758,0.999282995418147,0.00294289609954998,0.0128795665967021,0.651591517094824,-0.0238116861729894,0.026962362781693,0.00604739619267999
0.999533140608974,0.0019090058299986,-0.0304935488439973,-0.00259250936416265,0.999745930813798,-0.0223909070037008,0.0304430570008491,0.0224595084094172,0.999284139152849,0.00282370154861764,0.0130145368680535,0.651619837583188,-0.023850038145649,0.0270305394324047,0.0052907699545168
0.999533586574733,0.00191385826318829,-0.0304786229282147,-0.00259621626245762,0.999746517368664,-0.0223642721845934,0.0304280950795547,0.0224329702843038,0.999285190961046,0.00270444993610649,0.0131498862702343,0.651644468749351,-0.0238384852080356,0.0271125786776055,0.00457279486481552
0.999533956434773,0.00192199932238334,-0.0304659786065379,-0.00260328693660058,0.999747077942772,-0.022338375993232,0.0304153387450311,0.0224072770209599,0.99928615576597,0.00258538444277123,0.013285680174005,0.651665616050855,-0.0237716850336428,0.0272094301568367,0.003895157290585
0.999534255294122,0.00193340095545179,-0.0304554503229155,-0.00261368873024385,0.999747613111227,-0.0223131958631297,0.0304046234123613,0.0223824046775688,0.999287039261494,0.00246681205103819,0.0134220022268565,0.651683477972622,-0.0236463711044512,0.0273227001972072,0.00325880212711446
0.99953449242862,0.00194800923377139,-0.0304467355472807,-0.00262737367677602,0.999748113478404,-0.0222891566447686,0.0303956469420127,0.0223587758251115,0.99928784131029,0.00234898923702527,0.0135589249283139,0.651698247272553,-0.0234686028073517,0.0274501465232047,0.00265600230218193
0.999534671963379,0.00196578076915041,-0.0304396985699278,-0.00264429961998169,0.999748575857095,-0.0222664040929597,0.0303882744258405,0.0223365345942213,0.999288562928517,0.00223218532002263,0.0136965159969206,0.651710081600693,-0.0232426632878696,0.0275883781471136,0.0020856664844527
0.999534796928787,0.00198672911385408,-0.0304342346044298,-0.00266447008136434,0.99974900569022,-0.0222446897169337,0.0303824016120323,0.0223154325265119,0.999289212962614,0.00211662631268306,0.0138348211688963,0.651719143737629,-0.0229677112956336,0.0277365823027131,0.00154558918924827
0.999534865922676,0.0020108900019891,-0.0304303816331291,-0.00268792129411726,0.999749402927907,-0.0222240055887977,0.0303780658379465,0.0222954629172435,0.999289790525877,0.00200256259929157,0.0139738916532674,0.651725579392633,-0.0226482999108536,0.0278934491086789,0.00103616210221907
0.999534880043152,0.00203827596440561,-0.0304280957046988,-0.00271466697694105,0.999749765705864,-0.0222044264568006,0.0303752228028979,0.022276700881506,0.99929029537843,0.00189018594156139,0.0141137618132966,0.651729536396102,-0.0222899205987637,0.0280566431428637,0.00055231511629119
0.999534840246975,0.00206888377845499,-0.0304273372539494,-0.00274469966937954,0.999750096226084,-0.02218584502923,0.0303738334126471,0.0222590389695366,0.999290731182859,0.0017797123800688,0.0142544646152681,0.651731138092366,-0.021890859444602,0.0282258218047884,9.51077350715318e-05
0.999534749517557,0.00210269127961787,-0.0304280002014253,-0.0027779908559745,0.999750397174401,-0.0221681329035821,0.0303737925468559,0.022242347875379,0.999291104076941,0.00167133499592183,0.0143960284544355,0.65173052585576,-0.0214497439096507,0.028401530490306,-0.000335293942121601
0.999534610434705,0.00213974576649672,-0.0304299857245755,-0.00281458048109807,0.999750671875331,-0.022151122353949,0.0303750009030211,0.0222264610966063,0.999291420831412,0.00156525623034729,0.0145384834375545,0.651727819999379,-0.0209744003763894,0.0285810827352186,-0.000741212101650984
0.999534424067035,0.00218001355946466,-0.0304332490191422,-0.00285442521195957,0.999750926384899,-0.0221345306985887,0.0303774153227344,0.0222110948270901,0.999291689100281,0.00146163352971709,0.0146818402981664,0.651723139900618,-0.0204656475696985,0.0287621516613982,-0.00112788366207271
0.999534192285969,0.00222340162296311,-0.0304377222613359,-0.00289742241030166,0.999751166471254,-0.0221180940124373,0.0303809709293745,0.0221959821722252,0.99929191679949,0.00136063384180824,0.0148261043320257,0.651716564836171,-0.019928171418714,0.0289435863802046,-0.00149874611692442
0.999533920905446,0.00226982844047848,-0.030443206766628,-0.00294348840575133,0.999751390292105,-0.0221018887203765,0.0303854707942806,0.0221811967182452,0.999292108283037,0.00126238610268732,0.0149712759420323,0.651708170974759,-0.0193634695451028,0.0291254448858055,-0.00185712680548471
0.999533612890251,0.00231925020642587,-0.0304495941030659,-0.00299258470923394,0.999751591906212,-0.0220861702826423,0.0303908068224509,0.022166992567234,0.9992922612035,0.00116702765956424,0.0151173575052105,0.651698018012679,-0.0187745835663959,0.0293071537523611,-0.00220026385200848
0.999533266542077,0.00237157466777841,-0.0304569320405159,-0.00304462901869151,0.999751764653888,-0.022071232534103,0.0303970279774848,0.0221536612105326,0.99929236762076,0.00107466867867553,0.0152643462982775,0.651686189600055,-0.0181627692163906,0.0294885263405818,-0.00252917583459477
0.999532880770202,0.00242673136348839,-0.0304652463326682,-0.00309955683377447,0.999751904376357,-0.0220572537565744,0.0304041610088963,0.0221413791516513,0.999292422828577,0.000985424123211389,0.0154122414275795,0.651672753033243,-0.0175303356503005,0.02966954412062,-0.00284140796729764
0.999532448269908,0.00248473753099735,-0.0304747589812714,-0.0031573933039292,0.999752008384374,-0.0220443325808612,0.0304124271160464,0.0221302465149707,0.999292417896833,0.000899383058742704,0.0155610399870572,0.651657799609803,-0.0168801772298504,0.0298498504339433,-0.00313716541539041
0.999531965704495,0.002545570914317,-0.030485563856151,-0.00321811774252356,0.999752076639,-0.0220324527504945,0.0304219206018051,0.0221202469409295,0.999292350327055,0.000816642361788067,0.0157107374083911,0.651641407406022,-0.0162123422976426,0.0300287940796968,-0.00341592700267383
0.99953143361368,0.00260917448839335,-0.0304976298533188,-0.00328167071470241,0.999752110079008,-0.0220215582984353,0.030432611710157,0.0221113229151998,0.999292222297081,0.000737283013223396,0.015861322954475,0.651623669498648,-0.0155268393564519,0.0302047225966252,-0.00367609017958516
0.999530851814007,0.00267542945062436,-0.0305109545773482,-0.00334792835515391,0.999752112215269,-0.0220114855663422,0.0304445011076718,0.02210330740779,0.9992920374715,0.000661389246619213,0.0160127802174512,0.651604677594289,-0.0148276074016947,0.0303777386137272,-0.00391630575906156
0.999530219910529,0.00274424536164426,-0.0305255401754732,-0.00341680851558857,0.999752076851488,-0.0220025055551398,0.0304575919136287,0.022096469141726,0.999291789792297,0.000589016254698264,0.0161650975724653,0.651584534517834,-0.0141180225795019,0.0305490162045785,-0.00413720256955914
0.999529543693368,0.00281542233194019,-0.0305411964602155,-0.00348812424813795,0.999751991739723,-0.0219951813288147,0.0304716962665064,0.022091365044983,0.999291472653045,0.000520223168312095,0.0163182649708451,0.651563338253881,-0.0133970095293929,0.0307169876400884,-0.00433730381809859
0.999528828061364,0.00288885957126579,-0.0305577545747863,-0.00356176745285309,0.999751859384383,-0.0219893944909961,0.0304866476820126,0.0220878733210411,0.999291093808639,0.000455055460407171,0.0164722601862355,0.651541190369691,-0.0126676012675323,0.0308799383813679,-0.00451853564916299
0.999528079169663,0.00296447681124397,-0.0305750033301649,-0.00363764516180081,0.999751685454746,-0.0219848804425064,0.0305022374438471,0.0220857263324091,0.999290665523945,0.000393552585928894,0.0166270598354284,0.651518184084635,-0.0119322329926146,0.0310395945457123,-0.00467980712102091
0.999527301590612,0.00304223375554923,-0.030592780010438,-0.00371572335534343,0.999751462513181,-0.0219819608475225,0.0305183022944759,0.0220852443167843,0.999290185686085,0.00033573849794641,0.016782653080841,0.651494424424508,-0.0111915988758368,0.0311973681304963,-0.00482003284511784
0.999526495476491,0.0031220445422678,-0.0306110711730301,-0.00379592342570033,0.999751184966749,-0.0219808808497034,0.0305348293892473,0.0220866700853418,0.999289649300297,0.00028163640893698,0.0169390284483637,0.651470010719368,-0.010448769062633,0.03135141095197,-0.00494213562371875
0.999525667913772,0.00320378726610668,-0.0306296413410771,-0.00387811011310117,0.99975085874499,-0.0219813716725195,0.0305515865951369,0.0220897303244814,0.99928906947425,0.000231252089345121,0.017096157795527,0.651445032273527,-0.00970417172444619,0.0314990469280759,-0.00504597935735803
0.999524821204848,0.00328735282313794,-0.0306484111632682,-0.00396216203156954,0.99975049144694,-0.0219830872180746,0.0305684979587177,0.0220940752922156,0.999288456237502,0.000184594547320596,0.0172540117308267,0.651419580062516,-0.00895833604266697,0.031641476811657,-0.00513126427851307
0.99952395366535,0.00337288042495061,-0.0306674049574869,-0.00404820858196739,0.999750089578503,-0.0219856861401467,0.0305855857629765,0.0220993679867805,0.999287816336275,0.000141667745669676,0.0174125646734503,0.651393747467465,-0.008212008014079,0.0317783714302774,-0.00519860294366869
0.999523066126461,0.00346033245514199,-0.0306865830691451,-0.00413621397235533,0.999749650856365,-0.021989255252307,0.0306028105757387,0.0221056941052777,0.999287149058262,0.000102471033097277,0.0175717884563355,0.651367619173112,-0.00746672951695742,0.0319096353003019,-0.0052494666194001
0.999522160552603,0.0035497142514279,-0.0307058641466189,-0.0042261795685891,0.999749176347225,-0.0219937218155364,0.0306200909618415,0.0221129808433502,0.999286458483107,6.69963595362956e-05,0.0177316503174484,0.651341279204694,-0.00672353025975373,0.0320335583874102,-0.00528384976979516
0.999521244492849,0.00364101767958538,-0.0307249865374243,-0.00431809334766679,0.99974866423027,-0.0219991463387173,0.0306371649685279,0.0221212874862294,0.999285751305723,3.52296350136628e-05,0.0178921159107243,0.651314805899433,-0.00598381746394555,0.0321514725015768,-0.00530249216024481
0.999520321196783,0.00373420876352447,-0.0307438318950367,-0.00441192869979347,0.999748106931843,-0.0220058531156037,0.0306539132873407,0.0221309369685968,0.999285024019206,7.15115044187086e-06,0.0180531578945256,0.651288282824174,-0.00524838640667136,0.0322642000114221,-0.00530298429977435
0.999519389488769,0.00382916854832739,-0.0307624365781916,-0.00450758029400756,0.999747495186387,-0.0220142587528758,0.0306703726076458,0.0221423426216377,0.999284266316314,-1.72623189045662e-05,0.0182147517281469,0.651261800046489,-0.00451834372126613,0.0323718707465495,-0.00528737572313135
0.999518453103583,0.00392584327584178,-0.0307806702330335,-0.00460499120779107,0.999746828934933,-0.0220243522157306,0.0306864133029162,0.0221554911730685,0.999283482426025,-3.80434321210016e-05,0.0183768663738471,0.651235434885246,-0.00379559431729145,0.0324724584306411,-0.00525569156393372
0.999517513975444,0.00402425602895256,-0.0307984515805872,-0.00470417402558652,0.999746113843133,-0.0220358481182458,0.030701954385435,0.0221700974054432,0.999282681115783,-5.52300778615486e-05,0.0185394693561859,0.651209266747103,-0.00308088467193492,0.0325677654213539,-0.0052088938160206
0.999516575422399,0.00412431408119365,-0.030815669540667,-0.0048050391092622,0.999745345798714,-0.0220489263450317,0.030716885503553,0.0221863378494478,0.999281861817671,-6.88656514817879e-05,0.0187025351634508,0.651183368721992,-0.00237546309858223,0.0326567937305893,-0.00514765909864647
0.999515638319671,0.00422597268490457,-0.0308322867994912,-0.00490752757286128,0.999744534094569,-0.0220631530193462,0.0307311719194248,0.0222037767710792,0.999281035229609,-7.89989213473138e-05,0.0188660258281434,0.651157809069906,-0.00168009542817686,0.0327373743490272,-0.00507447166508278
0.999514705742193,0.00432912813178248,-0.030848203427685,-0.00501151785191015,0.999743690009263,-0.0220780201893822,0.0307447181466543,0.0222219021751378,0.999280215640139,-8.56822011484441e-05,0.019029895197258,0.651132642777006,-0.000995801601489993,0.0328078329690358,-0.00498990022098121
0.999513777187258,0.00443375914692042,-0.0308634248373154,-0.00511697917922019,0.999742820092797,-0.0220932160850813,0.0307575313856777,0.0222404013617058,0.999279409780032,-8.89725959030115e-05,0.0191940935787474,0.651107928112571,-0.000322850637142363,0.0328700272873193,-0.00489410649647853
0.999512854139855,0.00453983253386225,-0.0308778938686917,-0.00522388449862912,0.99974191865739,-0.0221089825633233,0.0307695537820535,0.0222595148151265,0.999278614081303,-8.89282158695383e-05,0.0193585825194481,0.651083717838173,0.000337540083861734,0.0329229253939674,-0.00478844394174341
0.999511937486955,0.00464734434822779,-0.0308915686164219,-0.00533222469738025,0.999740988286399,-0.0221251829350784,0.0307807439944319,0.0222791052478108,0.999277832871573,-8.56139389912049e-05,0.0195233113366041,0.651060059188533,0.000985532720388973,0.0329668778507054,-0.00467341892686776
0.999511025643508,0.00475620398113534,-0.0309045003316976,-0.00544191940340111,0.99974002235588,-0.0221421140153989,0.0307911534416779,0.0222994668894543,0.999277058000521,-7.90911243776577e-05,0.0196882384494547,0.651036999338313,0.00162032838430007,0.0330014513487375,-0.00454879613809926
0.999510115838213,0.00486636200258038,-0.0309167730842175,-0.00555292416503407,0.999739018375732,-0.0221598774893841,0.0308008663887647,0.0223207002127392,0.99927628460387,-6.94252042770137e-05,0.0198533185440799,0.651014585311475,0.00224308048435532,0.0330294653912272,-0.00441523683864512
0.999509206085694,0.00497775708606172,-0.0309284478164872,-0.00566519929123794,0.999737961480229,-0.0221791319114856,0.0308099410407675,0.0223434623491679,0.99927549615875,-5.66815352883615e-05,0.0200185219832431,0.650992862123673,0.00285099086655527,0.0330498306927882,-0.00427237666105572
0.999508293646479,0.00509032366219482,-0.0309396111306847,-0.00577868310470722,0.999736850093891,-0.0221999411242569,0.0308184644893165,0.0223678154802654,0.999274688500195,-4.09336757572374e-05,0.0201838083682193,0.650971872569332,0.00344504712672593,0.033063478058703,-0.00412263164666407
0.999507381182114,0.00520398919681039,-0.0309501770416919,-0.00589331151144302,0.99973567660449,-0.0222226416879821,0.0308263497985357,0.0223940934311445,0.999273856726721,-2.22523342481685e-05,0.0203491480906711,0.650951646399651,0.00402345059691386,0.0330707102157592,-0.00396667860589775
0.999506472205627,0.00531864878468341,-0.0309600386654775,-0.00600898356684385,0.999734436489912,-0.0222474405874203,0.0308334904860945,0.0224224992207064,0.999272999431657,-7.18903402899675e-07,0.0205145094862913,0.650932215624975,0.00458667426941331,0.0330730538633386,-0.00380473671654082
0.999505568149973,0.00543419722005821,-0.0309691578473244,-0.00612560737740703,0.999733119535988,-0.0222747982504759,0.0308398471373779,0.0224534897825496,0.999272107398745,2.35919300217308e-05,0.0206798719741047,0.65091360933168,0.0051332901795733,0.0330705204348255,-0.00363654426889917
0.999504671054873,0.00555057129042098,-0.0309774708108912,-0.00624311233807049,0.999731729919917,-0.0223045228522161,0.0308453576381259,0.0224868706066619,0.999271186696832,5.05927429022789e-05,0.0208452042127144,0.650895855034686,0.00566344940599802,0.0330601919369688,-0.0034654190728032
0.999503783816944,0.0056677861853171,-0.0309848726860363,-0.00636148769186639,0.999730284225777,-0.0223358518125931,0.0308499207447699,0.0225218782876876,0.99927025743211,8.02026931418579e-05,0.0210104634351244,0.650878961109271,0.00617591380332106,0.0330416851904883,-0.00329140143170641
0.999502907690796,0.00578591743736473,-0.0309913000219959,-0.00648079837727755,0.99972878816896,-0.0223684903070342,0.0308534725766556,0.0225582194694263,0.99926932804141,0.000112329064547913,0.0211756091472773,0.650862942728062,0.00667068096677562,0.0330142227214115,-0.00311666715100525
0.999502047121408,0.00590492385431349,-0.0309966074657907,-0.00660099100921927,0.999727248025905,-0.0224021532948627,0.0308558700705354,0.0225956064053409,0.999268409314217,0.000146883046883684,0.0213405939220226,0.650847797117045,0.00714567360375945,0.0329776246780718,-0.00294135646727132
0.999501205636357,0.00602470153770961,-0.0310006919737337,-0.00672197482559629,0.999725652636335,-0.0224373464406604,0.0308570087000157,0.0226345406897442,0.999267493007679,0.000183761811363866,0.0215053760522268,0.650833531739228,0.00760179564360356,0.0329336277049239,-0.00276494247523005
0.999500382976609,0.00614516608038363,-0.0310035701727443,-0.00684367925972478,0.999723992117423,-0.0224745108732949,0.0308569033410967,0.0226754607152388,0.99926656853792,0.000222874671149669,0.0216699204435122,0.65082015140627,0.00803811981403842,0.0328821726091114,-0.00258678843202716
0.99949957729658,0.00626633160355726,-0.0310052910354559,-0.00696611658535904,0.999722267952054,-0.0225135554837696,0.0308556024682431,0.0227182756615867,0.999265636228569,0.000264119712026683,0.0218341871494554,0.650807666103579,0.00845597451015534,0.0328224649584318,-0.00240747234328226
0.999498784779599,0.00638811108598019,-0.0310059875001387,-0.00708919904336957,0.999720482895116,-0.0225543640318404,0.0308532410133696,0.0227628670582259,0.999264694363941,0.000307407621767708,0.0219981361160337,0.650796079843505,0.00885371006458639,0.032755564357128,-0.00222658279030601
0.999498007266736,0.00651039143918899,-0.0310056167997292,-0.00721282597955675,0.999718627269902,-0.022597376639161,0.0308497748972621,0.0228096710386626,0.999263734104214,0.000352633612670193,0.0221617352523637,0.650785401442528,0.00923283030150342,0.0326826521523727,-0.00204502950150425
0.999497242594573,0.00663319730155046,-0.0310042374427218,-0.00733702364684823,0.999716700069971,-0.0226426077388243,0.0308452610598704,0.0228587028233752,0.999262753021137,0.000399709460541849,0.0223249550593658,0.650775631327613,0.00959202288216803,0.0326037618910027,-0.00186269764946626
0.99949649344265,0.00675649589945674,-0.0310017638047645,-0.00746175759099609,0.999714700691821,-0.0226900725938907,0.0308396136405597,0.0229099756399574,0.99926175311911,0.00044853089786556,0.0224877646475374,0.650766773315832,0.00993270540410107,0.0325183905876496,-0.00168113754543697
0.999495758004818,0.0068804089082167,-0.030998220975245,-0.00758713197888217,0.999712641022948,-0.0227391909983223,0.0308328584258646,0.0229629125369342,0.999260746496685,0.000499010688772475,0.0226501287777513,0.650758819123976,0.0102538376974278,0.0324251479254772,-0.00150059277853712
0.999495037821858,0.00700497175365295,-0.0309935435246138,-0.00771317363718611,0.99971052546493,-0.0227897395131207,0.0308249302014493,0.0230172901394539,0.99925974002394,0.000551045091251937,0.0228120094144454,0.650751766130883,0.0105556417305982,0.0323261175730652,-0.00132095587715337
0.999494335586885,0.00713013434678155,-0.0309876477637281,-0.00783983831129141,0.999708347967311,-0.0228419775790586,0.0308157437843847,0.0230733653519866,0.999258730132667,0.000604539674428711,0.0229733796855043,0.650745607600201,0.0108365353930746,0.032219513101644,-0.00114278911053534
0.999493653695708,0.00725587314706152,-0.0309804539488548,-0.00796708651400925,0.999706118624568,-0.0228954562540239,0.0308052228442135,0.0231306871812184,0.999257729295122,0.000659387024798708,0.0231341933044485,0.650740335121182,0.0110984149714034,0.0321038627219601,-0.000966805205019203
0.99949298788509,0.007382146185531,-0.0309721017406224,-0.0080948665329872,0.999703846901505,-0.0229497630956543,0.0307935107506296,0.023188842317567,0.999256742427902,0.000715498116853478,0.0232944061136119,0.650735938073163,0.0113406505108243,0.031978768734723,-0.00079198077651553
0.999492335592765,0.00750885366545563,-0.0309626905799729,-0.00822308483377998,0.999701530087564,-0.0230050345880895,0.030780707710136,0.0232479645821631,0.999255763143576,0.000772770308681356,0.0234539726816422,0.650732412980599,0.0115640990722139,0.0318465807430387,-0.000618434484471723
0.999491695174278,0.00763589684734686,-0.0309522916273724,-0.00835165483727063,0.999699160523731,-0.0230616198396232,0.0307668838059418,0.0233084003630641,0.999254780991008,0.000831114248593991,0.0236128592256598,0.650729750975155,0.0117683342584937,0.0317050064451787,-0.000446590355981223
0.999491064617307,0.00776313009762554,-0.0309410012968283,-0.00848041890987223,0.999696749700096,-0.0231190643014845,0.0307521421249979,0.0233696908441348,0.99925380324749,0.000890432296142217,0.0237710107291217,0.650727942311339,0.0119550986007321,0.0315535376735801,-0.000277617700605607
0.999490440620077,0.00789049719555843,-0.030928937309464,-0.00860931698162358,0.999694302730334,-0.0231771600853571,0.0307366031011203,0.0234316269712376,0.99925283091282,0.000950642724446634,0.0239283843551185,0.65072697239242,0.0121243492499,0.0313939029376112,-0.000110163642519043
0.999489821109149,0.00801804164090485,-0.030916152856477,-0.00873840016386071,0.999691814066507,-0.0232361195338649,0.0307203167590534,0.0234944226713604,0.999251857262003,0.00101165607828042,0.0240849418266472,0.650726835378042,0.0122774007647329,0.0312276495202608,5.44707814026859e-05
0.99948920587507,0.00814590073441995,-0.0309026154305389,-0.00886780759855454,0.999689280155882,-0.0232960324907387,0.0307032462065141,0.0235581714621384,0.999250881025252,0.00107339541337328,0.0242406523685069,0.650727512650937,0.0124137964170231,0.0310547164742424,0.000216296862126772
0.999488594486142,0.00827411621077746,-0.0308883229238391,-0.00899758281132009,0.999686698765589,-0.0233569650149965,0.030685387331273,0.0236229403777109,0.999249900521507,0.0011357759356186,0.0243954818077857,0.65072899256458,0.0125351323136167,0.0308757246700927,0.000374916639664912
0.999487984841086,0.0084027104664144,-0.0308733317787891,-0.00912774948849458,0.999684069233229,-0.0234189220624592,0.0306667955218811,0.0236887352577098,0.999248913671819,0.00119872665010461,0.0245494005960851,0.650731257039995,0.0126407667251233,0.0306897255332496,0.0005307231165083
0.999487376922052,0.00853158032921229,-0.0308576653452949,-0.00925820553082662,0.999681391596513,-0.0234819276467797,0.0306474958818006,0.0237555768767214,0.999247918968776,0.00126216570843178,0.0247023728797603,0.650734294762789,0.0127315265742472,0.0304982039816529,0.000683951718351074
0.999486770275037,0.00866054832216248,-0.0308413836903549,-0.00938878583873977,0.999678658503885,-0.0235463464755526,0.0306275488025157,0.0238238249370662,0.999246905734372,0.00132602277696706,0.0248543746850953,0.65073809292315,0.0128071495002683,0.0303005423194663,0.000835462616696184
0.999486163284732,0.00878957247561048,-0.0308245489514969,-0.00951944096168947,0.999675876848366,-0.0236118930039042,0.0306070195566989,0.0238931928202762,0.999245878495733,0.00139022463449064,0.0250053729580201,0.65074264224068,0.0128702611793,0.0300972892879871,0.000983223663983206
0.999485558214012,0.00891872052179647,-0.0308070664925923,-0.00965022441558418,0.999673054971715,-0.0236781826212771,0.0305858151821033,0.0239632966799598,0.999244849034447,0.00145470269981809,0.0251553372419849,0.650747917190129,0.0129166804305622,0.029886472489556,0.00112622383741187
0.999484959140447,0.0090479643128515,-0.0307888095549588,-0.00978109794907384,0.999670198379155,-0.0237449909558217,0.0305638115248864,0.0240339096772621,0.999243826406096,0.00151937544464994,0.0253042286743446,0.650753895303271,0.0129494907115385,0.0296682752055746,0.00126390506250206
0.999484364975903,0.00917729386189286,-0.0307698138780404,-0.00991204161717057,0.999667315403786,-0.0238119706107573,0.0305410477832091,0.0241046840004294,0.99924281764221,0.00158418038890776,0.025452010722555,0.65076054955953,0.0129686200349544,0.0294426087671726,0.00139763258805223
0.999482923909673,0.00932122505585602,-0.0307733582247568,-0.0100564177781148,0.999665613782616,-0.0238228688888897,0.0305410097155144,0.024120020399728,0.999242448728773,0.00165153263864333,0.0255993967585596,0.650768397044165,0.0146268791117933,0.0297030247075297,0.00189550572664715
0.999477544265615,0.00953608503135285,-0.0308820593719183,-0.0102660551127275,0.999669578278507,-0.0235657034033698,0.0306471307172192,0.0238704282899985,0.999245193149336,0.00173253791446885,0.0257490995034788,0.650780747062403,0.0180494225400443,0.030143702030414,0.00329352029934239
0.999469689680413,0.00980951055052842,-0.0310501676790622,-0.0105287971937462,0.99967801079693,-0.023087207686198,0.030813695652936,0.0234018852200362,0.999251153578697,0.00183471733577829,0.0259007797533414,0.650801750980857,0.0234917932477039,0.0305383708030057,0.00492859969818253
0.999461726684547,0.0101122590707702,-0.0312089587975991,-0.0108149745192807,0.999689908423076,-0.0224304106785793,0.0309724590385059,0.0227558610812257,0.999261165845826,0.00196788853394165,0.0260524182448387,0.650828020888969,0.0297168762481097,0.0293263757877563,0.00446601836140489
0.999454837101922,0.0104080561786109,-0.0313321074961985,-0.0110936251575578,0.999701084625429,-0.021786988768625,0.0310959816444835,0.0221226979666466,0.999271547758787,0.00213237216477309,0.0261920092760718,0.650843587833758,0.03634934401241,0.0264664038464965,0.00154381986029312
0.999450538731601,0.0106624630356471,-0.0313836344473839,-0.0113335626216032,0.999709226324728,-0.0212841057955443,0.0311475679213605,0.0216280993900801,0.999280768517716,0.00233235026538157,0.0263166920219938,0.650842649562245,0.0438772423906524,0.0232922061558149,-0.00224840506655493
0.99944966729432,0.0108606054647288,-0.031343417079396,-0.0115216411998723,0.999713355152676,-0.0209871225622001,0.0311064997924047,0.0213367002678228,0.999288312196408,0.00257173335325534,0.026424529829648,0.650821544218584,0.0519869382677201,0.0197556844471877,-0.00610987836894711
0.999452292585746,0.0110077650480941,-0.0312080751367911,-0.0116626526148799,0.999713947069362,-0.0208807703158333,0.0309692973617788,0.0212333027022155,0.99929477606824,0.00285297464527446,0.0265139793775428,0.650782883578361,0.0606921260490465,0.0159563331690943,-0.00917250306245513
0.999458082133857,0.0111207829442121,-0.0309817727707808,-0.0117716783082183,0.999712133548973,-0.020906401526069,0.0307403586042908,0.0212597794360412,0.999301281962157,0.00318008491012374,0.0265837103111015,0.650730146613197,0.0704560661909998,0.011830560405233,-0.0120011763163286
0.999466767200363,0.0112141837079,-0.030666322665437,-0.0118614474620291,0.999708967015117,-0.0210068401639423,0.0304218231892954,0.0213593856028999,0.999308905854694,0.00355876293608014,0.0266321934300334,0.650663226818383,0.0811918849949914,0.00755433606036556,-0.0146869183795162
0.999477828151105,0.0113040860828465,-0.0302702605238584,-0.0119459628933218,0.999705816083755,-0.021108653648828,0.0300227414621324,0.0214592387131137,0.999318836042307,0.00399295887795538,0.0266593586856268,0.650583818418989,0.0926372649030369,0.00331951218504518,-0.0169908194059081
0.999490983977851,0.0113997687767222,-0.0297962786069927,-0.0120329703985019,0.999703711968343,-0.0211588255842471,0.0295462446070061,0.0215065931414783,0.999332019841789,0.00448623830231617,0.0266656013540771,0.650492545976138,0.104869661191881,-0.00078693197314492,-0.0197617844314591
0.999506496369746,0.0115010925108653,-0.0292316367268695,-0.012121191293897,0.999703354063632,-0.0211253543293624,0.0289800006261543,0.0214692511509106,0.999349403771638,0.00504256478976763,0.0266517408252494,0.650385514815056,0.11778256559603,-0.0047172647971709,-0.0231204665751154
0.999524562822156,0.0116059133044194,-0.0285648576322025,-0.0122079267595544,0.999705108968777,-0.0209919419292235,0.0283128034537566,0.0213306792694662,0.99937149613269,0.00566528966715885,0.0266185218861272,0.650260391432545,0.131545586984588,-0.00856925839466293,-0.0271383047340109
0.999545706023975,0.0117048517716245,-0.0277736928412279,-0.0122837242015658,0.999708936437642,-0.0207642126376066,0.027522566900172,0.021095943963809,0.999398553861022,0.00635868835611977,0.0265661276019563,0.650113732327069,0.145848216025983,-0.0123703779865987,-0.0315242109028073
0.999569840845919,0.0117931053240693,-0.026852484765471,-0.0123440693842955,0.999714757825806,-0.0204457070390405,0.0266037069277976,0.0207683810660817,0.999430296281634,0.00712450905221427,0.0264948130928851,0.649945763915546,0.16062302727739,-0.0161654375553836,-0.0354806829247724
0.999597140672308,0.0118652050910451,-0.0257831973946713,-0.012384267493493,0.99972194884864,-0.0200662629536846,0.0255379380215937,0.020377485085855,0.999466143410161,0.0079658267954702,0.0264043669850713,0.649759963062552,0.176039413925402,-0.0200361969016998,-0.0386051190780073
0.99962757886501,0.0119166313913815,-0.0245498975305659,-0.0124005692881962,0.999729908945507,-0.0196554074274064,0.0243090405776943,0.0199525200436095,0.999505361411384,0.0088860501258762,0.0262939632678153,0.649561189744757,0.192246914430888,-0.0242426343830531,-0.0405487384838587
0.999660701329757,0.011947094876132,-0.023146255440577,-0.0123934708369838,0.999738106284071,-0.0192385218806559,0.0229103491355451,0.0195188567175525,0.999546962445951,0.0098892931164097,0.0261613187034661,0.649355388369283,0.209173748575562,-0.0289281806231584,-0.0415847814957174
0.999695611768563,0.011959070075232,-0.0215792598022894,-0.0123660065151889,0.9997463390826,-0.0188239043188708,0.0213486695966123,0.0190850238112345,0.999589914001026,0.0109791517228455,0.0260039873224344,0.649147053276803,0.227023787699329,-0.0341417520667228,-0.0412636236428296
0.999731342753231,0.0119567205220409,-0.01985646371282,-0.012322620576349,0.999754613866897,-0.0184082881872162,0.0196314884548286,0.0186480263355152,0.999633360675222,0.0121608292872706,0.025819393990121,0.648943962606587,0.245821497699246,-0.0397708226918406,-0.0397274703322223
0.999766870589941,0.0119415930149388,-0.0179889640352925,-0.0122646630800921,0.999763527302675,-0.0179573805118334,0.0177702704067583,0.0181738227013612,0.999676912636323,0.0134386411802434,0.025605897789556,0.648750604099332,0.265507268320172,-0.0456926724412385,-0.0373612821557678
0.999801255397201,0.0119122902251231,-0.0159858389762206,-0.0121905849306328,0.999773840055094,-0.0174257964105124,0.0157746424755125,0.0176172098552533,0.999720358186071,0.0148173514513223,0.0253620610075376,0.64857113462763,0.286214151763608,-0.0519109766198413,-0.0341819255596887
0.99983363008145,0.0118693247419221,-0.0138503172643036,-0.0121009832336277,0.999786249729486,-0.016763682669092,0.0136483831617717,0.0169284961535675,0.999763545872247,0.0163024004823813,0.0250863258403926,0.648408725052922,0.308068371347108,-0.0584570819899508,-0.0307386936505207
0.999863041449481,0.0118190863884526,-0.0115847978116045,-0.0120026880902531,0.999801396310957,-0.0159092241567303,0.0113944645333406,0.0160460939671713,0.999806325768344,0.0178995950416425,0.0247769428630276,0.648262962266273,0.331041155002746,-0.0653808814763922,-0.0275923226533601
0.999888435976941,0.0117768269109186,-0.00918814167813536,-0.0119121244274149,0.999819334290074,-0.0148121595785149,0.0090120414564631,0.0149199573613288,0.999848077450331,0.0196144624796432,0.0244318701793861,0.648131124090557,0.355177374489395,-0.0727501759136613,-0.0253702091912548
0.999908613849839,0.0117651830785869,-0.00665916030894453,-0.0118536702423451,0.99983984079717,-0.0134083278776963,0.00650034235087911,0.0134860380326246,0.999887929883897,0.0214527624840871,0.0240486729801282,0.648008228237478,0.380329728727066,-0.0806520198666684,-0.0237285832808152
0.999922201065252,0.0118086251191762,-0.00401848100855916,-0.0118545714550658,0.999862343390937,-0.0116087641202667,0.00388084429449677,0.0116554983410412,0.999924541355989,0.0234192569484067,0.0236238926532132,0.647892076488113,0.406521304031249,-0.0895560761268907,-0.0229878758306479
0.999927985933746,0.0119307148398316,-0.00129652994287564,-0.0119423496890913,0.999884777593808,-0.00937079612863808,0.00118458025714295,0.00938560491346502,0.999955252593846,0.0255187976364994,0.023151990233692,0.647774503805077,0.433347513142644,-0.0993445997050906,-0.0247163214582643
0.999930327563776,0.0117933799456509,0.000506169594125368,-0.0117883948902455,0.999890688894454,-0.00892434916883099,-0.000611362504683118,0.00891776046062569,0.99996004909409,0.0277628414099368,0.0226973536118015,0.647852241496322,0.462017545949901,-0.0920408335987418,0.0259798616418338
0.999930827042588,0.0116050364833842,0.00191422520770015,-0.0115878322068956,0.999894431308261,-0.00876632097708582,-0.00201575660021341,0.00874353286422517,0.999959742868872,0.0301420743286531,0.0222210115255543,0.648000628381578,0.49103986328845,-0.0987178555291063,0.0336803180700693
0.999929985963709,0.0114340133860657,0.00304737731557362,-0.0114086717537872,0.999901235309547,-0.00820742561684136,-0.00314092015666446,0.00817208445434305,0.999961675093721,0.0326757813365992,0.0217103462839383,0.648186944020563,0.522514828328794,-0.105412289913689,0.0402839897658496
0.99992899723978,0.0112701961622926,0.00387080837964769,-0.0112420879235875,0.999910824910265,-0.00720816803305468,-0.00395170066766638,0.00716414026508885,0.999966529017895,0.0353672101738524,0.0211687096948494,0.648400209686494,0.55403959289139,-0.110826280897571,0.0445716085108665
0.999928736874892,0.0111020848903483,0.00438917792644854,-0.0110762828072438,0.999921486213165,-0.00585980958996102,-0.00445388941897746,0.00581077622561245,0.99997319851519,0.0382145268716967,0.0206050247929729,0.64862838885783,0.58449082121758,-0.114049175225063,0.04589937005212
0.99992970743473,0.0109193582756271,0.00462036842079582,-0.0108992499420988,0.999931117215933,-0.00435513191491522,-0.00466760540267215,0.00430446723127799,0.999979842307664,0.0412094935441984,0.020031054476013,0.648855133447814,0.613021788272695,-0.115061429796412,0.0441321099357564
0.99993169214278,0.0106937020220612,0.00471760379218031,-0.0106817814067576,0.999939709853888,-0.00254483856090268,-0.00474453311242292,0.00249427231596186,0.999985633902387,0.0443313141265779,0.0194455813760377,0.649100439510806,0.63287486672117,-0.120635109464497,0.0596618324852289
0.999933995402948,0.0103911053088978,0.00490201672353312,-0.0103897568076144,0.999945979874384,-0.00030047718397993,-0.0049048742060356,0.00024952658948011,0.999987939900029,0.0475455807645859,0.0188524517973031,0.649383915547765,0.65232972408402,-0.11564059155097,0.0522501397686587
0.999936863608582,0.0100339816433998,0.00505845915388384,-0.0100423310263668,0.999948249443244,0.0016278891082409,-0.00504186316637672,-0.00167858505050363,0.999985880884345,0.0508501567593636,0.0182949761180706,0.649615538132316,0.668538697728048,-0.106284775235437,0.03896299176566
0.999939732186729,0.00963513512479892,0.00526271464727588,-0.00965153309790831,0.999948619437022,0.00309941847035101,-0.00523258093026438,-0.00315002493978042,0.999981348545905,0.0542286798231416,0.0177925781532672,0.649774846663604,0.682658564850865,-0.0942139553276085,0.0257436967054891
0.999942719835136,0.00919872982004087,0.00547178384149663,-0.00922138008761237,0.999948958517948,0.00412874171517634,-0.00543352537400525,-0.00417896261872991,0.999976506260743,0.0576757668276056,0.0173553502868101,0.64988063673328,0.696070424494294,-0.0802883265878224,0.0177598952631236
0.999945948410821,0.00873545626652182,0.00563844487417429,-0.00876239220273733,0.999950231125962,0.00477029915424675,-0.00559649351548143,-0.00481944757739764,0.999972725720747,0.0611884788237932,0.0169903833486156,0.649957795645666,0.708811029579411,-0.0656395646762515,0.0138075240756868
0.99994937508664,0.00827405353229127,0.00572601973308907,-0.008303394749107,0.999952420891813,0.00511953008033191,-0.00568338802823186,-0.00516681630675016,0.999970501119795,0.0647634117313449,0.016697160173916,0.650021510545122,0.721073488188221,-0.0520794440206037,0.0120106180866188
0.999952874018118,0.00784784038610544,0.00571499292921652,-0.00787757971535132,0.999955451113285,0.00519995448591533,-0.00567392991982346,-0.00524472974532701,0.999970149219047,0.0683996720229798,0.0164669505876589,0.650077595474391,0.733476737247488,-0.0404620237090867,0.010179751794218
0.999956249215802,0.00747847720471384,0.00561889962217193,-0.00750668998478363,0.999959239574857,0.00501685103881791,-0.00558115218730125,-0.00505881088517002,0.999971629183894,0.072100015114219,0.0162908427633399,0.650121038026162,0.746977772274141,-0.0302121185722689,0.00673203394718572
0.999959423580832,0.00716738822784242,0.00545708144363491,-0.0071922814949776,0.999963757377287,0.00455576764074862,-0.00542423070933395,-0.00459483164989483,0.999974732302432,0.0758714728218171,0.0161639943489516,0.650142865342486,0.761858317222784,-0.0206314412525621,0.0016993656159316
0.999962331494618,0.00691199612056534,0.00524975251585065,-0.00693224663436549,0.999968563808128,0.00384907159065919,-0.00522298271572087,-0.00388531918109452,0.999978812148744,0.0797210529068785,0.0160842712372006,0.650135302123826,0.77837037311802,-0.0112744544440671,-0.00527633059589896
0.999964851005286,0.00670773052406376,0.00503021919922934,-0.00672262929022718,0.999973049106691,0.00295081610638546,-0.00501029035106068,-0.00298452868709074,0.999982994644966,0.0836574654432116,0.0160513247914072,0.650088012282242,0.796508751159806,-0.00187405010130093,-0.0139020354168088
0.999966902734561,0.0065510995510016,0.00482457564155311,-0.0065604003738538,0.999976647635701,0.00191450521023499,-0.00481192086208198,-0.0019460929931904,0.999986528979105,0.0876881773363543,0.0160655358246053,0.649993936901639,0.816062164280594,0.00755514971578315,-0.0242615713579702
0.999968301063027,0.00644855127462475,0.0046704449019491,-0.00645233463639511,0.999978867095075,0.000795450180951824,-0.00466521670060275,-0.000825560239434894,0.999988777038737,0.0918197144120298,0.016126809200097,0.649843155355196,0.836768026401022,0.0169458498739234,-0.0363979973332804
0.999968921641502,0.00640413631809451,0.00459812887499315,-0.00640256431954675,0.999979439821642,-0.000356516660715904,-0.00460031751793826,0.000327065764891603,0.999989364996809,0.0960569932275463,0.0162350327492162,0.649628950947529,0.858273817569773,0.0263682028413958,-0.049392442501896
0.999968739632782,0.0064185363981852,0.0046175911178746,-0.00641169105333178,0.999978326272034,-0.00149572859140075,-0.00462709142586656,0.00146607526671731,0.999988220254744,0.100402991353076,0.0163906478676784,0.649349633084744,0.880143834748029,0.0359234629574925,-0.0621727002624183
0.999967831977896,0.0064877561445428,0.00471635766622573,-0.00647560627079204,0.999975687105216,-0.00258683626800742,-0.00473302576081072,0.00255621177932246,0.999985532019582,0.104858254953174,0.0165944398354451,0.649008737996687,0.901840344583126,0.0456352235915223,-0.073842944004925
0.999966329905832,0.0066051924982592,0.00486934150813043,-0.00658776074837766,0.999971865991169,-0.00358728789776891,-0.00489289924114488,0.00355508905658988,0.999981710272151,0.109421081118197,0.0168470648473699,0.648612610588225,0.923185610533786,0.0554312218940568,-0.0843561411239471
0.999964317226955,0.00676642433812756,0.00505764515429708,-0.00674381462000507,0.99996725084976,-0.0044741694586011,-0.00508775364983365,0.00443990198649339,0.999977200756672,0.114089263147728,0.0171482438105851,0.648166419636859,0.943830467236544,0.0649196630178037,-0.0938643350035479
0.999961790316447,0.00697260409278245,0.00527263684425209,-0.00694508085267346,0.999962255766697,-0.00522043043510873,-0.00530883782723484,0.00518361207492368,0.999972472824518,0.118858887443652,0.0174958348719738,0.647675684613033,0.963962648977896,0.0740585173712839,-0.101856304867082
0.999958755658626,0.00721399214762875,0.0055177258853103,-0.00718202402115509,0.999957436175262,-0.00579175005989088,-0.00555927266924584,0.00575188274312382,0.999968004654298,0.123728998876775,0.0178882117132972,0.647151274164669,0.983944725128891,0.0827779275862141,-0.10743602506806
0.999955256272758,0.00748096718865061,0.0057896962272884,-0.00744508373228297,0.999953096826739,-0.00619474574403313,-0.00583576736181627,0.00615136379482258,0.999964051625239,0.128698293211098,0.0183231917222095,0.646603205555204,1.00371754013707,0.09116012139822,-0.111405060268912
0.999951335803007,0.00776460175134704,0.00608580195420228,-0.00772533453941672,0.999949360734889,-0.00644943192384184,-0.00613557104407477,0.00640210321137935,0.99996068314831,0.133766435442723,0.0187992856901416,0.6460388855492,1.02351940633738,0.0991642101063422,-0.113932240319619
0.99994702117243,0.00805561524902122,0.00640795687745985,-0.00801349093833395,0.999946291756955,-0.00657248541237968,-0.00646055813106639,0.00652078710543756,0.999957869374586,0.138934048085494,0.0193146058214822,0.645465516136463,1.04356779097098,0.106944348138378,-0.11502251662326
0.999942299746462,0.00834799767125558,0.00676077751724554,-0.00830355761504803,0.999943909727519,-0.00657482545606075,-0.00681528493098851,0.00651830758132799,0.999955530790037,0.144202853883995,0.0198684988427322,0.644891127092184,1.06401059402158,0.114547138917448,-0.114097199514422
0.999937125956798,0.008637880717656,0.00715060486725348,-0.00859161743416125,0.999942124502303,-0.00647547339483793,-0.00720612538921291,0.00641363099420165,0.999953467464535,0.149575003383701,0.0204599803759539,0.644327032031916,1.08491977096419,0.122027716037478,-0.110979438860409
0.999931455336232,0.0089195512628177,0.00758460509424193,-0.00887191648460831,0.999940853966612,-0.0062910783187957,-0.00764027009049869,0.00622335711598275,0.999951446870873,0.155053055553184,0.0210888392661889,0.643784166374175,1.10640030428314,0.129515363451415,-0.105456451199184
0.999925168416025,0.0091875035194102,0.00807758300894242,-0.00913885844518145,0.999940006142459,-0.00603865731254445,-0.00813257858888962,0.00596438554255474,0.999949142342047,0.160640085068829,0.0217548878641004,0.643274872445012,1.1285066084079,0.136814818667365,-0.0977028438415986
0.999918070200607,0.00943491044757374,0.00865074280862046,-0.00938520205649899,0.999939317370856,-0.00576884375467416,-0.00870464638301417,0.0056871821452649,0.999945941084114,0.166339443887798,0.0224568091837824,0.642808643999754,1.15139258475438,0.143917223268353,-0.0883824469488264
0.999909972409705,0.00965118454059135,0.00932210880577996,-0.00959978067185023,0.999938556212007,-0.00554328528042161,-0.00937503528930534,0.00545329603187088,0.999941183408161,0.172155236548111,0.0231943283338265,0.642392032187816,1.17502668750672,0.15114917826098,-0.0779361233194016
0.999900750851177,0.00982231561344269,0.0101000278832707,-0.0097679705511782,0.999937624845721,-0.00541601045144337,-0.0101525956564931,0.00531681614208618,0.999934325977235,0.178090956731612,0.0239680775390703,0.642029988063345,1.19938784793869,0.158249323070069,-0.0665989523816173
0.999890130445691,0.00993851204502196,0.0109978641394867,-0.00987880932773124,0.99993624399998,-0.00546964911837267,-0.0110515231333054,0.00536040236761552,0.999924562116009,0.184150234723034,0.0247763876562886,0.641725132032373,1.22440462462415,0.16498729435115,-0.0554641807912444
0.999877772526153,0.00999874645654739,0.0120193626052188,-0.00992955824088331,0.999933866080476,-0.00580235628805289,-0.0120765840070343,0.00568230011969463,0.999910929825287,0.190336296135028,0.02561753119703,0.641472339322156,1.25017035066861,0.171376208666312,-0.0461440140953936
0.999863243266792,0.0100075048156645,0.0131660400795789,-0.00992228812726577,0.999929503757088,-0.0065219410012064,-0.0132303802791963,0.00639041183869619,0.999892054010932,0.196653003956178,0.0264897402038212,0.641259971447962,1.27659113765216,0.1774134007157,-0.0393375689483943
0.99984891451941,0.0100203166843728,0.0142035695478856,-0.00991777214857141,0.999924376664384,-0.00727177749600303,-0.014275360939947,0.00712981106953298,0.999872681827115,0.203104081287289,0.0273807247054419,0.641117340638913,1.30502456394216,0.168792605701198,0.0226022925009721
0.999850352155845,0.0103028773013815,0.0138969066034802,-0.0102233800494882,0.999931037779393,-0.00577946241361384,-0.0139554933340567,0.00563652417180364,0.99988673048554,0.209682189769579,0.0282318125804202,0.641257686313854,1.32668030780764,0.171409703800789,0.0332017425447721
0.999855035572156,0.0106187056199337,0.013309805857315,-0.0105589508345511,0.999933892682978,-0.00455179317862567,-0.0133572601335663,0.00441059574486705,0.999901060228911,0.216373277044046,0.0290953723767459,0.641440145566325,1.35028900029001,0.174245333468934,0.0377695068887973
0.99986402356112,0.0109210721063293,0.0123557505727619,-0.0108738711979216,0.999933346505281,-0.00388091122313245,-0.0123973107301125,0.00374602867036286,0.999916133461133,0.223184186143163,0.0299740322957541,0.641627193773398,1.3735849720513,0.177064356845197,0.0359819750928915
0.999876729739791,0.011201346042385,0.0110025075187769,-0.0111601591426912,0.999930511736464,-0.00379770277441449,-0.0110442823565773,0.00367444489572709,0.999932258846536,0.230103915039111,0.0308623220522154,0.6417885176447,1.39314249621252,0.177343831774384,0.0263113713068296
0.999890541557667,0.0114686843660498,0.00934741581550795,-0.0114321896013737,0.999926854956188,-0.00394838933565534,-0.0093920149294135,0.00384109572122317,0.999948516694348,0.237110286517211,0.0317420164978781,0.641877960110936,1.40852291698047,0.173545376049455,0.00741110114463329
0.999902658623203,0.0117276706538974,0.00755877101674268,-0.0116983623255101,0.999923927158403,-0.00391001470807927,-0.00760405136430071,0.00382120885977487,0.999963787727185,0.244185072342954,0.0325915278798582,0.641856628995014,1.42073057411483,0.165144280260142,-0.0164093674724205
0.99991213743526,0.0119722762721746,0.00569051935359056,-0.01195249442661,0.999922449082144,-0.00349767044614553,-0.00573195312548189,0.0034293472309912,0.999977691896643,0.251314596773437,0.0333889576923244,0.64171523450177,1.43053933275029,0.153127571808707,-0.0396837909989826
0.999918250864696,0.012199979334185,0.00382780510631395,-0.0121885010573928,0.999921193709786,-0.00300779187615745,-0.00386419844992451,0.0029608907851866,0.999988150477843,0.258478329703232,0.0341293721965141,0.641493871635479,1.42468410293202,0.15098233145133,-0.0195531626478248
0.999919198773516,0.0124515650109952,0.00256016657775518,-0.0124415052315875,0.999914962957558,-0.00390842694159581,-0.00260861490091526,0.00387625881003444,0.999989084813398,0.26561419062605,0.0348555060542125,0.641379785485581,1.43043420701755,0.139371574428131,-0.0241541345481239
0.999918685321187,0.0126833175108957,0.00132521789413852,-0.0126769559929603,0.999908582806125,-0.00470327730408229,-0.00138474990582683,0.00468609512967386,0.999988061418802,0.272785639916134,0.0355240058798192,0.641259320144106,1.43849190347724,0.128227510571909,-0.0230873819878091
0.999916923548836,0.0128893225823005,0.000106602071594523,-0.0128885750689253,0.999902843762249,-0.00530920604799006,-0.000175023783946756,0.00530739102919084,0.99998590038417,0.280001095164924,0.0361392032783177,0.641152111529608,1.44791640891987,0.118067882583948,-0.0194779212846934
0.999913850454193,0.013079949191157,-0.0010984530149832,-0.0130860163913763,0.99989806578115,-0.00571088628145716,0.00102364294263524,0.00572476866535709,0.999983089446444,0.287267834508844,0.0367058528784918,0.641065098791582,1.45930340483625,0.108743555878812,-0.0153578319395254
0.999909434990763,0.0132614495246793,-0.00229254726383993,-0.0132747736744576,0.999894492295858,-0.0058978521769508,0.00221409131349283,0.00592775108397939,0.999979979582963,0.294597409794535,0.0372274430512829,0.640998631325317,1.47296898136018,0.0999888880654549,-0.0111813624755617
0.999903663233863,0.0134383107781862,-0.00347506186002671,-0.0134586189575577,0.999892091744963,-0.00588816114226891,0.0033955599328234,0.00593436342929401,0.999976626478555,0.302000866906142,0.0377061344951755,0.640951775405771,1.4888974959436,0.0915091898906651,-0.00793561115990789
0.999896612284077,0.013609796970024,-0.00464092331982577,-0.0136363647322007,0.999890534052917,-0.0057419045849336,0.00456226914113703,0.00580459626561683,0.999972745809843,0.30948938537184,0.0381428548549445,0.64091781164718,1.50689050841317,0.0832214251681757,-0.00582203006458326
0.999888412231458,0.0137728525041337,-0.00578546620011364,-0.0138046957859795,0.999889580695603,-0.00550061729511911,0.00570906818227285,0.00557987009438219,0.99996813528743,0.317072075596756,0.0385386084804263,0.640891537880781,1.52642988420709,0.075108248643908,-0.00509567501556932
0.9998793295082,0.0139193715800296,-0.00689764576134174,-0.0139554734779512,0.999889024634636,-0.00521374867089488,0.00682430818750815,0.00530937943776135,0.999962618955203,0.324755439186349,0.0388940718817328,0.640865397935996,1.54708710499639,0.06708553617705,-0.00552147558132852
0.999869646577265,0.0140441875825922,-0.00796559154123959,-0.0140836751694214,0.999888700745203,-0.00492302912788453,0.00789556503229045,0.00503457219798659,0.999956155606637,0.332543924049007,0.0392094267002035,0.640834921647353,1.56831202971908,0.0590344330822551,-0.00693041683447314
0.999859695112916,0.0141419959513703,-0.00897741829359001,-0.0141844443315179,0.999888432025528,-0.0046824182360514,0.00891019796147814,0.00480910095991569,0.999948739146285,0.340439158278778,0.0394845444031516,0.640794536978144,1.58976958278857,0.0510429029374228,-0.00947263980966802
0.999849865415851,0.0142060392724226,-0.00992144526238982,-0.0142515443977534,0.999888175512751,-0.00453099901353256,0.00985596825193104,0.00467171467152671,0.999940515716733,0.348442189460319,0.0397202221527149,0.640738975682925,1.61143860205798,0.0432968833963317,-0.0129082957084245
0.999840499981997,0.0142318398449321,-0.010790242368838,-0.0142807927968778,0.999888017633457,-0.00447338240362095,0.0107253695900285,0.00462676211454451,0.999931777432587,0.356553975916378,0.0399178465488882,0.64066488257457,1.63323866721808,0.0357982592506905,-0.0167298034829755
0.999831832339782,0.0142173583832729,-0.0115833397893282,-0.0142702264578266,0.999888074469167,-0.00449434880530708,0.011518145550209,0.00465888988311596,0.999922810554965,0.364775133508645,0.0400784701316654,0.640572033514145,1.65523899419972,0.0284897707146191,-0.0202161111527486
0.999824067440744,0.0141620680334204,-0.0122991867724751,-0.0142191853911844,0.999888463153343,-0.00456902830550741,0.0122331080702569,0.00474310888154293,0.999913923287939,0.373106646582257,0.0402031718952555,0.640463033893419,1.67728189975339,0.0214783768386423,-0.0232632712540078
0.999817432610557,0.0140674783259224,-0.0129308739683364,-0.0141289326392406,0.999889259615472,-0.00467351774348351,0.0128636973888186,0.0048553639588147,0.999905470897283,0.381548282755955,0.0402935492903227,0.64034011537073,1.69934455973182,0.0147068912307783,-0.0256276055670312
0.999812147779237,0.0139377744029947,-0.0134687637799687,-0.0140032083759358,0.999890543216481,-0.00477616388232265,0.0134007204377039,0.00496387257510779,0.99989788511668,0.390100631212059,0.0403503933422781,0.640207990176326,1.72159121534504,0.00804760817809661,-0.026859034515837
0.999808325098821,0.0137776629021888,-0.013910034796691,-0.0138463644843058,0.999892348644626,-0.00485482363236799,0.0138416492391355,0.00504649649631237,0.999891464919795,0.398765125419056,0.0403739596055261,0.640072640278005,1.74428969827582,0.00134415121950134,-0.026974565729618
0.999806097778623,0.0135902793410569,-0.0142503035797363,-0.0136614327165014,0.999894634273345,-0.0049077089874191,0.0141821049500809,0.00510143693528886,0.999886415169433,0.407544722005103,0.0403637972257456,0.639938610471045,1.76764214174292,-0.0054261445078565,-0.0263529662214595
0.999805472106986,0.0133765267872021,-0.0144943601458314,-0.0134492463983059,0.999897394823057,-0.0049312875986296,0.0144269094487855,0.00512526654663026,0.999882791094327,0.416442778608803,0.0403195221713297,0.639810921010745,1.79170127676197,-0.0123328528368555,-0.0242757179637029
0.999806252819555,0.0131370895844854,-0.014658570877459,-0.0132107127249422,0.999900546345547,-0.00493705247856186,0.014592254528322,0.00512974610738474,0.99988036875051,0.425463063572205,0.0402401749833446,0.639697748360257,1.81653390777043,-0.0194774789592222,-0.0204957335888854
0.999808120250874,0.012874403356681,-0.0147638890074433,-0.0129485130388649,0.999903985795789,-0.00493509876068234,0.0146989350123391,0.00512532222448746,0.999878828849575,0.43460936642405,0.0401244703770491,0.63960889137845,1.84208416897792,-0.0268626717801309,-0.0142878954656932
0.999810769630753,0.0125936670318994,-0.0148264790510104,-0.0126682873337966,0.999907502759987,-0.00494978992631121,0.0147627716364093,0.00513667937250247,0.999877830086574,0.44388500184679,0.0399714214106877,0.639558177176618,1.86822426411362,-0.0343837185461561,-0.00521649461409777
0.999813925607871,0.0123063616175163,-0.0148548855370375,-0.0123817449789032,0.999910875252115,-0.00499339001354279,0.0147921111359052,0.00517639027594175,0.999877191674985,0.453292832719249,0.0397812115133842,0.639560117286303,1.89500595984341,-0.0415631841358749,0.00680839691125865
0.999817589226727,0.0120246917694126,-0.0148389710123638,-0.0121007842722984,0.99991403666689,-0.00504879159014903,0.0147769852422761,0.00522743382321448,0.999877149775298,0.462836543149637,0.0395562857788557,0.63962981097112,1.92261667315095,-0.0483628907650773,0.0219364744111326
0.99982156776881,0.0117672143971807,-0.0147771881510089,-0.011843643224391,0.999916879759827,-0.00509526118512893,0.0147160028368056,0.00526936777062742,0.999877829049032,0.47252049387848,0.0392982025220232,0.639782996039331,1.95107660201681,-0.0547552882230399,0.040216391371248
0.999825635362409,0.0115556556779779,-0.0146685273291876,-0.0116313826399573,0.999919409504867,-0.00508777292351968,0.0146085526332354,0.00525750104996818,0.999879467172255,0.482348614859973,0.0390093231012703,0.64003492873887,1.98024027517305,-0.0607252296011495,0.0613023179263954
0.999829436212656,0.0114106763835674,-0.0145222225279996,-0.0114840601712889,0.999921655488644,-0.00497988421886475,0.0144642609443227,0.00514580890828423,0.99988214595822,0.492324307309206,0.0386916716401052,0.640398603208735,2.01015002322992,-0.0662177439130487,0.0849006268905045
0.999832502789482,0.0113550351067806,-0.014353729252157,-0.0114237409420428,0.999923636564713,-0.00471372274205624,0.0142991086648625,0.00487690649117466,0.999885869124305,0.502451245830528,0.0383477751700435,0.640884612041705,2.04065100616776,-0.0712675832014171,0.109764119424995
0.999834286201204,0.0114087974805204,-0.0141858900523344,-0.0114700490009638,0.999925210688366,-0.00424393752799861,0.0141364108756056,0.00440594710301155,0.999890368749335,0.512731264602386,0.0379796200104533,0.641495201612258,2.07125745619132,-0.0759063655207389,0.134516213153679
0.99983407902454,0.0115913550155547,-0.0140518650026627,-0.0116418643198759,0.999926042480142,-0.00351803427491351,0.0140100469773403,0.00368104046503712,0.99989507875816,0.523162711864542,0.0375898441691332,0.642223556804275,2.10089203417647,-0.0797885203549654,0.155635693478388
0.999831664475792,0.0119139312767479,-0.0139535283387577,-0.0119500745008028,0.999925445663494,-0.00250974781365964,0.0139225870797365,0.00267607103714301,0.999899495055784,0.533735286955474,0.0371838881283765,0.643033589223268,2.12689444456749,-0.0821592335471614,0.164650279882697
0.999827893924336,0.0123612312928189,-0.0138341061060126,-0.0123804563143759,0.999922507762024,-0.00130490319681507,0.0138169038599395,0.00147595116134067,0.999903452707257,0.544422485469542,0.0367706459328837,0.64383948170909,2.14607365975862,-0.0827221674065255,0.151773422948597
0.999825178268398,0.0128684868437558,-0.0135652109057897,-0.0128713381107642,0.999917153343412,-0.000122901775265948,0.0135625055135421,0.000297482705477024,0.999907980740345,0.555184733011439,0.0363590182633007,0.644510573465434,2.15681063884548,-0.0815573483298544,0.109170715309848
0.999824980438175,0.0133729647893591,-0.0130832834008265,-0.0133608020905075,0.999910223711453,0.00101660454994692,0.0130957038490519,-0.00084162346405157,0.999913893398148,0.565986757076518,0.0359560111928629,0.644914830281595,2.16392211627379,-0.0795122996022976,0.0513914455822654
0.999826974436722,0.0138928642572078,-0.0123697013481597,-0.0138667970211304,0.999901451686311,0.00219062912961504,0.0123989164480866,-0.00201872195696902,0.999921092703106,0.576822572230614,0.0355653972863365,0.645024291735729,2.17020295528571,-0.0763580474381786,-0.00757577266158045
0.999830360930756,0.0144427429827314,-0.0114305090091952,-0.0144032490966841,0.999890036905018,0.00352994526029209,0.0114802341671849,-0.00336470997510232,0.999928438914631,0.587686314922105,0.0351925058960959,0.644842604222324,2.1749617566584,-0.0728823250248986,-0.0645589155934863
0.999827540621121,0.0147918983965252,-0.0112289250308695,-0.014757392238862,0.999886143095796,0.00314963796682788,0.0112742356650191,-0.00298338513111911,0.999931993199202,0.598546024083533,0.0348726564174812,0.644591857820562,2.169316310382,-0.0578350739648683,-0.0490545299264924
0.999820050345269,0.0150093732126629,-0.0116011052640285,-0.0149915643999573,0.999886306957194,0.00162054199184029,0.0116241096186335,-0.00144633165919202,0.999931391746607,0.609390416408066,0.0345986718547431,0.644269142736297,2.16936412057886,-0.0512061194348268,-0.0771440303859063
0.999811313920853,0.0152115318325074,-0.0120808052367139,-0.015213103075865,0.999884273322601,-3.81698582707272e-05,0.0120788265432495,0.000221949191455407,0.999927023681176,0.62024357886915,0.0343632800131733,0.643830118333169,2.17243231154194,-0.0424900552707226,-0.0971130333308276
0.999806604546178,0.0153418882599183,-0.0123036567923028,-0.0153518476222996,0.999881897499252,-0.000715421468731169,0.0122912277834353,0.000904166973744055,0.999924051216721,0.631088223694831,0.0341340267333517,0.643417121305957,2.1653675571244,-0.0485026341857709,-0.0689703095557593
0.999806358071502,0.0154182707861533,-0.0122279714492752,-0.0154219282995864,0.999881054004187,-0.000204868246448397,0.0122233582669351,0.000393407474306177,0.999925214575189,0.641920183985087,0.0339082028317313,0.643060314956101,2.16858525188918,-0.041613354788985,-0.07399109024962
0.999806282629311,0.0154747644147577,-0.0121626017473955,-0.0154689688939161,0.999880185622274,0.0005704395900031,0.0121699719111038,-0.000382186177846037,0.999925870111084,0.652777286102817,0.0337177241982181,0.642678369230802,2.17440719071802,-0.0346574328462875,-0.0784117361893508
0.999806097255992,0.0155108838177843,-0.0121317918269922,-0.0154940375520127,0.999878862836326,0.00148136878322017,0.0121532995552278,-0.0012931111036076,0.999925309797484,0.663666122941929,0.0335608874014547,0.642277704349351,2.18135874219435,-0.0281881169418986,-0.0816060753893809
0.999805786492021,0.0155289603588051,-0.012134277368114,-0.0155009213872098,0.999876969853012,0.00240137329610303,0.0121700753169077,-0.00221281443739749,0.999923493432896,0.674592924724114,0.0334350726696976,0.641863146265665,2.1895997642467,-0.0222540419207986,-0.0840639159196839
0.999805508332054,0.0155341989606855,-0.0121504803004911,-0.0154959215619954,0.999874687675571,0.00323811065638071,0.0121992591507546,-0.00304919798116118,0.999920937108452,0.685564117764636,0.0333373911060627,0.641437213218872,2.19909069926548,-0.0169905775088709,-0.0862714319946995
0.999805491283349,0.0155357504538255,-0.0121498994850932,-0.015489037519167,0.999872316545396,0.00392941762516953,0.0122093945956073,-0.00374046307021136,0.999918466485958,0.696585625718518,0.0332647496590708,0.641000355321407,2.20967669243273,-0.0120786183937375,-0.0884219667721105
0.999805759507559,0.0155316797719779,-0.012133020191739,-0.0154788548404161,0.999870356575776,0.00443566160348904,0.0122003405010574,-0.00424699476007111,0.999916553881956,0.707662517741784,0.03321675448052,0.640552857611402,2.22121507831962,-0.00705626985543639,-0.0905368283033368
0.99980638442586,0.0155165195023809,-0.0121008794648297,-0.0154597857430749,0.9998691223293,0.00476793846568288,0.0121732775401008,-0.00457993831471034,0.999915414162101,0.718799328103474,0.0331942196365231,0.640094556971937,2.23362967969426,-0.00195363262552274,-0.09278041178024
0.999807469360509,0.015489870206365,-0.0120452535018555,-0.0154308619166412,0.999868552876067,0.00497649173913028,0.0121207553990478,-0.00478966496845525,0.999915069592436,0.730000476351536,0.0331974128747727,0.639624551596812,2.24697892612124,0.00330363559233484,-0.095196511080438
0.999809150981973,0.0154551350936369,-0.0119499126333616,-0.01539439306669,0.999868192880969,0.00515844230892649,0.0120280619725619,-0.00497349617308671,0.999915291442731,0.741270658518859,0.033227224084254,0.639142301849022,2.26119328605195,0.00860928310882161,-0.0976054819518917
0.999811488474645,0.0154169644812091,-0.0118027420669631,-0.0153542598579717,0.999867615320602,0.00538502899776721,0.0118842003655274,-0.005202791489004,0.999915844830151,0.752614056820158,0.0332834350238622,0.638648110313069,2.27630757480818,0.0138912613718556,-0.10000808946686
0.999814392823685,0.0153783748232659,-0.0116054078084717,-0.0153131643800305,0.999866573203332,0.0056870719439578,0.0116913172600849,-0.00550830086512436,0.999916482373555,0.764035342981513,0.0333659202337026,0.638141891025652,2.29231130599116,0.0190642585332697,-0.102381558098937
0.999817676397539,0.015344467086514,-0.0113649149956246,-0.0152763196327389,0.999864951942121,0.00605903756870748,0.0114563528884755,-0.00588431878907844,0.999917059945916,0.775538657705811,0.0334734341626108,0.637624916943124,2.30909662677949,0.0238053515110462,-0.104080132872479
0.999821138883935,0.0153247284855975,-0.0110834533279838,-0.0152536484045187,0.999862726303282,0.00646952546324851,0.011181075582528,-0.00629930521653078,0.999917647760358,0.787127667041585,0.0336031754777215,0.637102029881957,2.32655402587273,0.0279418627479512,-0.104754146111681
0.999824612787901,0.0153245343293847,-0.0107657935662457,-0.0152511414682669,0.999860116670149,0.00686656946894132,0.010869514590745,-0.00670117451976851,0.99991847063279,0.798805417029108,0.0337519697902155,0.636580892629538,2.34456873499906,0.031395486437989,-0.102691484991042
0.999828018983128,0.0153417774634402,-0.0104193243800317,-0.0152671346166437,0.999857483651212,0.00720603825027422,0.010528392891193,-0.0070457257205639,0.999919752126239,0.810574736396865,0.0339166381102694,0.636079114656353,2.36321609770373,0.0343995272808737,-0.0971655380170252
0.999831262315496,0.0153726627998409,-0.0100562485572395,-0.0152978837366345,0.999855067349402,0.00747121468726326,0.0101696435425735,-0.00731611469054115,0.999921523328732,0.82243888567981,0.0340953547936142,0.635614353962338,2.38245452886845,0.0369312480084304,-0.0875012986477714
0.99983437480441,0.0154133804057533,-0.00967732731400072,-0.0153392750593302,0.999852807378933,0.00768571513397408,0.00979436573387865,-0.00753599900039313,0.999923636643788,0.834400793435057,0.0342855156055125,0.635208701036798,2.40237041221955,0.0390585364737093,-0.0737912634533933
0.999837347185559,0.0154608954249343,-0.00928654325366766,-0.0153879227260028,0.999850558472817,0.00787861382312013,0.00940696588287429,-0.00773443173442879,0.999925841029536,0.846464375984717,0.0344858344371956,0.634880658837984,2.42316004986167,0.041047079935602,-0.0564083710921867
0.99984018912619,0.0155079898595573,-0.00889373142277523,-0.015436313693221,0.999848270159072,0.00807198113692432,0.00901756217993916,-0.00793340471842024,0.999927869729564,0.858634345143583,0.0346959050758946,0.634648400400409,2.44493330595891,0.0429484141908161,-0.0355731435568142
0.999842835203527,0.0155472184613643,-0.00851991140139601,-0.0154769152929175,0.999846136972384,0.00825635963465585,0.00864696392896835,-0.00812320007851169,0.999929619340929,0.870916160807214,0.0349153528936763,0.634528578543899,2.46801511755638,0.0448356980488992,-0.0113939702287571
0.999845125176971,0.015574467902257,-0.00819521869195946,-0.0155057968697737,0.999844683781769,0.0083772654708063,0.0083244172937684,-0.00824889464695814,0.999931327548959,0.883316933201447,0.0351444575561046,0.634537100454753,2.49244583733897,0.0468384148327162,0.0155090795769476
0.999846948771715,0.0155826974825026,-0.00795352570003549,-0.0155159197496498,0.99984442201334,0.00838975584464157,0.00808302333379934,-0.00826506551571601,0.999933174480078,0.895842827590289,0.0353840343977244,0.634685257718547,2.51802928778766,0.0490449490486949,0.0443181088249011
0.99984826877592,0.0155632629421479,-0.0078245940718343,-0.0154983854206018,0.999845568659683,0.00828485853529844,0.00795232514110769,-0.00816233288888651,0.999935066315139,0.908498816090916,0.0356352403011146,0.634979852875602,2.54433607846145,0.051500883116627,0.0736358321134429
0.999848820136562,0.01552057193463,-0.00783892328996448,-0.0154572672153777,0.999847940415838,0.00807272794285166,0.00796302466129446,-0.00795033917696986,0.999936689168477,0.921286573189725,0.0358992477963249,0.6354182247088,2.57049583532371,0.0541397264439953,0.101267908527502
0.999848059801854,0.0154660489561029,-0.00804105964143991,-0.0154039162376594,0.999851454518357,0.00773228698829177,0.0081594531074661,-0.00760724833389588,0.999937774612888,0.934202076005445,0.0361771590440426,0.635982689344663,2.59501226567855,0.0571675071453718,0.122644083991019
0.999844722961376,0.0154249754261173,-0.00852056919426405,-0.015363921675529,0.999856152262889,0.00718503255379942,0.00863017248024477,-0.00705300752549045,0.999937885674809,0.947228132230916,0.0364738979482476,0.636615995318637,2.61328709223643,0.0620835673801461,0.125188734016142
0.999836583967128,0.0154286717062666,-0.00942132954122372,-0.0153691656331932,0.999861684331443,0.00635617444922904,0.00951809375261445,-0.00621033777421234,0.999935416712523,0.960322398144128,0.0368002488719382,0.637201768926224,2.62204707413956,0.0686539460543649,0.104189523271097
0.999822962002276,0.0154778678203144,-0.0106995448843399,-0.0154205576789115,0.99986641568477,0.00541822725272626,0.0107819781982014,-0.00525227507159516,0.999928078690016,0.97343816545637,0.0371588948828339,0.637627423295813,2.62252075758309,0.0744049160413714,0.0610468290059473
0.999807198421392,0.0154773304952237,-0.0120838001270015,-0.0154211507067882,0.999869905747916,0.00472860344429534,0.0121554142523499,-0.00454134565921747,0.99991580749779,0.986549430983,0.0375396549798121,0.637800905217045,2.62274937447988,0.0771705183909593,0.00721319325951704
0.999791733609538,0.0153953588852598,-0.0133967283628551,-0.0153418435981707,0.999873948865321,0.00408830227341029,0.0134579805707746,-0.0038819203061826,0.99990190191523,0.999671149976218,0.0379257754374889,0.637698551293619,2.62696917788445,0.0764466385879309,-0.0482938149390908
0.99977909243646,0.0152245374979146,-0.0144906792423147,-0.0151788206580995,0.999879481650436,0.00325968984490622,0.0145385601198437,-0.00303901833333155,0.999889691234594,1.01282166505902,0.0383003025398772,0.637321360108134,2.63348964525549,0.0727393225566744,-0.102039233528156
0.999771315244205,0.0149520989407342,-0.015288948693027,-0.0149222855403415,0.999886529869264,0.00206222701304426,0.0153180484763573,-0.00183360935515441,0.99988099055218,1.02600770589098,0.0386513744861124,0.636684061964867,2.64135571954105,0.0674335079580112,-0.151889848202189
0.99976973920078,0.0145818825633119,-0.0157428485133733,-0.0145773805993151,0.999893664057957,0.000400688927398617,0.0157470172816299,-0.000171107169949151,0.999875993395715,1.03923670187819,0.0389753111684794,0.635806696660303,2.65052039220642,0.0623305550260569,-0.198456837029111
0.999764248354428,0.0142321607310958,-0.0163979667407315,-0.0142446815830539,0.999898330044747,-0.000647008750942485,0.0163870912276489,0.00088044003239598,0.999865334965887,1.05249087250258,0.0392576336739295,0.634817652635003,2.64145220756469,0.0431386856596126,-0.149601540092714
0.999728108203804,0.0142084176579241,-0.0184886596296749,-0.0141864877597991,0.999898499717027,0.0013167492851541,0.018505491949285,-0.00105410212829435,0.999828203061115,1.06570836235844,0.0394593585011621,0.633994383554014,2.64677935410867,0.0371992789448905,-0.177716780551821
0.999688785219644,0.0142199751699141,-0.020496951291357,-0.0141541137587893,0.999894197805438,0.00335473675925222,0.0205424869423467,-0.0030635765353023,0.99978428709849,1.07896217248095,0.0396282459382093,0.633045426148346,2.65510606816857,0.0301367690905103,-0.201260107390262
0.999646513631491,0.0142631531316409,-0.0224368056360425,-0.0141455573087214,0.999885412424722,0.00539121773536188,0.0225111304210132,-0.00507193089343348,0.999733726811385,1.09226137737554,0.0397593926446475,0.631984565261993,2.66490240257494,0.0220574220943711,-0.222460886222411
0.999619532895259,0.0144611922787075,-0.0234875152398675,-0.0143397287459279,0.999882966070988,0.00533163582562331,0.0235618682145106,-0.00499280271612165,0.999709913068426,1.10551574200969,0.0399173077768948,0.631074493997236,2.64355908092537,0.0350646898681488,-0.162524770448606
0.999603718451724,0.0147247424939076,-0.0239914154641894,-0.0146333671472234,0.999885006268541,0.0039797996550941,0.0240472581269008,-0.00362714734305589,0.99970424285322,1.1187435931405,0.0400759537863902,0.630242852608897,2.64822918598298,0.0284822403363506,-0.168543608320711
0.999590960305749,0.015006566595177,-0.0243457395462981,-0.0149489936404585,0.999885018431169,0.00254509450488709,0.0243811333651493,-0.00218010915455911,0.99970035883754,1.13200093668591,0.0402024279010254,0.629393618054354,2.65504724367711,0.0220741862043051,-0.17079918603548
0.99958193914145,0.0153007449064533,-0.0245323082388718,-0.0152779427030735,0.999882661897891,0.00111664799692934,0.024546515210534,-0.000741377970461422,0.999698413997804,1.14529576146025,0.0402971492296389,0.628536881430685,2.66300350321678,0.0158940763734387,-0.171641185240375
0.999577003273954,0.015595357791941,-0.0245478989162522,-0.0156063388297101,0.999878180956713,-0.000255802711504853,0.0245409191798814,0.000638797335839877,0.999698622197595,1.15863269063521,0.0403613449488314,0.627678569917314,2.67196134137556,0.00970647222020024,-0.171530826588185
0.999576017525962,0.0158771683379367,-0.0244069808150587,-0.0159195476751936,0.999872085352401,-0.00154302782167746,0.0243793598922339,0.00193092169961698,0.999700914450235,1.172017336272,0.0403941607019175,0.626822632001235,2.68210440185382,0.003404776741659,-0.170672779020749
0.999578666594329,0.0161343534510737,-0.0241282392275069,-0.0162045692857759,0.999865004690875,-0.00271741214727844,0.0240811383403373,0.00310725493506973,0.999705178411617,1.18545582526395,0.0403950643196564,0.625972607281002,2.69350886985511,-0.00315039508997985,-0.169206514834304
0.999584186769085,0.0163594663722915,-0.0237449241144567,-0.0164532997956983,0.999857558981906,-0.00376173797290442,0.0236800018374222,0.00415085614756531,0.999710972184572,1.19895411490885,0.0403623456305033,0.625131510190864,2.70590247143398,-0.00999512477501922,-0.166989731253121
0.999591875711658,0.0165478131963879,-0.0232863026190897,-0.0166611030319261,0.999850243765405,-0.00467949655631244,0.0232053799152249,0.00506556222727986,0.999717885416837,1.21251667907061,0.0402945459788557,0.624303601526411,2.71929444813559,-0.0172672960592276,-0.163970827078036
0.999601177873304,0.0166914315418174,-0.0227789663371163,-0.0168207978904984,0.999843396142003,-0.00549944993177099,0.0226836053710529,0.00588041701836464,0.99972539966886,1.22614876873092,0.0401889997621204,0.623492930562725,2.73363835009416,-0.025087338022518,-0.159993510395188
0.999611408828484,0.0167860255677833,-0.0222544531627019,-0.0169288561709934,0.999837191953901,-0.00624527136957832,0.022145996673778,0.00661958694901588,0.999732832260674,1.23985488445178,0.0400431549582589,0.622704522447829,2.74895518815242,-0.0333528590124641,-0.15516940914276
0.99962196651085,0.0168303114857219,-0.0217408528874912,-0.0169847611522437,0.999831669233455,-0.00693909838842624,0.021620406045752,0.00730573837039102,0.999739558199675,1.25363999805706,0.0398552110444056,0.621942184523493,2.76517203395358,-0.0418738622039254,-0.149500201954859
0.999632404534358,0.0168264864566433,-0.0212585314258066,-0.0169913774834984,0.999826753193689,-0.00759978219290716,0.0211269708209878,0.00795820027963387,0.999745126595893,1.26750812944457,0.0396246177175877,0.621210059257103,2.78214554683875,-0.050317022969136,-0.143221270755252
0.999642499409391,0.0167772540528436,-0.0208181920682984,-0.0169523430986931,0.999822157986071,-0.00826259423796875,0.0206758660764286,0.00861255749028499,0.999749134741044,1.28146299161938,0.0393524033832815,0.620510734983295,2.79988038778099,-0.0585174053704569,-0.136259180767693
0.999652195959481,0.0166836703090516,-0.0204240607717099,-0.0168690899086546,0.999817737545193,-0.00894010602100898,0.020271184450874,0.00928153193347001,0.999751435230741,1.29550834035429,0.0390402413686175,0.619847949523181,2.81829925958323,-0.0661794747095666,-0.128719635337922
0.999661737470141,0.0165437874038525,-0.0200677287333426,-0.0167398503743472,0.999813389754552,-0.00964173620027949,0.0199044730556566,0.00997440553854929,0.999752130873713,1.30964716231707,0.0386912406419205,0.619224041119034,2.83723241672583,-0.0733368694450062,-0.120642032425839
0.999671250568919,0.0163532382630189,-0.0197474652623481,-0.0165602276154722,0.999809153176143,-0.0103641732196682,0.0195742087272631,0.0106877885231917,0.999751279833732,1.32388195557515,0.038307318424477,0.61864275760459,2.85673626865237,-0.0801555018380053,-0.111482761559667
0.999680818080706,0.0161136637548646,-0.0194579495807122,-0.0163311757451575,0.999805334097438,-0.0110718837192465,0.0192757531700101,0.0113861209683938,0.999749369386659,1.33821561056871,0.037890281813306,0.618110169066343,2.87669165863502,-0.0865348415724793,-0.101286715925329
0.999690580543161,0.015828330056037,-0.0191887243170522,-0.0160553566423126,0.999802232345245,-0.0117354897874978,0.0189991762023206,0.0120399404110433,0.999747003565668,1.35264981906673,0.0374427388482086,0.617631468043686,2.89695358443681,-0.0923278981624685,-0.0896764692045407
0.99970064523483,0.0155089905234184,-0.0189232959605163,-0.0157439552981525,0.999800010497901,-0.0123315400484481,0.0187282617622285,0.0126257760688688,0.999744888454062,1.36718612749168,0.0369676443729077,0.617215739023833,2.91752631216761,-0.0975995950841095,-0.0759676453118222
0.999710812780066,0.0151756490707927,-0.0186545030998032,-0.0154168473357119,0.999798518816519,-0.0128546719336343,0.0184556665782564,0.0131385481532079,0.999743350527313,1.38182650463523,0.0364671990595214,0.61687580493432,2.93868519245968,-0.102500117196956,-0.0589320622801986
0.999720683237588,0.0148573740655143,-0.0183797155268613,-0.0151030671539185,0.999797458882452,-0.0133018259925782,0.0181783626742122,0.0135757006474798,0.999742590611411,1.39657460306885,0.0359431956780631,0.616629987919347,2.96059483348156,-0.106993764668296,-0.0385897067975997
0.999729882760113,0.0145801902493074,-0.0180991593380758,-0.014828875065276,0.999796421765431,-0.0136828173027303,0.0178959766637502,0.0139475115104974,0.999742567335169,1.41143384745431,0.0353980217439588,0.616493819890033,2.98307645510919,-0.110932555058247,-0.0148246036236724
0.999737966497536,0.0143661988293221,-0.0178216350138709,-0.0146169919970644,0.999794830232642,-0.0140228736370707,0.0176165231623325,0.0142796978707493,0.999742841104847,1.42640691422273,0.0348345547420076,0.616485193115215,3.0061729974738,-0.114356501042301,0.0122329411087167
0.999744444065602,0.014232357578584,-0.0175637854039367,-0.0144849520914076,0.999792266232121,-0.0143391263802585,0.0173560572386082,0.0145898725215377,0.999742918402994,1.44149695015628,0.0342554365699324,0.616618332875523,3.02978313598641,-0.117104168667792,0.0416710832557656
0.999748963754515,0.014183039877836,-0.0173450526548144,-0.0144373847523834,0.999788775411276,-0.0146275932105124,0.0171339252153796,0.0148743383531603,0.999742558194493,1.45670657618747,0.0336645216931582,0.616903082931157,3.05416530444193,-0.119113713375663,0.0727430656082138
0.999750855075174,0.0142302879451135,-0.0171967055408093,-0.0144860651882044,0.999784915379016,-0.0148417281991688,0.0169818047280386,0.0150871430553989,0.999741964920251,1.4720404445621,0.0330649710928002,0.617346489493721,3.07942903804443,-0.12063503624735,0.10510285918221
0.999748760498056,0.0143933010579953,-0.0171828044059889,-0.0146500494941905,0.999781495215051,-0.0149109984700742,0.0169644313909523,0.0151589811732418,0.999741173183025,1.48750207365141,0.032458529748117,0.617952899037957,3.10515349279462,-0.12192559075693,0.137471493207933
0.999741292856894,0.0146894469190051,-0.0173656991233078,-0.0149469515286378,0.999778857359865,-0.0147927352509291,0.0171445617275005,0.0150484725277106,0.99973976987902,1.50309068191612,0.0318460683980101,0.618711968553823,3.12964763724337,-0.12302705580186,0.164289594686909
0.99972789102576,0.0151146412400189,-0.0177677101893454,-0.0153728233903564,0.999776900883684,-0.0144853291445495,0.0175448056756397,0.0147545274272863,0.999737207327106,1.51879240887499,0.0312290759124056,0.619575147577841,3.14947170258299,-0.123638249132962,0.176972060807926
0.999709764735921,0.0156221128018352,-0.0183394624582341,-0.0158804900241958,0.999775480047222,-0.0140285256865708,0.01811618967227,0.0143156937643306,0.999733396753257,1.53456858853412,0.0306110743236552,0.620425604529724,3.15719470703064,-0.123365258019622,0.151046352569721
0.999690676638064,0.0161242608107658,-0.0189356609664283,-0.0163828565819217,0.999773543250031,-0.0135817608392241,0.0187123770041462,0.0138877799011972,0.999728451388811,1.55035892818091,0.0299962306117368,0.621054921614377,3.15917428691162,-0.122495226356441,0.0982302068111519
0.999672416595238,0.016636988763752,-0.0194491671675877,-0.0168951152516258,0.999770345723154,-0.0131837359363443,0.0192253629165293,0.0135080130840833,0.999723921391925,1.56616170316827,0.0293888657815712,0.621401743422894,3.1621409270251,-0.11977459692183,0.0395722139311461
0.999656986085436,0.0171787847503354,-0.0197686500571981,-0.0174324691636384,0.999766966679055,-0.0127326884914545,0.0195453111881369,0.013072937384661,0.999723501333592,1.58198071760014,0.0287986421922491,0.621454271675466,3.16550410534317,-0.116492853397779,-0.0178482350608251
0.999644710888752,0.0177631724617249,-0.019872636871819,-0.0180096608876498,0.999762227070387,-0.0122939594098945,0.0196495319754954,0.0126474909509869,0.999726931149596,1.59781645441289,0.0282232642243426,0.621230931392839,3.16883918240543,-0.113736994790821,-0.0702290850038779
0.999635142004711,0.01840999641174,-0.0197649918123252,-0.0186456440686554,0.999756459822994,-0.0118051259823406,0.0195428459157457,0.0121693497900931,0.999734956925684,1.61366759091179,0.0276621998304644,0.620759284739359,3.17129679710598,-0.110407277558433,-0.117226262552498
0.99962812709401,0.0191041335399591,-0.0194586639883198,-0.0193219906726047,0.999752026162623,-0.0110700885352498,0.0192423542990638,0.0114419519933403,0.999749375361451,1.62952995573087,0.0271201797629643,0.620064023559049,3.17396786030041,-0.10621821707626,-0.159954213631143
0.999609847537415,0.0195555664868135,-0.0199432325766469,-0.0197935072788496,0.99973440472155,-0.0118041130819514,0.0197070996300455,0.0121942541973335,0.999731429129215,1.64535660951383,0.0266376300950952,0.619379862830978,3.15681688113581,-0.0877133864932213,-0.118150618632551
0.999579386353802,0.0197452972855836,-0.0212408477152516,-0.0200427625298739,0.999702718906957,-0.0138838568203871,0.0209603923324366,0.0143037423474365,0.99967798060582,1.66113748008097,0.0262156943872915,0.618725211488965,3.15700152597705,-0.080809331976837,-0.142664626151612
0.999547265329839,0.0199033194507375,-0.0225637374227168,-0.0202618345178486,0.999670276295303,-0.0157732924161108,0.0222423567458742,0.0162233340135347,0.999620968667562,1.67693021348758,0.0258304262420818,0.617954299900713,3.16024796118819,-0.0731887522486725,-0.165605056400266
0.999539371497721,0.0198838019533209,-0.0229276960425937,-0.0202310902153094,0.999682561741964,-0.0150159494446734,0.0226218437498022,0.0154728849574373,0.999624350451935,1.69264448911284,0.0253885978922541,0.617376676536756,3.13900159915583,-0.0894230758419895,-0.110521477592343
0.999538954503852,0.0198184499301562,-0.0230023362229325,-0.020131253428953,0.999706901694889,-0.0134478005259114,0.0227290797157784,0.0139046663380077,0.999644961568507,1.70833696612673,0.0249505955821354,0.616804458851944,3.1382717455791,-0.0858814809882736,-0.117745968690595
0.999540999845277,0.0197345175799159,-0.0229856138528444,-0.0200077569360506,0.999731144720286,-0.0117187003825024,0.0227481711504904,0.0121732120722073,0.999667111401167,1.72402844764775,0.0245288342791876,0.61620298797665,3.13831896076178,-0.0829896397485666,-0.122129654191084
0.999544629928348,0.0196408526174342,-0.0229078521442424,-0.0198750022677522,0.99975207206881,-0.0100388584499068,0.0227050009085903,0.0104895806675314,0.99968717688643,1.73972156333715,0.0241199459494864,0.61558689267675,3.13905834691,-0.0806733766198286,-0.12360087151539
0.999549559225585,0.0195438944193945,-0.0227753121353582,-0.0197428931590478,0.999768568627982,-0.00854560432423219,0.0226030268249599,0.00899140558975488,0.999704085119127,1.75542098528021,0.023721875229612,0.614970110141762,3.14088987970869,-0.0785668383982236,-0.122524040980438
0.999555912792108,0.0194486251239311,-0.0225771606524148,-0.019617461680755,0.999781047563976,-0.00728094287050304,0.0224306129996542,0.00772061608087185,0.999718590248172,1.77113266805101,0.023334352585853,0.614362948635216,3.14398029235813,-0.0764168190080745,-0.120136317532314
0.999563722838719,0.019358576144418,-0.0223071628510261,-0.019502278608806,0.999790324003012,-0.00624252825521999,0.022181639115853,0.0066748452876063,0.999731674664018,1.78686289784221,0.0229582175073556,0.613769618171429,3.14826177356435,-0.073914793180076,-0.11689508589691
0.999573286444306,0.019263412173641,-0.0219582781282441,-0.0193856036951429,0.999797684529685,-0.00536548026332265,0.0218504781710553,0.00578886521778334,0.999744490178959,1.80261768145045,0.0225955783721421,0.613194505446981,3.15388187997476,-0.0710834338822377,-0.112943237074126
0.999584888065617,0.0191547954326384,-0.0215208123169913,-0.0192578796793627,0.999804000148396,-0.00459296826927096,0.0214286168733442,0.00500550688753091,0.999757850321614,1.81840419314593,0.022247871225536,0.612640618794135,3.16092336521932,-0.0678782589185834,-0.108353392386933
0.999598583563507,0.0190183346223551,-0.0209993972775856,-0.0191038431670152,0.999809980743033,-0.00387886360497485,0.0209216374617243,0.00427847575756174,0.999771963865317,1.83422940821752,0.0219171179600316,0.612110920805447,3.169358521632,-0.0643648454833826,-0.103395967173191
0.99961412459479,0.0188467645241715,-0.020405915259102,-0.0189156765982965,0.99981599579994,-0.00318931362579996,0.020342052242089,0.00357407464184568,0.999786690700089,1.85009988934894,0.0216042152184081,0.611606841671957,3.1789147534522,-0.0607948766034816,-0.0979733627389576
0.999630836888806,0.018642761610071,-0.0197645485791173,-0.0186958884071189,0.999822074506278,-0.00250660859176951,0.0197143018556271,0.00287519903899548,0.999801520069275,1.86602037858551,0.0213087042595486,0.61113161194123,3.18931685059299,-0.0575087412196035,-0.0918465851303788
0.999648058607928,0.0184155444625993,-0.0190951994895885,-0.0184540828057209,0.99982800851751,-0.00184396629853158,0.0190579576345617,0.00219570172303817,0.999815969638785,1.88199478686272,0.0210276444224151,0.610690311312706,3.20046451665813,-0.055248843675982,-0.0840077058654393
0.999665307625802,0.0181859229278952,-0.0183995906658514,-0.018211601330325,0.999833399703418,-0.00122898921539313,0.0183741749854391,0.00156366389192242,0.999829957867255,1.89802684586103,0.0207547795606895,0.610293891439949,3.21239109253906,-0.0541408016973585,-0.0739453214654539
0.999682214438304,0.0179713217075847,-0.0176777185126077,-0.0179862383701368,0.999837999763191,-0.000685170660035667,0.0176625412956663,0.00100290858170055,0.999843502158891,1.91412002199338,0.0204848194841165,0.60995452370222,3.22476258076984,-0.0541365380454437,-0.0608188257023293
0.999698466441184,0.0177874529822292,-0.0169287539869414,-0.0177935806624546,0.999841659362039,-0.000211403342492124,0.0169223131502204,0.000512562746871408,0.999856676027658,1.93027606841794,0.0202121897231749,0.60969026414465,3.23765326893691,-0.0551415887194802,-0.0438007428873572
0.999713805725787,0.0176421236361527,-0.0161574167140307,-0.0176410093930566,0.99984436291705,0.000211496081114367,0.0161586332608369,7.35975878728114e-05,0.999869438054058,1.94649878645376,0.0199328715747328,0.609521148036223,3.25152954056198,-0.0566629729026967,-0.0227625232051346
0.999728037285596,0.0175331221513535,-0.0153766411389675,-0.0175260053270991,0.99984622925756,0.000597475283599516,0.0153847522685731,-0.000327821698085162,0.999881593955289,1.96279371671504,0.019645383576388,0.609466069380727,3.26650131309566,-0.058374786249173,0.00153505852163958
0.999740909869544,0.0174531334262097,-0.0146116825459723,-0.0174411463027769,0.999847442771859,0.00094741660327709,0.0146259888165718,-0.000692326643971716,0.999892794821003,1.97916701551827,0.0193495770917025,0.60953891611127,3.28310826230405,-0.0598330377961768,0.0282984716684914
0.999752337081692,0.017386233285447,-0.0138918462358148,-0.017370555233226,0.999848341087759,0.00124845302059075,0.0139114453089876,-0.0010068347427416,0.999902724255323,1.99562821490306,0.0190476991473775,0.609750535034707,3.3016026720213,-0.0608112687079345,0.0568701473221527
0.99976223395332,0.0173151404854476,-0.0132537342147546,-0.017296923674091,0.999849289976592,0.0014878725475303,0.0132774994663458,-0.00125826995284741,0.999911058427022,2.01218653958594,0.0187425200889647,0.610107853050237,3.32200486295437,-0.0610291209644318,0.0863533047462713
0.999770410170061,0.0172182731631388,-0.0127537452408588,-0.0171987147714305,0.999850743469785,0.00164164342346939,0.0127801079259986,-0.00142191849216996,0.999917320076616,2.02885136495367,0.0184385313829998,0.610613761865791,3.34409237872653,-0.0603583728995704,0.116277742820746
0.999776514323683,0.0170832210132089,-0.0124533114712809,-0.0170632822868678,0.9998529568814,0.00170558292696513,0.012480617147623,-0.00149270738457043,0.999920999889631,2.04562989714431,0.0181397528287363,0.611268341545777,3.36737618345828,-0.0590006661462209,0.145338170334917
0.999779883117845,0.0169180939520876,-0.0124081993011719,-0.0168984336203302,0.999855787064532,0.00168760621743659,0.0124349609588676,-0.00147755561457902,0.99992159121371,2.06252596307107,0.0178494503679798,0.612061242470949,3.39092875980486,-0.0571493328388204,0.171593592500881
0.999779824624813,0.0167337191482205,-0.0126603679506673,-0.0167142026946515,0.999858953458714,0.00164578757037038,0.0126861223965367,-0.00143381725235827,0.999918499912181,2.07953628002373,0.0175694936100361,0.61297128894268,3.41230447335267,-0.054798475631433,0.190681494608602
0.999774686022668,0.0165459351841274,-0.0132969627042764,-0.016526220651145,0.999862166628071,0.00159115580903621,0.0133214570999546,-0.0013710487597514,0.999910325482256,2.09664008850576,0.0173041083531116,0.61394319012883,3.42741355204338,-0.0512222187859205,0.194599213518455
0.999761956561506,0.0163926345149793,-0.0143983244152842,-0.0163721324145111,0.999864780696756,0.00154065000248165,0.0144216327962951,-0.00130455198698342,0.999895151829232,2.11379324486513,0.0170610832735316,0.614877600201841,3.43031343443315,-0.0454654326450732,0.17231064122599
0.999740794283352,0.016284327636306,-0.0159111570643183,-0.0162600261102205,0.999866426499541,0.00165550896484695,0.0159359906057613,-0.00139636401814966,0.999872038998462,2.13093234316725,0.0168482969609354,0.615640209367521,3.4241615940377,-0.040019794105037,0.129919131346716
0.99971426125329,0.016148379594193,-0.017624576116095,-0.016115815216503,0.999868155198412,0.00198814487212421,0.0176543577254372,-0.00170354237014399,0.999842698426455,2.14803907039403,0.0166561497168841,0.616167281391242,3.41943133327539,-0.0375909847268341,0.0794001233338028
0.999686350056692,0.0159354398038874,-0.019320022478896,-0.0158959483298622,0.999871240072428,0.00219592866876752,0.0193525279233157,-0.00188812983680874,0.999810939442401,2.16513218291157,0.0164669113514638,0.616433075519157,3.41858752430482,-0.0390797722418012,0.0268636957411824
0.999659963595594,0.0156357550708953,-0.0208681658853841,-0.0155982102736806,0.999876418086416,0.00196071184425808,0.0208962441676724,-0.00163453909134622,0.999780313499743,2.1822309551142,0.0162622289823117,0.616437761974345,3.42200692958208,-0.0431790794177163,-0.0248429532117676
0.999638617963908,0.0152242834308109,-0.0221552402204779,-0.0152016954103961,0.99988374226622,0.0011876061420382,0.022170744954969,-0.00085037974893665,0.999753837163141,2.19935735932847,0.0160333215214647,0.616188457687529,3.42941276428991,-0.0487393375882829,-0.0742585790429418
0.999625055492164,0.0146983443938426,-0.023102101730551,-0.0147073753875996,0.999891816271708,-0.000221047672916289,0.0230963534242305,0.000560736074699088,0.999733086395343,2.21652820759,0.0157757431902901,0.615700059804707,3.43942385881294,-0.0539988276365537,-0.120244806034911
0.999620319735608,0.0140589973797464,-0.0236972775726698,-0.0141140881492669,0.999898060177481,-0.00215911301799141,0.0236645069121373,0.00249275870994819,0.999716848545937,2.23375390707023,0.015495470307849,0.614988577372529,3.45129604647739,-0.057760698301466,-0.164022016091124
0.99962428045021,0.0133348815105714,-0.0239474188483375,-0.0134447309115973,0.999899793414184,-0.00443196807143755,0.0238859193901644,0.00475226949683228,0.999703395407616,2.25104164942022,0.0152004042187871,0.614060179160671,3.46380911228692,-0.0598810768099816,-0.207264142403849
0.999635650045096,0.0125651765328148,-0.0238889827664888,-0.0127315262945946,0.999895664156714,-0.0068241511424583,0.023800743625535,0.00712580797553995,0.999691326091993,2.26839128241863,0.0148987457183316,0.612915358111237,3.47592041479726,-0.0604291033902714,-0.250661979516415
0.999623076547227,0.0120175640104469,-0.0246836583494168,-0.0121949521194351,0.999900795696481,-0.00704853944799113,0.0245965033502855,0.00734689871986902,0.999670463253836,2.28573002096559,0.0145570767533544,0.611793971488575,3.45439898819847,-0.0784201855198904,-0.185916679932586
0.999571933334903,0.0118466659343132,-0.0267508241997201,-0.011971218616004,0.999918213524087,-0.00450068746367727,0.0266953182032241,0.00481900083405719,0.999632000896825,2.30300749079268,0.0141555840860862,0.610783007867726,3.45729956260661,-0.0829598928900945,-0.217185802056465
0.999515328429122,0.011796215069295,-0.0288089837596362,-0.0118535462996856,0.999928087802038,-0.00182007271328179,0.0287854420731254,0.00216067919862247,0.999583278066443,2.32030357793345,0.013724138452329,0.609626721755282,3.46098428516939,-0.0901479195599745,-0.244590032483604
0.999491474438546,0.0120624599820842,-0.0295176148061196,-0.012139880191734,0.99992331960625,-0.00244503917116576,0.0294858581966369,0.00280213611354051,0.999561269857736,2.33744551628086,0.0133715870056288,0.608757188248456,3.4203253348681,-0.0692075105319903,-0.166040086141982
0.999477877348977,0.0124036569640797,-0.0298349121651282,-0.0125265499858103,0.999913794106545,-0.00393572114188205,0.0297835228849187,0.0043073947312845,0.999547091494539,2.35453375880685,0.0130135494012898,0.607909516615395,3.41520827349464,-0.0739922219649655,-0.171631450530951
0.999470151258299,0.0127553853495479,-0.029945231478444,-0.0129301611675218,0.999900438471885,-0.005650139459704,0.0298701803793511,0.00603434240963587,0.999535571671058,2.37159923325515,0.0126324031718503,0.607046756259337,3.41112095952961,-0.0783928178284452,-0.172749555974546
0.999468834918873,0.0130891592441955,-0.0298449650056765,-0.0133188493805303,0.999883094692145,-0.00751033954207899,0.0297431719406103,0.00790385090564463,0.999526324247527,2.38864733254244,0.012229944663504,0.606185664263676,3.40842727018153,-0.0826201977544241,-0.171192472135957
0.999473831794861,0.0133752716549539,-0.0295493090520495,-0.0136590857782194,0.999862300522884,-0.00942387228210484,0.0294191932758291,0.00982253028716977,0.999518898753674,2.40568611649075,0.0118065738328897,0.605337783227765,3.40734699645361,-0.086679440527226,-0.167470792637128
0.999484613955228,0.0135935079565265,-0.0290813171676434,-0.013926111145235,0.999839566531573,-0.0112651953523065,0.0289235180284104,0.0116643790829567,0.999513567874628,2.42272346759334,0.0113634812045332,0.604512967652682,3.40785143334768,-0.0905280301318381,-0.162155511779905
0.999500268668913,0.0137341376768049,-0.028470798953418,-0.0141070143250603,0.999816788829603,-0.0129375778758408,0.0282878963092685,0.0133327505315096,0.999510896731827,2.43976725008011,0.0109013421475769,0.603717516965469,3.40988867912498,-0.0943433721608316,-0.155778989720152
0.999519835676311,0.0137926587219085,-0.0277463629144586,-0.0141956759658113,0.999795815631108,-0.014380884200929,0.0275423469129552,0.0147678573905561,0.999511545463392,2.45682495497475,0.0104198857974825,0.602955872577925,3.41340954923225,-0.098275056542097,-0.14873438035003
0.999542257782645,0.0137706334205006,-0.0269377905918567,-0.0141936238251509,0.999777958478759,-0.0155748124468758,0.0267173342510558,0.015950028064033,0.999515773089787,2.47390387244027,0.00991817430188221,0.60223086170841,3.41834622343562,-0.10249158765125,-0.141074996811172
0.999566621828741,0.0136685473676106,-0.0260718111902347,-0.0141025451271965,0.999763817388786,-0.0165356481922846,0.0258396351912183,0.0168961608971685,0.999523302879989,2.49101058878554,0.00939424713120517,0.601545894863982,3.42443498769635,-0.107219091989929,-0.132709104683626
0.999591757494545,0.0134892664427658,-0.0251864654091065,-0.0139276704100736,0.999753112870575,-0.0173128074714619,0.0249467101221064,0.017656528436576,0.999532845212028,2.50815002751199,0.00884545635512421,0.600904721639535,3.43137292213034,-0.112364392767478,-0.123511341283057
0.999616645334516,0.0132384210371217,-0.0243167962242473,-0.0136767937536092,0.999745328189441,-0.0179506009929234,0.0240729658079122,0.0182762953529921,0.999543130307733,2.52532581039763,0.00827038185755153,0.600311705838885,3.43891079412088,-0.117690535417477,-0.113471867235334
0.999640347492178,0.0129216703345334,-0.0234990659704435,-0.0133583578404697,0.999739208285759,-0.0185221405882012,0.0232536006141754,0.0188293879860384,0.999552261868557,2.54254060626815,0.00766824950725437,0.599771236350411,3.44700015520623,-0.123227148705454,-0.102392210291338
0.999662077249352,0.0125479506082051,-0.0227657691511773,-0.0129830551683415,0.99973392535811,-0.0190661681142534,0.0225204704215177,0.0193552944591193,0.999559003255133,2.55979761148158,0.00703795134369019,0.599289478634902,3.4558692792185,-0.128909677630183,-0.0898972914906212
0.999681448516791,0.0121246401479483,-0.0221358214813447,-0.0125589079096302,0.999729297163554,-0.019585867991578,0.0218923576502995,0.0198576306277676,0.99956310415219,2.57710094288527,0.00637955963013238,0.598874448318909,3.46545040781019,-0.134332755446575,-0.0755812161576459
0.999698753141507,0.0116547509385554,-0.0216002256441258,-0.0120890790479322,0.999725139940718,-0.0200872780207908,0.021360176382459,0.0203423536266564,0.999564871088334,2.59445359204495,0.00569578690085472,0.598535137107156,3.475575117137,-0.138918912678369,-0.0598167047692951
0.999714793923773,0.011144637152459,-0.0211217393385855,-0.0115790575015606,0.999721608488471,-0.0205579898968938,0.0208867478876601,0.0207966964675947,0.999565526205617,2.61185811452556,0.00499165924094311,0.59827726035045,3.48618419133313,-0.142501320616499,-0.0429929543835139
0.99973006217482,0.0106046802763417,-0.0206722891854853,-0.0110386121002402,0.999718720939535,-0.0209911420823435,0.020443870152987,0.0212136691606443,0.99956591999423,2.62931662802089,0.00427225626048633,0.598106756683336,3.49710869341199,-0.144963109297542,-0.024679829608335
0.999744772313451,0.0100537660124922,-0.0202314611655349,-0.0104858976952641,0.999716689382245,-0.021367894611482,0.0200109015651706,0.0215745859651814,0.999566956766269,2.64683065061885,0.00354330270448964,0.598032004867696,3.50846494124957,-0.146401585929807,-0.00473819594611993
0.9997589305261,0.00951170678833505,-0.0197890946554501,-0.00994051121988974,0.999715446000707,-0.0216844014050511,0.019577207921378,0.0218758876752665,0.999568996352139,2.66440260591526,0.00280968046309315,0.598061455430611,3.52020404578885,-0.146749869480693,0.0171956911806726
0.999772697023819,0.00899454915290314,-0.0193300897890884,-0.00941872613902771,0.999714349712821,-0.0219660323269474,0.01912699358593,0.0221431042043908,0.999571828861017,2.68203392224379,0.00207746431909738,0.598203745904003,3.53233219409056,-0.146001156813654,0.0406325220087252
0.999786072924284,0.00851887631080566,-0.0188477354883706,-0.00893736313013864,0.999712892171566,-0.0222318862502488,0.0186529334668419,0.022395579304076,0.999575162807038,2.69972699670404,0.00135156568012745,0.598467781286362,3.5448998038334,-0.144185846515785,0.0662801632120755
0.999799082182399,0.00809824892058193,-0.0183361291349274,-0.00851025360608715,0.999710527456791,-0.022504152408483,0.0181485771010435,0.0226556760323863,0.999578585951462,2.71748400158953,0.000637754788237444,0.59886600310618,3.55793171043951,-0.141118423365007,0.0939582516654092
0.999811664825391,0.00773962547634814,-0.0177969962793357,-0.0081444595437311,0.999707133125729,-0.0227885005271867,0.0176154096694159,0.0229291555671578,0.999581888174829,2.73530731838998,-5.81225398287354e-05,0.599407115331091,3.57146204392478,-0.137219476816775,0.1237086314257
0.999822977268322,0.00745341604285749,-0.0172760156170884,-0.00785130577531023,0.999702811846175,-0.0230791027658157,0.0170988632350922,0.0232106565211882,0.999584360771978,2.75320026029865,-0.000733965654910855,0.600100571660558,3.58601144911856,-0.133311994733702,0.15429639379561
0.999831923588704,0.00725174195226929,-0.0168385513500762,-0.00764399255002921,0.999698163258306,-0.0233484850871593,0.0166641516677733,0.0234732745186499,0.999585569840104,2.77116807850406,-0.00139151804697879,0.600943520629634,3.60148243967816,-0.130241505005376,0.183679492827424
0.999836659876931,0.00715341604763693,-0.0165976566114638,-0.00754302134938801,0.999694653600412,-0.0235308816595658,0.0164242623902973,0.0236522346006296,0.999585321722629,2.78921344611526,-0.00203610965853315,0.601928412375805,3.61673404350347,-0.127945922593621,0.210795466465592
0.999836088687889,0.0071673157366253,-0.0166260441006198,-0.0075589003151045,0.999692657571093,-0.0236104515940169,0.0164517106505841,0.0237322561839077,0.999582973661062,2.80732976676936,-0.00267009474383309,0.603029978946236,3.62776139896845,-0.125325625498368,0.224566294347589
0.999830145908004,0.00726170014635193,-0.0169395113437089,-0.00766002214572222,0.999692860521127,-0.0235692317187783,0.0167631558576007,0.0236949854203562,0.999578683381965,2.82549720722326,-0.00329597969076852,0.604170291821015,3.63589786791674,-0.124531317048277,0.222632358227508
0.999820456592607,0.00736516971962125,-0.0174587758434874,-0.00777423933631365,0.999694085524206,-0.0234797055063224,0.0172805029352064,0.0236112185819175,0.999571855633893,2.84367414602169,-0.00391408424139007,0.605210025248881,3.63316123486137,-0.122944410126548,0.186685187149615
0.999808932765257,0.00742411574974979,-0.0180826012545924,-0.0078471328787802,0.999694539307443,-0.0234360957598138,0.0179030854430468,0.0235735144646425,0.999561788459025,2.86183039004821,-0.00452568885196535,0.606021988731948,3.63013496570895,-0.121625574769877,0.136722053458805
0.99979719891114,0.00747094407702005,-0.0187014984436201,-0.00790731206897456,0.999695632085,-0.0233691592920387,0.0185212166253336,0.0235122985854397,0.999551967808551,2.87997971571004,-0.00512882174645694,0.606573329464422,3.63017169651279,-0.11925335982696,0.0830666884130595
0.999787629338939,0.00753552559735603,-0.0191810342472956,-0.00797978794717439,0.999699196517688,-0.0231913661996798,0.0190005053917643,0.02333950161981,0.999547021634799,2.89813511332022,-0.00571773293369732,0.606855276090368,3.63241168793207,-0.116287084660545,0.0302576832955579
0.999781339030027,0.00764519320960303,-0.0194634310468388,-0.00809054089243033,0.999704879132909,-0.0229062826736122,0.0192825640254382,0.0230587436484157,0.999548136442644,2.91630648534042,-0.00629191707005221,0.606880533805611,3.63662947593613,-0.113411845077388,-0.0194746685673768
0.99977885247894,0.00783083955795597,-0.0195172766469022,-0.00827008340149172,0.999712023519307,-0.0225272224534003,0.0193352490655418,0.0226836501196382,0.99955570137978,2.93450173693468,-0.00685139820061503,0.606664778137237,3.6413547872064,-0.110223241666095,-0.0661296517137442
0.999779853604989,0.00809586448420305,-0.019357202893015,-0.00852050494173345,0.999722625043306,-0.0219561830029623,0.0191740794075185,0.022116282571334,0.999571520564737,2.95272087686762,-0.0073940076084706,0.606224316607482,3.64660297618533,-0.10680466259526,-0.109039835015605
0.999784910028,0.00840518689368058,-0.018960129577274,-0.00880539227065314,0.999738087581408,-0.0211239510042013,0.0187776129277563,0.0212863588326016,0.99959706491185,2.97096901840657,-0.00791995783051305,0.605576025875378,3.65283118699139,-0.103655984252027,-0.150076235746002
0.999793772428231,0.00874692081629644,-0.0183276837041766,-0.0091131116797801,0.9997585889297,-0.0199928751511178,0.0181483831026005,0.0201557742974505,0.999632122809803,2.9892500065258,-0.00843144515391275,0.604723096506699,3.65968896157092,-0.101065216862666,-0.190994164274143
0.999794040310267,0.00891272866185758,-0.0182329434780049,-0.00927766918779229,0.999756337187989,-0.0200297555376255,0.0180499810114556,0.0201947894332982,0.999633117031059,3.0075141802478,-0.00889897750272227,0.603832383645841,3.63564678368077,-0.0801705045596966,-0.13525640395219
0.999772307700377,0.00865347283598738,-0.0195051317180742,-0.00909561655223716,0.999701069700057,-0.0226945147579158,0.0193029146762157,0.0228667585905702,0.999552154135322,3.02568842897715,-0.0092865672771368,0.603085583804106,3.63510292045835,-0.0743799988332601,-0.162717353052859
0.999749434812619,0.00833597713386509,-0.0207744813912193,-0.00885689379192264,0.999645451917425,-0.0251102746533371,0.0205577971633402,0.0252879802679277,0.999468806431577,3.0438597050409,-0.00964791056686802,0.602226424333036,3.60653663007859,-0.0932219394551336,-0.104099490902126
0.999753892444148,0.00781829515359641,-0.0207612331923487,-0.00831586836303571,0.999677628460976,-0.023989278605398,0.0205669851009936,0.0241560223449556,0.999496616156516,3.06187430725253,-0.0101051062637581,0.601667013516756,3.59864753643182,-0.0901191989307236,-0.116699208528223
0.999759364654318,0.00731468128057643,-0.020681107894821,-0.00778069770524925,0.999715585272073,-0.0225434981166514,0.0205103273794733,0.0226989868029284,0.999531931690482,3.07984742451789,-0.0105498978152972,0.601066752360307,3.59070196740398,-0.087917378800986,-0.122249458019679
0.999765699901751,0.0068080520111302,-0.0205474019714344,-0.00724042392965759,0.999752371597167,-0.0210421421713709,0.0203990578527736,0.0211859838963191,0.999567422700972,3.09778197226982,-0.0109847607647894,0.600450968350523,3.58299614425753,-0.0860879785148287,-0.122878378284979
0.999772807418913,0.0062936108261109,-0.0203647737152964,-0.00669380965966827,0.999784641650678,-0.0196434017335433,0.0202367600654329,0.0197752568174146,0.999599626230352,3.11567866916733,-0.0114112742461032,0.599842371178822,3.57576027432608,-0.0846119190697375,-0.119879251628825
0.999780891738672,0.00577466597557137,-0.0201201825811002,-0.00614602386046805,0.999810999258342,-0.0184442986514117,0.0200098701878045,0.0185639164754232,0.99962742364351,3.1335411118687,-0.0118313442815758,0.599255188607358,3.56922953976951,-0.0834972244496659,-0.114429660590941
0.999790265270476,0.00525511170869448,-0.019794172660656,-0.00560153783841713,0.99983140259926,-0.0174868279067747,0.0196989401805148,0.0175940381187923,0.999651139937548,3.15137279800012,-0.0122464467473269,0.598699994523697,3.5635361786001,-0.0825546366332655,-0.107269677981618
0.999800970619772,0.00474043739291301,-0.0193790454121329,-0.00506585259196499,0.999846411849101,-0.0167776592525209,0.0192965355770957,0.0168724913928291,0.999671427394482,3.16917842645788,-0.0126568259033302,0.598184078959493,3.55878008676696,-0.0815642100545156,-0.0986787531791604
0.999812894257971,0.00422723042237672,-0.0188760959537281,-0.00453506056172504,0.999856942559732,-0.0162950188955612,0.0188045127881502,0.0163775742422785,0.999689034330546,3.18696308803305,-0.01306181937301,0.597714276341044,3.55527312627396,-0.0803582414278849,-0.0889423606189906
0.999825835736861,0.00370836787173258,-0.018290604167623,-0.00400124105466825,0.999863958544242,-0.0160017022301308,0.0182287756887621,0.0160721004217631,0.999704656048436,3.20473372300782,-0.013460227176349,0.597295666710146,3.5531087294892,-0.0789643849632608,-0.0781400587905797
0.999839460302056,0.003175032434291,-0.0176344206577884,-0.0034547142051797,0.999868377064456,-0.015852239471202,0.0175817681890975,0.0159106164410121,0.99971882732687,3.22249707030844,-0.0138516328646709,0.596933263796552,3.55243836285798,-0.0776295003577861,-0.0666517752257486
0.999853463826762,0.00262872732191793,-0.0169156929001964,-0.00289602756777619,0.999871027733735,-0.0157968643411517,0.0168719855960534,0.015843537842069,0.999732123326391,3.24026088909422,-0.0142369419598503,0.596629557962283,3.55321451959339,-0.0765638962351722,-0.0545738542561849
0.999867614933227,0.00208344903859098,-0.0161372813027726,-0.00233773457287863,0.999873151913076,-0.0157548430801162,0.0161024099068427,0.0157904820545768,0.999745654189943,3.25803183678783,-0.0146177496904166,0.596388020633517,3.55526474567656,-0.075829113277151,-0.0418024271138855
0.999881682563719,0.00155568503560364,-0.015303617795077,-0.00179554329968696,0.999875573362304,-0.0156720712627062,0.0152773328106299,0.0156976952918061,0.999760063947705,3.27581538186578,-0.0149970555172204,0.596214403798416,3.55804989720591,-0.0763215536174036,-0.0267835146334505
0.999895772954554,0.0010787051333161,-0.0143972088562737,-0.00130232844200208,0.999878521826234,-0.0155320807110789,0.0143787053744404,0.0155492117427757,0.999775712270474,3.29361425348598,-0.0153828493916715,0.59612342840025,3.56148155549348,-0.0782946159128166,-0.00889933919681451
0.99990978493416,0.000675229319882258,-0.0134151428724195,-0.000881271407367157,0.999881656023209,-0.0153589488244235,0.0134031844584939,0.0153693855976833,0.999792046694072,3.31143219714867,-0.0157813991711316,0.596127967737976,3.56564548200007,-0.081363139359835,0.0113272690290859
0.999923478996557,0.000360959584301722,-0.0123655108912136,-0.000548971868007415,0.999884253412701,-0.015204552187255,0.0123585913966907,0.0152101770372775,0.99980793942296,3.32927325884934,-0.0161975554166533,0.596239077400175,3.57087716813217,-0.0852836960651213,0.0337504057826786
0.999936567150962,0.000140071698712078,-0.0112624177808111,-0.000310135466733892,0.999885943671181,-0.0150997836005557,0.0112590181784463,0.015102318653457,0.999822561498263,3.34714427809342,-0.0166342239110378,0.596467810076846,3.5777546073222,-0.0893118613414898,0.0583756857443627
0.999948591561694,-5.87818608387468e-07,-0.010139735373263,-0.000152062985402605,0.999886671533034,-0.0150539352808263,0.010138595101581,0.0150547032599552,0.999835268831382,3.36505445249067,-0.0170901407911484,0.596824908044218,3.58656415458625,-0.092955298428207,0.0850575786806658
0.999959161774232,-7.96151400904314e-05,-0.00903705954423782,-5.64961707702314e-05,0.999886587077296,-0.0150602055464309,0.00903723364527663,0.0150601010736159,0.999845748985159,3.38301414486789,-0.0175625969783648,0.597319815465534,3.59770307193759,-0.0957620169631951,0.113366623145007
0.999967923944612,-0.000123468957787205,-0.00800848533234483,2.41562944295272e-06,0.999885778757887,-0.0151138820922278,0.00800943668847278,0.0151133779529757,0.999853706664522,3.40103550795614,-0.0180459920212012,0.597958027986379,3.61122466196389,-0.0975442145752212,0.142863082392038
0.999974785469545,-0.000158782364750366,-0.00709952204717103,5.09319526184514e-05,0.999884641886221,-0.0151888224033412,0.00710111477683791,0.0151880778317956,0.999859438351562,3.41913000834792,-0.0185358814863062,0.598745643074393,3.62697024803264,-0.0983147679791219,0.172805738692806
0.999979785248538,-0.000209873747046913,-0.00635492307575287,0.000112905079067781,0.999883624121945,-0.0152553421858952,0.00635738521182699,0.0152543162998521,0.999863435418804,3.43730788269434,-0.0190275372115846,0.599681348749081,3.64375703207781,-0.0989491083293532,0.199308173729018
0.999983068123294,-0.000293318549732791,-0.00581183542029435,0.000204471183715281,0.999883202249284,-0.0152820172507624,0.00581563911012671,0.0152805701446626,0.999866332325374,3.45557590783582,-0.0195179955035238,0.600758292003548,3.66303069315286,-0.0977311541001398,0.229551908826507
0.9999846724549,-0.000415784166576498,-0.0055210487040358,0.000331526948045084,0.999883607537164,-0.0152532445187354,0.00552674815313951,0.0152511803475153,0.999868419619731,3.47393700731035,-0.0200037929178188,0.601962722797539,3.68092644495227,-0.0957356246783134,0.250135401873929
0.999984586909114,-0.000562802415206719,-0.00552351316190564,0.000479261260778133,0.999885657163759,-0.0151143278660632,0.00553138796797193,0.0151114477016722,0.999870515564645,3.49238600027106,-0.0204816361642697,0.603260484176608,3.69707507863148,-0.0940602518356737,0.264749101220289
0.999982375243212,-0.000714539273800349,-0.00589394914902356,0.000626890257116706,0.999889395277975,-0.0148594824691882,0.00590391493422888,0.0148555257151263,0.999872220408277,3.5109002934993,-0.0209481972344468,0.604592611785158,3.70504753969731,-0.0919437026603749,0.260237265473417
0.999977142736527,-0.000825098202405863,-0.00671067935810709,0.000727267721863972,0.999893620578937,-0.0145677248466105,0.00672198528350611,0.0145625114077965,0.999871365814296,3.52943392087294,-0.0213924169766812,0.60584844340878,3.70530882296694,-0.0859748337591419,0.234341199939458
0.999968922645418,-0.000898083530574013,-0.0078324446588181,0.000788223521362119,0.999901430949076,-0.0140180986467468,0.00784426204570627,0.0140114892842148,0.999871064548323,3.54794538970126,-0.0218083048772305,0.606913796952739,3.69909542766256,-0.0804046502684861,0.190277634667943
0.99995810714519,-0.000988545828425059,-0.0090998204243137,0.000867857236165242,0.999911743476094,-0.0132571521231495,0.00911212260822301,0.0132486993981974,0.999870712235251,3.5664276707311,-0.0222017490518307,0.607745091844229,3.69458169891117,-0.0780668881362989,0.141370744491813
0.99994571949607,-0.00111184303925429,-0.0103596267569518,0.000979865303902863,0.999918413749132,-0.0127360005262974,0.0103729419873774,0.0127251581709503,0.999865227130162,3.58489562643761,-0.0225945518362596,0.608326444229637,3.69312919542816,-0.0799366952347039,0.0909323066538465
0.999932819455242,-0.00128160832108893,-0.0115201586968745,0.00113445283132133,0.999917801238325,-0.0127712091630977,0.0115355794420291,0.012757282109658,0.999852080139913,3.60336483832469,-0.0230032152874679,0.608655357110305,3.69568996746561,-0.0837165803710058,0.0406549710860686
0.999921087584779,-0.00151907930186428,-0.0124704050193835,0.00135228595298771,0.999909667186208,-0.0133726882214547,0.0124895927064965,0.0133547693967934,0.999832816128969,3.62185698547236,-0.0234328661231483,0.608735946055217,3.70179895067355,-0.0884175918488103,-0.00792054847037915
0.999911872265676,-0.00184986247726547,-0.0131463192934907,0.00165836084020232,0.99989257952557,-0.0145629409470179,0.0131718465476517,0.014539856206918,0.999807528997461,3.64038462621224,-0.0238867345545476,0.60858025818528,3.70946603130106,-0.0929300914485425,-0.0536279526091398
0.99990560382003,-0.00230394198837597,-0.0135453054825417,0.00208386112802643,0.999865959387127,-0.0162394821856906,0.0135809046863704,0.0162097227050453,0.99977637695523,3.65895350685381,-0.0243601042425231,0.608201771178638,3.71849779237281,-0.0960420182427402,-0.0975057309045314
0.999902517358036,-0.00286090300567903,-0.0136664192477132,0.0026124843755702,0.999831667809315,-0.0181606985281891,0.0137160747464269,0.018123224868562,0.99974167564122,3.6775703808889,-0.02484506595928,0.60760546774737,3.72831584539467,-0.0975957780003615,-0.140966960470613
0.999902265799443,-0.00348296038126343,-0.0135398610082669,0.00321038753057267,0.999792799843642,-0.0201010147185242,0.0136070665848368,0.0200555819609737,0.999706267546204,3.69623644273401,-0.0253343782560386,0.606791737727188,3.73806739812993,-0.0978427000588953,-0.184519240831254
0.999904391442438,-0.00413716862051788,-0.0131943855458659,0.00384769713515352,0.999752993745474,-0.0218894203605097,0.0132816866731482,0.0218365595451382,0.999673327375673,3.71495069062037,-0.0258232813568736,0.605760083154353,3.74759202300478,-0.0977607307170806,-0.228042492338951
0.999908297182572,-0.00481111755247304,-0.0126590036474776,0.00451290825742113,0.999714094400424,-0.023481122549852,0.0127683548083011,0.0234218403426663,0.999644129933474,3.73371155989678,-0.0263122227014887,0.604510900963735,3.7566119042765,-0.097851658741259,-0.271583915740524
0.999896402307885,-0.00514118434703364,-0.013444436591318,0.00484276257429709,0.999743243907875,-0.0221358060889698,0.0135547889100916,0.0220684046561889,0.999664570350242,3.75240368801928,-0.0268626489247004,0.603361831006043,3.72125947246534,-0.121040285329877,-0.197783518256197
0.999867549942606,-0.00509573557698825,-0.0154569094809036,0.00481159056070755,0.999819774076127,-0.0183648567279987,0.0155477061989073,0.018288051981915,0.999711866482868,3.77100282175593,-0.0274810494434743,0.602289499119887,3.71892296716683,-0.127097323597178,-0.230231074194422
0.99983379049824,-0.00497528451556278,-0.0175396100843869,0.00471900979344389,0.999881950761622,-0.0146224309778692,0.0176102903011991,0.0145372309991404,0.999739239297121,3.78959371303229,-0.0281369926600269,0.601063419580226,3.71740753684318,-0.135848113891449,-0.25954476954249
0.99981008945935,-0.0046675636739805,-0.0189208579254818,0.00442069512611397,0.999904833661331,-0.0130683233549158,0.0189800545280798,0.012982198198149,0.999735575069756,3.80807825382213,-0.0287695039513846,0.599940220134041,3.66960009195135,-0.113466219604028,-0.176364054861283
0.999803714334851,-0.00420389421837085,-0.0193613035624162,0.00392523036521317,0.999888488971831,-0.0144084068588076,0.019419715981839,0.0143295811184303,0.999708726447937,3.82639186254253,-0.0293527985880947,0.599031816053073,3.65598966433765,-0.119919962095664,-0.18501528909599
0.999797170394887,-0.00377270171737501,-0.019783447427825,0.00345316419066416,0.999863437560441,-0.0161611226989741,0.0198417168473424,0.0160895292526132,0.999673663412706,3.84463964842692,-0.0299667653551615,0.598098112365797,3.6432726745024,-0.125284731240129,-0.187465960595464
0.999791319814212,-0.00337621813520134,-0.0201474061670679,0.00301125704720429,0.99983133059366,-0.0181174693130089,0.0202051764444889,0.0180530195373431,0.999632852266487,3.8628268146065,-0.0306029970634413,0.597162977488034,3.63184371796656,-0.128780793148093,-0.185657635829702
0.999787039601763,-0.00302392505237394,-0.0204139981782299,0.00261446574978067,0.999795464915956,-0.020054747625695,0.0204704668531612,0.019997105059601,0.999590454024071,3.88096077801422,-0.0312526851806569,0.59624599944396,3.62200345530874,-0.130833815802064,-0.180481010177264
0.999784698117968,-0.00272652889193438,-0.0205699647390491,0.00227822988159937,0.999760063194417,-0.0217859062263164,0.0206244291501817,0.0217343525713722,0.999551024630825,3.89904977144576,-0.0319101777312023,0.595361381070008,3.61386888887733,-0.131980578456638,-0.172897909307623
0.999784294085545,-0.00249061740075348,-0.0206194598578884,0.00201250126276336,0.999729375237313,-0.0231759816680896,0.0206716022246797,0.023129485782769,0.999518740068884,3.91710227203599,-0.0325720068993515,0.594519916765996,3.60734782486144,-0.132681852230697,-0.163206547760491
0.999785569477066,-0.00232079500799772,-0.0205773899207324,0.00182358704755893,0.999706713088203,-0.0241487543501107,0.0206273991501348,0.0241060514583552,0.999496577626651,3.93512606585238,-0.0332370892710401,0.593731292565874,3.60239565153541,-0.133364454498382,-0.151994898992471
0.999788232659805,-0.00221927356123131,-0.0204588528477016,0.00171320811185676,0.999692941330076,-0.0247201936235886,0.0205074316516954,0.0246799084212779,0.999485041092346,3.95312893962161,-0.0339058757435591,0.593001107053847,3.59894258822268,-0.134155579623053,-0.139936432659713
0.999792104533816,-0.00219019512483303,-0.0202719204111966,0.00168404200282449,0.99968724023137,-0.0249516677021839,0.0203202291910169,0.0249123415981445,0.999483098167108,3.97111766672009,-0.0345789796351647,0.59233242450204,3.59661064646622,-0.135123190121886,-0.127501234881459
0.999796913858099,-0.00223796676591427,-0.020028043952788,0.001737669685455,0.999686879053995,-0.0249624588401763,0.0200776379059987,0.0249225871858823,0.999487745349625,3.98909691419311,-0.0352577527768617,0.591727023664104,3.59513083016209,-0.136498229028654,-0.114439693640664
0.999802366154113,-0.00236241134517879,-0.0197394945546441,0.00187109031672019,0.999688899022271,-0.0248717549173062,0.0197921108945795,0.0248299050396098,0.999495746945459,4.00707100694637,-0.0359449122601095,0.591189225484226,3.59459726675957,-0.138541791662552,-0.100449064106877
0.999808087565256,-0.00255220737210959,-0.0194235495374862,0.00207082692111948,0.999691199479944,-0.0247632259250241,0.0194807524230508,0.0247182507447588,0.999504631487594,4.02504475874401,-0.0366440234774124,0.590723143792314,3.59492165129898,-0.141241846943606,-0.0858907929077687
0.999813736975497,-0.00279360281086041,-0.0190967834575973,0.00232197167896896,0.999692839041951,-0.0246746026465486,0.019159848710605,0.0246256644900833,0.999513119896787,4.04302146862763,-0.0373567029438404,0.590331220412012,3.5956411616161,-0.143613165375289,-0.0706219769480728
0.999819383364785,-0.00307519550450159,-0.0187548345945988,0.0026138411393492,0.999694588727161,-0.0245743179789726,0.0188246774888685,0.0245208572901214,0.999522065326823,4.06100263223555,-0.0380793315971603,0.590018933086982,3.5968123433898,-0.145323094475581,-0.053750197819586
0.99982503179111,-0.00337820515480617,-0.0183981937656431,0.00292822761648108,0.999697255422971,-0.0244299607614197,0.0184751532316293,0.0243718121958641,0.999532232338386,4.07899083945716,-0.0388086865867328,0.589795968786151,3.5983312709128,-0.146145425402843,-0.0349006315627775
0.999830884671614,-0.00367903512309703,-0.0180185115184538,0.00324240696270991,0.999701836547735,-0.0242017520062886,0.0181021781525264,0.0241392357718454,0.999544700572459,4.0969871264905,-0.0395392322815844,0.589671768509445,3.60005961761644,-0.145782711306551,-0.0143063175253466
0.999837267469341,-0.00395525515656826,-0.0176009811115221,0.00353437858227655,0.999708601051911,-0.023879303818781,0.0176903009437053,0.0238132093485725,0.999559895310453,4.11499252006848,-0.0402644934516364,0.589654049422462,3.60192047308878,-0.143911745432817,0.00756918325073537
0.999844589176834,-0.00419069616771043,-0.017124122150857,0.00378809501694379,0.999717225342299,-0.0234759385337004,0.017217660408724,0.0234074223169791,0.999577733220646,4.13300790829226,-0.0409766190318977,0.589748655936955,3.60419734575815,-0.140651950873242,0.0307260350218852
0.999852966288948,-0.00436658169826618,-0.0165824837543859,0.00398435875906213,0.999727219275134,-0.0230132988875552,0.0166784498221864,0.0229438445924224,0.99959762370008,4.15103588882682,-0.0416692240503138,0.589962807336312,3.60683502796908,-0.136028003381044,0.055444343077823
0.999862405637254,-0.00447263267796192,-0.0159738958996028,0.00411219913710497,0.99973780208368,-0.0225259162554717,0.0160704577265277,0.0224571289754447,0.999618636154129,4.16907790121368,-0.0423355526621136,0.590304479918131,3.6099136593329,-0.130285089773144,0.0817109847877788
0.999872812622805,-0.00449622415598558,-0.0153017170964703,0.00415803062334287,0.999747953893956,-0.0220621727439621,0.0153970568322853,0.0219957417057987,0.999639494011574,4.1871369509501,-0.0429710404805305,0.590782608194587,3.61367041135735,-0.123712800489921,0.110417558120197
0.999883991729883,-0.00443284954683372,-0.0145723343089515,0.00411615575967836,0.999756245809192,-0.021691155508019,0.0146649358702578,0.0216286571567939,0.99965851211577,4.2052175031735,-0.0435719865893884,0.591410751348085,3.61874047679882,-0.116561171724506,0.141422794490107
0.999895552520702,-0.0042769406489479,-0.0138054999187284,0.00397996117953511,0.999761615370633,-0.0214679375002,0.0138940259942907,0.0214107498745018,0.999674214847758,4.22332763595603,-0.0441368890270514,0.592198635324018,3.62550895430879,-0.109509561804992,0.174377562201869
0.999906772667748,-0.00401627579979989,-0.0130504981463661,0.00373611663102587,0.999763557989602,-0.021421240591796,0.0131334460705382,0.0213704853635142,0.999685357975018,4.24147584041579,-0.0446673945394815,0.593155443736654,3.63396468714931,-0.102749045984515,0.208746299104378
0.999917050651845,-0.00363860578788059,-0.012355256518418,0.00337181707323795,0.999762177830353,-0.0215457334415654,0.0124307145949108,0.0215022865721479,0.99969151692251,4.25966987577238,-0.0451646827930741,0.594284210594788,3.64369104557301,-0.096254953380857,0.24255725303791
0.999925883355573,-0.00312531488881278,-0.0117669113374376,0.00286846370543283,0.999758624350749,-0.0217822164222983,0.0118321473768698,0.0217468490394124,0.999693490448602,4.27791470907373,-0.0456303932154652,0.595576429040201,3.65422180466176,-0.0901493239115377,0.273755817320899
0.999932840821407,-0.00246966224270775,-0.0113231892697262,0.00221931875801562,0.99975399928407,-0.0220684285747338,0.0113749053218662,0.022041816710851,0.999692337594424,4.29621131105902,-0.0460664140094154,0.59701009180135,3.66331371733331,-0.084084031056686,0.296638979660208
0.999937642772721,-0.00167905400959876,-0.0110404412850185,0.00143144668990397,0.999748129105194,-0.0223970826456989,0.0110752664306126,0.0223798822225935,0.99968819106019,4.3145517288467,-0.0464750204553837,0.598536325987614,3.67170010568507,-0.0792915097347084,0.309679490004358
0.999940302636598,-0.000805354419121097,-0.0108969063173621,0.000556814549371669,0.999740070457134,-0.0227921363615105,0.0109124296372243,0.0227847081750828,0.999680837043898,4.33291631131904,-0.0468596157916098,0.600061327834477,3.67210615066084,-0.0751653187002339,0.292568953507544
0.999940685784222,4.09923567096187e-05,-0.0108914293371945,-0.00029368566571638,0.999730788358214,-0.0232005292481247,0.0108875461932504,0.0232023517836022,0.999671502149381,4.35126782440038,-0.0472286568109353,0.601432050964382,3.66750789055785,-0.0726141911365051,0.252473626475842
0.999939246351848,0.000824751162477792,-0.0109919693785253,-0.00108370860995652,0.999721514557482,-0.0235736909826031,0.010969465846027,0.0235841708867314,0.999661671618272,4.36959553749778,-0.0475867661417242,0.602573658791124,3.66466737712192,-0.0707548410851522,0.202223711847848
0.999937365412137,0.00158911609182988,-0.0110788069160164,-0.00185340018247122,0.999712979972073,-0.0238856145644402,0.0110376700620784,0.0239046519615758,0.999653308629645,4.38791894918483,-0.0479357724058889,0.603452528443184,3.66517388877652,-0.0686599469002444,0.149221012913797
0.999936152742462,0.00235526975267643,-0.0110518388965954,-0.00262124567078124,0.999705784269719,-0.0241137713516423,0.010991792835456,0.0241412013383344,0.999648129537691,4.40625028855679,-0.0482729539739558,0.604070123706098,3.66782459674341,-0.0661362246268697,0.098548440656629
0.999936054128267,0.00316815067208005,-0.0108558958962916,-0.00343072634033035,0.999699923735769,-0.0242547438550815,0.0107757956165605,0.0242904364723413,0.999646866110635,4.42459985129738,-0.0485970945097291,0.604442498881617,3.67246100375757,-0.0634956942617242,0.0510166485633246
0.999937123635102,0.00406692086302773,-0.0104503077013168,-0.00432000668972035,0.999695117605213,-0.0243106844514974,0.0103482519566883,0.0243543012832103,0.999649829535547,4.44297610544308,-0.048907765476164,0.604583935027692,3.67816501052712,-0.0607051706096942,0.00616028715290092
0.999938774560265,0.00507423247545411,-0.00983358000424717,-0.00531117010174372,0.999692536183658,-0.0242203338299638,0.00970765692972443,0.0242710787454862,0.999658279680344,4.46138248683367,-0.0492044593354661,0.604507272568642,3.68461128314947,-0.0580308493907726,-0.03621577693543
0.9999405519724,0.00618452767975771,-0.00898020815523118,-0.00639823212737195,0.999692279309218,-0.0239668378219645,0.00882922118746809,0.0240228704970575,0.999672419618699,4.47982371016392,-0.0494883520194968,0.604223405993106,3.69215790516535,-0.0555202515824092,-0.0769718419483196
0.99994173886987,0.00738056787566128,-0.00787693365044236,-0.00756397611772969,0.999694888809692,-0.0235141564396451,0.00770098248219858,0.0235723674163297,0.999692471894832,4.4983050884245,-0.0497600268506202,0.603737285424246,3.70053286798106,-0.0531752060263315,-0.117384831564073
0.999941262491191,0.0086512988496134,-0.00652890463543949,-0.00879821532386571,0.999700882311427,-0.0228196694294714,0.00632953194469228,0.0228757717677489,0.999718278362155,4.51682916564063,-0.0500209893661873,0.603047535249445,3.70904841741079,-0.051342277828813,-0.158657195457396
0.999932591915218,0.00940052959539798,-0.00681481247278563,-0.00957136177749766,0.999629400701067,-0.0254843145434585,0.00657272085497664,0.025547823730246,0.999651993467332,4.53525001929758,-0.0501724542566021,0.602568956800566,3.67580964361593,-0.0205117198603897,-0.0823711668226208
0.999920903086396,0.00990139207473086,-0.00775564348513385,-0.0101254375690125,0.999516375450304,-0.0294022230575212,0.00746076972718453,0.0294784267163405,0.999537572717208,4.55363122742808,-0.050253220704339,0.602099450815177,3.67690089009603,-0.0113371273624172,-0.104843502027821
0.999908073871299,0.0103453963319856,-0.00876450692987757,-0.0106307842307104,0.999393304056051,-0.0331664021951573,0.00841606996345756,0.0332565269182606,0.999411413374745,4.57201121266691,-0.0502911941722618,0.601543603300718,3.64338164274826,-0.0276139937348973,-0.0348374446725895
0.999907847561106,0.0106238527923492,-0.00845163520049223,-0.0108989925877826,0.999389180006046,-0.0332035969047765,0.00809372264703732,0.0332926514217465,0.999412873148542,4.5902092520447,-0.0504108074995152,0.601344550178571,3.63482696761787,-0.0206019427759911,-0.0418154553662517
0.999907053990341,0.0109404913032627,-0.00813566410320734,-0.0112030061260425,0.999394079957917,-0.0329539921528192,0.00777020167671585,0.0330420731055339,0.999423756657201,4.60835989170086,-0.0504982500870475,0.601131504829719,3.6253544516814,-0.0145746614449864,-0.0425785329152726
0.999905508287018,0.0112998087818593,-0.00782871756896877,-0.0115498584857936,0.999399542498531,-0.0326673418368324,0.00745488204060977,0.0327546756237905,0.999435618716154,4.62646349411383,-0.0505569523280523,0.600922832498245,3.61599736254511,-0.00891057564562842,-0.0401849141813673
0.999903263975763,0.0117037173160415,-0.0075156963484013,-0.0119416759514762,0.999402392523072,-0.0324384678218457,0.00713155425451679,0.0325250798637786,0.999445476308623,4.64452127440836,-0.0505876156329032,0.600732654007058,3.6071773099306,-0.00340579817103145,-0.035366174818607
0.999900363330647,0.0121570538512593,-0.00717422141399519,-0.0123829065585746,0.999400709255,-0.032324695911403,0.00677694890057869,0.0324103128997645,0.999451671958849,4.66253695518019,-0.0505907889291468,0.600571838531525,3.59913134555908,0.00223297079775048,-0.028411215663683
0.99989673039203,0.0126620252768147,-0.00679718082870228,-0.0128754701194159,0.99939415339626,-0.0323349412644598,0.0063836369361673,0.0324191189464079,0.999453975881934,4.68051434961218,-0.0505653096537918,0.600450811954871,3.59186118484846,0.00793428467295889,-0.0195259112478791
0.999892258322796,0.0132204490592591,-0.00637898681699219,-0.013420852175312,0.999382633489536,-0.0324689483415765,0.00594579456660316,0.0325510615217242,0.999452388020951,4.69845783209799,-0.0505115397284756,0.600378029019245,3.58566997728007,0.0135869035078335,-0.00927697104567537
0.999886768556648,0.0138343242183132,-0.00592127847407355,-0.0140208946511645,0.999366167153924,-0.0327212234070764,0.00546484935985257,0.032800539957407,0.999446977082815,4.71637418105676,-0.0504293605868513,0.600358381246352,3.5811644469177,0.0193285436754519,0.00150704649411331
0.999880027055109,0.0145080854567643,-0.00542650464419642,-0.014679842563249,0.999344950261703,-0.0330782800150245,0.00494304750052862,0.0331539717502047,0.999438032315458,4.73427275721041,-0.0503181385297799,0.60039304805645,3.57851743629304,0.0251991110509725,0.0124349743136444
0.999871646008555,0.0152556950270339,-0.00489441287430191,-0.0154112941369043,0.999319631701242,-0.0335076962729448,0.00437989967554268,0.0335788246628174,0.999426475041109,4.75216265192757,-0.0501774425180319,0.600482175984044,3.57770560082595,0.0310724200969706,0.0231629248106159
0.999861169529263,0.0160925820999659,-0.00432093380306606,-0.0162301799297001,0.999291318647635,-0.0339623576172176,0.00377132960959155,0.0340277721402104,0.99941377206648,4.77005230418986,-0.0500080182587383,0.600624895836266,3.57820103805884,0.0365697354065829,0.0341308997211531
0.999848111113252,0.017031090940818,-0.00370089781368079,-0.0171482850130744,0.99926251417054,-0.0343564272688701,0.0031130410167692,0.0344146729598928,0.999402791301231,4.78794689777996,-0.0498124411876578,0.600824643256472,3.57970430254013,0.041560424334374,0.0461057257695603
0.999831898761023,0.0180820065163078,-0.0030356647167974,-0.018176390715494,0.999234348114947,-0.0346458708629886,0.00240687359167687,0.0346952242771448,0.99939504119836,4.80585140928994,-0.0495933913667478,0.601088547980151,3.58210815623718,0.0458710635859762,0.0601145492849938
0.999811716143016,0.0192643298487448,-0.00232762940294373,-0.0193337775096316,0.9992056404034,-0.03484671050815,0.00165448190281745,0.0348851513040937,0.999389958378672,4.82377018879759,-0.0493546364731332,0.601428252739687,3.58546042307745,0.0494942910295236,0.0762923343479775
0.999786895253355,0.0205823983006364,-0.00159027037039024,-0.0206254650241141,0.99917430982704,-0.0350041251025987,0.000868488454746064,0.0350294656232905,0.999385902575152,4.84170872248735,-0.0490989346535782,0.601853830116328,3.59011037551612,0.0527304832510389,0.0945305455352452
0.999756862672543,0.0220345611724418,-0.000832858386499259,-0.0220502204079184,0.999138738654302,-0.0351506571809428,5.76117718595152e-05,0.0351604754550883,0.999381677662071,4.85967422208552,-0.0488280940826509,0.60237418353418,3.59623100410997,0.0556898492641643,0.114620732933091
0.999721303821178,0.0236073584218405,-8.55244194259559e-05,-0.0235956332184041,0.999096734877208,-0.0353406345546387,-0.000748851858585898,0.0353328032576632,0.999375321005502,4.87767425961731,-0.0485422501296518,0.603000296537084,3.60399898349761,0.0587009743001007,0.13617865560308
0.999680090523293,0.0252847411615929,0.00063124934217717,-0.0252463105372097,0.999048507383074,-0.035562672845434,-0.00152984169099985,0.0355353592924547,0.99936724872509,4.89571717465077,-0.0482411263169051,0.603735502037487,3.61334222266435,0.0620072328257905,0.158941604366148
0.999633601064094,0.0270383029933708,0.00126245588895866,-0.0269757090874426,0.998993163144286,-0.0358464936947014,-0.00223041315960823,0.0357993039347594,0.999356510508099,4.91381077730061,-0.0479222225626693,0.604587363275259,3.62439711781119,0.0658531556494412,0.182474862488701
0.999582441150027,0.0288414811333083,0.00176417419496929,-0.0287588152116495,0.99893105591205,-0.0361894471090693,-0.00280604564741454,0.0361236003254789,0.999343390235484,4.93196412435558,-0.0475823804934796,0.605557976810135,3.63671635525979,0.0694833229426049,0.203320644586998
0.999527223499728,0.030674051905451,0.00210523695266408,-0.0305766893623934,0.998863659815879,-0.0365575596404208,-0.00322421316926456,0.0364759049089797,0.999329331507141,4.95018539276238,-0.0472190108023527,0.60664470407082,3.65159863686984,0.075306015143442,0.228565089101739
0.99946857004378,0.0325184187087396,0.00226493693619785,-0.0324129494208385,0.998794509301063,-0.0368636528289049,-0.00346095427361153,0.0367706490931416,0.999317737839565,4.96848181044918,-0.0468294599236179,0.607836354722636,3.66650735410805,0.0801723336462894,0.245746980264952
0.999407431733033,0.0343504606965075,0.00219800971782664,-0.0342455845557024,0.998726607705709,-0.0370459579318012,-0.00346775651108999,0.0369487335450654,0.999311145616917,4.98685745401025,-0.0464105320697679,0.609118637587383,3.68314189376705,0.0869970737493238,0.264352122382033
0.999344724338767,0.0361479689812989,0.00185641450153118,-0.0360544888043973,0.99866292757337,-0.0370463348745895,-0.00319308210480626,0.0369551272371465,0.999311824606093,5.0053110092917,-0.0459604246338561,0.610467677049259,3.69806522162234,0.0933417062266774,0.274980499042697
0.999280925757777,0.037897675826528,0.00118219441246937,-0.0378282871206773,0.998602532253655,-0.0369053284784813,-0.00257916850885705,0.0368340704177043,0.999318067056864,5.02383039823291,-0.0454786986061779,0.611846690973259,3.708823503645,0.099761012340955,0.275040303335503
0.999215794123733,0.0395953543690854,6.8454840259831e-05,-0.0395660815849043,0.998540624774287,-0.0367579360600336,-0.00152379844313509,0.0367264017807813,0.999324196369998,5.04238735211654,-0.0449644382212564,0.613187768142823,3.71219747017064,0.10603816165948,0.257244315778051
0.999147301138107,0.0412608114548438,-0.00148864586970315,-0.0412876496899125,0.99847587147793,-0.0366232721022082,-2.47289429947801e-05,0.0366535061689485,0.999328034167961,5.06093821105707,-0.0444209292035877,0.614388625070099,3.70616079415075,0.111112039384003,0.219662035144587
0.999074788206299,0.0428761873004773,-0.00334665999356832,-0.0429697075192877,0.998413317883942,-0.0363930063018478,0.00178095655338252,0.0365031400642992,0.999331951335091,5.07945260151677,-0.0438575779431062,0.615375317556466,3.69925956066129,0.113935031415625,0.173358622699835
0.99899758299119,0.0444421419335817,-0.00535958936069724,-0.0446074086054461,0.998349180354604,-0.0361813927702934,0.0037427630524373,0.036384201319348,0.999330866940017,5.09793323041155,-0.0432867509602413,0.616118057657544,3.69364622541062,0.113286371423262,0.123234308065194
0.998914603663564,0.0459862748157151,-0.00740790903278579,-0.046226292800091,0.998268451803895,-0.0363762008326301,0.00572227591302218,0.0366791584094989,0.999310709887944,5.11639410420038,-0.0427286129751523,0.616607811152464,3.69148606513017,0.109400113222108,0.0725742076323456
0.998826344462504,0.0475148383733963,-0.00939541068930214,-0.0478330414696125,0.99816303684969,-0.0371826842867916,0.00761142243190793,0.0375884556926049,0.999264316508504,5.13485373127192,-0.042193200354865,0.616845474297137,3.69337728041463,0.104790257142495,0.0226746101852626
0.998734759795261,0.0490205726828852,-0.0112188693969186,-0.0494191475569533,0.998034137507602,-0.0385435886264097,0.00930738585464391,0.0390492486905931,0.999193939505867,5.15333158722284,-0.0416799282657675,0.616838063992232,3.69826824943187,0.10060420146397,-0.0250008848813715
0.998642359590581,0.0504868950757479,-0.0128261863765847,-0.0509671150789054,0.99788384969251,-0.0403754344049654,0.0107606139178988,0.0409743328007483,0.999102253645564,5.17183825713437,-0.0411858172888779,0.616597414710541,3.70466392435012,0.0972527867469287,-0.0710754639946942
0.998550475500751,0.051913316418612,-0.0142111032521952,-0.0524756065962363,0.997714761870362,-0.0425624794663598,0.0119690680330813,0.0432465203731852,0.998992732649258,5.19037907885621,-0.0407055573516941,0.616128425793676,3.7118034212783,0.0951545330764999,-0.116296565018482
0.998459053919288,0.0533207709773108,-0.0153757285676417,-0.0539630294914861,0.997531978344633,-0.0449215274444598,0.0129425304597527,0.0456820266869534,0.998872185688976,5.2089561812588,-0.0402323787728118,0.615434670073592,3.71897581253806,0.0944233898544965,-0.161169204294605
0.998367408471242,0.0547314608432065,-0.0163396724687464,-0.0554489169470271,0.997341834818346,-0.0472724246318848,0.0137089500626069,0.0481012652135481,0.998748383214229,5.22756827461668,-0.0397599776634349,0.614516664091227,3.72576256085474,0.0947333996554588,-0.205966762891709
0.998275166638918,0.056155441502494,-0.0171247791723498,-0.0569412699992575,0.9971496590024,-0.0494999931542473,0.0142962737422528,0.0503897205892119,0.998627304161081,5.24621340509341,-0.0392846971964187,0.613374667131136,3.73224008808451,0.0953868658250669,-0.250819033017794
0.998182531222559,0.0575898763243819,-0.0177493804699584,-0.0584359320200436,0.996959354929212,-0.0515488745568475,0.0147267175933329,0.0524923876773685,0.998512730527185,5.26489007733867,-0.0388059880621894,0.61200787019117,3.73831668993393,0.0961295421296663,-0.295911306076978
0.998089772268859,0.0590291055633133,-0.0182310501258761,-0.059926221851897,0.996774979264212,-0.0533712342689104,0.0150217983894811,0.054361801011601,0.99840830333282,5.28359544102321,-0.0383236437238984,0.610414539655046,3.74360983279752,0.0967388760009166,-0.341508586230986
0.997967815649107,0.0606422649602863,-0.0195641158511536,-0.0616071353710048,0.996681346211007,-0.0532057796333502,0.0162726703380116,0.0543029448142583,0.998391902203023,5.30226866211879,-0.0378742205231046,0.608796445298342,3.72133404823368,0.0808346032804805,-0.295740608966306
0.997798879283722,0.0625236175140279,-0.0220951069947459,-0.0635765414653693,0.996688759150804,-0.0506906377720162,0.0188525827262978,0.051983792045128,0.998469962236801,5.32086543061346,-0.0374790308267803,0.607222259191755,3.71774292767487,0.0767867327756556,-0.333201057109762
0.997617304739881,0.0644596385563654,-0.0245900036746379,-0.0655894452305373,0.996676987112191,-0.0483012218822338,0.0213948114711562,0.0497989794890334,0.998530081511801,5.33943542322038,-0.0371005444092079,0.605494515462717,3.6722367287334,0.101466586468472,-0.256685753825759
0.997446619851057,0.066773460083061,-0.0253287499935862,-0.0679836823767139,0.996413496496038,-0.0503821687806473,0.0218737166070106,0.0519754656455852,0.998408779755427,5.35776184577836,-0.0365984229019491,0.604159122385221,3.65694105170715,0.100312660804331,-0.272074731325987
0.99727094012641,0.0691328798890326,-0.0259097838207058,-0.0704209866784367,0.996128046630273,-0.052628883246679,0.0221710760817457,0.0543098484144977,0.998277959162964,5.3760039770384,-0.0360943041159307,0.602787212575072,3.63972373941467,0.10178186772315,-0.275191557254172
0.997090378888464,0.071548504561427,-0.0262980574013367,-0.0729053481524688,0.995827808201893,-0.0548797469252624,0.0222617730387286,0.0566373366855909,0.998146595222533,5.39415976875123,-0.0355781577497228,0.601415046270727,3.6226086039622,0.105036092967281,-0.272433579920649
0.996904363951664,0.0740249371794475,-0.0264952412652924,-0.0754355310024372,0.995524163379806,-0.0569308421623807,0.022162350879533,0.0587532875890058,0.998026493336212,5.41223158172052,-0.0350422958333547,0.600068765363401,3.60618607524311,0.109537720897971,-0.265181198213192
0.996712483647648,0.0765571673365859,-0.0265183911717204,-0.0780028835551477,0.995228010660633,-0.0586238599339995,0.021903769036868,0.060499644014466,0.997927862110335,5.43022348657246,-0.034481837283365,0.598766821369899,3.59065839978059,0.114781276759997,-0.255123773086062
0.996514794778161,0.07913225555078,-0.0263884429189391,-0.0805934911141839,0.994946535362831,-0.0598838956609163,0.0215163421210024,0.0618019247349595,0.99785648723691,5.44814020701598,-0.0338940031466276,0.597520083389012,3.57612737098378,0.120428311913084,-0.243167640385115
0.996311546823258,0.0817352749505092,-0.0261275045768107,-0.0831932461045824,0.994683758692837,-0.0606885820832229,0.0210282065147976,0.0626383670082033,0.997814737067617,5.46598685744807,-0.0332776299340989,0.5963367055799,3.5626162223422,0.126092642867136,-0.229997738067277
0.996102797581701,0.0843549510792456,-0.025757695516626,-0.0857936775132918,0.994438280953024,-0.0610896904063159,0.0204612206051939,0.0630614589397702,0.997799875149187,5.483768416002,-0.032633319496004,0.595221422001156,3.55007194631794,0.131605981856494,-0.215885716741574
0.995889424564501,0.0869740234430613,-0.0252937400696943,-0.0883806288557022,0.994206912387276,-0.0611676369040887,0.0198272157313642,0.0631516793718555,0.997806968761422,5.50148913750533,-0.0319612672201157,0.594178689239255,3.53796833694707,0.137134647141554,-0.200270189068987
0.995670702484243,0.0895922854545552,-0.0247603433248353,-0.0909573618654057,0.993985327435635,-0.0609912056378631,0.0191470764614302,0.0629792920705208,0.997831147155307,5.51914952927271,-0.0312616581055177,0.593219941642727,3.52610054631687,0.142729915515336,-0.182851947918173
0.995447311299079,0.0922006862365463,-0.0241595505948425,-0.0935174652769889,0.993767679072215,-0.060665341996815,0.0184155943591833,0.0626484915136294,0.997865738662003,5.53675135239899,-0.0305338127846878,0.59235155701524,3.51437972405964,0.148254135432215,-0.163520180619671
0.995218176291646,0.0948059784466924,-0.0235076164145828,-0.0960705708917822,0.99354794219827,-0.0602738082595695,0.0176416265479382,0.0622439796634951,0.997905035566208,5.55429497400075,-0.0297791662707107,0.591585899467093,3.50303661191865,0.153527414229169,-0.142384521229501
0.994983348522571,0.0974071833886719,-0.0228029995197617,-0.0986172009473456,0.993321117946503,-0.0598982831041112,0.0168161779285145,0.061846562279524,0.997943995870551,5.57178386131381,-0.0289975967084589,0.590928145759483,3.49250743198863,0.159147610646492,-0.119923086691127
0.994742020989624,0.100012628707835,-0.0220405484601996,-0.101164791817176,0.99308871637274,-0.0595019857629157,0.0159372699690054,0.0614188530672111,0.997984833508928,5.58922233764923,-0.0281863783807582,0.590387138026207,3.48291589642392,0.165503534605341,-0.0961589242994429
0.99449406078168,0.102625876085397,-0.0212012411823052,-0.103715723753892,0.992851043192037,-0.0590749919906156,0.014987051617043,0.0609486307490961,0.998028382709449,5.60661506658716,-0.0273406581992353,0.589966506809295,3.4741281372074,0.172976477623983,-0.0713467475964184
0.994237411281383,0.105264953862784,-0.0202795339384164,-0.10628702735233,0.992609726662657,-0.0585576498101631,0.0139655943338777,0.0603756575363833,0.998078024080257,5.62396579581873,-0.0264546999681017,0.589674092286425,3.46617952754067,0.181672852588605,-0.0452308304576242
0.99397051317907,0.107944226644537,-0.0192526066975303,-0.108892118617687,0.992362940637877,-0.0579508459946744,0.0128501141430138,0.0596978892646949,0.998133776897592,5.64127883441885,-0.0255216612163157,0.589514146907879,3.45898770297699,0.191789986409384,-0.0179403773415047
0.993691202128418,0.110679271860849,-0.0181078323642658,-0.11154622622208,0.992109047603126,-0.0572457603638095,0.0116290252468817,0.0589044687979651,0.998195887252315,5.65855799129617,-0.0245344897340979,0.589493385372834,3.45277468140394,0.203263108591983,0.0101874082399366
0.993397886152627,0.113477536395084,-0.0168371173659361,-0.114257092855449,0.991845863433541,-0.0564544056916259,0.0102935183350144,0.0580054473603619,0.998263197537008,5.6758086694472,-0.0234874847572715,0.589613888980244,3.44725257816748,0.216512575081821,0.0375232668965753
0.993089197796513,0.116343725589978,-0.0154266890719712,-0.117029795659132,0.991569169494412,-0.0556292102779083,0.00882451969578281,0.0570501500787312,0.998332313524977,5.69303514706819,-0.0223739328923115,0.589882288012998,3.44334933236888,0.229689339796992,0.0691011421034378
0.99276389188704,0.11927853500587,-0.0138739342708143,-0.119865829098382,0.991275275532709,-0.0548225421894149,0.00721373549937322,0.0560888509813326,0.998399720961369,5.71024449477883,-0.0211897949561515,0.590303617974115,3.44052803844577,0.243947997781943,0.100357568081247
0.992421670752878,0.122270835312422,-0.0122094329134394,-0.122756210337282,0.990963771981518,-0.0540528948696735,0.00549001308688773,0.0551420479504122,0.998463426623199,5.72744241243531,-0.0199339425201083,0.590882811872023,3.43885460617667,0.258561926347239,0.132658222826484
0.992061638550748,0.125318312471162,-0.0104415456416233,-0.125699436836123,0.990631431654461,-0.0533761950434292,0.00365470861867254,0.0542649719212394,0.998519882589876,5.74463423862227,-0.0186036723954454,0.591625412538022,3.43812738205306,0.273778093121338,0.16566266334904
0.991682472317802,0.128423367699563,-0.00856228511296781,-0.128697320093424,0.990276062745488,-0.0528234735138219,0.00169525762754038,0.0534860559585155,0.99856715744089,5.76182469994256,-0.0171953246742831,0.592534033971835,3.4373891372075,0.288443051895242,0.195201111675713
0.991281771109537,0.131594304681662,-0.00658705103141894,-0.131758534295976,0.989896858938629,-0.0523822231640956,-0.000372701109288764,0.0527934431419922,0.998605384251005,5.77901939564019,-0.0157083901026975,0.593605959432405,3.43971612863064,0.305220835917947,0.230239473889835
0.990857862926895,0.134834314170213,-0.00451698994853373,-0.134885797558618,0.989491451072045,-0.052081569411018,-0.00255285975379047,0.0522147103562523,0.998632618598797,5.79622239035698,-0.0141438427989194,0.594825963186589,3.44193902909825,0.320498544807032,0.258248777668487
0.990408305432261,0.138151394804253,-0.0023623387640361,-0.13808684799684,0.989057489156006,-0.0519355904435054,-0.00483848541325926,0.0517636480366026,0.998647642464973,5.81343725958803,-0.0125054652445123,0.596170355529841,3.4445862095423,0.334777130244093,0.279331567956881
0.989931983005643,0.141543824634352,-0.000121368836569024,-0.141358701656134,0.988592692918196,-0.0519827372773179,-0.00723785110421415,0.0514765307361555,0.998647976163154,5.83066395762348,-0.0108002949963203,0.597592721252869,3.44509796348789,0.345826063304736,0.285290541401235
0.98943738953816,0.144945350403003,0.00212074997655813,-0.14463915211122,0.988110010474329,-0.0521356200401217,-0.00965234999674356,0.0512781883160022,0.998637761924998,5.84788873104192,-0.00904791834445336,0.598998273441234,3.44160129122852,0.352894747953406,0.267153654030591
0.988943466293102,0.14823357008577,0.00419871120836317,-0.147815727767331,0.987635090478256,-0.0522248856448808,-0.0118882757706256,0.0510268238834603,0.998626522852046,5.86509010650316,-0.00727574290674802,0.600245395570138,3.43698650166293,0.355428307313296,0.228294314206553
0.988453484309411,0.151400667053847,0.00612759106304266,-0.150879248237715,0.987166759708888,-0.0523186484637863,-0.013970032491298,0.0507900240352887,0.998611642056454,5.88226364152413,-0.00549555701609169,0.601271141216298,3.43372128514514,0.35637531751744,0.180359111384417
0.987955009082069,0.154534716919283,0.00799507950720225,-0.153911455851769,0.98668774418222,-0.0525219881401271,-0.0160051175327914,0.0506588269433834,0.998587762525399,5.89943182460193,-0.00371227468729463,0.602048011029392,3.43398189019929,0.356940332358033,0.13037295394627
0.987440757127053,0.157680490684654,0.00987998086030184,-0.156951858789109,0.986190318149718,-0.0528655881495973,-0.0180794133476955,0.0506509550275801,0.998552760532861,5.91660653094082,-0.00192594635280391,0.602578585323194,3.43643144108561,0.357631532503681,0.0824759671941726
0.986903874563265,0.160873462977899,0.0118520581130338,-0.160031899229521,0.985670170247964,-0.053330167000886,-0.020261628784685,0.0507350410746729,0.998506595875131,5.93379852942548,-0.000135048495801558,0.60287689120949,3.44071879646008,0.358945097729615,0.0374719750127428
0.986337265797861,0.164145101063979,0.0139708229928078,-0.163181707121571,0.98512778282669,-0.0538050366030913,-0.0225948790501344,0.0507901299433873,0.998453721582049,5.95101580358687,0.00166541377083073,0.602956403866496,3.446550876064,0.36165443611987,-0.00515671166509863
0.985735932673702,0.167510801476543,0.0162727509841765,-0.166418927246064,0.984568574803236,-0.0541245061334928,-0.0250880786465621,0.050644376771873,0.99840159024874,5.968265801119,0.00348284909015013,0.602826584125434,3.45372966518186,0.365557318981697,-0.0465724406418051
0.985094855217374,0.170983207141305,0.018784810351324,-0.169759653575406,0.983995988398041,-0.054162300860661,-0.0277450219358289,0.0501661010268522,0.998355435736965,5.98555476956059,0.00532161423617749,0.602491137256507,3.46216536836157,0.370110031439156,-0.0873993777168292
0.984412824934682,0.17454965237095,0.0215362243975048,-0.173194994953569,0.983415132686384,-0.0538346591561204,-0.0305758700146453,0.0492655626234274,0.998317595012852,6.00288875556178,0.00718403570033701,0.601951935367666,3.47163314383013,0.37494281026332,-0.128260892909774
0.983771498767571,0.177860701572667,0.023647601330513,-0.176369670208418,0.982801222129924,-0.0547311356587933,-0.0329754096742112,0.0496722117084196,0.998221064564765,6.02020064296439,0.00911876526833237,0.601400413833473,3.41794648690072,0.417109681676619,-0.0173724816342755
0.983354630821664,0.18020127825379,0.023263047033658,-0.178543297784133,0.982085450892861,-0.0602532817440884,-0.0337040184244623,0.0550968824913551,0.997912006482424,6.03727628024586,0.0112294992389814,0.601256528061199,3.41286332527877,0.42840150078597,-0.0379420068128019
0.982954950573724,0.18243621255132,0.0227286931550661,-0.180631218802634,0.981375335904656,-0.0653820531330917,-0.0342334330221573,0.0601621012594561,0.997601420225315,6.05433129438225,0.0134075011709652,0.601027998118991,3.40924825957891,0.443466579302582,-0.0524016656847519
0.982578624904833,0.184554979404203,0.0218793385924264,-0.182640053420175,0.980683767219123,-0.0700139957407495,-0.0343781437370234,0.0647982120897197,0.997306038758,6.07138606844123,0.0156677459128727,0.600741902616259,3.41173822615379,0.460449819485457,-0.0620005279848286
0.982223536372345,0.186582103187877,0.0205923132792965,-0.184603549899321,0.98000358620856,-0.0742596820820734,-0.0340360685269771,0.0691381934125431,0.997026306699516,6.0884460207663,0.0180107967353394,0.600407155392408,3.41223016258054,0.476686255269209,-0.0715342522823104
0.981870186258314,0.188524294811751,0.0197364536529888,-0.186538770257439,0.979495920623121,-0.07609880862082,-0.0336782500719243,0.0710375376008888,0.996904932139317,6.10538915597295,0.0203474026224542,0.600297454231878,3.36595680881581,0.459303135322266,0.0221273713304587
0.981502044310222,0.190469610321026,0.0193665835658146,-0.188520170773791,0.979150036510934,-0.0756660505911127,-0.0333748741761797,0.0706153916989256,0.996945125986848,6.12218574659249,0.022665769047011,0.600430250203534,3.35251434435211,0.468117688090282,0.0309932816112221
0.981114259138105,0.192506739789787,0.0188670520059192,-0.190611887025309,0.978801252750469,-0.0749347458710759,-0.0328925377637189,0.06992326329355,0.997009938872148,6.13891443582161,0.025027931394288,0.600607866909935,3.3389242862868,0.476553238344156,0.0401289265734253
0.98069762603584,0.194673721552116,0.0182841030602295,-0.19284142212105,0.978427449496967,-0.0741074354244677,-0.0323164385723243,0.0691510535560373,0.997082634283684,6.15557719788332,0.0274312142581833,0.600832178029356,3.32640098582554,0.484798502425063,0.0496368283930765
0.980245988651383,0.19699200232607,0.017662184248815,-0.195222885921245,0.978015397482459,-0.0733069375967196,-0.0317147685700833,0.0684107689387752,0.997153017418968,6.17218112946795,0.0298758263383264,0.601105638396859,3.31536869436712,0.492969258187688,0.06001311418475
0.979757121977049,0.199464468874294,0.0170266729558662,-0.19775415061126,0.977556660402733,-0.072637948885384,-0.0311332274470474,0.0678004524981368,0.997213026785039,6.18873315200676,0.0323610774356807,0.601434571378108,3.30553097027855,0.501159287477042,0.072015630088142
0.979230999863024,0.202084025718273,0.016391932673092,-0.200426801158174,0.977050591330991,-0.0721196183937697,-0.030589970329581,0.0673363833990029,0.997261282305685,6.20523931133166,0.0348879701108491,0.601826962931355,3.29721338612996,0.509676811989273,0.0850855999792586
0.978667382634099,0.204844714425917,0.0157733046596665,-0.203234416521338,0.976498251201934,-0.0717421587408395,-0.0300986064354057,0.0670060323502968,0.997298483664403,6.22170856144142,0.0374581730458788,0.602285695512212,3.29078600640509,0.518399665069363,0.0984841527225374
0.978065800959337,0.207741537414167,0.0151902148296149,-0.206171455422612,0.975900993682652,-0.0714883312026077,-0.029675241577677,0.066788503217321,0.997325762163646,6.23815092064984,0.0400725242396985,0.602811214003902,3.28658010882385,0.527429367922241,0.111646777576433
0.977427800680723,0.210760002639824,0.014666824595202,-0.209222202771221,0.975261464090947,-0.0713522706488094,-0.0293421935785823,0.0666730676243742,0.997343339943448,6.25457778915484,0.0427326185964718,0.603401155532541,3.28445230976319,0.536543523378254,0.124211727069997
0.976754859094416,0.21388712785048,0.0142211734860641,-0.212373142061723,0.974582760715862,-0.0713168356440506,-0.0291134636599583,0.0666388704535239,0.997352328507032,6.27099887997364,0.0454382516817265,0.604051948103641,3.2843396348887,0.54573898424694,0.135899230775248
0.976050058848409,0.217104317037123,0.0138563395549245,-0.215605524742785,0.973867827633685,-0.0713842559703125,-0.0289920734409469,0.0666871038799196,0.997352640671144,6.28742409298667,0.0481910414926437,0.604759378751994,3.28594552546324,0.555551077928188,0.147064185777441
0.975319341084496,0.220382543734517,0.0135542363712821,-0.218892007612542,0.973122879723559,-0.0715412465776156,-0.028956379432789,0.0668086474614786,0.997345543287036,6.3038602122401,0.0509945315770074,0.605522665193652,3.2884962729914,0.565886020054481,0.158385237651195
0.974567605109053,0.223699339884115,0.0132886570960058,-0.222212602340963,0.97235357302985,-0.0717641162207244,-0.0289748586340127,0.066986075803079,0.997333105444537,6.32031110213662,0.0538510540393854,0.606344428998736,3.29198955527091,0.576925702767964,0.170682527457467
0.973797238518936,0.227043833072375,0.013039789748982,-0.225559764488021,0.971566292753069,-0.0719842443189228,-0.0290125989356845,0.0671568064298858,0.997320526437282,6.33678226874744,0.0567646016370785,0.607230481631259,3.29656779577922,0.588546191998718,0.183995874962409
0.973009412525814,0.230410421928184,0.0127953352065355,-0.228929999779438,0.970764803913399,-0.0721578178991463,-0.029047174340338,0.0672809999171829,0.997311149397713,6.35327909077557,0.0597365547608525,0.608183109017047,3.30224567621038,0.600426565085715,0.197746840365
0.972206814972112,0.233788267381371,0.0125281665297642,-0.232313519544593,0.969949141959044,-0.0723124515537872,-0.029057487134724,0.0673921957479624,0.997303341212534,6.36980691279484,0.0627685637929971,0.609206025075719,3.3089667275397,0.612396745921197,0.211696123128303
0.971389658473514,0.237176070579779,0.0122328637303702,-0.235709549986737,0.969119711248879,-0.0724430349580855,-0.0290368637383556,0.0674870121817849,0.997297530193982,6.3863708913478,0.0658601947985842,0.610297496539295,3.31670595230519,0.624384946036872,0.225332032412659
0.970559239515083,0.240569339556374,0.0118808862175779,-0.239114615635091,0.968274815101762,-0.072581561221371,-0.0289648611525661,0.0676038113205108,0.997291713348383,6.40297604597166,0.0690121884163135,0.611455596541792,3.32534943337849,0.635679396103849,0.235190552382246
0.969715781195134,0.2439676222801,0.011450020965257,-0.24253030025851,0.967415239205787,-0.0727104422275559,-0.0288159184762068,0.0677314862630681,0.997287365111465,6.41962705141664,0.0722256396510054,0.612675819328119,3.33498286025497,0.649099896994254,0.250909446299209
0.968860327455543,0.247367784486299,0.0109016091050469,-0.245958276104548,0.966546063332479,-0.0727546140953672,-0.0285340550643992,0.0678077182540961,0.997290289257223,6.43632720424514,0.0755033629483286,0.613962434265553,3.34508560494029,0.662311962636656,0.264556397817756
0.967996484977358,0.250756559778851,0.0101957245625478,-0.249390324698582,0.96567555022754,-0.0726305558251775,-0.0280583502404541,0.0677634076815325,0.997306798112382,6.45307880067125,0.0788485745277634,0.615316052285691,3.35553109857983,0.676072237002373,0.277211451851437
0.967128259449462,0.254118751860266,0.00930536013456339,-0.252815832221256,0.964814507976693,-0.0722296350258385,-0.0273328511598633,0.067502778836671,0.997344619525668,6.46988289447023,0.0822627016260305,0.616725708407941,3.36623579146057,0.689876618518749,0.287176375116636
0.966260078927705,0.257437800748573,0.0081999156314674,-0.256220010036673,0.963967814017412,-0.071535725307704,-0.0263204545445622,0.0670211331165782,0.99740433194785,6.48674028058407,0.0857455093443899,0.618174304608408,3.37598900071055,0.702719485255893,0.289107426177874
0.965399337022639,0.260686205113856,0.00684269972936446,-0.259575347482527,0.963138689417902,-0.0706010192963998,-0.0249951806469689,0.0663819810618985,0.997481164501227,6.50364734641106,0.0892953308387473,0.619627118965409,3.38619062411374,0.716746767468414,0.289538178762112
0.964557049847766,0.26382366395298,0.00517415958384502,-0.262841913679506,0.962331129467032,-0.0695192467738347,-0.0233200772354887,0.0656952935691078,0.997567191922729,6.52059656547321,0.0929088304399038,0.621048505643721,3.39281706959604,0.728626379614155,0.277544251942102
0.963744521300069,0.266808464949175,0.0031210087416398,-0.265978680745591,0.961547608112434,-0.0684217708196278,-0.0212565061319109,0.0651109849773684,0.997651602806481,6.53756483769508,0.096574395851127,0.622372181204023,3.39399106929522,0.737348567904745,0.2501986577017
0.962959217775043,0.269646245133803,0.000668870179782477,-0.26899045288434,0.960784349366714,-0.0673614895103896,-0.0188064127135897,0.0646864475545061,0.997728411113778,6.55452200973472,0.100271686644121,0.623522472587811,3.38803248557576,0.740171252574168,0.208202211046641
0.962198107747421,0.272342595272272,-0.00207659520509778,-0.271875293319378,0.960041039899199,-0.0663703743530741,-0.0160818633803567,0.0644260235435075,0.997792894923885,6.57144116431737,0.103971951764816,0.62444513217909,3.37986437801947,0.739503576806973,0.160101786513169
0.961451533722314,0.274928671722378,-0.00501734670721363,-0.274656617006019,0.959303294778938,-0.0655814864202041,-0.0132170737238076,0.0644314681754439,0.997834602963305,6.58832566761289,0.107663930087083,0.625122873563884,3.37438393611839,0.736661065550911,0.110646456955078
0.960701952729022,0.277465259347844,-0.00804909173000693,-0.277388277763933,0.958544734508718,-0.0651746523179834,-0.0103682873129391,0.0648461394428723,0.997841408650469,6.60519055580481,0.111337636291224,0.625551723337759,3.37252950075164,0.732719896741514,0.0607717734315525
0.9599343079449,0.280007115410838,-0.0110516853759208,-0.280120017279707,0.95774755407861,-0.0652104176927033,-0.00767465631563522,0.0656935154771158,0.997810333517696,6.62205680983823,0.114992316635618,0.625731486518549,3.37510178918042,0.729398550850236,0.0112767414097508
0.959141006538194,0.282586572158058,-0.0139053519502187,-0.282879609686827,0.956902861946139,-0.065696569337503,-0.00525889725409653,0.0669458141727147,0.997742753401108,6.63894486234679,0.118632984025207,0.625666787949526,3.38047480607665,0.727005593844642,-0.0367131899403834
0.95832568382995,0.285197517287753,-0.0165607923953317,-0.285660369081781,0.956012362378165,-0.066622192369972,-0.0031681615994677,0.0685765201291411,0.997640828975567,6.65586266225011,0.122263860212751,0.62536527783035,3.38677804908403,0.725568556403018,-0.0838278509281548
0.957489769582699,0.287840319404685,-0.0190076739628668,-0.288463891870259,0.955081012510173,-0.0678884572634116,-0.00138716672867368,0.0704855309091985,0.997511837373831,6.67281279187512,0.125890244775085,0.624828637202853,3.39327084208413,0.725216146052076,-0.130773933919327
0.956633401828637,0.290518440019818,-0.0212501885690679,-0.291294556707875,0.954115816554901,-0.0693576948300385,0.000125451713128433,0.0725399518074375,0.997365499530459,6.68979441219105,0.129517412113909,0.624057223227093,3.39914374646229,0.725854118457587,-0.177817893806676
0.95575815190907,0.293228698411444,-0.0233084853066454,-0.294150121637287,0.953128279025791,-0.0708674090263148,0.00143561837844319,0.0745882976697055,0.997213379799232,6.70680287000643,0.133149748144004,0.623050174978935,3.40399256321235,0.727215290584097,-0.22498879037747
0.954866387317031,0.295964032190047,-0.0252086100753454,-0.297024187335928,0.952130584763335,-0.072277117372392,0.00261046155950305,0.0765025568725627,0.99706596786893,6.72383294599375,0.136789719552924,0.621806883366315,3.40777596684264,0.728750613222406,-0.272369942374411
0.95396218174769,0.29871133307079,-0.0269758278883037,-0.299904039148256,0.951134249258127,-0.0734929057170889,0.00370446996866074,0.0781996124239218,0.996930838884524,6.74087936745576,0.140436928900408,0.62032584188194,3.41056030481152,0.730060654785164,-0.320114476431696
0.9530492709659,0.301457798091563,-0.0286405845113617,-0.30277772963473,0.95014851445153,-0.0744543277640006,0.00476797112037063,0.0796303739494986,0.996813056694212,6.75793718797825,0.144089750473748,0.618605639686738,3.41230631591023,0.730955479268518,-0.367901509658894
0.95213058454665,0.304193083208881,-0.0302310783586787,-0.305635693823829,0.949181106222212,-0.0751135823377079,0.00584573619660948,0.0807576356677921,0.996716625550948,6.77500118220873,0.147745876840824,0.616646623873137,3.41306413815046,0.731385929003342,-0.415709253388045
0.951187443513261,0.307030849129066,-0.0312170624145286,-0.308554976995496,0.948102556091557,-0.0767813082980774,0.00602274638488494,0.0826655963248336,0.996559143107043,6.79200452341303,0.151429946131909,0.614602622137681,3.3622001919687,0.752962609681195,-0.339508366598429
0.950143642139957,0.310277372354152,-0.0309032604432061,-0.311786417586727,0.946669356775989,-0.0812795100241785,0.00403597688951571,0.0868624265510609,0.996212140933952,6.808761285878,0.155186482644053,0.612956734314757,3.33540604899388,0.747279558209081,-0.293777190801637
0.948992168795499,0.313741216616604,-0.0313099434804468,-0.315281938041659,0.945300859793104,-0.0836874185234241,0.0033411239890979,0.089290164465931,0.996000051917738,6.82537096747646,0.158931868130531,0.611469834398054,3.30699820092044,0.751218865323496,-0.298131524793283
0.947799045286987,0.317313320603713,-0.0314519684681572,-0.318858565148319,0.943917778351184,-0.0857230607486768,0.00248700314275802,0.091276964673521,0.995822439260814,6.84182634724823,0.162700489199976,0.609987654452412,3.27430790455132,0.756494514029477,-0.292926877507703
0.94656163230288,0.320994907275218,-0.0313583442720157,-0.322519349893408,0.942527966945397,-0.0873057871513163,0.00153140342225013,0.0927539812037819,0.995687879696447,6.8581105604435,0.166497952635247,0.608549456959646,3.23855340299389,0.762619074522668,-0.280877650226142
0.945277709444602,0.324781154696377,-0.031100700655379,-0.32626633317428,0.941140138724661,-0.0883488489927065,0.000576076537290507,0.0936613091698741,0.995603951026918,6.87421020499842,0.170327177286148,0.60718448560502,3.20088498099695,0.76909661453867,-0.264307279111382
0.943948735226362,0.328657152097294,-0.0307451075758021,-0.330091941242349,0.939757670289466,-0.0888528641011176,-0.000309178602926303,0.0940212609328912,0.995570141627992,6.89011957431598,0.174188918389336,0.605908226480301,3.16271371652876,0.775539633913031,-0.246077219800989
0.942581224473427,0.3325951198583,-0.0303499837993161,-0.333975254301712,0.938382594554145,-0.0888742693468584,-0.00107925172345861,0.0939073611825723,0.995580354733581,6.90583779399645,0.178082568193197,0.604725059553606,3.12436695752228,0.781896791832811,-0.226908796502165
0.941183120458346,0.336566407602939,-0.0299564189706014,-0.33789260061479,0.937016395703477,-0.0884808715635145,-0.001710033351693,0.0933987551101055,0.995627313973366,6.92136380764218,0.182007866086421,0.603639941992898,3.08586601707776,0.788176548314396,-0.20707059936209
0.939763484599527,0.340541707632729,-0.02959625611356,-0.341818346597283,0.935659487595907,-0.087758425243765,-0.00219338616170015,0.0925887068402545,0.995702023912172,6.93669784041228,0.185964104526995,0.602654737030743,3.04776475548676,0.794221968581499,-0.186964992177678
0.93833022892008,0.344496334500322,-0.0293028498721841,-0.345731143734832,0.93431106767608,-0.0867917338793766,-0.00252145723634043,0.0915702153204064,0.995795429754315,6.9518433141062,0.189949724568756,0.601771265621447,3.01047448525104,0.799907276708208,-0.16621829492039
0.936889973080318,0.348410717859394,-0.0291058417205942,-0.349613973362131,0.932969107089782,-0.0856662993600125,-0.00269220569522037,0.0904357058732787,0.995898657058888,6.96680497361968,0.193962979679761,0.600993184138298,2.97435328895426,0.805314705079615,-0.144975030883773
0.935449006368974,0.352269116231895,-0.0290107951028445,-0.353451164946888,0.931632159076715,-0.0844617911942793,-0.00272589086117638,0.0892635979739682,0.996004307016669,6.98158972152662,0.198003369231576,0.600322063045853,2.93978453191487,0.810912134155675,-0.123383335280451
0.934011050490311,0.356065626439999,-0.0289935722165613,-0.35723416563956,0.93029827613396,-0.0832398241347879,-0.00266616987327609,0.0881044101624556,0.996107677135425,6.99620589917656,0.202072902438273,0.599759743552495,2.90694916236579,0.81697470547248,-0.101480180997966
0.932578493089933,0.359798403743326,-0.029025211280278,-0.360958161847584,0.928964790284605,-0.0820586607683368,-0.00256117584781289,0.0870030291152804,0.996204754708108,7.01066239975016,0.206174190686321,0.599307883417437,2.87593229041743,0.82367643118289,-0.0791072895795048
0.931151076041826,0.363473867964172,-0.0290589210624585,-0.364625205905823,0.927626818260127,-0.0809749668893482,-0.00247644993630165,0.0859955426272677,0.996292443935994,7.0249677117351,0.210311079021283,0.598969107660323,2.84628440429194,0.831263377521924,-0.0562963908959345
0.929728409965039,0.3670981226756,-0.0290525735853304,-0.368237706903008,0.926281605696391,-0.0800211107354216,-0.0024647350151572,0.0850961531243728,0.99636969534643,7.03912729132304,0.214488510654046,0.598744871338655,2.81760475317109,0.839936186285003,-0.0333725858282578
0.928308558162476,0.37068058880207,-0.0289676013445383,-0.371801884343937,0.924927388178338,-0.0792002865897348,-0.00256508101298049,0.0842925126149949,0.996437751531147,7.05314592522638,0.218712220764277,0.598634914670415,2.7899524878133,0.849774923909802,-0.0106443186676738
0.926889577478811,0.37422958773786,-0.0287737175683412,-0.375323631888175,0.92356259718691,-0.078513058936965,-0.00280758034987889,0.0835723922053269,0.996497753511596,7.06702856666133,0.222988075363591,0.598638158435076,2.76307821564943,0.860802574413978,0.0119923188690456
0.925469645094781,0.377752036582235,-0.0284488113304168,-0.37880816934809,0.922186674676157,-0.0779493931014311,-0.00321042727512839,0.0829164393091394,0.996551331968908,7.0807783596513,0.227321950757059,0.598754305268843,2.73684147672039,0.872948201858907,0.0344080864970633
0.924047799825008,0.38125183995768,-0.0279767433316658,-0.38225823787101,0.92080075838354,-0.0774893730781693,-0.00378195958631962,0.0822982253100337,0.996600571388812,7.09439804229385,0.231719234233763,0.598982186607916,2.71086745304779,0.886173817619916,0.0568676458482007
0.922625001861461,0.384727271869637,-0.0273501776938667,-0.385671754129579,0.919408857156726,-0.0771015657971764,-0.0045170794494736,0.0816840232940907,0.996648040349118,7.10788799755115,0.236185420538623,0.599322168849293,2.68511881173106,0.900322453389863,0.079544360862362
0.921200065985327,0.388180242960892,-0.0265807713103468,-0.389051894401088,0.918013196878143,-0.0767489011028654,-0.0053909082309935,0.0810423921931935,0.996696076432555,7.12125012340772,0.240723701877717,0.599775829554738,2.65967213837638,0.914933010849179,0.102026107176143
0.919776037363117,0.391602056925968,-0.0256879369345207,-0.392391646717313,0.916615969555816,-0.0764457974105017,-0.00639035829017398,0.080392744489802,0.996742780236868,7.13448636695359,0.245335272502922,0.600340797761562,2.63494884263111,0.929541087557111,0.124019296854013
0.918356273314803,0.394983304220562,-0.0246970575242127,-0.395683450583124,0.915217557382975,-0.0762327330782047,-0.00750747613913665,0.0797810255947326,0.996784142007222,7.14760169334186,0.250019635054788,0.601013509538354,2.61142787468189,0.943993445965779,0.145121562957391
0.916943696578262,0.398317400230405,-0.0236115645200598,-0.398920134491835,0.913814386725141,-0.0761970662897898,-0.00877402999821328,0.0792875481260836,0.996813172620499,7.16060284284045,0.254775955498118,0.601788652811829,2.58903227219702,0.958657991283102,0.164283417747786
0.915541196813509,0.401599216753018,-0.0224139697655256,-0.402093689011984,0.912402433887246,-0.0764360117573181,-0.0102460818863227,0.0789928334723697,0.996822526865232,7.17349730673128,0.259604487453382,0.602656944084799,2.5687199854239,0.973147040912457,0.181738217536641
0.914148050212248,0.404832777155158,-0.0210657265241075,-0.40520310102399,0.910976314004957,-0.0770233876331339,-0.011991214020652,0.0789466773384631,0.996806717936596,7.1862954880459,0.264506205539928,0.603603736140635,2.55047927004776,0.988056839093612,0.195346431490409
0.912762320606136,0.408024197038297,-0.0195243620370865,-0.408248701316791,0.909532001885183,-0.0780034321032487,-0.014069255661037,0.0791693891474839,0.996761889252975,7.19900963026138,0.269481639979353,0.604607399110543,2.53518339507854,1.0026690197997,0.204060835636775
0.911386102717193,0.411169158040001,-0.0177565551457006,-0.411220669709426,0.90807155499455,-0.0793952883583804,-0.0165206712241555,0.0796616249297994,0.996685052027895,7.21165205430722,0.27453159958721,0.605636249793036,2.52216680513303,1.01716191830454,0.205921232210367
0.910017932225031,0.414268347227688,-0.0157828867486094,-0.414118616075689,0.906596656233452,-0.0811681878932971,-0.019316698694022,0.0804004937271245,0.996575449105586,7.22423345892111,0.279651712774079,0.606653993799365,2.50986970917766,1.0295412885834,0.197141750871203
0.908657567184316,0.417318100459783,-0.0136758410095832,-0.416943270023531,0.905113942917329,-0.0832289608173163,-0.0223547574526298,0.0813286749263989,0.996436606841574,7.23676072976231,0.28483031599111,0.607610502719064,2.49965882502297,1.03965057203797,0.179446919535931
0.907310859446047,0.420300998879429,-0.0115790618026708,-0.419692328279595,0.903645926894189,-0.0853369110689732,-0.0254038169283349,0.0822867495317172,0.996284867363234,7.24923801324792,0.29004425049744,0.608437010079078,2.4911260761401,1.0441332867465,0.146954256473169
0.905978220772096,0.423215536155954,-0.00959549075636391,-0.422376417908016,0.902201331506884,-0.0873551316317387,-0.0283129843326467,0.0831947557447773,0.996131019261395,7.26167245892587,0.295266886204001,0.609066453285775,2.48305981126781,1.04447114357657,0.10343455438808
0.904645255594314,0.426095552819959,-0.00771630726140377,-0.425026996079126,0.900758194224202,-0.0893684963614758,-0.0311289918669704,0.0841264251291447,0.995968739700367,7.27407647178946,0.300488742975902,0.609467237969428,2.47943989179027,1.04399005298231,0.0557482782582996
0.903297257386021,0.428974502215442,-0.00591111223939487,-0.427670535543218,0.899290466249803,-0.0915126785772858,-0.0339407988572725,0.0851911601119888,0.995786366853706,7.28647188994772,0.305707042687203,0.609623706051396,2.47956304902648,1.04344179123393,0.00698634642277575
0.90192941845071,0.431863727413281,-0.00412856850151642,-0.430310983857165,0.897789446728492,-0.0938433083113935,-0.036820935689395,0.0864166088645951,0.995578419014445,7.29887674363459,0.310924574033121,0.609540348608904,2.48316557340505,1.04382096574281,-0.0397574803554177
0.900537073156429,0.434773116234097,-0.002305920845431,-0.432951871923238,0.896253792044638,-0.0963421862102577,-0.0398203022215671,0.0877580631378133,0.99534560122868,7.31130708583839,0.316146432624869,0.609229007511872,2.48951366282906,1.04506507210183,-0.0843565335610392
0.899114842446434,0.437712631719291,-0.00039003320060191,-0.435598175132445,0.894683298445842,-0.0989748720805055,-0.0429735955420203,0.0891596742672429,0.995089856530932,7.32377410208988,0.321376931413983,0.608698668454839,2.49761962014575,1.04745831733799,-0.127460609944331
0.897658171136342,0.440689270441062,0.00166574616388354,-0.438257309861349,0.89308846256204,-0.101604765595252,-0.0462637887040279,0.0904763226302749,0.994823450114668,7.33628404214459,0.326623231784428,0.607955400124694,2.5064151683989,1.05146159899925,-0.169652165358748
0.896172679570442,0.443689103133466,0.00380895683288238,-0.440931524096789,0.891495631891737,-0.1039948526401,-0.0495370512769619,0.0915178566104703,0.994570541727538,7.34885572541747,0.331898969714543,0.607008565463288,2.52089325279284,1.05869947342823,-0.209400763706975
0.89465454740083,0.446717859488108,0.00603281272541399,-0.443636475516578,0.889915001013165,-0.106009285267692,-0.0527249315432966,0.0921653133564981,0.994346839190256,7.36148251865076,0.337207459143973,0.605858213975514,2.52949619968679,1.06472266629781,-0.250657042205215
0.893094481334137,0.449791768303136,0.00834341520286633,-0.446395422432829,0.888346227521352,-0.107573727645741,-0.0557976186008484,0.0923490401429368,0.994162099731806,7.3741491322938,0.342545879853182,0.604501409401218,2.53694439021245,1.07068932333856,-0.292036344486375
0.891493177806067,0.452907225478241,0.010721895114298,-0.449213869243898,0.886795015005052,-0.108634713794051,-0.0587095699538532,0.0920306822303905,0.994023913155032,7.38685044434583,0.347913394022863,0.602936639376507,2.54327667237208,1.07619370681439,-0.333944001790813
0.889878937638722,0.45601185528089,0.0129870778184025,-0.452042493012213,0.885251194383851,-0.109489302460421,-0.061425246098684,0.0915615131223098,0.993903128306008,7.39956483447004,0.353313268706711,0.6011943510246,2.48641915527042,1.10904677710926,-0.240045781905029
0.888864937780111,0.45799930339817,0.0124804035171194,-0.453699121097339,0.88366180847998,-0.115320925028346,-0.0638453592727129,0.0968423787434087,0.993249879828161,7.41194927059899,0.358855438624008,0.599992090912036,2.44049587663142,1.09051054230386,-0.173939648480194
0.887851533819371,0.459949046740725,0.0129045843362108,-0.455436784758197,0.882445351606948,-0.117760504908927,-0.0655514224384765,0.0986766225080097,0.992958173936196,7.42409827442691,0.364311166107987,0.599124360291194,2.41821498534834,1.0914183553216,-0.170331844681718
0.886830690312262,0.461906567988395,0.0131776010510332,-0.457245024529502,0.881287510108481,-0.119412361461488,-0.0667706092775334,0.0998731544308888,0.99275729096327,7.43612871646922,0.369768377265569,0.598297462979719,2.39344888288138,1.09123878920753,-0.159395389292374
0.885786375695507,0.463901592123304,0.0133345212768286,-0.459151888624509,0.88017502560631,-0.120297412571832,-0.0675428738266673,0.10043523845939,0.992648338068845,7.44802944734666,0.375222519703219,0.597537405682238,2.36599321217351,1.09017952081039,-0.143385042582822
0.884708493960016,0.465951600130995,0.013415925251973,-0.461162901728374,0.879087305214391,-0.120558234394696,-0.0679680718018907,0.100471966967239,0.992615597836981,7.45978706122611,0.380669457293946,0.596869182712962,2.33673231105629,1.08842563967068,-0.123084671960188
0.883584387998286,0.468078218935652,0.0134688620054517,-0.463282871925722,0.877996225118513,-0.120381100085917,-0.0681733809191593,0.100126967574519,0.992636378790533,7.47139593249147,0.386106376198718,0.596311032555896,2.30643871109911,1.08620541314623,-0.0994406291471719
0.882401576954778,0.470302302073626,0.013535200477614,-0.465517313338844,0.876875341003706,-0.119930260240769,-0.0682721610138839,0.0995257805992096,0.992690047812817,7.48285210523062,0.391531816700754,0.595878168810821,2.27599053183187,1.08398092433547,-0.0732079380023204
0.881149465406649,0.472641455254285,0.0136262389781405,-0.467872377852944,0.87569946714806,-0.119356111191827,-0.068345136299587,0.0987952327377996,0.992757998876098,7.49415729974419,0.396947111918325,0.595581274681045,2.24609706037376,1.0822359257386,-0.045196820654572
0.879819426920517,0.475109739585275,0.0137299440809643,-0.470354893609648,0.874446880207152,-0.118781007545126,-0.0684401203294594,0.0980478915999262,0.99282554403183,7.50531580120176,0.402355562931082,0.595427014263804,2.21761208467796,1.08131228759966,-0.0164540183247069
0.878407576992802,0.477712088712689,0.0138307259171118,-0.472966125974055,0.873105251089141,-0.11828044725001,-0.0685796789342784,0.097356976218081,0.992883903998319,7.51633730665217,0.407761938518227,0.595415196700004,2.19147668911959,1.081447310232,0.0113115058414364
0.876913909523383,0.480446429051383,0.013900507047966,-0.475704063951493,0.871669046088673,-0.117892822643691,-0.0687578273685986,0.0967693283155217,0.992929029826862,7.52723501960325,0.413171609808202,0.595537140685275,2.16818936745678,1.08256974224956,0.0368878807353169
0.875339668405048,0.483307608431218,0.013936303277346,-0.478561287594241,0.870135982571269,-0.117654009072685,-0.0689895566929088,0.0963178460474978,0.992956853846171,7.53802394471822,0.418589063569523,0.595780618811441,2.14802687087017,1.08454468249673,0.0598768982394773
0.873687275565966,0.486287730356484,0.0139566406724497,-0.481526843063047,0.868508262453941,-0.11758102508046,-0.0692996675594891,0.0960085483380306,0.992965213248767,7.54871981499993,0.424018566092745,0.59613167727426,2.13091495466765,1.08741676476632,0.0797490658951559
0.871961938974144,0.489374221869628,0.0139731152556477,-0.484586168233451,0.866790900029001,-0.117685093294505,-0.0697038201053045,0.0958457437574106,0.992952652882461,7.55933681234408,0.429465127259476,0.596574169276866,2.1163210925964,1.09146150210512,0.0966108406906411
0.870169212315437,0.492554243061176,0.0139949841287653,-0.4877279730287,0.864993645980194,-0.117929711011289,-0.0701923518885646,0.0957930584975893,0.992923322155357,7.56988596538389,0.434934630438393,0.597094367620382,2.10365940712987,1.09644926805344,0.110937847884373
0.868316505804182,0.495812012992235,0.0140318751634924,-0.490937431093468,0.863127253946586,-0.118286864215649,-0.0707593421348867,0.0958216638720772,0.992880317174948,7.58037563293894,0.440430845581922,0.597680204876294,2.09240547410805,1.10215835745575,0.122858085492036
0.866412704343164,0.499129855074222,0.0140859336343249,-0.494199255422049,0.861204311253792,-0.118719123220202,-0.0713871255413537,0.0958984986924571,0.992827959041987,7.59081185803515,0.445957347395955,0.598320607165614,2.08223741337842,1.10854323815135,0.133043098608579
0.864466120431521,0.502491550356186,0.0141622189896868,-0.497499758093313,0.85923752838374,-0.119184145397356,-0.072057736039722,0.0959849552671647,0.992771157437196,7.6011997276635,0.451517534927406,0.599008562411089,2.07305250405177,1.11567554835147,0.141822938382108
0.862484818946837,0.505881890292252,0.0142635956399836,-0.500827379464726,0.85724030395485,-0.11962858042246,-0.0727452614590012,0.0960342353004147,0.99271624978416,7.61154406034963,0.45711542445788,0.599737420396278,2.06481257942525,1.12362840340071,0.149596461817136
0.860474609266752,0.509290135957516,0.0143876413496205,-0.504173851283002,0.855221067148951,-0.120023555967466,-0.073431427125554,0.0960233498737945,0.992666782857833,7.62184943183505,0.462755126759461,0.600503471723659,2.05744438150094,1.13239639228881,0.156700648085852
0.858438581341166,0.512710513566914,0.0145303593526747,-0.507535192074749,0.853184277185886,-0.120352058430447,-0.0741028398282728,0.0959401815755474,0.992624929511967,7.63212007894162,0.468440557226333,0.601303478111468,2.05092674948954,1.14188773180028,0.16319619674667
0.856377695489393,0.516141030274148,0.0146860319970201,-0.510910908915255,0.851131507833176,-0.120603480567571,-0.0747481492725042,0.0957788768004999,0.992592122142409,7.64236031235665,0.474175053075332,0.602134572445646,2.04528441903738,1.15200820649561,0.169143559927739
0.854290404922626,0.519584001103053,0.014844859543914,-0.514305498006632,0.849061876514864,-0.120763341164483,-0.0753509042897701,0.0955321707426438,0.992570322735831,7.65257453063994,0.479961699039664,0.602993878598294,2.04051776751322,1.16275840398676,0.174428224500579
0.852174970838168,0.523042119595697,0.0149920047294685,-0.517724306150126,0.846973838122857,-0.120817467101441,-0.0758904598637951,0.0951958962575483,0.99256152425801,7.66276705549792,0.485803574990218,0.60387864727035,2.03659974915824,1.17406852015498,0.179569135412065
0.850026695684273,0.526522863993655,0.0151092791355391,-0.521178996365651,0.844864137532537,-0.120735425036299,-0.0763352498611892,0.094753695459973,0.992569728948707,7.6729417272125,0.491703844973292,0.604790874560298,2.03328774955478,1.18626429264829,0.185727099284054
0.847848007125056,0.530022357701939,0.0151676349557297,-0.524670841216166,0.842735484609303,-0.120488220826122,-0.0766437550723667,0.0941976821179883,0.992598877438417,7.68310100969425,0.497667694902707,0.60573768664181,2.03044128040416,1.19944296669155,0.193405319589328
0.845645688876564,0.533530103916603,0.0151326501056996,-0.528192186998799,0.840591011402507,-0.120082326521167,-0.0767879058049361,0.0935541541784759,0.992648597318327,7.6932474574957,0.503699503617432,0.606725842572468,2.02820716990218,1.21340179283024,0.202080329918276
0.843426371153513,0.537035515793368,0.0149937059917778,-0.531734253935805,0.838437168384835,-0.119506476235193,-0.0767505025009554,0.0928222465111212,0.992720197698465,7.7033848796273,0.509802674235169,0.607757407571564,2.02692686101051,1.22794012717162,0.210344928615928
0.841198878357442,0.540524656874873,0.0147493172887095,-0.535282606122607,0.836281656167326,-0.118766675210784,-0.0765308998560176,0.0920113409767241,0.992812638164368,7.71351839887321,0.515979327177612,0.608827556063502,2.02657884257,1.24268054740761,0.217540320110351
0.838968976362875,0.543988528925351,0.0144061479328293,-0.53882542834775,0.834128108131076,-0.117887475974068,-0.0761460075545233,0.0911415362132191,0.992922457148695,7.72365249025324,0.522229568480678,0.609929802584001,2.02722694239777,1.25734440486068,0.222844964676343
0.836743959501918,0.547416047300758,0.0139720218532267,-0.542347941541745,0.831980977929061,-0.116903219244104,-0.0756191546004352,0.090240365257559,0.993045024123125,7.73379237809253,0.52855288624319,0.611052713076739,2.02885215504887,1.27194251615437,0.225890567336229
0.834530858108195,0.550797016325399,0.0134496718264566,-0.545837415516153,0.829845031095743,-0.115839286031776,-0.07496507645462,0.0893301246654451,0.993176905762216,7.74394235019529,0.534948752158012,0.612184761017103,2.03119460317539,1.28626759994274,0.226299966821722
0.832336569737052,0.554121961064718,0.012833041110737,-0.549281894838512,0.827723479989504,-0.114731166980376,-0.0741972686894372,0.0884459888285291,0.993313682770539,7.75410549466313,0.541415315223719,0.613311665876762,2.03412245377173,1.30027776518878,0.223912557712927
0.830167609343573,0.557382412855919,0.0121072802763469,-0.552670367169467,0.825617628955177,-0.113626563844896,-0.0733294323552485,0.0876377578292898,0.993449756028513,7.76428448069338,0.547951028422845,0.614419760965932,2.0374783888489,1.31385299174422,0.218733885500127
0.82803216821933,0.560567953337896,0.0112382420581567,-0.555989328335647,0.823526454710957,-0.112605706640822,-0.0723781401451507,0.0869928047700821,0.993576195743117,7.77448031302435,0.554553168132103,0.615493397933219,2.04068371974555,1.32685543552932,0.209764796633656
0.825941424221017,0.563664127180991,0.0101742559949302,-0.559221122760484,0.821448635678564,-0.11177600279277,-0.0713617517600467,0.0866307720796555,0.993681342138726,7.78469014494112,0.561215581115363,0.616505070317943,2.04284672673227,1.33710665212181,0.192349224622196
0.823902914680717,0.566661023945496,0.0089034331391116,-0.562353221079709,0.819386648199477,-0.111195213447806,-0.0703053477474965,0.0866071861537445,0.993758699778087,7.79490649993783,0.567918316633784,0.617402034023628,2.04315714669884,1.3428983407892,0.163951242394568
0.821918406983985,0.56955641564022,0.00745799329395547,-0.565383958227087,0.817348404081893,-0.110826739211503,-0.0692178592588651,0.0868739071749804,0.993811758942192,7.80511849475116,0.574637116715014,0.6181259341688,2.04096974399033,1.34325518401921,0.122265241833224
0.819990626617581,0.57234621258992,0.00593171082252289,-0.568309922286729,0.815353669552566,-0.110554175758393,-0.0681117059671854,0.0872823377387397,0.993852398009433,7.81531689268272,0.581349072453969,0.618617166183681,2.03871617655454,1.34154607597939,0.0736986254887503
0.818105793251561,0.575051081061155,0.00437780979839883,-0.571149079420947,0.813394656684005,-0.110353348632994,-0.0670196995281181,0.0877803317851259,0.993882776401148,7.82550783453679,0.588052517171263,0.618862047061069,2.03801941205804,1.33971605928851,0.0241646956817852
0.816246852862656,0.577696217879557,0.00285570297203356,-0.573918429313009,0.811454184870732,-0.11027122177007,-0.0660205398849319,0.0883695971668458,0.993897430628469,7.83569914804987,0.594747241550513,0.618859989702449,2.03885603334722,1.33836431640154,-0.0247530459835917
0.814398169421656,0.580304719192136,0.00143336177997203,-0.576633800042355,0.809518926076241,-0.11032936586912,-0.0651849851681278,0.0890255087472428,0.993894046918949,7.84589746339581,0.601437189639733,0.618617006466614,2.0405868614638,1.33769509630613,-0.0719338368511934
0.812549966664386,0.582891523909228,0.000151751383160672,-0.579303474119217,0.807577017669541,-0.110575066834139,-0.0645758201427562,0.0897598567665247,0.993867763621571,7.85610532229514,0.608124526784331,0.61814256035802,2.04254760147069,1.33718525428131,-0.117481561914575
0.810693393908544,0.5854701156388,-0.000982225501251333,-0.581938356751998,0.805616724934455,-0.111038018023855,-0.0642181439612646,0.0905893823787956,0.993815673948846,7.86632326349798,0.614810128023506,0.617442943854926,2.04468109324544,1.33726146204904,-0.162179395060918
0.808786810268622,0.588096830235182,-0.00245230561732815,-0.584697037710021,0.803649168055344,-0.110803378906423,-0.0631923225450322,0.0910501672227231,0.993839321731677,7.87654023429325,0.621479268665884,0.616620396558314,2.03945517409859,1.32668289535434,-0.148229105715235
0.806775958167919,0.590837706477293,-0.00483300391977053,-0.587758079304392,0.801680385129381,-0.108853113465898,-0.0604399994593702,0.090660712017166,0.994046096396888,7.88673620480265,0.628105941104633,0.615796556350631,2.03952322454441,1.32414572062966,-0.181034716296345
0.804720205585907,0.593609545357096,-0.00728686370934651,-0.590863187008238,0.799687593287953,-0.106679179692148,-0.0574985648537791,0.0901524309282002,0.994266792283385,7.89693771864917,0.634720969342031,0.614810874444192,2.04135527882386,1.32184305020726,-0.213028924561704
0.802621949027324,0.596407230157587,-0.00981950891522901,-0.594004366132515,0.797670912669174,-0.104306893813576,-0.0543766489873224,0.0895518335785614,0.994496681315543,7.90715047926715,0.64132394123691,0.613665867456935,2.04375216741736,1.31920847266439,-0.245045876457707
0.800484780683609,0.599223529644656,-0.0124610358363996,-0.597175074791801,0.795632636732896,-0.101738082411983,-0.0510494460432496,0.0888812065943123,0.994733172852407,7.91737538049574,0.647912679702578,0.612359572317337,2.04617971161326,1.31620023763389,-0.277543667127134
0.798301884353409,0.602066811144058,-0.0151544170663837,-0.600367058779087,0.793551946099634,-0.0991700739862223,-0.0476811930507708,0.0882658697363246,0.994955094498714,7.92759968441937,0.654486111560756,0.610914812376048,1.99974511163675,1.31554975869215,-0.208253514798718
0.795912139032239,0.605195497653007,-0.0161949548210025,-0.603496281589058,0.790983049676198,-0.100687900132648,-0.0481259290747292,0.0899123169842178,0.994786243474056,7.93757633602122,0.661051688874687,0.609828403568322,1.98903946697746,1.31086331962423,-0.222004499406286
0.793475577787264,0.608362260262916,-0.0170841371735301,-0.606645085363691,0.788363076655751,-0.102300536508658,-0.0487672826723833,0.091536985168156,0.994606823064811,7.94748587572693,0.667596649552312,0.608705832469638,1.9740267776829,1.30734238797652,-0.225529367607947
0.790982541253431,0.611579541012895,-0.0178068651570704,-0.60983169726516,0.785698492725063,-0.103842089444784,-0.049516870286392,0.0929964705998091,0.994434379943202,7.9573142473377,0.674126845920027,0.607578831351302,1.9569114176837,1.30495489245138,-0.224536234638681
0.788434106227097,0.614844766672014,-0.0183731606947411,-0.613062277895729,0.783006322055327,-0.105146293528058,-0.0502623473305654,0.0941648157085489,0.994287022908072,7.96705415740236,0.680647754971468,0.606464065044137,1.9388533802774,1.30359184187057,-0.220826957177281
0.785835203761132,0.618150156517036,-0.0187993757254042,-0.616336725614811,0.780303300894526,-0.106093351683888,-0.0509124070155231,0.0949586363164079,0.994178446859926,7.97670288371852,0.687164143112753,0.605373274321746,1.92056044490907,1.30312151594029,-0.215082600945815
0.783192242924649,0.62148612771602,-0.0191024521777578,-0.619651884835848,0.777604267943782,-0.106598049208209,-0.0513950604828754,0.0953236357477039,0.994118681157235,7.98626091531741,0.693679915475737,0.60431481567726,1.90277589850609,1.30325217097116,-0.208121358848264
0.780514277418376,0.624840074935307,-0.0192962043135657,-0.62299666778664,0.774917503114372,-0.106667780016885,-0.0516973371926798,0.0952771962319825,0.994107459586417,7.9957322548458,0.700197281665925,0.603293165998655,1.88590582903302,1.30371690688533,-0.200375962679606
0.777809725699953,0.628200793868246,-0.0193853859870985,-0.626357614431997,0.772245347938966,-0.106363816355388,-0.0518475597267733,0.0948729949455074,0.994138292885073,8.00512192739896,0.706717407833202,0.602311171443919,1.87018405887875,1.30429532241248,-0.192506870702155
0.775090675626617,0.631553100923197,-0.0193681509434621,-0.629713881329474,0.769588854004266,-0.105798976617783,-0.0519121586687008,0.0942001937720644,0.994198899252892,8.01443600915282,0.713240470638312,0.601367873539515,1.85563341604343,1.30489026981133,-0.184864365710503
0.772368519857187,0.634883092022306,-0.0192439340524412,-0.63304643106847,0.766949126803367,-0.105077366768619,-0.0519527250978414,0.0933407540131839,0.994277837425314,8.02367979780083,0.719766464046313,0.600462478508073,1.84198972108081,1.3054398856325,-0.177301258245975
0.769653326844888,0.638178723448023,-0.0190177131866155,-0.636339729487231,0.764327885101648,-0.104281507143691,-0.0520144706088011,0.0923623353661774,0.994365975812222,8.03285708482351,0.726295004710391,0.599595184699246,1.82897659046615,1.30590907043155,-0.169536657004866
0.766952061662024,0.641431854990444,-0.0187005485451345,-0.639584197169018,0.761726388170068,-0.103464797380777,-0.052120915610078,0.0913131149884908,0.994457301842098,8.04197058113015,0.732825943483637,0.598768173676418,1.81645948876137,1.30645702744854,-0.161023833310377
0.764268492836413,0.644638256010156,-0.0183081879426132,-0.642776691344546,0.75914643610253,-0.102639240142293,-0.0522665851354051,0.0902120138396917,0.994550147874541,8.05102261436978,0.739360180798403,0.597986254168992,1.80437280892834,1.30725337816355,-0.151503615879476
0.761603694227815,0.647797112041027,-0.0178525788010908,-0.645917975817823,0.7565889440357,-0.101799500383602,-0.0524383586122852,0.0890621771250257,0.994644734139682,8.06001531742489,0.745899238570241,0.597254575556311,1.79275237032828,1.30840993782624,-0.140885325507595
0.758953653031875,0.650913639609886,-0.0173431923066058,-0.649015610669375,0.754051630210363,-0.100920147069617,-0.0526126378072017,0.0878497168288282,0.994743352627231,8.0689505820506,0.752445100610737,0.596579274414618,1.78123259156494,1.3099735679059,-0.12884317624782
0.756314672388893,0.653992766656345,-0.0167802708697191,-0.652075137641975,0.751531376332171,-0.0999930260441801,-0.0527838156870267,0.0865681901708197,0.994846630014932,8.0778276658088,0.759000020610316,0.595968119091583,1.76943455472105,1.31208694796828,-0.11524261105291
0.753680929995786,0.657041977180443,-0.0161522748708001,-0.655103551001175,0.749023355821501,-0.0990118674682422,-0.0529565220377838,0.0852047689786924,0.994955151811854,8.08664510602953,0.765567124108304,0.595428478808773,1.75742835868232,1.31484644395681,-0.100304207435677
0.751046999529948,0.66006799215092,-0.0154483084807299,-0.658106760047918,0.746522331384095,-0.097979085136006,-0.0531403507355323,0.0837535341505605,0.995068564793902,8.09540200108853,0.772149616582192,0.594966698856097,1.74515217162057,1.31823270828883,-0.084057581849597
0.748406589247814,0.663078319422837,-0.0146533095865708,-0.661090286228557,0.744021029972536,-0.0969140877935281,-0.053359259971423,0.0822183025243993,0.995184877349585,8.10409679283637,0.778750639198723,0.594589235107731,1.73263793288377,1.32227045142084,-0.0666565376891523
0.745753432636026,0.666080063515444,-0.0137537885270102,-0.664059065743681,0.741511624527186,-0.0958439768304853,-0.0536411681007558,0.0806093026785047,0.995301344019223,8.1127285377179,0.785373426464555,0.594301957393736,1.7199051871726,1.32690601348695,-0.0478096779513923
0.743079643979967,0.669081679186007,-0.0127416356971565,-0.667019700392387,0.738984310380933,-0.0947993053733391,-0.0540126095560725,0.0789423561115952,0.99541485945333,8.12129622310211,0.79202101217826,0.59411300964963,1.70708205955231,1.3322466994616,-0.0273762568866356
0.740378665114594,0.672089692893433,-0.0116136535828652,-0.669977549803691,0.736430957300097,-0.0938057988031974,-0.054493256483483,0.0772326992696364,0.995522774807965,8.12979976215945,0.798697136601745,0.594030269658971,1.69421971624689,1.33827280379109,-0.00523931927951095
0.737645869301603,0.675108121536982,-0.0103728365016774,-0.672935606125943,0.733844801979623,-0.092894976265654,-0.0551021007783877,0.0755038465397317,0.995621879855758,8.13823913635986,0.805405044292249,0.594062518025495,1.68150582756807,1.34498812281166,0.0185491126424311
0.734878849957373,0.678138386865566,-0.00902242454650083,-0.675894906121867,0.731222484544579,-0.0920855796255051,-0.0558493667273123,0.073769955644698,0.995710219833229,8.14661548521711,0.812148548416946,0.594218416293418,1.66895461119879,1.35255283001271,0.0444647651829793
0.732078142502936,0.681178655132989,-0.00756525350952779,-0.678854670402483,0.728565748603435,-0.0913689577189787,-0.0567267991533729,0.0720249245270609,0.995788371344375,8.15493030198646,0.818932185182457,0.594508684077137,1.65715358792458,1.36103263627075,0.0719245942454553
0.729243426860888,0.684227977545328,-0.00600825468986595,-0.681815251920256,0.725875202038552,-0.0907367252792902,-0.0577233629400293,0.0702656801697766,0.995856790688889,8.16318925805706,0.825760656898733,0.594938749868593,1.6466589712891,1.37052939141726,0.100452691005307
0.726373394613433,0.68728651798698,-0.004351297632802,-0.684777647539812,0.723150903593001,-0.0901795102141742,-0.0588325167539083,0.0684836683155822,0.995916021633573,8.17139899174274,0.832639534489288,0.595514352964448,1.63740659480256,1.3812408044295,0.130149642955842
0.723465813752138,0.690355348877853,-0.00259009800868746,-0.687743985255626,0.720392740720129,-0.0896800416059809,-0.0600452086070652,0.066661768604494,0.995967259266014,8.17956559482307,0.839575233271671,0.596240854992326,1.62947833150354,1.39326463624461,0.160683055085071
0.720517619546211,0.693436255755488,-0.0007205048733503,-0.690717685237638,0.717600182306016,-0.0892135508447683,-0.0613468762319794,0.0647776007442603,0.996012260576343,8.18769602012636,0.846574329242735,0.59712125150969,1.62290074873133,1.40659366189582,0.191637084790665
0.71752364613719,0.696533002474943,0.00126241721895095,-0.693704512155091,0.714770772241389,-0.0887512983855211,-0.0627205472684969,0.0628054106959802,0.996053017332737,8.19579684550484,0.853643285905627,0.598156742327526,1.61766011207034,1.42120810039217,0.222620050729007
0.714476843475187,0.699651000335476,0.00336420381390741,-0.696711403408385,0.711899416310978,-0.0882748062405582,-0.0641565312220987,0.0607264257605985,0.996090478177505,8.20387498207687,0.860788482471512,0.599346391888291,1.61385873409928,1.43708686105194,0.253206675460512
0.711368180474132,0.702797346879053,0.00558578809894964,-0.699747248952957,0.708978464700914,-0.0877685830642312,-0.0656437307874134,0.0585271373817207,0.996125230479687,8.2119375335648,0.868015790308469,0.600685939052652,1.61135875206377,1.45395321052473,0.282143883925881
0.708186851806204,0.70598054364788,0.00792810945060368,-0.702823032757691,0.705998825911207,-0.0872091878031109,-0.0671652257801521,0.0561883422307529,0.996158472655461,8.2199903953691,0.875329009422228,0.602163502800779,1.60995575394502,1.47134881059706,0.308246461057105
0.704924092268189,0.709206767463442,0.0103819614680981,-0.705948386033474,0.702952675230414,-0.0865702757483045,-0.0686942530100125,0.0536963441070148,0.996191649349129,8.22803813429272,0.882729068119651,0.603761821905671,1.6091297893235,1.48843842615088,0.329954099588482
0.701571299624912,0.712482099613628,0.0129216590563452,-0.709134699718103,0.699831476877519,-0.0858130621009814,-0.0701832544010917,0.0510407846881977,0.996227458515416,8.23608193227515,0.890212315037127,0.605455028614465,1.60826653848766,1.50453757147301,0.346080795725855
0.698123242637862,0.715809241486192,0.0155263611886294,-0.712389805334932,0.696629788992397,-0.0848981881035513,-0.0715870333486098,0.0482085769482028,0.996268653408795,8.24411985055991,0.897772288813718,0.607211201475393,1.60653382231661,1.51891077698279,0.354332739208197
0.694588231447016,0.719177712845597,0.0181825763158977,-0.71570949658293,0.693356415515792,-0.0837663271494181,-0.0728498815120276,0.0451696624878946,0.99631952522994,8.25214746155122,0.905396627228884,0.608977587222171,1.60456209287964,1.52971168696883,0.348124275187838
0.691013866626793,0.722541270531837,0.0208314307652849,-0.71905913102751,0.690056833275831,-0.082313625453473,-0.0738498626637313,0.0419008260965285,0.996388738674308,8.26016487756763,0.913059351864115,0.610656819184068,1.60211036979107,1.53322304002327,0.316659797170847
0.687470252607269,0.725836091223344,0.0233799156909501,-0.722382016971037,0.686791907846835,-0.0805052599086665,-0.0744907600777116,0.0384557407121835,0.996479945944384,8.26817094187633,0.920726334423736,0.612126106437872,1.60095604538289,1.53375619607029,0.269579338654206
0.683938868210082,0.729081096759868,0.0258530249475705,-0.725681125984051,0.683534259258374,-0.078535468487979,-0.0749301537568916,0.0349524071779703,0.996576038890377,8.27617825265653,0.92839931928948,0.613347785290486,1.60249965188371,1.53582265828081,0.218353496940886
0.680371353932046,0.732320360122905,0.0283144997860308,-0.728991944921788,0.680236159163652,-0.0764821025170781,-0.0752699474413532,0.0313951893726079,0.996668840235529,8.28419649142866,0.936086112055339,0.614310538933986,1.60469464799445,1.53908991364957,0.167051759517258
0.676742930991481,0.735573453222596,0.0308334277569895,-0.732328603879905,0.676875853785449,-0.0743901505679905,-0.0755898226771898,0.0277628074301714,0.99675242925775,8.29222519550542,0.9437914249184,0.615021285635201,1.60681471216946,1.54328121103245,0.117720703363629
0.673034648548458,0.738853257363714,0.033469776460013,-0.735702961882012,0.673438437732,-0.0722621786491225,-0.0759309800495732,0.0240111363352977,0.996823932096636,8.30026433527131,0.951520680113936,0.615490503162485,1.60873965669353,1.5488219091844,0.0703922049293602
0.669233288064103,0.742166551247147,0.0362714261757878,-0.73913074031566,0.669916191022813,-0.0699860395072507,-0.0762401132431917,0.0200276612564068,0.996888327706401,8.30831196631366,0.959281106409248,0.615727498906692,1.61014476442345,1.55563698079914,0.0248353560360183
0.666203987892964,0.744867148170841,0.0366766695782316,-0.741629713476367,0.666878867024611,-0.0725116873678633,-0.078470469633323,0.0211070673427472,0.996692970329236,8.31607248910472,0.967073392535777,0.616330014542086,1.53609250694817,1.5616987265714,0.129045249242724
0.663376454434717,0.747395912261795,0.0364832843365662,-0.743886028750521,0.663971014613962,-0.0760004472505608,-0.0810262669225368,0.0232775017316255,0.996440114598831,8.32371758372767,0.974902274252499,0.616930830422951,1.52188888832684,1.57061795961293,0.112377703437296
0.660600472870149,0.749869356312089,0.0360965885899044,-0.746086942192843,0.661092455397439,-0.0794420550207416,-0.0834343450448841,0.0255482657078434,0.996185723741438,8.33129199030374,0.982782828800514,0.617457006542799,1.5078870047023,1.58206154353628,0.0986795686587925
0.6578593987201,0.752303948171222,0.0354933949013274,-0.748257550414555,0.658225678154813,-0.0827622792414848,-0.0856250533619609,0.0278877425337444,0.995937058278852,8.33879798951678,0.990725215774316,0.617918973192857,1.49472005071653,1.59522263112211,0.0864988845838703
0.655139875042944,0.754712582896686,0.0346505605456796,-0.750412254964856,0.655354334209146,-0.0859775798208315,-0.0875967563741732,0.0303251356254345,0.995694327804484,8.34624101163203,0.998736285036176,0.618321022122878,1.48269492097297,1.60928180270128,0.0742526287024513
0.652453894546549,0.757051926889674,0.034297164367805,-0.752642590553115,0.652610642004916,-0.0873411748685971,-0.0885044991881007,0.0311725830588766,0.995587878436103,8.35361390778031,1.00671464746972,0.618881087837341,1.46717549381772,1.59308505148025,0.125498530785239
0.649789742033603,0.759353689295427,0.0339891997747364,-0.754935865298345,0.649928192559731,-0.0875510354152437,-0.088572740920346,0.0312300987745071,0.995580007079487,8.36093782662675,1.01471494679574,0.619526620084464,1.45923459977596,1.60402167430315,0.130220105248905
0.647086070794035,0.761677265727112,0.0335761799317347,-0.757278163854974,0.647205577170334,-0.0874912762968704,-0.0883708070166688,0.0311878783197289,0.995599275167041,8.36820306403374,1.02275134512308,0.620181717891625,1.44681526035878,1.61037789763111,0.132146608570612
0.644328056985763,0.764032566212363,0.0330997393932665,-0.759661074912373,0.644425788010278,-0.0873524756965127,-0.0880704618128503,0.0311390673316219,0.995627416377125,8.37540679854344,1.03081909296501,0.620848583057501,1.43474807618558,1.61672915744356,0.134541645926197
0.641510050413686,0.766422758340218,0.0325731594476289,-0.762077370299424,0.641580898016692,-0.0872469654349598,-0.0877663767951263,0.0311465375004293,0.995654034444691,8.38255137829691,1.0389198809175,0.62152647344519,1.42310582793599,1.62374486534125,0.136437966048686
0.638630967209773,0.768847039208106,0.0320112171221176,-0.764522096196062,0.638669831630599,-0.0872170315530315,-0.0875011551277416,0.0312262144018892,0.995674882371469,8.38963891196908,1.04705793259753,0.622212318906518,1.41199634515485,1.63161461953484,0.137803500444742
0.635692546220165,0.771302247116814,0.0314297673023036,-0.766988930984724,0.635694723398941,-0.0872937477122741,-0.0873096010014562,0.0313857011280238,0.995686683318436,8.39667274786327,1.05523759967845,0.62290390442406,1.40168434125073,1.64044595330003,0.138721887064026
0.63269059892071,0.773789971780676,0.0308494020851907,-0.769478513122639,0.632653023986152,-0.0874812498981892,-0.0872090814074187,0.0316106123451826,0.995688377609801,8.40365747531119,1.06346399998787,0.623598626346419,1.39240816522187,1.65029279979694,0.139014815464069
0.629621590378171,0.77631131334237,0.0302885738572851,-0.77199018316626,0.629542308670394,-0.0877931585539349,-0.087222760931929,0.0318939864331211,0.995678142576614,8.41059886498076,1.07174198286514,0.624292912026316,1.38441179748868,1.6610427576883,0.138521701013963
0.626483505186775,0.778866062554738,0.029767000678123,-0.774522585222549,0.626362009872336,-0.0882348999481899,-0.0873680874751782,0.0322224950798052,0.995654823772658,8.41750353672096,1.08007542824805,0.62498258056848,1.37764827760964,1.67240545627634,0.137203752666098
0.623276040910821,0.781453048143761,0.0292935210133254,-0.777074557384307,0.623112640884347,-0.0888018526615201,-0.0876476416825724,0.0325848172767606,0.995618461354812,8.42437693441759,1.08846693643617,0.625663484433378,1.37187157836174,1.68426221569058,0.134963101965769
0.620002646099093,0.784068456525256,0.0288682232260023,-0.77964268211387,0.619797759986058,-0.0894875686481467,-0.088056839918404,0.0329756303710428,0.995569485643879,8.43122358193027,1.09691921523743,0.626331143714072,1.36691556112515,1.69675836394942,0.131984465104222
0.616669848104025,0.786706303868817,0.0284866616581178,-0.782221293123462,0.61642353619876,-0.0902877212276099,-0.0885897681655057,0.0333948420161053,0.99550823075608,8.43804714120556,1.10543458781804,0.626981817940097,1.36259893959773,1.70930161495467,0.128072767941266
0.613282537008619,0.78936226164121,0.0281380471416558,-0.784806216649012,0.61299382170325,-0.0912018468163295,-0.0892397451214228,0.0338495856742556,0.995434816268923,8.44485018169317,1.11401249524589,0.627611157084249,1.35864636090885,1.72184276717255,0.123603069093807
0.609845908980376,0.792031922659312,0.02781008429497,-0.787395302547228,0.609513406747617,-0.0922065318807416,-0.0899811359478165,0.034334246511437,0.995351472943117,8.45163350546155,1.12265290253142,0.628217947390972,1.35460658772287,1.73422457142629,0.119160444240127
0.606367299021905,0.794709616276969,0.027483167099007,-0.789986550834478,0.605988974929164,-0.0932663485129912,-0.0907741602964475,0.034842331454906,0.995261806642484,8.45839624891474,1.13135453296781,0.628802722818855,1.35044753300537,1.74633116293521,0.114749628942785
0.602851377567897,0.797391852194753,0.0271376236599637,-0.792580313677547,0.602424574565154,-0.0943455262892492,-0.0915787253421361,0.0353675842179649,0.995169568993794,8.46513772662547,1.14011621027036,0.629365778439083,1.34605132654647,1.75827932513821,0.110544953847175
0.599303010950871,0.800075049948703,0.0267547288306172,-0.795178251753437,0.598825042004303,-0.0953945334224849,-0.0923441877086359,0.0358954526106813,0.995079930195714,8.47185670231399,1.14893745630355,0.629908790249491,1.34148452754934,1.7701762885123,0.106769550478062
0.59572288392102,0.802758488262909,0.0263259395781487,-0.797784838522215,0.595192105711511,-0.0963623823012962,-0.0930247117539533,0.036402840830729,0.994998108632648,8.4785531455849,1.15781816266123,0.630435807926367,1.3371350735016,1.78207414159622,0.10443149230387
0.592106114846973,0.805445097138191,0.0258562227882292,-0.800408476782231,0.591523562148931,-0.0971912841657576,-0.0935768083232838,0.0368520137671064,0.994929801556541,8.4852287476476,1.16675871846461,0.630954555129843,1.3331482033891,1.79416623670016,0.103277778734674
0.588449764406418,0.808136355469692,0.025347696901196,-0.803055250578036,0.587818565759656,-0.0978345453677263,-0.0939634997702801,0.0372151140858815,0.994879839977922,8.4918853458651,1.17576069030783,0.631470794203701,1.32953641608938,1.8066904653407,0.103599587663489
0.584753173647472,0.810832028529201,0.0248021656399101,-0.805728381638267,0.584078097808632,-0.0982575731576426,-0.094156789090261,0.0374726189566612,0.994851899478883,8.49852483734741,1.1848268668314,0.631992308715209,1.32630474795968,1.81989806918791,0.105294872992679
0.581019522282956,0.813528974234307,0.0242264897862262,-0.808428000772269,0.580307462991667,-0.0984246715185157,-0.0941301348848452,0.0376012829229362,0.994849567135208,8.50514926527545,1.19396099041383,0.632525167782034,1.32353228044061,1.8338715462794,0.108109981981105
0.57725450988264,0.816222401669903,0.0236267186119666,-0.811151134038442,0.576513813756868,-0.0983140900159391,-0.0938672923243461,0.0375874122510048,0.994874925742914,8.51176103741419,1.20316719760705,0.633074148355413,1.32123746849948,1.84878033493186,0.111637995938865
0.573467724913631,0.818905273867158,0.0229982806952687,-0.813889326532523,0.572705706158395,-0.0979404834072743,-0.0933752249733286,0.0374476510100327,0.994926500197382,8.51836252975027,1.21245000928627,0.633642705908291,1.31942155939523,1.86443805434977,0.116035324874298
0.569671570225261,0.821569110639637,0.0223270804155337,-0.816630196355383,0.568892474923998,-0.0973471847328788,-0.0926791480196838,0.037222955520008,0.995000013620453,8.52495597707486,1.22181266386637,0.634235170480077,1.31799307812912,1.88070988995618,0.121098603414856
0.565877360167712,0.824206493558479,0.0215978986398907,-0.819364023928646,0.5650829601786,-0.0965600559612885,-0.091790029638731,0.0369446084270365,0.995092802891818,8.5315430970777,1.23125843526854,0.634853479529506,1.3168810271597,1.89772877134221,0.126245945338614
0.562097412468721,0.826809534101119,0.0207964712261092,-0.82208145516304,0.561287545515597,-0.0955948342019414,-0.0907115206188694,0.0366372156224715,0.99520306192176,8.53812545270662,1.24079085330903,0.635497181444891,1.31609422678419,1.91529482842077,0.131243481381284
0.55834504161085,0.829369959741797,0.019906892938613,-0.824769177999615,0.557516120383861,-0.0945070290188366,-0.0894797045727017,0.0363489393245339,0.995325141388262,8.54470484982002,1.25041178964447,0.636163843176016,1.3157201140975,1.93306941698471,0.135162922349103
0.554634002171958,0.831879391662185,0.0189156380402604,-0.827413354819492,0.553779205044525,-0.0933580865624779,-0.0881377552531852,0.0361285176558201,0.995452895073857,8.55128334725385,1.2601219456888,0.636847275004314,1.31571314481712,1.95099897071227,0.138107349173415
0.550977534149736,0.834330139345217,0.0178038041571699,-0.830000243746696,0.550086074206741,-0.0922220491218946,-0.0867372598293351,0.0360351154293479,0.995579287758284,8.55786271359966,1.26992101326372,0.637538731661267,1.31607519522147,1.96843273307804,0.137562628681461
0.547391276573,0.836713613114516,0.0165263414170614,-0.832509818496793,0.546443453599589,-0.0912521458629378,-0.0853826237487365,0.0361922871204053,0.995690677828599,8.56444381446264,1.27980742175001,0.638213043062916,1.31623914411836,1.98630563382448,0.130782447773331
0.543896988612547,0.839018015646609,0.0149945056147196,-0.834915740256572,0.54285805848595,-0.0906688204879982,-0.0842126620528222,0.0367953496693789,0.995768210876751,8.57102432289072,1.28978101043847,0.638829032539578,1.31578463298545,2.00253043415337,0.113026297559342
0.540488825884043,0.841248265359849,0.0131599818971477,-0.83721616020422,0.539315511954727,-0.0905973490666958,-0.0833122451227337,0.0379491053129782,0.995800650340496,8.57760080787237,1.29982632862955,0.63932574613959,1.31464744978203,2.01459340517022,0.0833327353442876
0.537150892337236,0.843413136629463,0.0110995415293846,-0.83943417261969,0.535812499262182,-0.0908583263807465,-0.0825783791292129,0.0394872966315089,0.995801970627257,8.58416917098222,1.3099128367313,0.639638047879434,1.31241405367269,2.01785826822792,0.0382183150816015
0.533886855550405,0.845508214316267,0.00898248263117956,-0.84158575664366,0.532378326516309,-0.0911412731434695,-0.0818427741771952,0.0410995982877277,0.995797461000764,8.59072758112951,1.32000258697157,0.639701456230771,1.31136960992051,2.0180315884366,-0.0133197815315625
0.530683636498487,0.847541890220786,0.00690088934261801,-0.843675539497815,0.529007337800223,-0.0914484587436664,-0.0811570206809768,0.0427080890991228,0.995785899237225,8.5972865326427,1.33009498716791,0.63950369970201,1.31271890048162,2.01921794078051,-0.0659612461023433
0.52750776152974,0.849535713966972,0.00496308578507206,-0.845722243611433,0.525675874812542,-0.0917538081003309,-0.0805571113355406,0.0442034538774477,0.99576935405674,8.60385691508334,1.34019507156335,0.639044757708202,1.31571047083911,2.02081096395098,-0.1172084541809
0.524331944340777,0.851508135227228,0.00314766352561038,-0.847748016450817,0.522356721635387,-0.0920149768572343,-0.0799957045567292,0.0455779662137344,0.995752648125172,8.6104440029049,1.35029898582158,0.638350239156245,1.319158418536,2.01085283479492,-0.111619785669135
0.520977023376124,0.853570671124042,0.000224746537469223,-0.850095873193217,0.518879877928574,-0.0900037702581973,-0.0769411950389104,0.0466988402177271,0.995941399294308,8.61704697344029,1.36034881099021,0.637700596163523,1.32251248263502,2.00924568093182,-0.145971556905594
0.517602625588526,0.855616933547175,-0.0026804871185773,-0.852430446421091,0.515399611474071,-0.087895247349991,-0.0738231399914937,0.0477797396362231,0.996126116755349,8.62367095814897,1.37039264894402,0.636896305388413,1.32728314216234,2.00840703055457,-0.175062519216369
0.514211210920664,0.857645352789788,-0.00559279908308816,-0.854746036401683,0.511913686986587,-0.0857530776789447,-0.0706826981595698,0.0488756167621245,0.99630072280763,8.63032083459504,1.38043354185844,0.635952360844264,1.33279750482034,2.00801789568229,-0.202191518740641
0.510800619283099,0.859656779688615,-0.00854098796412505,-0.857045043977694,0.508418418357203,-0.0835733478354961,-0.0675019994761306,0.0500093292352597,0.996465025505744,8.63699963829754,1.3904733831363,0.634874142117486,1.3388028128521,2.00796611882234,-0.229117926724644
0.507366047082048,0.861653120034597,-0.0115583304581953,-0.859333498737575,0.504909391276654,-0.0813169388754725,-0.0642310844978918,0.0511899143902671,0.996621272324117,8.64370909257982,1.40051321040693,0.633660278489662,1.34498628105107,2.0079218335768,-0.256492865842409
0.503709965575715,0.863772518410918,-0.0131646123289961,-0.861453169655961,0.501100991538898,-0.0824392671512321,-0.0646119731118851,0.0528661774369399,0.996509137044812,8.65026878234837,1.41049122813574,0.632734354779341,1.3040959421329,1.99160935819419,-0.175521975265088
0.499980861729709,0.865918774362279,-0.0142763479554882,-0.863524291110454,0.497208106986168,-0.0843202052263908,-0.0659161328219881,0.0544864621182259,0.996336433580361,8.65677506629634,1.42044011038962,0.631844073010708,1.29814368617833,1.98820502796257,-0.180048573451048
0.496192948732984,0.868080345687527,-0.0151350936135134,-0.865601327373898,0.493274656135304,-0.0861072335123079,-0.0672822389357794,0.0558267592254971,0.996170905657341,8.66324898001617,1.43037569827593,0.630936970122797,1.29125078425054,1.98632418791924,-0.18242307622127
0.492339945494982,0.870260717917344,-0.015737246264437,-0.867699863831695,0.489306864487081,-0.0876112930636239,-0.0685443241739034,0.0567897456924273,0.996030421426842,8.66968709507,1.44030564211015,0.630022264491662,1.2839172136586,1.98591480995773,-0.183156249471043
0.488427518025189,0.872456119552953,-0.0160897200211343,-0.869824947532037,0.4853184116449,-0.0887164019184833,-0.069592530394032,0.0573267718703582,0.995926965665796,8.67608938553874,1.45023692403994,0.629106649411608,1.27717741024794,1.9868279447421,-0.182969783272133
0.484468670330881,0.874658377251509,-0.0162120501968691,-0.871970983717767,0.481322813120466,-0.0894145017548683,-0.0704039134004581,0.057454962131725,0.995862548901375,8.68245991440456,1.46017533363879,0.628194060956945,1.27112558138066,1.98865626342028,-0.181859220680941
0.480476252621166,0.876859611028022,-0.016118102087653,-0.874128521948515,0.477329960304797,-0.0897520813771246,-0.0710063221356127,0.0572130364795262,0.995833706335333,8.68880239427937,1.47012472226734,0.627288593824561,1.26608663311071,1.99120542394256,-0.180290541326749
0.476466925474154,0.879049953904939,-0.0158255321848001,-0.87628364021274,0.473350633228106,-0.0898118027770328,-0.0714580354104232,0.0566600084916644,0.9958330144221,8.69512242931597,1.48008836506902,0.626391368815195,1.26210518523475,1.99431409366936,-0.178573126643827
0.472455834445569,0.881220588205947,-0.0153544592970914,-0.878424384555564,0.469394382090137,-0.0896633407831646,-0.0718058849713642,0.0558496999471184,0.995853767326959,8.70142506637319,1.490068501798,0.625503408465677,1.25913021241835,1.9977521033856,-0.176515804098105
0.468456078824789,0.883363971930527,-0.0147307605787027,-0.880541134892565,0.465468880173717,-0.0893645978670489,-0.0720847554911347,0.0548344297403534,0.995890040788055,8.70771509981643,1.50006648332708,0.624626994941572,1.25702112017406,2.00145182753416,-0.173916108660538
0.464478154731157,0.885474256767286,-0.0139779962785109,-0.88262662613276,0.461580093662407,-0.0889609800761249,-0.0723206928827482,0.0536577835642321,0.995937025942872,8.71399604645358,1.51008334320097,0.623765266487567,1.25540232391717,2.00525308431518,-0.170600886169257
0.460530507438864,0.887546892699197,-0.0131211652723003,-0.884675959770367,0.45773274208597,-0.0884826707714013,-0.07252653254143,0.0523569487504773,0.995991291124103,8.72026962569805,1.52011939096319,0.622921597874142,1.2540450644226,2.00914113287888,-0.166764791038395
0.456619652352683,0.889578670841802,-0.0121770878558251,-0.886686023472875,0.453930998704033,-0.087946257415652,-0.0727075571256252,0.050955243095216,0.996050789035344,8.72653614551579,1.53017552720106,0.622098462912604,1.25244155691732,2.0133492432878,-0.16233433822577
0.452750539891286,0.891567464258472,-0.0111537125598938,-0.888656958807713,0.450180008688449,-0.0873313766059834,-0.0728406355736767,0.0494511521906988,0.996116873341796,8.73279375431058,1.54025369507652,0.621299945499887,1.25051315505416,2.01795050020847,-0.156789483037099
0.44892284513671,0.893513923202911,-0.0100572440014787,-0.890591192221435,0.446479384534534,-0.0866226732632198,-0.0729082125138495,0.047843789860411,0.996190425731862,8.73904027876235,1.55035549477105,0.620534261262779,1.24787969223024,2.02274410559393,-0.148884774057325
0.445133663652924,0.895420051429647,-0.00888554897879726,-0.892490718262439,0.442825771722187,-0.0858233867546936,-0.072913231298043,0.0461331485634615,0.996270742973666,8.7452713404956,1.56048160802081,0.619814794216178,1.2443112248218,2.0276829605745,-0.138356123350481
0.441381968624626,0.897286883824921,-0.00762927839398092,-0.894355498032418,0.439217725537426,-0.0849472348750465,-0.072871125366878,0.0443174648360433,0.996356242213733,8.75148247069104,1.57063284037691,0.619154524127014,1.23995612971361,2.03279585836293,-0.125173664336426
0.437665183057185,0.899116119660936,-0.00627621744222233,-0.896186078581334,0.435652504396461,-0.0840083803563806,-0.072799039118188,0.042392201864882,0.996445282554198,8.75766989748213,1.58081001102707,0.618566793800134,1.23480418176054,2.03803898717233,-0.109349732930903
0.433978491190012,0.900910354107453,-0.00481695406091766,-0.897984424712125,0.432125166682169,-0.083016945826393,-0.0727092989849006,0.0403531186141989,0.996536493892338,8.76382954207159,1.59101384403979,0.618065998493904,1.228851280436,2.04348924701166,-0.0901786114160298
0.43031202774634,0.902674387244436,-0.00324181888998816,-0.89975528056334,0.428626060489781,-0.081976431780093,-0.0726084972659437,0.0381922882515981,0.996628995786742,8.76995792177931,1.60124600358127,0.617669463744992,1.22237421093206,2.04943621375488,-0.0677476512274467
0.426654638478137,0.904413307867878,-0.00154532086411955,-0.901503760979066,0.425143849893569,-0.0808929900440884,-0.0725037130476047,0.0359064819935992,0.996721594099955,8.77605272694883,1.61150967521633,0.617392690770065,1.21539183484427,2.05613607379661,-0.0422862974712151
0.422994062493829,0.906132409186882,0.000283047953859516,-0.903233813287163,0.421665885461536,-0.0797907236003577,-0.0724203122728489,0.0334953438423298,0.996811597199384,8.78211196738616,1.62180943760453,0.617249775847279,1.20826614985065,2.06395939025617,-0.0143585675834297
0.419319114730395,0.907836112582709,0.00225226828621434,-0.904947911488999,0.418180348400754,-0.0787049788966516,-0.0723930764190614,0.0309643165940958,0.996895407545067,8.78813550977387,1.63215153591013,0.617252753440245,1.20108993959657,2.07308469488878,0.0161839895713181
0.415619958266891,0.909527878740383,0.00436899121625299,-0.906647741805179,0.414676946861144,-0.0776717581974995,-0.0724563494098266,0.0283207968803783,0.996969412717493,8.79412322973847,1.64254247912091,0.61741464519042,1.19398339869431,2.08347815773464,0.0490815796436309
0.411889608493733,0.911209560498073,0.00663982468059422,-0.908334453572003,0.41114898904227,-0.076713944388033,-0.0726324367547374,0.0255664949969354,0.997031034353816,8.80007516615083,1.65298914562877,0.617746674416087,1.18667893754498,2.09548353148758,0.0842784873252229
0.408128214724819,0.912879400576084,0.00908627257908016,-0.910006775548022,0.407598744190595,-0.0758349008764557,-0.0729316721474521,0.0226817930971023,0.997078987573039,8.80599050303383,1.6634999570263,0.618259147228844,1.17946802813936,2.10908140576359,0.121030231265542
0.404331929777004,0.914537351125567,0.0117099939809976,-0.911666082024595,0.404023256485672,-0.0750344128026505,-0.0733528830294286,0.0196632045949923,0.997112186735438,8.8118706177806,1.67408274707901,0.618959483913303,1.172617391803,2.12431209302661,0.159610821492762
0.400492634693137,0.916185247035093,0.0144997473010812,-0.91331731048368,0.400414755785197,-0.0742934298598364,-0.073872457163728,0.0165111012572392,0.99713100624134,8.81771775752854,1.68474505999341,0.61985582748932,1.16632312169921,2.14074626426343,0.199078165154124
0.396596822234978,0.917827449396308,0.0174279582219512,-0.914968560588847,0.396758770687862,-0.0735867584299655,-0.0744546420788582,0.013238240703556,0.997136527891735,8.82353585529235,1.69549214100981,0.620949890520696,1.16114924409827,2.15823797590374,0.238621370549318
0.392624159916329,0.919471546651623,0.0204534580956614,-0.91663187096652,0.39303275425214,-0.0728784413485499,-0.0750485321536292,0.00986554524852441,0.997131079065604,8.82933048933698,1.70632863322535,0.62223957260743,1.15678673376012,2.17638586024407,0.276994502950048
0.38855472287197,0.921124863497961,0.0235417327261447,-0.918319633871277,0.38921457580607,-0.0721184028291295,-0.0755928394784191,0.00640311064747283,0.997118209037236,8.83510482950039,1.71725586639423,0.623711124704019,1.15304053576392,2.19433406311354,0.310377974122381
0.38437128942363,0.922793711540057,0.026654789606061,-0.92004455430691,0.385283795544896,-0.0712349280951394,-0.0760048021970766,0.00285706714067547,0.997103358338712,8.84086229425788,1.7282705367811,0.62533188045344,1.15009097952476,2.21119882484048,0.336412370204579
0.380079138744297,0.924476227227975,0.0297246292108534,-0.921812520015335,0.381238967901139,-0.070132212974158,-0.0761677506190883,-0.000744744253928541,0.997094739290919,8.84660861276931,1.73936096462651,0.627044811128967,1.14882736320222,2.2237438252226,0.344077110500467
0.375738538868283,0.926151185173597,0.0326271759530454,-0.923617510565449,0.37712726290906,-0.0685982634445151,-0.0758369605536125,-0.00436001975498902,0.997110698790123,8.85235162515722,1.75049587545254,0.628724063774147,1.14836869385035,2.2288330465486,0.321488190959387
0.371424864471334,0.927790376036849,0.0353353673513307,-0.925430385709238,0.373016972304276,-0.0666103563945102,-0.0749811393518639,-0.00795968004090137,0.997153183936723,8.85809303478921,1.76164570748264,0.63022439926523,1.14824169439908,2.23086914259708,0.274695146178342
0.36712862302634,0.929395345578557,0.0379587377516505,-0.927229413603768,0.368905503543625,-0.0644542008191589,-0.073906621508465,-0.0115334761516011,0.997198470829687,8.86383519824647,1.7728070262832,0.631463211202043,1.14881773508936,2.23417179620504,0.220231867686084
0.36279764051266,0.930982937952464,0.0406034638897411,-0.929029492861496,0.36474731913061,-0.0621578199468489,-0.0726778744320373,-0.0151711050497787,0.997240073472586,8.86958073159274,1.78398923651928,0.632428460290607,1.14928279832304,2.23890792184856,0.166075294965923
0.358397747878954,0.93256148925594,0.0433603859765677,-0.930835156417186,0.360514444475459,-0.0597933683809854,-0.0713930381275845,-0.0189315630969661,0.997268584698034,8.87532877771069,1.79519578359734,0.633128956474306,1.1500851387654,2.24366111375491,0.114751897701545
0.353922736537928,0.934129770768869,0.0462630297840942,-0.932643160954677,0.356202880336604,-0.0574129111296056,-0.0701101339748644,-0.0228271637135791,0.997278040323169,8.88107963463307,1.80642781362846,0.633581404280997,1.14994050812269,2.24954734021492,0.0669088489155457
0.349650603955653,0.935622306044113,0.048532005791481,-0.934270758062452,0.352072159648283,-0.0564211399211723,-0.0698756451337545,-0.025614348191794,0.997226804384966,8.88675181313336,1.81765989298067,0.633985523015946,1.08810326401519,2.22995157745192,0.169530277404676
0.346263245189048,0.93689056620702,0.0483511321836262,-0.935284433032909,0.3487678501479,-0.0600334575842773,-0.0731081004913989,-0.0244346814078111,0.997024649638633,8.89215710311434,1.82881283190999,0.634776770909621,1.07374217220402,2.23281081164866,0.148602244152909
0.342945844941254,0.938122096494801,0.0481152731025177,-0.936272023356654,0.345518142972828,-0.0633396491642244,-0.0760450242761996,-0.0233269146011447,0.996831484925122,8.89748776921843,1.83999357634233,0.635478051877585,1.05828197430434,2.2401231503995,0.132727958539957
0.339685661280736,0.939322803855741,0.0478154962000742,-0.937249719120721,0.342308037599183,-0.0662432743991878,-0.0785914469163088,-0.0223131699134481,0.99665716619107,8.90273976509253,1.85121822079711,0.636108149056024,1.04247126968623,2.25028591553198,0.119933010690702
0.336467490123681,0.940500043079828,0.047426754650855,-0.938221395551734,0.339122757465348,-0.0688212779455233,-0.0808099066874039,-0.0213406732775804,0.99650104598301,8.90791297175104,1.86249945202932,0.636679342696488,1.0268339580663,2.26256802785092,0.108888753252454
0.333276079749447,0.941662128064012,0.0468987338506726,-0.939185194007137,0.335946161863856,-0.0712133954163225,-0.0828144071078062,-0.0203128752002338,0.996357948267831,8.91300895306063,1.87384365740857,0.637196437027699,1.01162796649627,2.27494855208325,0.0979526299248748
0.330098428500447,0.942817615494315,0.0461516133537062,-0.940134118532915,0.332761810773829,-0.0736031008916197,-0.0847517945053372,-0.019092438402075,0.996219158681456,8.91803076433457,1.88524832933014,0.63765581017601,0.997273688628057,2.28678522933264,0.0854664487117919
0.326923538364728,0.943972661712315,0.0451288599773313,-0.941055616007967,0.329556362293992,-0.0762032259908887,-0.0868062649982884,-0.0175561388499564,0.996070506714122,8.92298360675101,1.89670880435156,0.638047148358841,0.984094915054555,2.29691734645867,0.070641532602393
0.323756849285163,0.94509542541034,0.044453789595412,-0.94206262616277,0.326362926762099,-0.0774935379407961,-0.0877468570847342,-0.0167891900854687,0.996001311328467,8.9279075273525,1.90811955011053,0.638547172594175,0.981199196616224,2.27772548776478,0.109444601907489
0.320579950127319,0.946203609035278,0.0439001802385974,-0.94311737790599,0.32315760402033,-0.0780946506207046,-0.0880801173256255,-0.0163674436750305,0.995978915298637,8.93278455302945,1.91951457204441,0.63908963658863,0.969569488713135,2.28038779476746,0.107476804925977
0.317383763393437,0.947309236026983,0.043275374893711,-0.944174143655315,0.319925460283835,-0.0786313316364985,-0.0883330809321818,-0.0159031820762029,0.995964033292809,8.93760344180065,1.93092648717632,0.63961826302332,0.957979802011176,2.28479013323582,0.103372205407215
0.314165153364758,0.948414163921699,0.0425538492266375,-0.945216230076005,0.316664317696392,-0.0793094464662494,-0.088693487992089,-0.0153063245288818,0.995941354506988,8.9423642938988,1.94236475353239,0.640122688955713,0.94630971821295,2.29073885077215,0.0984044787364806
0.310925152610383,0.949517195277827,0.0417450038440498,-0.946239020901574,0.313376269877837,-0.0801687520215008,-0.0892035021590633,-0.0145742701080571,0.995906785725138,8.94706702249623,1.95383583425995,0.640602262708988,0.934824649935267,2.2978902366599,0.0934417607184888
0.307658651956161,0.950618360528644,0.0408764785952881,-0.947244388765701,0.310057943987855,-0.0811919905034849,-0.0898566738111987,-0.0137405966339484,0.99585991694401,8.95171354427578,1.96534627158345,0.641056848251267,0.923895601833828,2.30659237201498,0.0883661073948579
0.304353353536724,0.951719268060114,0.0399933868792215,-0.948238473861283,0.306700072790607,-0.0823338450423735,-0.0906246814073027,-0.0128646862906775,0.995802021973478,8.95630717535914,1.97690418312911,0.641485765042653,0.913687736676207,2.31682615322047,0.0832026476055678
0.301001702714236,0.952820337282733,0.0391328483955605,-0.949224785032523,0.303297815793247,-0.0835628052126394,-0.0914892476911401,-0.0119933229534038,0.995733838815095,8.96085149971721,1.98851652298343,0.641888996088123,0.904148947824698,2.32829782699876,0.0781323807590838
0.297603163018549,0.953920465114877,0.0383158400191404,-0.950204549934536,0.299852135623602,-0.0848528729370467,-0.0924319784763926,-0.0111554021434748,0.995656510227276,8.96534969677684,2.00018903365444,0.642267147794457,0.895233812016117,2.34088401057567,0.0731545176280076
0.294160894170337,0.955017953986017,0.0375509774209802,-0.951178845403934,0.296366641355494,-0.0861720253197226,-0.0934246883695445,-0.0103692553265586,0.995572351035838,8.96980434948129,2.01192681950209,0.64262140728638,0.886646146995481,2.35433935861944,0.068716795936134
0.290685004963353,0.956109700558165,0.0368302645664222,-0.952147657370872,0.292850403481593,-0.0874841685325303,-0.0944302200178281,-0.00963751416317496,0.995484832565589,8.9742167096079,2.0237341590308,0.642956075670225,0.878338271460692,2.36876378638525,0.0654450835169888
0.287186460083095,0.957192741899182,0.0361385113205801,-0.953109889354297,0.289312858427092,-0.0887671603904621,-0.0954226176542077,-0.00895124596202192,0.995396603990463,8.97858794214515,2.03561541727715,0.643278358346685,0.870137551570561,2.38376401722754,0.0638591547814818
0.283676259325161,0.958264626346679,0.0354497642861513,-0.954065825760568,0.28576236211202,-0.089990402354726,-0.0963648276659637,-0.00829326792152952,0.995311529972446,8.98291835104832,2.04757232732061,0.643596314472658,0.862030019688878,2.39897326134935,0.0635584871806312
0.280161573980793,0.959324039167403,0.0347401833636958,-0.955016696820539,0.282203668036636,-0.091127375363577,-0.0972244889860111,-0.00764706624833839,0.995233098886488,8.98720834365533,2.0596057355495,0.643914161667026,0.85394270123322,2.41438122832629,0.063598634368957
0.276640294136607,0.960372095910123,0.0339938973524565,-0.955966624888611,0.27863303611046,-0.0921490275963156,-0.0979691775972956,-0.00700489722019062,0.995164796230174,8.99145816356075,2.07171659252391,0.644232731102581,0.846010935655889,2.42992848475751,0.0639363134486319
0.273104915415917,0.961411112350669,0.0332020816262252,-0.956921493942901,0.275042059719015,-0.0930221469092626,-0.0985644946507173,-0.00636697998832038,0.99511029637929,8.99566875055599,2.08390575681787,0.644553530341411,0.838223065586208,2.44575557842398,0.0644178189168827
0.269550631426542,0.962442591219775,0.032352986009275,-0.957885374979091,0.271424867009733,-0.0937237961774623,-0.0989851781769261,-0.00572714369586015,0.995072426673742,8.99984074205098,2.09617538935256,0.64487686969796,0.830535182494857,2.46213537867413,0.0650637766053244
0.265974122481548,0.963467442025172,0.0314365126507648,-0.958862428784026,0.267777258646938,-0.094224107413814,-0.0991998429261341,-0.00508211658681573,0.995054552903723,9.00397475882659,2.10852853146881,0.645205138333511,0.823137812439579,2.47923151697927,0.0666000540062126
0.26236770994649,0.964487144780554,0.0304586987655317,-0.959858280131064,0.264092365104986,-0.0944844154191084,-0.0991729138488451,-0.00444637451296909,0.99506028104453,9.00807292791439,2.12096914221138,0.645543709232554,0.816187109988319,2.49709405041654,0.0690866609106243
0.258729566418165,0.96550171582163,0.0294185010929651,-0.96087388818645,0.260368691600472,-0.0944961133365403,-0.0988958162033272,-0.00381853109804986,0.995090466418874,9.01213755057713,2.13350061261503,0.645896226756699,0.809751135931522,2.51551237192667,0.0720795213576789
0.255061709213971,0.966510218975273,0.0283111481437556,-0.96190775304379,0.256608306162204,-0.0942637355657651,-0.0983717394737712,-0.00318964338675197,0.9951446261966,9.01617121649586,2.14612541828454,0.646263934050108,0.803754024951674,2.53446184444445,0.0750213516624236
0.251371466040044,0.967510613731072,0.0271219169419123,-0.962955999866369,0.252817664719997,-0.0938028289919302,-0.0976121323516771,-0.00253785800468679,0.995221297448214,9.02017564998564,2.15884596189873,0.64664516214744,0.798023773933696,2.55369282226679,0.0773762864149599
0.247668463682702,0.968500496473053,0.0258286745401257,-0.964015526679247,0.249004844917055,-0.0931163333103658,-0.0966146801391167,-0.0018372640754814,0.995320163586739,9.02415214859208,2.17166223045109,0.6470352746556,0.792629597985881,2.57259285024153,0.0783382629312491
0.243959529393827,0.969478224067185,0.0244073980071682,-0.96508434585014,0.245175134137474,-0.0922028144672366,-0.0953727079040469,-0.00106144251343861,0.995441068033081,9.02810228064918,2.18457141252118,0.647425973531573,0.78735949935165,2.59085827210082,0.077709641051182
0.240267749973384,0.970438383569087,0.0228199916421125,-0.966156613403185,0.241348949113384,-0.0910608760069578,-0.0938765503201772,-0.000168694054035301,0.995583831147483,9.03202590604283,2.1975702519173,0.64780977705537,0.782034277007962,2.6084578259774,0.0755341752177995
0.236616301442916,0.97137567263427,0.0210244739718847,-0.967222751623809,0.237546835310333,-0.0897309855920095,-0.0921567937416599,0.000896464369079436,0.995744104536348,9.03592246541166,2.21065492414895,0.648177126542736,0.776441279057007,2.62508365979488,0.0707545492515546
0.233035377800932,0.972283496304502,0.0189556194061377,-0.968264294636901,0.233794390058573,-0.0883427354593691,-0.0903259011827795,0.00223293328005238,0.995909757751417,9.03978994172485,2.22381917711605,0.648510190079695,0.770371413316765,2.64013645435488,0.0612791134026136
0.229560937886896,0.973153893098758,0.0165310660037667,-0.969260907970385,0.230121312035587,-0.0870486876836529,-0.0885159199066183,0.0039600623419536,0.996066890238469,9.04362504727639,2.23705049531111,0.648770689696961,0.763468051145865,2.65148116008101,0.0401465629691578
0.226221413104132,0.973979380516652,0.0137127160536858,-0.970200790806702,0.226553586903355,-0.0859296094444498,-0.0868003327828928,0.00613502971661592,0.996206837779763,9.04742638539251,2.25032440753981,0.648894643250538,0.757356098991238,2.65661309747863,0.00731928397630376
0.223034485480626,0.974752787104832,0.0106123662655995,-0.971087935184354,0.223120100599968,-0.0848860580286769,-0.0851107538785796,0.00862697743262346,0.996334148182525,9.05120271677391,2.26360474989707,0.648823706145704,0.753696840193878,2.65391076246583,-0.0381722341467227
0.220018056267214,0.975467943809256,0.00737194119209641,-0.971913413011775,0.219850869768415,-0.0839637580737984,-0.0835246821257099,0.0113086543237552,0.996441539586335,9.05496665044687,2.2768646888277,0.648508748130743,0.752452036936174,2.65063891125979,-0.088379417075723
0.217119697106528,0.976136421361779,0.00408950111743021,-0.972681814874055,0.216700086209303,-0.0832535864104116,-0.082153053148893,0.0140982100956292,0.996520002975562,9.05873134463705,2.29011559532472,0.647938416921078,0.754196687118574,2.65054401909966,-0.140087026300409
0.214271573709456,0.976773726602454,0.000883017116708022,-0.973399522553633,0.213606292175471,-0.0828596490181248,-0.0811237461686325,0.0168949389523165,0.996560835496441,9.06251117964884,2.30337266361238,0.647108896173041,0.758117932282093,2.65257976911751,-0.191523550028928
0.21144134794398,0.977388272323183,-0.00217290237613435,-0.97406948066607,0.210539224002955,-0.0828364774188733,-0.0805059203696655,0.0196316143334369,0.996560784149214,9.06631294571456,2.31664186691734,0.646025758758059,0.762611337119988,2.65510560250508,-0.241285911522338
0.208616436928405,0.977984442736649,-0.00506083079967657,-0.974698471271345,0.207485252923257,-0.0831430088502576,-0.0802625214193947,0.0222777823056553,0.996524775442609,9.0701366663981,2.32992337489069,0.644697754082633,0.766778835707316,2.65740375788238,-0.289714163222687
0.205787603754585,0.978565564377959,-0.00780373978248045,-0.975294921252391,0.20443224786157,-0.0837094535495194,-0.0803198525909967,0.0248373156341897,0.996459647467898,9.07397863885098,2.34321525154873,0.643129848848966,0.769719972957129,2.65926374650709,-0.33730866390378
0.202944854170572,0.979134636779056,-0.0104282896599083,-0.97587464527336,0.201370555294201,-0.0843716550335405,-0.080511259326129,0.0272994966995825,0.99637978432005,9.07783232681589,2.356515429637,0.641324929759209,0.771478382308435,2.66065683921012,-0.384587603911334
0.200080905479652,0.979693625292648,-0.0129627089526181,-0.976450890463804,0.198294128017523,-0.08498880694665,-0.0806925633183562,0.0296620861491282,0.996297581483763,9.081692326616,2.36982125564121,0.639283958395634,0.772367938324234,2.66156494587989,-0.431779863127926
0.197154561914807,0.980245494777047,-0.0157749385255373,-0.977097672549734,0.195156485458655,-0.0848179490515976,-0.0800638308730874,0.0321359013056978,0.996271582869449,9.08555762061855,2.38311781783081,0.637079491312448,0.774570357571988,2.65145155977863,-0.420634781496744
0.19370108858798,0.980895822752631,-0.0179797993946213,-0.977694038383978,0.191487006701014,-0.0862965443868675,-0.0812050219399046,0.0342944772685782,0.996107239829434,9.08926958000371,2.39624716129985,0.635374662345541,0.722708940760302,2.60811380469563,-0.30133711464823
0.190007531738242,0.981595770975978,-0.0191541192649717,-0.978141946409889,0.187588325293251,-0.0897159567030702,-0.0844717145334144,0.0357821549902919,0.99578319268204,9.09285815680711,2.40925097766015,0.633834530323542,0.711478942728558,2.59308321585686,-0.311112964704395
0.186215506301606,0.982303482409842,-0.0200911338240242,-0.978613316772731,0.183619224699938,-0.0927359507185264,-0.0874057289192859,0.0369303231246643,0.995488015892706,9.09637969811553,2.42217559993535,0.632279921923499,0.696703574163391,2.57641355228089,-0.309085914953023
0.182302038471148,0.983022837258489,-0.0207862502037876,-0.979120543310769,0.179563455190756,-0.0952886521406508,-0.089938470278788,0.0377235601213349,0.995232638419623,9.09982330585884,2.43501497186855,0.630750638289174,0.680317662109638,2.55916429539187,-0.301389545963075
0.178267923028291,0.983752575571678,-0.0212465920860198,-0.979671241803718,0.175426625627525,-0.097312676480003,-0.0920043781672415,0.0381624039734223,0.995027047532392,9.10318190624158,2.44776784724151,0.629270627980361,0.662974410359207,2.54197900668201,-0.289985145209517
0.174122905198725,0.984489201385954,-0.021499447425526,-0.980268642238737,0.171219271113192,-0.0987793006803104,-0.0935660351226868,0.0382749729446574,0.994877089653544,9.10645302946239,2.46043599245058,0.627852855972309,0.645438947749739,2.52534644058646,-0.276857512997896
0.169882549598485,0.985228034051697,-0.0215786992320504,-0.980909930681647,0.166954114006659,-0.0997097372696311,-0.0946341758142667,0.0381057047550708,0.994782553140672,9.10963746224292,2.47302314762669,0.626501916468594,0.628552837737901,2.50969894648268,-0.263651245570256
0.165566303001923,0.985963534340283,-0.0215338863536638,-0.981588039986021,0.16264403648482,-0.100159059262387,-0.0952508218687761,0.0377203704533986,0.99473838499687,9.11274012347308,2.48553485119388,0.625216097462252,0.612719321913631,2.49512132979243,-0.250662970219117
0.161194582667305,0.986690392824247,-0.0214096993684303,-0.982294242881635,0.158302378782113,-0.100191702618133,-0.0954689840749832,0.0371809841216923,0.994737778260901,9.11576648869155,2.49797642604835,0.623994675330242,0.598107123791079,2.48171034024967,-0.238045755684807
0.156787313823554,0.987403889481905,-0.0212437581420784,-0.983018636896134,0.153942077010337,-0.099880911292446,-0.0953524920432616,0.0365430699551684,0.994772590243313,9.11872260228394,2.51035349649316,0.62283503553254,0.584475729669147,2.46914757082248,-0.225871642336194
0.152360176976622,0.988100436434715,-0.0210690291465397,-0.983752087413353,0.149572393186654,-0.0992971787428448,-0.0949642405409735,0.0358556371292203,0.994834743213431,9.12161247306941,2.52266935025951,0.621735289761494,0.57162789254929,2.4572706059319,-0.214140767901454
0.147927989835147,0.988777200576234,-0.0209035270698383,-0.98448278515357,0.145202323717692,-0.0985389817445472,-0.0943978578125698,0.0351558360391206,0.994913620186591,9.12444005665912,2.53492785058645,0.620692973857689,0.559545501035972,2.44623422435366,-0.202877594884357
0.143504081534447,0.989432089232094,-0.020753779915205,-0.985200033118654,0.140841040204222,-0.0976969607367386,-0.0937415240219501,0.0344665372790298,0.994999791196981,9.12720876720914,2.54713320941433,0.619705799911088,0.548005253344093,2.43596246253683,-0.192121104751705
0.139103628710836,0.9900632954673,-0.0206119248957718,-0.985893974068483,0.136501486821259,-0.0968525476744914,-0.0930765941304897,0.0337937133801045,0.995085289088856,9.1299206376954,2.55928903914207,0.618771461442987,0.536771347095968,2.42645735155811,-0.18161001139062
0.134734494338551,0.990670403271598,-0.0204638245942484,-0.986558611876257,0.132190996386422,-0.0960606360959494,-0.0924592957367097,0.0331314436156082,0.995165104932753,9.1325762473033,2.57139901259187,0.617891455636993,0.525328535947057,2.41751503035107,-0.169895536430371
0.130397605740483,0.991253989005742,-0.0202976278750676,-0.987193020853202,0.127911257192743,-0.0953344106925827,-0.0919043197890039,0.0324690554771349,0.995238341524553,9.13517340779287,2.58346529886074,0.617074670075401,0.513396590238917,2.40898374949687,-0.156420243252037
0.126091731354101,0.991814912482385,-0.0201011109564697,-0.987797246349446,0.123662078021307,-0.0946799374941864,-0.0914192287682203,0.0317941792945054,0.99530480495897,9.13770919628999,2.59548998539529,0.616329763175035,0.500650599521388,2.40087309579469,-0.141003709219119
0.121809721383281,0.992354796058708,-0.0198582606440497,-0.988375979170632,0.119439076314131,-0.0940597195813491,-0.0909687615339584,0.0310848160442819,0.995368483847299,9.14017892713136,2.60747538395365,0.615666791955536,0.487033441233355,2.39331614552309,-0.12378486684508
0.117544330614141,0.99287512080351,-0.0195531283913768,-0.988933522872991,0.115237563729316,-0.0934387031360555,-0.0905197087848255,0.0303199339568532,0.995433013279328,9.14257852655533,2.61942475409976,0.615093914560592,0.472563595490771,2.38650060367343,-0.104933208032063
0.113285633415807,0.993377624140745,-0.0191640579749938,-0.98947401782949,0.111050481859556,-0.0927844734808968,-0.0900418419510957,0.0294734852918699,0.995501773159046,9.14490365925003,2.63134209123415,0.614619134957725,0.457282275183714,2.3805021573528,-0.0846250267777938
0.10902586992898,0.99386357635805,-0.0186695279805002,-0.989999124238547,0.106872100040702,-0.0920873945760286,-0.0895270556487821,0.028522724653787,0.995575893885134,9.14715029743077,2.64323145685284,0.614248578700603,0.440794986886938,2.37525791914933,-0.0647814063430937
0.104757222197299,0.994334089563265,-0.0180455736926761,-0.990508843120022,0.102696272294782,-0.0913548430998127,-0.0889840215911886,0.0274443799191762,0.995654884943729,9.1493144902223,2.65509703642794,0.613987678690155,0.424401035010804,2.37103588843778,-0.0408301589968344
0.100473496863645,0.994789685781374,-0.0172788162495705,-0.991002622150756,0.0985173663276837,-0.0905987385242412,-0.0884244271585511,0.026226124281951,0.995737571394607,9.15139380152878,2.66694360459706,0.613840714111854,0.407192128919884,2.36765280064299,-0.0176837027835129
0.096172974745059,0.995230222193231,-0.0163573763757825,-0.991477247617469,0.0943334607252268,-0.0898558047345298,-0.087884164589385,0.0248596665467347,0.995820450981808,9.15338606741047,2.67877518421948,0.613810514690855,0.389729244741746,2.36505081541951,0.00613678121842531
0.0918491830685184,0.995655529844507,-0.0152903060695293,-0.991932738008241,0.0901369306824889,-0.0891334785286314,-0.0873680195330053,0.0233537923514423,0.995902319279198,9.15529087444581,2.69059603238676,0.613903075063657,0.372129672623821,2.36341460021052,0.0314201302129176
0.0875033199986155,0.996064876043497,-0.0140688201948028,-0.992364986223333,0.0859286174326251,-0.088476024006968,-0.0869189456170744,0.0217033503996809,0.995978946300696,9.15710710596197,2.70241110052789,0.614125191363342,0.35438960137028,2.36270760845204,0.0580986498281169
0.0831332032268395,0.996457463499537,-0.0127040921483928,-0.992774966098225,0.0817056331727215,-0.0878752308475675,-0.0865259337419343,0.0199176540765856,0.996050475551401,9.15883452915706,2.71422524848905,0.61448534567944,0.336517252400837,2.36312043004421,0.0865777864600587
0.07873975805093,0.996832455226326,-0.0111851110649799,-0.993158420791715,0.0774691097028454,-0.0873778476065631,-0.0862345737659106,0.0179886978212271,0.996112445980929,9.16047222760593,2.72604457727691,0.614990798218333,0.318656703592987,2.36483063645734,0.116194480153731
0.074317116121332,0.997189290664816,-0.00951235169707593,-0.99351248369562,0.0732129804827282,-0.0870218606431524,-0.0860808398679348,0.0159178538828597,0.996160986455199,9.16202147289738,2.73787602226236,0.61564460128037,0.301274827855915,2.36805933047038,0.145523456255304
0.0698629495911784,0.997526956147291,-0.00769025577864671,-0.993833526485241,0.0689347212895743,-0.0868500191976836,-0.0861051096528526,0.0137104325332666,0.996191715550486,9.16348595745857,2.7497278012626,0.616442821118991,0.284702290273444,2.37287409649242,0.173446563264904
0.0653795392439516,0.997844053744065,-0.00572365755966051,-0.994119004158214,0.0646370817103467,-0.0868875896745433,-0.0863303041795315,0.0113706673322915,0.996201679633541,9.16486992061741,2.76160690802545,0.617372546372323,0.269275941145473,2.37899796616301,0.197786947191885
0.0608647741690385,0.998139381344564,-0.00364069697214628,-0.994372208666441,0.0603173771753648,-0.0870960655971863,-0.0867144157402709,0.00892129025286282,0.996193264724796,9.16618007888651,2.77351920722362,0.618411899308014,0.25515532031245,2.38607931802613,0.217088626408955
0.0563182980826521,0.998411785863152,-0.00146804312819573,-0.99459750089525,0.0559745984947446,-0.0874222828361058,-0.0872012644059562,0.00638358621033965,0.996170261206938,9.16742283995169,2.78546765221683,0.619533033839098,0.242305988597323,2.39314143824693,0.230086556058156
0.0517374604891279,0.99866044155201,0.000746767220210406,-0.994801673163145,0.0516031949920228,-0.087788047810749,-0.0877089861641497,0.00379904537489759,0.996138896439797,9.16860471377314,2.79744940317772,0.62070123422891,0.230832483991598,2.39928504349165,0.235772325890098
0.0471371209163564,0.998884101494287,0.00294000232456672,-0.994993700330559,0.0472127851673799,-0.0880822866372183,-0.0881228014433214,0.00122666160390664,0.996108863110399,9.16973467687155,2.8094551250365,0.621866897946967,0.22210627347318,2.40180925727173,0.226072120632831
0.0425746946721306,0.999080698877355,0.00501522724419227,-0.995185834622689,0.0428511760439032,-0.0881415411596397,-0.0882754209274411,-0.00123848390803123,0.996095334904091,9.17083019614152,2.82146046680124,0.622933457911679,0.217006637389723,2.39916062635703,0.196237264627689
0.0381096692761862,0.999249695024923,0.00690652591814266,-0.995380424882916,0.0385697896633464,-0.0879214483799681,-0.0881218637317998,-0.00352396338282186,0.996103467926154,9.17190818956399,2.83344535650824,0.623809729974402,0.214957133220317,2.39497986322482,0.151724299220099
0.0337341820216795,0.999393415438686,0.00864905434869438,-0.995558254456663,0.0343632971258892,-0.0876523005621689,-0.0878963420543263,-0.00565375878830382,0.99611358190973,9.17298224931682,2.84541670670653,0.624445185028625,0.2151277244052,2.39463968536207,0.101705489822104
0.0293802665936028,0.999515037673453,0.0103193701127915,-0.995710635889591,0.0301714529782301,-0.0874643527474425,-0.0877332862215672,-0.00770538057583091,0.996114199075059,9.17406004127107,2.8573963337303,0.624826941119061,0.215998300098895,2.3979503752381,0.0511136372907472
0.0250073892748981,0.999615325841343,0.0119929489600632,-0.995836504972148,0.0259612294574449,-0.0873823204653871,-0.0876600584446042,-0.00975781267307691,0.996102654973535,9.1751417373571,2.86939826296506,0.624958776258488,0.216588000398492,2.40308353302082,0.00199575739449052
0.0205962806695337,0.999693478926712,0.0137383191836006,-0.995939869646318,0.0217195152978352,-0.0873615401884794,-0.0876331516690915,-0.0118832170154301,0.996081934321623,9.17622424042705,2.8814285861329,0.624850206797374,0.216026714762464,2.40935429754584,-0.0448086143643007
0.0161235977266682,0.999747936233662,0.0156234948997844,-0.996033863191025,0.0174272164745703,-0.0872515644714216,-0.0875018455411699,-0.0141547208550179,0.996063788572,9.17730002701192,2.89349340460071,0.624513082559474,0.213910039700289,2.41687294493174,-0.0896689713471731
0.0115656761601706,0.9997765656201,0.0176933312815075,-0.996131652487867,0.013061356275646,-0.0868972490015181,-0.0871089320721432,-0.016619861886302,0.996060145846691,9.17836239051041,2.90559740988434,0.623954768791145,0.2108683468199,2.42460922520958,-0.133377986688474
0.00691768582900727,0.999777028644045,0.0199509052039231,-0.996239474716757,0.00861362351239399,-0.0862131921811706,-0.0863658186949668,-0.019279483542655,0.996076928191531,9.17940851788561,2.91773922971184,0.623179227231807,0.20749471913615,2.43207206194881,-0.176784530122889
0.00240299988084812,0.999757984464971,0.0218677408552192,-0.996274533687393,0.00427859859034983,-0.0861321491666736,-0.0862048671337071,-0.0215792977791455,0.99604370124499,9.18039730710875,2.92989358742722,0.62230097488908,0.150129992703323,2.39792361026742,-0.070388790526239
-0.000936697102777965,0.99977937689832,0.0209838063121122,-0.995811215250883,0.000985948307783176,-0.0914278485281966,-0.0914283663809987,-0.0209815498650832,0.995590592756963,9.18111673341962,2.94187371785532,0.621883851835536,0.136705590803667,2.39487690086831,-0.0948560322587968
-0.00418056180991895,0.999793536332225,0.0198848588442955,-0.995328347462821,-0.00224217269766792,-0.096521776809819,-0.096457263282161,-0.0201954789469808,0.995132221863114,9.18176236799883,2.95384538147033,0.621356456879727,0.12127778268693,2.39408090011433,-0.115325188794822
-0.00732444096778306,0.999791191915596,0.0190768218658655,-0.994977189923816,-0.00538191123690612,-0.099957123621799,-0.0998335820043286,-0.0197131326640534,0.994808850133911,9.18235792502391,2.96575192769414,0.620912843591471,0.118838461459523,2.3640416540398,-0.0502349838299624
-0.0104054852214839,0.99976931262948,0.0187895556541972,-0.994847336331963,-0.00845549045606417,-0.101031094591448,-0.100848913085388,-0.0197440169551209,0.994705821096857,9.18292090495393,2.97755043868263,0.620665888030262,0.106462943604284,2.35526945487721,-0.0477198677256891
-0.0135096482243056,0.999739371582502,0.0184032147376321,-0.994767803432925,-0.0115739798492329,-0.101503991269718,-0.101264538008569,-0.0196782087160756,0.994664899070857,9.1834230421679,2.98930305811716,0.620440558197244,0.0943991228458345,2.34529072189934,-0.041602495613776
-0.01666132813638,0.999700493832223,0.0179254784131845,-0.994718901109035,-0.014757060646369,-0.101570354619419,-0.101275406299688,-0.0195231091962592,0.994666848892706,9.18386449430115,3.00100165557476,0.620253767605797,0.0820293174250507,2.33369040842097,-0.0325354080665325
-0.0198796545799338,0.999651320464653,0.0173792067441908,-0.994680270989572,-0.01801753967663,-0.101422516080571,-0.101074021577729,-0.0193029986602051,0.994691628800016,9.18424313669297,3.01264031206085,0.620118055038904,0.0693989843708778,2.32179875692804,-0.02134625331828
-0.0231744012256425,0.999590600006279,0.016780330953869,-0.994639054411862,-0.0213611205273613,-0.101177339204451,-0.100777470530421,-0.0190350967663412,0.994726880366961,9.18455834618893,3.02422113425207,0.620042399755781,0.0566248911673285,2.31061591157046,-0.00861929955163354
-0.0265474368021393,0.999517076816854,0.0161507507790619,-0.994588177545571,-0.0247861905406864,-0.100895995188412,-0.100446954587064,-0.0187418758391932,0.994765877683896,9.18480908850375,3.03574841354985,0.620033184766181,0.0435807019539158,2.30046627355246,0.00512743977146146
-0.0300032965456332,0.999429499224718,0.0155073619879236,-0.994522415779579,-0.0282947278381803,-0.100620936631071,-0.100124755721777,-0.0184413789070396,0.994803975080348,9.18499419830353,3.04722826525569,0.620093563718076,0.0304742635616653,2.29173683354276,0.0189123096454263
-0.0335410529116344,0.999326795740431,0.0148644907326809,-0.994437676741793,-0.0318837803563713,-0.10038491732612,-0.099843401614549,-0.0181488254537225,0.994837632625891,9.18511418753888,3.05866874754932,0.620221367697356,0.0175672557699585,2.28480954550362,0.0320337909656412
-0.0371595199119001,0.999207892335678,0.0142393108684932,-0.994330022984498,-0.0355499247736948,-0.100219799641752,-0.0996342083401346,-0.0178826939435065,0.994863424689921,9.18517053247963,3.07007989044504,0.620412161227341,0.00508861695732606,2.28011296680397,0.0439329961718672
-0.0408626756051374,0.999071372273677,0.0136614364391861,-0.994196723199111,-0.0392939137692214,-0.100144215613521,-0.0995144076128668,-0.017674315938378,0.994879139008137,9.18516588750172,3.08147330927229,0.62065855240319,-0.00680986374086378,2.27765599283784,0.054261392898892
-0.0446521114411177,0.998915994975024,0.0131538559711017,-0.994035351786738,-0.0431148396573336,-0.100173998620098,-0.0994982831111518,-0.0175483783974732,0.994882981095542,9.18510330784275,3.09285940459695,0.620952432969213,-0.0180656733471234,2.27709804995252,0.0628898739283089
-0.0485292566514658,0.998740627295625,0.0127306966815269,-0.993844776999816,-0.0470127216577798,-0.100311331525975,-0.0995864974735131,-0.0175203707571787,0.994874648450492,9.18498604055901,3.10424676398053,0.621284933870182,-0.0286948573749205,2.27808611040883,0.0696844425200875
-0.0524947500127552,0.998544239684525,0.0123976858304792,-0.99362398941007,-0.0509875993606666,-0.100556612812152,-0.0997780982476373,-0.0175973323060368,0.994854092319972,9.18481727355549,3.11564179829815,0.621646291329994,-0.0386186882724451,2.2799648666609,0.074316112598112
-0.0565462617384807,0.998326056576197,0.0121492816422418,-0.993373330245045,-0.0550378490606988,-0.100897284049874,-0.100059717375537,-0.0177741365976247,0.99482266411001,9.18460026389723,3.12704752483756,0.622025872161158,-0.0481354657776293,2.28235781681339,0.0772305084163682
-0.0606735912112917,0.998085810807865,0.0119762094809839,-0.993094621351295,-0.0591545344860355,-0.101310483627649,-0.100408109098084,-0.0180403800887838,0.994782768404037,9.18433573512272,3.13846617523921,0.622417092938557,-0.0577179361286328,2.28506023996825,0.0790500146269091
-0.0648603794278077,0.997823854869909,0.0118611058942844,-0.992790059185394,-0.0633233827541478,-0.101774493755722,-0.100801932338337,-0.01837672030386,0.994736782564982,9.18402276484339,3.14989897571054,0.622815220542786,-0.0675157496814169,2.28806221132745,0.0800572394065958
-0.0690932015969867,0.997540587366775,0.011785841040338,-0.992462126580659,-0.0675331950229515,-0.102265316080229,-0.101217867968434,-0.0187628389627462,0.994687337346758,9.18365988750391,3.16134776109747,0.623217013414961,-0.0777819010797658,2.29146511169234,0.0806211959304877
-0.0733585488830059,0.997236681730877,0.0117270591441266,-0.992114690206637,-0.0717735034816547,-0.102747290349469,-0.101621674764633,-0.019171979771508,0.994638361621787,9.18324438723777,3.17281461310129,0.623621134260336,-0.0884964815638173,2.29528498173018,0.081035030178821
-0.0776476094620936,0.996912622932524,0.0116649467473143,-0.991751250826913,-0.0760381963190264,-0.103187446832468,-0.101981886764642,-0.0195809841005163,0.994593524930451,9.18277445987778,3.18430180298148,0.624027206071227,-0.0995643715339604,2.29965463234949,0.0814179917666645
-0.0819549415796202,0.996568747120053,0.0115810109338625,-0.991374986544031,-0.080324421743803,-0.103554929029705,-0.102269367874768,-0.0199679627176354,0.994556311557774,9.182248350734,3.19581248322509,0.624434889968178,-0.110951671752465,2.30469057370599,0.0816061258263151
-0.0862784913709714,0.996205180644257,0.0114568749794038,-0.990988563043816,-0.0846326900467018,-0.103821845927586,-0.102458234628075,-0.0203112243107936,0.994529921281354,9.18166478826449,3.20735008364688,0.624843558342614,-0.122496629343539,2.31043423712163,0.0820366526538252
-0.0906217770736081,0.995821516700863,0.011278315282635,-0.990594651560622,-0.0889687564932501,-0.103955743792898,-0.102517948767575,-0.0205928930371137,0.994517975170309,9.18102296029196,3.21891832087494,0.62525696926478,-0.13434749128699,2.31697121714574,0.0838060978170853
-0.0949849105552115,0.995417528925924,0.0110367510538809,-0.990197823938352,-0.0933347476289834,-0.103908105327672,-0.102401837066388,-0.0207982689674126,0.994525663707774,9.18032070746454,3.23052155948464,0.625683734326423,-0.14668067954242,2.32448675690117,0.0873858320109449
-0.0993682146409277,0.994992880860054,0.0107296298577852,-0.989802320028837,-0.0977323047537188,-0.103632832022769,-0.102065298630866,-0.0209180220225722,0.994557746523577,9.17955594499745,3.24216496155767,0.626132262943681,-0.159243398256357,2.33301040848948,0.0923538282174294
-0.103768274547061,0.994547531932835,0.0103610773490404,-0.989409130778018,-0.102157876387246,-0.103118088738758,-0.101497374993701,-0.0209517306768495,0.994615155651186,9.1787281098118,3.25385319839913,0.626608944277325,-0.17194808381105,2.34236927542508,0.0987921102016456
-0.108170225619638,0.994082882840038,0.00992090388198935,-0.989017731029049,-0.106597353486644,-0.102376422772996,-0.100713107387015,-0.0208860305966089,0.994696257018377,9.17783617315684,3.26559033932357,0.627121265774694,-0.184904325199654,2.35262934824345,0.106409097649035
-0.112557318870722,0.993600797618861,0.00939707080941712,-0.988627543248461,-0.111034708539279,-0.101424229009195,-0.0997317938229677,-0.020706242313851,0.99479888461442,9.17687885414579,3.27738133057183,0.627672067425672,-0.198075855282855,2.36392747923692,0.1137418316071
-0.116911263200886,0.993103538534216,0.00878170186191551,-0.988238070339273,-0.115451725707233,-0.100281680098273,-0.0985762287211469,-0.0204024699985104,0.994920331659312,9.17585573657359,3.28923093660304,0.628257135136549,-0.211100764629197,2.37594305103854,0.120176562601351
-0.121218173083889,0.992593094748477,0.00806862887021838,-0.987845645825047,-0.119833651778416,-0.0989993733613738,-0.097299201120563,-0.0199710830725391,0.995054783065842,9.17476862132989,3.30114175266974,0.628870642372693,-0.223613838071353,2.38838962197744,0.124675168369006
-0.125461513218479,0.992072007343453,0.0072485133966249,-0.987445668961093,-0.124163008237935,-0.0976452673470981,-0.0959711391560458,-0.0194082361598936,0.99519488584812,9.17362034272713,3.31311557367242,0.629500893530683,-0.235602695731003,2.40110801240861,0.127155197153319
-0.129625348734339,0.991542996420835,0.00630517361329342,-0.987034657095452,-0.128423726365576,-0.0962804871136569,-0.0946565087987319,-0.0187038165937441,0.995334271783537,9.1724133810568,3.32515321872327,0.630138626287508,-0.247065304779402,2.41385707848371,0.127422976986896
-0.133690708324335,0.991009447416517,0.00520284911826503,-0.986608401403363,-0.132598332265629,-0.0949818117361138,-0.0934379836471141,-0.017831360340244,0.995465411654457,9.17114989953829,3.33725368578561,0.630767962727451,-0.258376555826092,2.42606966628491,0.12297237602988
-0.137635752606242,0.990475324413918,0.00387702613573922,-0.98615918512553,-0.136668544745072,-0.09387103104694,-0.0924470724093768,-0.0167433749408005,0.995576816824562,9.16983148745071,3.34941159167136,0.631355226270849,-0.26855094500618,2.4364422051055,0.109412425189364
-0.141457546623178,0.989941648589475,0.00230106308145332,-0.985681428963517,-0.140632539950035,-0.0930301526583744,-0.0917708183454316,-0.0154279323032954,0.995660632848891,9.16846844885011,3.36161295073727,0.631844936365833,-0.275881754733488,2.44293506469276,0.083453747524982
-0.145161562291897,0.989407834057826,0.000508662931894142,-0.985180317178969,-0.144493806203941,-0.0924190597866342,-0.0913666431260501,-0.0139168198127567,0.995720070426511,9.16707913560045,3.37383125888748,0.632168012173003,-0.278631034317987,2.44245119448233,0.0420550041838849
-0.148758807283944,0.988872513655484,-0.00140320780456531,-0.984669677396328,-0.148256968107071,-0.0918993896819284,-0.0910848158129024,-0.0122891474229647,0.995767308754383,9.16568508657607,3.38603623819134,0.632257305383638,-0.27872631447998,2.43952369640506,-0.00717988901655859
-0.152275848113686,0.988332288366013,-0.00336954810891331,-0.984148942990894,-0.151943107802703,-0.0914557270003534,-0.0909006275619956,-0.0106103611840885,0.995803442524868,9.16429302918982,3.39822941000049,0.6320940252938,-0.277889035719137,2.4384071091766,-0.058483979655595
-0.155757183624882,0.987781117739759,-0.00530689985194242,-0.983613371771828,-0.155589361691855,-0.0910861427439857,-0.0907988690507837,-0.00896738340403268,0.995828876571665,9.16290696106045,3.41042234054865,0.631673745405165,-0.276373070670266,2.43897024094479,-0.109337585902072
-0.159221244203989,0.987217034336325,-0.00715000072198516,-0.983057384139667,-0.159208240403135,-0.0908345511147188,-0.0908117552005725,-0.00743392923884489,0.995840329477303,9.16152973457519,3.42261987524369,0.63100423889216,-0.274409000440452,2.44013972144138,-0.157773751143558
-0.162676644361786,0.986639623241515,-0.00886359007574352,-0.982472893868237,-0.16280519209475,-0.0907826097948516,-0.0910127584098043,-0.00605997333605437,0.995831288185808,9.16016312008994,3.43482436258511,0.630098204721946,-0.272149501400566,2.44173444422948,-0.204328026874578
-0.166133058961807,0.986047989155176,-0.0104484354344335,-0.981852989565316,-0.166390410668085,-0.0909886702801911,-0.0914577148284601,-0.0048573985569367,0.995797113913078,9.15880754217319,3.4470377083212,0.628961793316474,-0.270225792412625,2.44366561339593,-0.250060215140575
-0.169668169704625,0.985419744786033,-0.0126743352848406,-0.981302075066218,-0.170117218048836,-0.0900353796796527,-0.0908787635249122,-0.00283878656380854,0.995857917391346,9.15747601572735,3.45923744381665,0.627754421213202,-0.262730124493644,2.43589011339134,-0.236118906100794
-0.173284097990034,0.984748747390674,-0.0155732429596138,-0.980820397613776,-0.173982476789781,-0.0878717553873172,-0.0892410724304429,4.77764806921339e-05,0.996010054521978,9.15616886024567,3.47141288494855,0.626486082279634,-0.260099119914034,2.43491649584716,-0.270890093261791
-0.176905860488346,0.984053156819739,-0.0185391768421574,-0.980335540609613,-0.177848528269442,-0.0855109864874141,-0.0874445215124145,0.00304721930625028,0.996164730409567,9.15487554207351,3.48358788136625,0.625046457453933,-0.257101525685554,2.43508351605388,-0.304777013096135
-0.180699795077721,0.98332024566967,-0.0207093822942478,-0.979647416402791,-0.181816109706789,-0.085051994605805,-0.0873986475536464,0.00491901486363713,0.996161271932695,9.15354295882232,3.49566688643772,0.62369395567651,-0.279024839200235,2.38971298726475,-0.221577513559323
-0.184703641983684,0.982554054292429,-0.0217277479613843,-0.978688023150735,-0.185905819989403,-0.0872283178524802,-0.0897458521563473,0.00515329870838111,0.995951367052204,9.15214390931621,3.50758156020253,0.622557626608845,-0.281408587325624,2.37539772417117,-0.230112027045385
-0.188751801291703,0.981765831117352,-0.0225523914384593,-0.97770466096874,-0.190023645186117,-0.0893566460325277,-0.0920127894867837,0.00518335032934847,0.995744334380179,9.1507257001692,3.51941727298804,0.621403914919602,-0.286289892092261,2.35815026491195,-0.229865728862179
-0.192868186421626,0.980950760360052,-0.0231833650592226,-0.976707550052865,-0.194191198981463,-0.0912805560230204,-0.0940437362941456,0.00503825239325694,0.995555318240357,9.14927869022903,3.53116091020699,0.620265550647746,-0.292896022974228,2.33887720639258,-0.224505186827754
-0.197055833254708,0.980107533482084,-0.0236267092917888,-0.975709327488672,-0.198410275666667,-0.0928691055275125,-0.0957094918589377,0.00475240166051827,0.995397964558177,9.14779521913872,3.54280578322047,0.619162243668613,-0.300699944298922,2.31896755652666,-0.216418755965386
-0.201308146105598,0.979236361528469,-0.0238993425016792,-0.974718843287822,-0.202674927700503,-0.0940534434311017,-0.0969443492483131,0.00436141514661339,0.995280247571879,9.1462708547275,3.55435149700387,0.618103151208359,-0.309159587091617,2.29936215939274,-0.206964863679223
-0.205615450598173,0.978337886970044,-0.0240263479184882,-0.97374166803551,-0.206977650543011,-0.094801983666573,-0.0977212894242213,0.00390270350974719,0.995206168840699,9.14470369005263,3.5658013733957,0.617092858045676,-0.317632565427779,2.28083342867286,-0.197225490270105
-0.209963736911136,0.977413619826344,-0.0240384059428661,-0.972777072043674,-0.211307872378406,-0.0951512016584582,-0.0980815848589755,0.00340570827790355,0.995172549793591,9.14309488384327,3.57716188421866,0.616130961195031,-0.325824176033011,2.26354690180203,-0.187510058908754
-0.214340693361735,0.976465155590174,-0.0239555231098957,-0.971822048026818,-0.215655922449262,-0.0951547690949766,-0.0980814668434926,0.00288496634571958,0.995174207277808,9.14144605735814,3.58843914451957,0.615217405641072,-0.333567950056475,2.24762608059983,-0.178029552318981
-0.218733361416286,0.975494524595572,-0.0237938876098836,-0.970871246887927,-0.220011209790353,-0.0948898810878552,-0.0977994814393938,0.00234521867738063,0.995203376893156,9.13975982640136,3.5996403898037,0.614350031567175,-0.340809276258369,2.23308606781771,-0.169039149790081
-0.223128543635252,0.974504137390968,-0.0235656364882687,-0.969919523751691,-0.22436242171053,-0.0944331571508611,-0.0973127456220636,0.00178603809365658,0.995252249235049,9.13803865176865,3.61077213023983,0.613526052847664,-0.347512628581508,2.21981739159965,-0.160752970451132
-0.227510949747709,0.973497258363199,-0.0232777942303547,-0.968961014328743,-0.228695550067395,-0.0938770370771534,-0.0967125661737358,0.00119722124385625,0.995311632708763,9.13628516862633,3.62184043076059,0.612741681601495,-0.353796227192565,2.20764986169923,-0.153114827333558
-0.23186886761726,0.972476670527046,-0.0229336763411378,-0.967991768436083,-0.232999575475651,-0.093290589386883,-0.0960664586100429,0.000568426597715342,0.995374759787151,9.13450071862405,3.632849822767,0.611994798424792,-0.359979812755835,2.19610515760675,-0.145601844655751
-0.236191507751241,0.971445172716768,-0.0225354847181979,-0.96701146286776,-0.237264125994533,-0.0927068778376503,-0.0954065110385548,-0.000104505211606194,0.995438389218595,9.1326852480077,3.64380264033462,0.611285915961605,-0.366204833337989,2.18507553906091,-0.137882537404062
-0.240473035404631,0.970404549418753,-0.0220846034755078,-0.966019919273746,-0.241483602103159,-0.0921476287357844,-0.0947535477416409,-0.000824853120830367,0.995500419290571,9.13083840900537,3.65470176143358,0.610616721754868,-0.37255655022904,2.17460959514476,-0.129605183674009
-0.244711744998207,0.969355518433391,-0.0215879768080364,-0.965018889812912,-0.24565701917917,-0.0916033363598691,-0.0940994376401204,-0.0015836068756831,0.995561544067004,9.12895910611893,3.66554949453892,0.609991193020135,-0.379256966507494,2.16441151848871,-0.120318748203796
-0.248907323876033,0.968298609480405,-0.0210463060698362,-0.964010317768224,-0.249784215368608,-0.0910601613720157,-0.0934304626836457,-0.00237668487659809,0.995622970813609,9.1270449638986,3.67634639638199,0.60941553186557,-0.386539998012391,2.15425674776436,-0.109526230960053
-0.253064832530546,0.967233067985269,-0.0204544061779168,-0.962995193311361,-0.253869888336954,-0.090500483175493,-0.0927278178083677,-0.00320499478736756,0.995686336058154,9.12509281695173,3.68709273020586,0.608897877066607,-0.394441094578617,2.14422325889133,-0.0971740563463961
-0.257189864178869,0.966157900773298,-0.0198061742138563,-0.96197393367786,-0.257919247736658,-0.0899100248654195,-0.0919756744362278,-0.00407092376384364,0.99575293265534,9.12309947598258,3.69778929975506,0.608445625739557,-0.403074503690819,2.13432693655301,-0.0833575346605349
-0.261291771143893,0.965071120574751,-0.0190877595616301,-0.960946352522646,-0.261940639857793,-0.0892704249139242,-0.09115216895889,-0.00498331450794947,0.995824506964257,9.12106104370219,3.70843681113313,0.608065813324434,-0.412441374437956,2.12463790037891,-0.0682648140880281
-0.265379454356316,0.963970646713886,-0.0182848975812273,-0.959910336390973,-0.265941937090009,-0.0885834758100107,-0.0902545915469839,-0.00595637228737625,0.995900913913559,9.11897403173212,3.71903642229532,0.607764503574601,-0.422522669251913,2.11512474044083,-0.0519085086737338
-0.269462021177938,0.962854160944821,-0.0173805608063886,-0.958862225469775,-0.269930933549757,-0.0878665105720473,-0.0892941863160847,-0.00701112431787005,0.995980618499149,9.11683485602263,3.72958901141972,0.607548009082851,-0.433278026795456,2.10589433834875,-0.0344062492798463
-0.273547231791338,0.961719382000436,-0.016362831784162,-0.957798049969364,-0.273914512559903,-0.0871420408525953,-0.088288206767273,-0.00816517567302806,0.996061505355994,9.11464034104005,3.74009639181406,0.607422179325425,-0.444655298188602,2.09702643852207,-0.0154783471314441
-0.27764255412295,0.960563836527957,-0.0152226178687146,-0.956712970240384,-0.277899392104614,-0.0864420062337035,-0.0872634213969764,-0.00943630343822519,0.996140578163301,9.11238744812668,3.75056057736768,0.60739471074421,-0.456608443553493,2.08868973876046,0.00480959781032929
-0.281753854554865,0.959385265815079,-0.0139526764603505,-0.955602520699274,-0.281890733955416,-0.0857988143465383,-0.0862472485165229,-0.010840933862362,0.99621477918987,9.1100734261136,3.76098463199449,0.607472365368304,-0.469104057598523,2.08095083344089,0.0268016056487518
-0.285883316978025,0.95818218490587,-0.0125550628296599,-0.954464076027033,-0.285890798651613,-0.0852336718686042,-0.0852587628781017,-0.0123835283888404,0.996281883593764,9.10769564696784,3.77137169549069,0.60766479930598,-0.482087794729106,2.07396291168463,0.0506415788632659
-0.290030655224668,0.956953705981428,-0.0110373746135388,-0.953296802250212,-0.289899874957062,-0.0847541699233762,-0.0843055505258738,-0.0140594135115755,0.996340758496931,9.10525208583438,3.78172646366147,0.60798049772627,-0.495342908053231,2.06815142778082,0.0760705418060768
-0.294192555956578,0.955699847023387,-0.009409698146614,-0.95210138181814,-0.293915443708014,-0.0843603620778778,-0.0833888407385859,-0.0158592039332304,0.996390880573924,9.1027413304355,3.79205518886565,0.608427071709963,-0.509102104074013,2.06342691773375,0.102992288712793
-0.298370758773316,0.954419246753336,-0.00766757692042546,-0.950877462083681,-0.297938769590065,-0.0840508279343922,-0.0825041963195456,-0.0177873832238845,0.996431967867206,9.10016018296985,3.80236299164326,0.609011256428881,-0.523436331169246,2.05990060346505,0.130952795801794
-0.302566720663655,0.953110525772125,-0.00580561876343474,-0.949624952560222,-0.301970796830817,-0.0838217593251224,-0.0816445284256022,-0.019848514396451,0.996463851554293,9.09750609988371,3.81265660620885,0.609736657148539,-0.538298333994174,2.05773702018529,0.159373443337974
-0.306784502890285,0.951771345070289,-0.00381778593595162,-0.94834332778028,-0.306015146479477,-0.0836639873527993,-0.080797286099135,-0.0220462429505945,0.996486709259475,9.09477642745172,3.82294315640092,0.610604468541068,-0.553638792365608,2.05718491288428,0.187832344979205
-0.311033138345126,0.950397542309745,-0.00170247548551374,-0.947030732899374,-0.310080981666242,-0.0835618079805217,-0.0799448422054574,-0.0243781947751852,0.996501141908151,9.09196916661496,3.83323142690577,0.611613466023317,-0.569289990658577,2.05843521263789,0.21563550835167
-0.315321261132809,0.948984835017625,0.000534026391023355,-0.945685771584983,-0.314178091544085,-0.0834898090513604,-0.0790627832758923,-0.026831133041454,0.99650848797207,9.08908341781519,3.84353051805948,0.61275734038821,-0.584942666955981,2.06153761665415,0.241364705985711
-0.319658034405151,0.947528611445233,0.00287602727809342,-0.944307405650623,-0.318318158149276,-0.0834090752007405,-0.0781169935009389,-0.0293782348877769,0.99651124160305,9.08611989680113,3.85384935836119,0.614022763186444,-0.600382411655717,2.06623668280909,0.264218967289664
-0.324050119346643,0.946025033963172,0.00530615363584054,-0.942894900008985,-0.322510804415367,-0.0832825826472681,-0.077076116199976,-0.0319908760482421,0.996511844466083,9.08308018380188,3.8641938878777,0.615392730189076,-0.615326916062183,2.07147683950338,0.282561280828915
-0.328503993645666,0.944470328796644,0.007805394391563,-0.941447236710887,-0.326765967204445,-0.0830728786450727,-0.0759093317602243,-0.0346381393799238,0.996512906415172,9.07996786096663,3.87456381155188,0.61683998816822,-0.629321642789768,2.07622607478565,0.295036676335051
-0.333021711327242,0.942862395260704,0.0103461774546288,-0.939964782338022,-0.331090382958861,-0.0827367287024921,-0.0745838303448534,-0.0372781694212924,0.996517732072886,9.07678945652253,3.88495470256792,0.61832970185796,-0.641489018443928,2.07966638125588,0.298310181363755
-0.337580410329534,0.941208429778558,0.0128902395449587,-0.938460055244433,-0.335469204467852,-0.0821774760157728,-0.0730218547584232,-0.0398384809887259,0.996534346703691,9.07355826740188,3.89535807413523,0.619798958333434,-0.6497987182644,2.08118621019126,0.284822765713935
-0.342111386983825,0.939533754029928,0.0153663246885666,-0.936963767907801,-0.339846548470891,-0.0812602062539783,-0.0711245142269541,-0.0421977313472342,0.996574460311484,9.0702985216101,3.90576286185909,0.621145147837581,-0.652748810781213,2.08016335295314,0.248100978497905
-0.346554744592016,0.937861992818456,0.0177395441699134,-0.935486993464374,-0.344161992787867,-0.0801037313692134,-0.0690209682614591,-0.0443554410064659,0.996628667455122,9.06703293973571,3.91616214251923,0.622265856201664,-0.653396392967279,2.0804638680109,0.199084050424228
-0.350960088356624,0.936175550402835,0.0200587937987265,-0.934000492453003,-0.348454514674833,-0.0788830228900611,-0.0668587801134446,-0.0464197159693572,0.996682052357253,9.0637634463056,3.92657155256314,0.623133543345651,-0.654649282575001,2.08396645965485,0.147654802149942
-0.355384391125768,0.934451930294067,0.0223947429960808,-0.932483281052145,-0.352775555815027,-0.0776166076147753,-0.0646286709007269,-0.0484664542657295,0.996731728053499,9.06048504376533,3.93700240718478,0.623744026937921,-0.656952886462715,2.08825742432752,0.0968847942859374
-0.359851675509025,0.932679514893328,0.0248131846342547,-0.930926952518676,-0.357145523456923,-0.0763025828460065,-0.0623039381390872,-0.0505568746366515,0.996775913492765,9.05719292977873,3.94745409554196,0.624105424800223,-0.660077300275024,2.0924829749931,0.0481660095939206
-0.364375923952501,0.930849819602058,0.0273641990669728,-0.929327391610631,-0.361577722323371,-0.0749142838290874,-0.059839662816084,-0.0527272611298875,0.996814451484226,9.05388219526643,3.95792774591443,0.62422817327554,-0.664729842307079,2.09709757127518,0.00131327811814771
-0.36897122064565,0.92895358432996,0.0300911364986285,-0.92768704289604,-0.366094003988438,-0.073293455959692,-0.0570700339763405,-0.0549583333465795,0.996856355157405,9.05054444591624,3.96842517419108,0.624120688526939,-0.670562252232223,2.10183166949217,-0.0438738988479245
-0.373005503597262,0.927302236080019,0.0312643126767551,-0.926028514450223,-0.369971939421257,-0.0747793719282737,-0.0577761604060559,-0.0568447623081555,0.996709881704231,9.04709029889699,3.97878151017807,0.624184632741848,-0.708751592913954,2.04274932536896,0.0601391657662419
-0.376440128308471,0.9259261454353,0.030880463054005,-0.924384478403905,-0.373176120255165,-0.0790754029850284,-0.0616941316904938,-0.0583125755787756,0.996390223579259,9.04351920113156,3.98897066369491,0.624428691898392,-0.720704294714224,2.03351038577266,0.0383677657402937
-0.379787135835633,0.924577855952253,0.0302905882495234,-0.922748136026617,-0.376308726613387,-0.0832323238532673,-0.0655561508416288,-0.0595611497315737,0.99606970666188,9.03988081002737,3.99911863628533,0.624570387833781,-0.734877924630526,2.02579881125948,0.0186337638721284
-0.383074201038724,0.923247266684452,0.0294727171844196,-0.92111513503726,-0.37940708050061,-0.0871617764349377,-0.0692897142715567,-0.0605371937381713,0.995758094956036,9.0361692960538,4.00923090776584,0.624616532946004,-0.749946712537125,2.01947919494518,0.000296964268146657
-0.386301077559404,0.921927118011637,0.0286682149985219,-0.919537103633166,-0.382492145388696,-0.0902844048431426,-0.0722702740991852,-0.0612384502637892,0.995503319778954,9.03240763738693,4.01929641013652,0.624651087648278,-0.743548644675393,1.99874242553893,0.0458450308403785
-0.389451053915906,0.9206053247776,0.0285256480192702,-0.918160124005809,-0.385593806162315,-0.0911010611074092,-0.0728688087553736,-0.061670516783857,0.995433013351569,9.02866630049621,4.02926306711308,0.624879866230193,-0.752964918400461,1.98806725399991,0.046122818096536
-0.39258186344614,0.91928242217788,0.0282720492346444,-0.916813057496258,-0.388716461986245,-0.0913965523707449,-0.073029433090494,-0.0618008127427588,0.995413161178219,9.02487269591382,4.03919782875634,0.625124077118426,-0.763911972456803,1.98439986748061,0.0509397203958325
-0.395729569565758,0.917943387150962,0.0278934715860051,-0.915459345630848,-0.391879555315338,-0.0914581905735803,-0.0730225599964858,-0.0617280496344429,0.995418180273943,9.02103096414393,4.04909623421038,0.625386714138903,-0.772569381040313,1.97449534689651,0.0546508131402757
-0.398928298565561,0.916570933267078,0.0274579113099392,-0.914073941973504,-0.395101883697849,-0.0914512444061339,-0.0729728799528004,-0.0615810505620773,0.995430928293403,9.01714709768282,4.05894285523132,0.625672316027779,-0.780977347259166,1.96416275358011,0.0597728373638803
-0.402187036238165,0.915159978256883,0.0269778071537087,-0.91264784154198,-0.398387471875589,-0.0914403607896524,-0.0729349382033467,-0.0613973651669068,0.995445055409808,9.01322035549826,4.06873881077792,0.625984951819378,-0.789864093905378,1.9542408444156,0.0653038167353288
-0.405507778344825,0.913708450968573,0.0264633393670628,-0.911177888967871,-0.401736099934036,-0.0914492245229239,-0.0729266505325633,-0.0611961815671686,0.995458050850813,9.0092473819563,4.07848674538666,0.626324990510656,-0.799479850429745,1.94507794708975,0.0705940970283006
-0.408889932088103,0.912215386745251,0.0259251156641494,-0.90966175387094,-0.405144714556785,-0.0915054851424102,-0.072969287932892,-0.0609987577899261,0.99546704343572,9.00522478550146,4.08819122907879,0.626690697690435,-0.809632426899984,1.93684080445404,0.0756838528401152
-0.412324758592097,0.910683628914586,0.0253696960748388,-0.908100954852512,-0.408602740435633,-0.091632179415562,-0.0730817983353182,-0.0608204614866685,0.995469699296078,9.00115049192195,4.09785706483188,0.627081849441413,-0.82013989698477,1.92969326452481,0.0807921155847643
-0.415806805202228,0.909114563967588,0.0248074651977975,-0.906496108629767,-0.412102891648827,-0.0918477639018195,-0.0732769116885106,-0.0606787959397559,0.995464001326365,8.99702266466239,4.10749087499428,0.627497685910773,-0.831088193367596,1.92420868521069,0.0853062581205831
-0.419340850314005,0.907504546798461,0.0242641463490211,-0.904845163448309,-0.415648129692252,-0.0921513020392902,-0.0735423785455045,-0.0605981008238124,0.995449340114512,8.99283916634176,4.11710190696378,0.627933330777971,-0.84231054914749,1.92052254885452,0.0886746377933365
-0.422930714504624,0.905850516560683,0.0237582064843427,-0.90314573839174,-0.419240585869417,-0.0925478599682709,-0.0738741223531414,-0.0605984554804199,0.995424754182827,8.98859928282233,4.12669854307703,0.628382551236585,-0.853633830887075,1.9184054689918,0.0906882418677618
-0.426577226397983,0.9041509739227,0.0232999200263977,-0.901396583781666,-0.42288004169497,-0.0930412224919797,-0.0742702407788296,-0.0606917349454873,0.995389594402092,8.98430263724477,4.13628794699716,0.628838443750055,-0.864987447284649,1.917541711942,0.091398796653973
-0.430278100048363,0.902406041213568,0.0228930862931763,-0.899598031759747,-0.426563908260691,-0.0936301950406715,-0.0747270892833401,-0.0608815977995053,0.995343806519446,8.97994992027429,4.14587518139943,0.629294637285358,-0.875880728226276,1.9173839208856,0.0907450011064629
-0.434034454808341,0.90061440318435,0.0225341699675081,-0.897749295768397,-0.430294107872182,-0.0943036726635405,-0.0752349253111578,-0.0611610783699997,0.995288414735168,8.97554413623812,4.15546274110039,0.629744293004573,-0.886343169590976,1.91768238430456,0.0888961023585035
-0.437843010323781,0.898776939510473,0.0222151145573889,-0.895850731263109,-0.434067873967737,-0.095060759961631,-0.0757955513599788,-0.0615231159265974,0.995223563125753,8.97108651716824,4.16505245034055,0.630181912785453,-0.896627634482507,1.91811092065442,0.0858607194267657
-0.441696676511404,0.896896638902092,0.0219195137927547,-0.893905612527071,-0.437880368406836,-0.0958829435118463,-0.076398964988944,-0.0619451538865212,0.995151242806134,8.96657771912179,4.17464421722762,0.630601971547388,-0.906859207458693,1.91854392935273,0.0820973253206127
-0.445588423189486,0.894976544079105,0.0216319825196318,-0.891918297276125,-0.441727556693277,-0.096739426511873,-0.077024074830962,-0.0623999295352975,0.995074640763408,8.9620172462505,4.18423818400804,0.63100265678708,-0.917422284983174,1.91895527848464,0.078193537660504
-0.449507561786739,0.893021779084455,0.0213319942194147,-0.889896101764044,-0.445603193139552,-0.0975844369200041,-0.0776394227290511,-0.0628482008069531,0.994998604870192,8.95740277533592,4.19383415200528,0.631383950532365,-0.928423024493353,1.91937653818142,0.0743748519665701
-0.453446370217334,0.891036048486576,0.0210035624157843,-0.887845102661738,-0.449503609856068,-0.0983746837653452,-0.0782142123676574,-0.0632555533039781,0.994927772232696,8.95273232108306,4.20343246978834,0.631746470803214,-0.939831613047746,1.91991368879377,0.0706725108796017
-0.457396620087332,0.889023455446547,0.0206307440138805,-0.885771520359794,-0.453424472475932,-0.099070992118893,-0.0787219515267761,-0.063588862435209,0.994866478941778,8.94800377987417,4.21303398488366,0.632090690069983,-0.95165387816148,1.92068881724489,0.0670524743583769
-0.461353178951057,0.886986551499848,0.0202015279164967,-0.883679978255791,-0.457363995377356,-0.0996387061452838,-0.0791387408390959,-0.0638203195766805,0.994818589747665,8.9432154871619,4.22264031896572,0.632418530156704,-0.963640021448883,1.92189428539137,0.0645291247751579
-0.46531874725634,0.884923593848988,0.0197153874215375,-0.881572446707459,-0.461327969345888,-0.100032624205422,-0.0794259696699619,-0.0639275977070215,0.994788810548951,8.93836682022747,4.2322540513235,0.632738283715363,-0.975907386161567,1.92366343742699,0.0638785895444196
-0.469291987586723,0.882834845344596,0.0191746246974051,-0.879453396804242,-0.465318138675045,-0.100203556171788,-0.0795408903419098,-0.0638879148616956,0.994782177714419,8.93345553937986,4.24187825827659,0.63305982693587,-0.988721940415806,1.92611802572005,0.0653054839666017
-0.473272797910955,0.880719811049251,0.0185869089121427,-0.877326643701181,-0.469336778180033,-0.100104689698375,-0.0794406634511455,-0.0636836169902273,0.994803286040755,8.92847882859599,4.25151675330303,0.633393102517357,-1.00203419324653,1.92941360784733,0.0683733226517922
-0.477259657856177,0.878578717814231,0.0179626163713968,-0.875193858803743,-0.473382048723307,-0.0997253501309439,-0.0791133901132973,-0.0633156580193758,0.994852852915624,8.92343447503811,4.26117400588387,0.633745558439401,-1.01578691612754,1.93362715631636,0.0731433441821205
-0.481247420694191,0.876414109505013,0.0172982292655616,-0.87305515836772,-0.477447194952965,-0.0990901936574006,-0.0785850527944343,-0.0627892084046379,0.994928090258394,8.91832008880348,4.27085446640875,0.634126065641536,-1.03007957692492,1.93865122804996,0.0794042160868189
-0.485227032250454,0.87423091988218,0.0165839047083034,-0.870912834767149,-0.481522174891389,-0.098220310148742,-0.0778817142291139,-0.0621022850612101,0.995026504561015,8.91313256196953,4.28056195706696,0.634539998735271,-1.04509729985098,1.94445965600106,0.0863127203845862
-0.489184228443589,0.872037167920307,0.015810389229275,-0.868771934168594,-0.48559133261317,-0.0971410525572299,-0.0770332203858279,-0.0612554932760822,0.995145038424296,8.9078681507085,4.29030048383311,0.634988773257153,-1.0607790971587,1.95105382887429,0.093229095751204
-0.49310364296271,0.86984184248542,0.0149655056204089,-0.866635906157271,-0.489636120112442,-0.0959097286003893,-0.0760986429305412,-0.0602630810928616,0.995277527929434,8.90252433204294,4.30007370289982,0.635470367208935,-1.07675413088206,1.95828983917166,0.0991115589642493
-0.496968991436904,0.867654788906121,0.0140352712286278,-0.864507395834823,-0.493635869059086,-0.0946075648411545,-0.0751583933907503,-0.0591506218611065,0.995415702024217,8.8971003723619,4.30988445311245,0.635977891222213,-1.09283802128049,1.96605875684011,0.103759205911044
-0.500765189045748,0.865485498902848,0.0130029469300381,-0.862389645115326,-0.497572121135166,-0.0933063999247335,-0.0742854322046996,-0.0579382037859363,0.995552529555433,8.89159609778887,4.3197350669159,0.636505373408007,-1.10878600862042,1.9741664351132,0.106900142785383
-0.504475687872339,0.863344823744053,0.0118319761696865,-0.860285272407421,-0.501425767972808,-0.0920947842810267,-0.0735766975653286,-0.0566384544918824,0.995679946091188,8.88601247916878,4.32962597975358,0.637041753267039,-1.12467449991663,1.98198418611296,0.106750544894141
-0.508082031154527,0.86124522873167,0.0104549320812434,-0.858194377936662,-0.505176317742819,-0.0911004811716833,-0.0731782706532178,-0.0552588814466963,0.99578682293223,8.88035064415652,4.33955405415175,0.637561644921907,-1.13970605341372,1.98893814024415,0.0989636053661964
-0.511578364387825,0.859191231615723,0.00883202156561063,-0.856111813912028,-0.508815128820803,-0.0904418418837553,-0.0732129713270439,-0.0538292875461589,0.995862575173773,8.8746191551068,4.34951325474439,0.638017016499905,-1.15208475431,1.99417813011612,0.0807508180098456
-0.514976032031879,0.857176228508384,0.00697134942780943,-0.854032863292427,-0.512354662937249,-0.0901141930164004,-0.0736719407185715,-0.0523604110621848,0.995907040091674,8.86883815297258,4.35949037289338,0.638345758311818,-1.15850198656613,1.99535411611585,0.0460960398699418
-0.518293421368154,0.855188452707505,0.00496384147974493,-0.851967566107854,-0.51581958360172,-0.0898967378340694,-0.0743182054866231,-0.0508219197658993,0.995938721410387,8.86304132364762,4.36946294334335,0.638462376164151,-1.15928469510601,1.99316869823648,-0.00101637268719078
-0.521526164602411,0.853230338734189,0.00290666452127812,-0.849928724464162,-0.519202443730404,-0.0897217128408677,-0.0750441401164732,-0.0492626784484718,0.995962632605391,8.85724599002148,4.37942486372065,0.638330106266368,-1.15902899200534,1.99240590794214,-0.05272066699207
-0.524704875530871,0.851283729131045,0.000897836775504652,-0.847909205080859,-0.522530519904103,-0.0895088582649474,-0.0757282875369531,-0.0477270184014301,0.995985621473137,8.8514510071589,4.38938945115236,0.637935211379716,-1.15885337478383,1.99368645154301,-0.105082691169248
-0.527841750748388,0.849342144529282,-0.00100383926845975,-0.845902709746838,-0.525809772743404,-0.0892899128148726,-0.0763655145326362,-0.0462817935470329,0.996005172565,8.84565795021126,4.39936306398352,0.637282677297679,-1.15825751667205,1.99601806562868,-0.155294448085617
-0.53098866494832,0.847373294704788,-0.00308822239378601,-0.843901341107156,-0.529135851761559,-0.0885763899586919,-0.076691356579118,-0.0444269040303544,0.996064599322922,8.83988038738478,4.40934476422012,0.636453054387119,-1.14786418259856,1.99414674417933,-0.148293298016077
-0.53424485655501,0.845307613541474,-0.00612141595840097,-0.841907366933,-0.53271891538529,-0.0860380305136323,-0.0759895963172686,-0.040811710078592,0.996273047699274,8.83415076685399,4.41931580259771,0.635620706755996,-1.14407425049563,1.99476607409437,-0.184087865730783
-0.537475542055692,0.843229259627654,-0.00919007071460967,-0.839907492198606,-0.536268249610799,-0.0834971197588131,-0.0753355576111887,-0.0371588504554214,0.996465640949171,8.82843953309545,4.42929395168569,0.634615034898935,-1.14036769905486,1.99664758232965,-0.217634889361871
-0.540676829831698,0.841140154022252,-0.0123209973041559,-0.837902317961703,-0.539781573444609,-0.0809664036750328,-0.0747547405690889,-0.0334528662611381,0.996640674717505,8.82274684697802,4.43928286041428,0.633446088081676,-1.13673553463336,1.99895693654621,-0.249638193599519
-0.5439330298898,0.838993513920356,-0.0150579744479301,-0.835778940658239,-0.543276282760161,-0.0795263663352871,-0.074902745924929,-0.0306718794643291,0.996719024832491,8.81706405133331,4.44922578145003,0.632259338013723,-1.13940917261246,1.95416976093735,-0.168127072993079
-0.547407636539601,0.836707355530534,-0.0162997134707593,-0.833293956560175,-0.546765315697872,-0.0816631588300173,-0.0772402836505584,-0.0311205840386516,0.99652669198104,8.81137687950277,4.45897013377197,0.631393184119246,-1.13594024116333,1.94295043260562,-0.176080345817621
-0.550901637276516,0.834389567557187,-0.0173619007538259,-0.830775959945618,-0.550259841914105,-0.0838177233829507,-0.0794901907312568,-0.0317514712792174,0.996329841793928,8.80570281173811,4.46865215904302,0.630507154704723,-1.13384294506488,1.92922578549898,-0.17721587415185
-0.554438228346691,0.832024797040025,-0.0182479603870535,-0.828226764533976,-0.553788690077429,-0.0857817769220625,-0.0814780796126429,-0.0324472472303859,0.996146825869463,8.80003697058314,4.4782597981045,0.629626468599224,-1.13270193247238,1.91329155689801,-0.174205938434541
-0.55802654408401,0.829606585065919,-0.0189549495626156,-0.825652631854374,-0.557364393035169,-0.0874223363247815,-0.0830909598548657,-0.0331337802220273,0.995990986404293,8.79437418333463,4.48778375828304,0.628768967325671,-1.1326347151133,1.89600826862079,-0.16820365500197
-0.56166470974615,0.82713550639139,-0.0194835287469165,-0.823063852515033,-0.56098798969294,-0.0886474483749259,-0.0842534777257562,-0.0337539551302151,0.995872492844432,8.78870930917785,4.49722041714936,0.627945936037706,-1.13346051569784,1.87871649439888,-0.160920101678107
-0.565343176399704,0.824617037717868,-0.0198452514144151,-0.820467822185704,-0.564651276659633,-0.0894510398178528,-0.0849684980221617,-0.0342881447741684,0.995793491378511,8.78303860275159,4.50657246908567,0.627160064029566,-1.13491422985675,1.86226957776566,-0.153423903098194
-0.56905100651902,0.82205757796708,-0.0200571804246935,-0.817868767640454,-0.568343998277441,-0.0898653355877491,-0.0852738582332063,-0.0347338182310918,0.995751942490253,8.77735965566362,4.5158453826839,0.626411518021974,-1.1366600816352,1.84720012317342,-0.146070450041293
-0.572778385359151,0.819462769827281,-0.0201417509756476,-0.815266381301277,-0.572056320165509,-0.0899571791388448,-0.0852387751277856,-0.0351046353876237,0.995741942367106,8.77167165340248,4.52504678317803,0.625698913663203,-1.13853268335615,1.83361634123304,-0.139063784440331
-0.576515670323576,0.816838435769161,-0.0201159568886928,-0.812659919380053,-0.575777931655807,-0.0897977107245281,-0.0849325456145242,-0.0354223554884561,0.995756857584765,8.76597409558838,4.53418383225919,0.62502001972087,-1.14045010736536,1.82147588436827,-0.132678719677505
-0.580250626410811,0.814192538336967,-0.0199930254405833,-0.81004984839383,-0.579495204058422,-0.0894681596458843,-0.0844301703598556,-0.0357186084512683,0.995788997400208,8.76026700236365,4.54326353803368,0.624371368327759,-1.14233665566248,1.81060114431357,-0.126881072397131
-0.583972329469612,0.811532461379573,-0.0197833905346505,-0.807436882635329,-0.583195812223394,-0.0890411431038386,-0.083797368538497,-0.0360237245757302,0.995831457774716,8.75455058377264,4.55229162355591,0.623750575026053,-1.1441780141497,1.80080977967365,-0.121527897209778
-0.587670588942943,0.808865326605508,-0.0194977513272427,-0.804822641188265,-0.586868570769046,-0.0885765029465636,-0.0830890794400751,-0.0363615739326899,0.995878527140202,8.74882498147058,4.56127325404198,0.62315575035201,-1.14603090173971,1.7919888011909,-0.116416175350211
-0.591338380540348,0.806196265168688,-0.0191442348496526,-0.802208822862065,-0.590505962694268,-0.0881119319092288,-0.0823402952519572,-0.03674629301815,0.995926596555813,8.74308983317341,4.57021237205513,0.622586179341106,-1.14803163330535,1.78362174481139,-0.11143796854139
-0.594968197656452,0.80353100581865,-0.0187287603834965,-0.799600902544572,-0.594101103535699,-0.0876485905623777,-0.0815551373448653,-0.0371725902478413,0.995975380271484,8.73734410337391,4.57911021439981,0.62204121752285,-1.15027750430902,1.77552986696398,-0.106544333887102
-0.598555977480928,0.800872868511112,-0.0182589787401589,-0.797002937881134,-0.597651151924982,-0.0871746385801676,-0.080728302538148,-0.037626441308283,0.996025698505708,8.73158637900281,4.58796839050835,0.621521459785402,-1.15285151616458,1.76772984878359,-0.101136679991034
-0.602100646334071,0.798222966711754,-0.0177456219384268,-0.794417091146608,-0.601156716710993,-0.0866722980393514,-0.0798517186931956,-0.0380880213078402,0.996078814981323,8.72581476783049,4.59678796057069,0.621030536635074,-1.15585626780551,1.76002289048267,-0.0951234277601476
-0.605601886754172,0.795582108916596,-0.0171890293969416,-0.791844555118623,-0.604617862201775,-0.0861361784359197,-0.0789211967013674,-0.0385531928428448,0.996135079210067,8.72002691504513,4.60556864688678,0.620571894317563,-1.15935981889967,1.7520926127466,-0.0879158738805455
-0.609064572436095,0.792947210121471,-0.0165851910996799,-0.789282723901926,-0.60803946847083,-0.0855615949574683,-0.0779302787958042,-0.0390221314421315,0.996194832803564,8.71422026057466,4.61430903891075,0.620153348582392,-1.16337066591788,1.7439665067355,-0.0791277163745405
-0.6124944186671,0.790314403065373,-0.0159289487749671,-0.786727787336531,-0.611426966819593,-0.0849497079356875,-0.0768763665518734,-0.0394994753536819,0.996257906223367,8.70839215371972,4.6230082267115,0.619782736968253,-1.16797853930082,1.73551456762374,-0.0686722232584407
-0.615900308205312,0.787677347432458,-0.0152054823786982,-0.78417373377202,-0.614788173365943,-0.0843033638202904,-0.0757520007303477,-0.039998727868953,0.996324112000816,8.70253945189713,4.6316644049714,0.61946825472674,-1.17318030065347,1.72687425820935,-0.0568095962432053
-0.619290987367643,0.785029471915213,-0.0144014301279675,-0.781613925541495,-0.618130751239922,-0.083630411760212,-0.0745543048041009,-0.0405352019372121,0.996392770467092,8.69665925818071,4.64027715515285,0.619216670332772,-1.17900167103551,1.71807903763351,-0.0433289004631068
-0.622676365841382,0.782363030981578,-0.0134993027926923,-0.779040257234635,-0.621462990154638,-0.0829459430945894,-0.0732831565256579,-0.0411319780873177,0.996462613121165,8.69074822649687,4.6488456084484,0.619036881181148,-1.18552568219618,1.70923671799286,-0.0281796601125333
-0.626064107977405,0.779671624771617,-0.012485600844293,-0.776445509368649,-0.624791066910343,-0.0822708556555418,-0.0719451435728299,-0.0418124411512039,0.996531793813555,8.68480265358348,4.65736996832599,0.618937431841637,-1.19284509023337,1.7004101814362,-0.0109647356323536
-0.629458638307527,0.77695110716469,-0.0113489971184921,-0.773824102857885,-0.62811771007808,-0.0816357772208866,-0.0705555135777678,-0.042604217653082,0.996597611948748,8.6788184095897,4.66585048064735,0.618929491787218,-1.20097831590072,1.69179006025289,0.00826068731024461
-0.632861404875291,0.77419947271918,-0.0100806081471251,-0.771172595515132,-0.631442745724035,-0.0810733420980409,-0.0691322655908738,-0.0435343004289118,0.996657159980521,8.67279138821002,4.67428836724946,0.619021527071208,-1.20993811017224,1.68340005459501,0.0294717309230769
-0.636271758345488,0.77141612928204,-0.0086836061319765,-0.768491228028304,-0.634766322826248,-0.0805788300311756,-0.0676718698979911,-0.0445967587292815,0.996710412875952,8.66671739013917,4.68268528915462,0.619225503431568,-1.21982520256188,1.67539283487035,0.0525680129548582
-0.639685493586781,0.76860349759408,-0.0071507188998531,-0.765782814570365,-0.638083708224283,-0.0801614758312185,-0.0661751479282655,-0.0458022355884067,0.996756241521355,8.66059139513118,4.69104342892662,0.61954994773386,-1.23077248392505,1.66788272025281,0.0779560693375335
-0.643100690584961,0.76576209030733,-0.00547017525268762,-0.763047949016118,-0.641391645545049,-0.0798409952800611,-0.0646477321446184,-0.0471717931942759,0.996792602628749,8.65440786106878,4.69936502735546,0.620005646467285,-1.2427947828818,1.66091380420185,0.105052471638703
-0.646520719545723,0.762887737854547,-0.0036412400708067,-0.760284689697551,-0.644694650658426,-0.0795989825557363,-0.0630725757328814,-0.0486940123996945,0.996820316479775,8.64816179467963,4.70765408396865,0.62060028033046,-1.25577537059736,1.6548775267036,0.13307469662172
-0.649946086999187,0.759978517180313,-0.00165451469003195,-0.757492068303323,-0.647992589372257,-0.0794441349389116,-0.0614479491276949,-0.0503811228839904,0.996837946711977,8.64184854934979,4.71591551564179,0.621335567053068,-1.26965193595426,1.65003123053513,0.161662594577445
-0.653382664880454,0.757027651161789,0.000478131971474477,-0.754665600822504,-0.651293888402143,-0.0793479795913312,-0.059757210183588,-0.0522054241097891,0.996846863627805,8.63546372684842,4.724156605926,0.622214833992744,-1.28442576541873,1.64676480096903,0.190117022067212
-0.65683546792189,0.75402892756923,0.00274671961239155,-0.751800398351277,-0.654605336422341,-0.0792970022526383,-0.0579942162520842,-0.05415006847817,0.996847250568068,8.62900321438528,4.73238561348531,0.6232329688353,-1.29981122339348,1.64534386364391,0.217130568577609
-0.660312781863568,0.75097327544028,0.00511563115298112,-0.748890018955027,-0.657941328682766,-0.079227189276763,-0.0561317166772544,-0.0561457708616937,0.996843459524719,8.62246524552703,4.74061202777806,0.624378828886671,-1.31530114696571,1.64550951325671,0.24019870857619
-0.663817998443529,0.747855858630279,0.00756833236551007,-0.745931172130006,-0.661309086210228,-0.0791010678850028,-0.0541511900809401,-0.0581541675906427,0.996837871172969,8.61585042230352,4.74884181965857,0.625627169258536,-1.33048076393823,1.646620003038,0.258486373176073
-0.6673571302979,0.744669711202462,0.0100738204368476,-0.742918091824458,-0.66472051787035,-0.0788628046805363,-0.0520304668483569,-0.0601136784751715,0.996834578142094,8.60916195578563,4.75707814755306,0.626953082847667,-1.34441198859766,1.64712906512216,0.268801993314065
-0.67093193099094,0.74141203922826,0.0125909516781788,-0.739847239250918,-0.668183322090028,-0.0784672584810391,-0.0497635062024777,-0.0619615700908911,0.996837176916224,8.60240899989895,4.76532033692583,0.628315626522855,-1.35590698368851,1.64846731075135,0.271294277772793
-0.674521783785977,0.738101820678477,0.0150354750274788,-0.736736464402871,-0.671689195431978,-0.0778010717091938,-0.0473259465551479,-0.0635557003821085,0.996855519988528,8.59561009552511,4.77356852568366,0.629646543446709,-1.36178314472358,1.65011657678274,0.253516019767095
-0.678066918723845,0.734796358323457,0.0173079613743894,-0.733641839723217,-0.675195148031514,-0.0766887415611684,-0.0446643564812507,-0.0646979433157562,0.99690484570536,8.58879691247312,4.7818196279516,0.630822603892046,-1.36285453808216,1.65010469937315,0.21353294288813
-0.681545283119544,0.731516774186357,0.0194739862762378,-0.730574946987468,-0.678661713708414,-0.0753559896797605,-0.0419079215871932,-0.0655857258124429,0.996966518333438,8.5819803253196,4.79007309174496,0.631768627340039,-1.36423395255055,1.65241883237243,0.163164232623313
-0.685003246704515,0.728219521078027,0.0216074321742235,-0.72748644011313,-0.68211726900205,-0.0740237176904182,-0.0391667136201031,-0.0664256008634867,0.997022370909563,8.57515224522526,4.79834522069928,0.632452913779199,-1.36732508619077,1.65640020104301,0.110672413197386
-0.688465364095951,0.72487913222491,0.0237841565982497,-0.724357147378909,-0.685585631451388,-0.0726571743772901,-0.0363615934925743,-0.0672501718381655,0.997073341789067,8.56830536271496,4.8066360396993,0.632877466734855,-1.37174360241377,1.65971056780078,0.0594480141817186
-0.691950109149005,0.721474092103709,0.0260802774488276,-0.721172410125518,-0.689086979831925,-0.0712003448016111,-0.0333976245028221,-0.0680754629014348,0.997121020753411,8.56143375964021,4.81494156922503,0.633050171467142,-1.37709933056487,1.66242440021859,0.0100809246426433
-0.695464342521427,0.717993883243703,0.0285329967908735,-0.71792608644096,-0.692633810997981,-0.0695739769596417,-0.0301907715835052,-0.0688708028633423,0.99716865665952,8.55453254734958,4.82325949494067,0.632980975239886,-1.38385773727561,1.6645758022593,-0.0373104572888613
-0.698895406979645,0.714564262337917,0.0307103417796947,-0.714691155962359,-0.696073797580978,-0.0685406442221207,-0.0276000306511433,-0.0698511511047952,0.997175538707901,8.54758905978407,4.8315405018523,0.632785821356222,-1.39903705236823,1.604488204119,0.0590810433298506
-0.701625126835118,0.711904169598497,0.0302429281300344,-0.711890766586204,-0.698527857441448,-0.0725973059249953,-0.0305567970001932,-0.0724657552678143,0.996902701606608,8.54057642693581,4.83953197823189,0.633020498975254,-1.4073101067879,1.59210506216235,0.0366368505429101
-0.704289777781372,0.709294699079268,0.0296131519888611,-0.709122515253965,-0.700926134470104,-0.0764709904257021,-0.0334838359892639,-0.0748570896765784,0.996631952554501,8.53351262592903,4.84746263871571,0.633155447821428,-1.41852228358627,1.58021410451417,0.0177647661368119
-0.706909008201094,0.706717831629994,0.0288020933326871,-0.706369772703493,-0.703296438596457,-0.0800990865638,-0.0363510431069103,-0.0769676939614244,0.996370701973568,8.52638927638822,4.8553356099313,0.633199865619149,-1.4311485402746,1.5691770067455,0.000473788784857424
-0.709499793607171,0.704157470065369,0.0277902900762293,-0.703613410498121,-0.705654331638907,-0.0835471890996423,-0.0392200387376842,-0.0788303342019233,0.996116241696233,8.51920003470166,4.86315604292783,0.633160122901505,-1.44463511066498,1.55916548888254,-0.0163234252103139
-0.71203301858684,0.701621225957873,0.0271410340165052,-0.700962326202001,-0.708057926909183,-0.085473910560768,-0.0407528856351614,-0.0798850888867423,0.995970669691616,8.51201745781403,4.87091406994125,0.633213741981505,-1.42878737274631,1.54372970635964,0.035529696800608
-0.714528078679078,0.699088959308749,0.026911925828448,-0.698412207324837,-0.710533130678182,-0.0858082680649736,-0.0408657979101624,-0.0801080344364536,0.995948135888558,8.50486065393843,4.87860241435562,0.633390783689128,-1.43416384130731,1.53187515408263,0.0351526185551008
-0.717035445580889,0.696526435916521,0.0266663430197254,-0.695841922477942,-0.713043374809683,-0.0858671331897144,-0.0407944690223833,-0.0801253374997423,0.995949668200022,8.49767490819196,4.88623429794468,0.633565903976974,-1.44017938071924,1.52099886804558,0.0351121404392093
-0.719559116656904,0.693929645163908,0.0263879745078891,-0.693235793043589,-0.715572992976381,-0.0859035911126594,-0.0407285266019185,-0.0801058005734716,0.995953938611279,8.490458399594,4.89381290326917,0.633743318936285,-1.44639829016409,1.5103767686239,0.0361260162886652
-0.722097615859128,0.691299658225916,0.0260732757300421,-0.690591078858591,-0.718113725475603,-0.0860037155271619,-0.0407307619802328,-0.0801090495529776,0.995953585870461,8.48320951720549,4.90133845764285,0.633927428267693,-1.45339652044463,1.49982128435298,0.0374729180595787
-0.72464910387299,0.688637631721646,0.0257271924794508,-0.687908340634467,-0.720661600008984,-0.0861914912159275,-0.0408141046895132,-0.0801565371588211,0.995946353178273,8.47592272127088,4.90881204169991,0.634117444234814,-1.46157705772662,1.48966531744813,0.0383456724061909
-0.727211782433307,0.685944739517641,0.0253542465525567,-0.685188275098977,-0.723213049981532,-0.0864864845123146,-0.0409884271113378,-0.0802664230203714,0.995930344039408,8.46859198919175,4.91623615643403,0.63431033409482,-1.47089850853958,1.4800701775284,0.0387887485933813
-0.729780226609773,0.683226108231905,0.0249580824518457,-0.682435618392027,-0.725761331751972,-0.0869029118240402,-0.0412607270813324,-0.0804523111159017,0.995904100823383,8.46121238424314,4.92361425995429,0.634505204203135,-1.48108034544291,1.47134384988994,0.0391405138816931
-0.732354020487312,0.680481241101614,0.0245533945693337,-0.67965062595922,-0.728304737155765,-0.0874484789445412,-0.0416246959065293,-0.0807309751290062,0.995866403864198,8.45377961509464,4.93095153192539,0.634700988639209,-1.49223602429883,1.46381424744668,0.0389792399964999
-0.73494142442841,0.677699783697718,0.0241682815939938,-0.676825935350758,-0.730851779122795,-0.0881040872469448,-0.0420446892688283,-0.0811090631749098,0.995818037582759,8.44628884155715,4.93825427882405,0.634894269456908,-1.50414762525465,1.45748877396419,0.0382375836468579
-0.737549059730457,0.67487313695905,0.0238250603728846,-0.673955326413533,-0.733409159160441,-0.0888550688391105,-0.0424923815471388,-0.0815919988150004,0.99575958104345,8.43873732032941,4.94552810463884,0.635082802016811,-1.51649625748266,1.45222045142557,0.0370874539756752
-0.740180635022993,0.67199605459565,0.0235357206143981,-0.67103502017094,-0.735980839591831,-0.089689494690786,-0.0429491471527022,-0.0821797198923375,0.995691651264222,8.431123012945,4.95277793581503,0.635264679320535,-1.5292572778207,1.44785220718767,0.0355867152263805
-0.742837076061201,0.66906660110541,0.0233015388783511,-0.668063891494538,-0.738568793398474,-0.0905912484685757,-0.0434017892490542,-0.082861454870013,0.995615520161676,8.42344502085088,4.96000775161202,0.635437873361885,-1.54171628980732,1.44414537750154,0.0335483571953738
-0.745522315974719,0.666079782611354,0.023112757951014,-0.665036919681548,-0.741178527641258,-0.0915438999825527,-0.0438448610919129,-0.0836188576814383,0.995532779367853,8.41570613286616,4.96722027906787,0.63559936720007,-1.55370165246126,1.44091998115662,0.0309302144949196
-0.748238139914269,0.66303288615475,0.022958176211053,-0.661951006952044,-0.743813063976004,-0.0925364266319217,-0.044278102633366,-0.0844364715980712,0.995444590065795,8.40790820915024,4.9744173006404,0.63574681593876,-1.56531210630271,1.43781575327647,0.0280370093066543
-0.750984095977881,0.659925925451229,0.0228179864498136,-0.65880564186328,-0.746474795998899,-0.0935441349712192,-0.0446991480611863,-0.085282775844491,0.995353622742622,8.40005312870249,4.98159864497277,0.635880041314677,-1.57659744816381,1.43466735430628,0.0253712148656936
-0.753757824070556,0.656761014869471,0.022674038018027,-0.655602675732478,-0.749164543591127,-0.094538977138079,-0.0451029292267835,-0.0861246536917329,0.995262914913262,8.39214187721739,4.98876394307894,0.636001014267227,-1.58789138404678,1.43132547208682,0.0231292823324402
-0.756553536619404,0.653544456926048,0.0225030897858508,-0.652348092652352,-0.751880880658559,-0.0954835447234202,-0.0454830984159176,-0.0869182611500449,0.995176619317969,8.38417365679834,4.99591198994874,0.636111822264645,-1.59939432331899,1.42782162002001,0.0213094101507946
-0.759365991682698,0.65028193772925,0.022286591009945,-0.64904730456825,-0.754622191102772,-0.0963480416404053,-0.0458354350742051,-0.0876284780099721,0.995098167385115,8.37614706352146,5.00304262046319,0.63621428235764,-1.61130629477428,1.4243644974568,0.0197372323301882
-0.762187766790147,0.646981839356177,0.0220069920422342,-0.645708674982372,-0.757385104458539,-0.0970984582619029,-0.0461531711582091,-0.0882173627333447,0.99503144759571,8.36805969981735,5.01015585310887,0.636309826556372,-1.62371515476087,1.42089467314765,0.0186431615168109
-0.765012993236708,0.643650800638646,0.0216510280643607,-0.642339339775112,-0.760167894276682,-0.0976982348265784,-0.0464251306544992,-0.0886477261309373,0.994980546490999,8.35990908308369,5.01725239210991,0.636402671724406,-1.63658005516536,1.41778521518034,0.0189919602023987
-0.767840964379016,0.640288984241495,0.0212195683390932,-0.638941465340957,-0.762973683983517,-0.098106887712184,-0.0466267872521108,-0.0888885493616299,0.994949631138648,8.35169295917451,5.0243346892103,0.636501926373278,-1.64995198183011,1.4151929999714,0.0211508658012518
-0.770670291324523,0.636897219607335,0.0207179566130743,-0.635518218239127,-0.76580445052825,-0.0982860002100574,-0.046732176879968,-0.0889127392873036,0.99494252519253,8.34340842375594,5.03140548898979,0.636616308100031,-1.66397941059101,1.41323214133888,0.0250830722425758
-0.773499635933438,0.633476055246777,0.0201593809384798,-0.632072900014563,-0.768661165666329,-0.0982031642242754,-0.0467136198342619,-0.0887023101472718,0.994962179128693,8.33505197176487,5.03846830163601,0.636753725942104,-1.67870815621016,1.41199682522518,0.0302012136463699
-0.776326565003937,0.630027505885774,0.0195552114930842,-0.628609037024046,-0.771541653549976,-0.0978476132006881,-0.0465590274908118,-0.0882542841153933,0.995009265431428,8.32662059377168,5.04552664322441,0.636920581015319,-1.69384680834972,1.41143412466021,0.0370618531076134
-0.779148023426177,0.626554827366968,0.0189051816767568,-0.625128802912247,-0.774440648907219,-0.0972402236200005,-0.0462853903578983,-0.0875827016214723,0.995081370047747,8.31811265094757,5.05258379353393,0.637125681664674,-1.70939835098291,1.41150881316235,0.0452761752465966
-0.781959394416247,0.623063538719256,0.0182025328681234,-0.621635832358002,-0.777351130309833,-0.0964059756166587,-0.04591728882186,-0.0867009049818096,0.995175640609529,8.30952562311404,5.0596425968023,0.637373903824834,-1.72548896750668,1.41202794387098,0.054222305359219
-0.784752182261515,0.619564388260712,0.0174350576402416,-0.618139338397178,-0.780263902466281,-0.0953519839016893,-0.0454727474613959,-0.0856049724444712,0.99529092125423,8.30085665945582,5.06670486699506,0.63766757650111,-1.74220597269665,1.41290472089398,0.0632811072357153
-0.787517497892538,0.616068971121379,0.0165895549826707,-0.614648762900934,-0.783168161523921,-0.094098507106084,-0.0449787591806247,-0.084300970318782,0.995424661953824,8.2921025824049,5.07377241641283,0.638004877351755,-1.75950030701377,1.41413133731091,0.0713658322095115
-0.790242292535566,0.612594735425016,0.0156463803382195,-0.611176972007556,-0.786045452869164,-0.0927105976217747,-0.0444952579024872,-0.0828265425649652,0.995570156177316,8.2832610351819,5.08084677581441,0.638379704142546,-1.77712651067203,1.41558727550985,0.0785462713882576
-0.792913638895544,0.609159625985341,0.014577768101676,-0.607736394929885,-0.788876995693448,-0.0912664228690148,-0.0440957541159431,-0.0812258316982864,0.995719804329445,8.27433136024827,5.08792875561183,0.638787522108812,-1.79461468978748,1.41716153016255,0.0841425628847546
-0.79551613241363,0.605785397548301,0.0133467294460893,-0.604342064452945,-0.791640874620178,-0.08986320027326,-0.0438719979304784,-0.0795536155548398,0.995864684608176,8.26531519642193,5.09501838378328,0.639216103418475,-1.81172698849955,1.41853404774554,0.0864892041379238
-0.798034296853454,0.602494646868657,0.0118937605586416,-0.601007004040847,-0.794314174340421,-0.0886316734341605,-0.0439527261891525,-0.0778793485881036,0.99599345626567,8.25621571008974,5.1021137848426,0.639640735895634,-1.82761791040815,1.41944269362393,0.0809931890795124
-0.800460601798673,0.599298977426937,0.0101764740029938,-0.597734282760025,-0.796881233063539,-0.0877156063907184,-0.0444584320625965,-0.0762957144678555,0.996093575811216,8.24704347854578,5.10921202601578,0.640009906803588,-1.84026328526083,1.41957794992587,0.0638708192813514
-0.802799009766481,0.59619325590578,0.00820679781784384,-0.594519895176463,-0.79934640366836,-0.0871287620813412,-0.0453855060269881,-0.074825988499479,0.996163253331376,8.23782356622758,5.11630735548797,0.640253858367556,-1.8453680423236,1.41795946162232,0.028698972410992
-0.805059423276719,0.593162981661083,0.00608294174643901,-0.591366917279745,-0.801733084861244,-0.0866558121877898,-0.0465241242841685,-0.0733603286920616,0.996219738829634,8.22859720115704,5.12339069224481,0.640282040880099,-1.8443494050398,1.41526557111731,-0.0186868176990679
-0.807237694517515,0.590213676743824,0.00388848744167284,-0.588288453174542,-0.804036188506739,-0.0862699451318987,-0.0477912168871269,-0.0719279038766767,0.996264210052913,8.21937907773919,5.1304630045294,0.640061756726971,-1.84340939654618,1.41436202372156,-0.0703203928468003
-0.809360502184227,0.587309624100773,0.00172711977182724,-0.585260513500042,-0.806284098722267,-0.0858841282501584,-0.04904802587021,-0.0705220361747384,0.996303635229745,8.21016171681134,5.13753719995559,0.639578619749072,-1.84362736564545,1.4157452760295,-0.122837768023678
-0.8114446887511,0.584429128699043,-0.000332604431251335,-0.582264761146439,-0.808488267542766,-0.0855246699659075,-0.050252015130848,-0.0692048753613076,0.996335997644126,8.20094278415111,5.14462204713356,0.638836776267918,-1.84390204764248,1.41846691736549,-0.17325406740745
-0.813514821307201,0.581539035408235,-0.0024465915008534,-0.579269712216834,-0.810697644387665,-0.0849466296713226,-0.0513832270467622,-0.0676881059031035,0.996382498991984,8.19173070500496,5.15172188015292,0.637888568710714,-1.8335132785435,1.42099321647437,-0.168048077194067
-0.815661316108924,0.578502529167182,-0.00560724091084533,-0.576169363867014,-0.813169969573512,-0.0823617916566547,-0.0522061447009787,-0.0639486069511051,0.996586721828298,8.1825725131514,5.15883067240132,0.636954211378813,-1.83004759270855,1.42296116764552,-0.204853494534473
-0.817783763557196,0.575458263398622,-0.00880358725007248,-0.573072770847884,-0.815613926854548,-0.0797591476486125,-0.0530783889634631,-0.0601806398033963,0.996775288225936,8.17342939805252,5.16595284945499,0.635842879149168,-1.82713618805286,1.42601880174914,-0.239149411176197
-0.819879055432958,0.572409672036972,-0.012062413559746,-0.569981767861087,-0.81802728573175,-0.0771501400147502,-0.0540288697671026,-0.0563784281163583,0.996946515152552,8.16430096811902,5.17309124226916,0.63456454038376,-1.82425241301473,1.42934899330136,-0.271866973604624
-0.822106054568212,0.569160114961283,-0.0140854030666037,-0.566600000387176,-0.820329060487072,-0.0776187611447738,-0.0557321684805205,-0.0558300641022112,0.996883608722103,8.15522611113137,5.18009088203883,0.633509949794235,-1.80755769334023,1.3815347948358,-0.180120951967788
-0.824398838267356,0.565802624978554,-0.0152952617110978,-0.563045329117816,-0.822544150045971,-0.0800067408645174,-0.0578490520410085,-0.0573455385581974,0.996676966918283,8.14620842120639,5.18697733181473,0.632582127100277,-1.79984895267848,1.37228931407186,-0.188552829857001
-0.82670288314863,0.562401975213324,-0.0163205781115075,-0.559451923246587,-0.8247574624927,-0.0823934077356789,-0.0597987338447634,-0.0589842889145473,0.996466238811837,8.13722640955675,5.19381056233434,0.631633718880657,-1.79286731505563,1.36039375610328,-0.189794257846336
-0.829034773048365,0.558933309620504,-0.0171726664591261,-0.555809167532676,-0.826998725072988,-0.084553403327646,-0.0614614868293994,-0.0605529860892387,0.996270957878627,8.1282792769206,5.20057868081805,0.630689225814134,-1.78600507277386,1.34628223978454,-0.187152786754479
-0.831400413155962,0.555386955771899,-0.0178516767424893,-0.552117887610584,-0.829282299492647,-0.086352220171888,-0.0627629762242206,-0.0619370414744721,0.996104719248367,8.11936535570877,5.20727158085395,0.6297660999217,-1.77966912712674,1.33051994050152,-0.181476536239542
-0.833797885046581,0.55176452787013,-0.0183573602705012,-0.548387712203671,-0.831612783353306,-0.0876988920533889,-0.0636553532381425,-0.0630561999142054,0.995977867051526,8.11048122385341,5.21388370556066,0.628876478801391,-1.77413923920164,1.31435656042171,-0.174258048993048
-0.836219751087472,0.548075490386137,-0.0187025326948567,-0.544629147555624,-0.83398467082312,-0.0885926659768499,-0.064153094422956,-0.0638969926526059,0.995892340971609,8.10162253576963,5.22041620564848,0.628024077860686,-1.76946522413368,1.29876270385516,-0.166642111436201
-0.838657825409491,0.544330428824034,-0.0189059814785464,-0.540850246989435,-0.836389511738475,-0.0890707302392,-0.0642966734045517,-0.0644745601777934,0.995845855983238,8.09278532346207,5.22687305694021,0.627210286030315,-1.76550111363738,1.28425808506436,-0.158876044681619
-0.841104243395909,0.54053949402864,-0.0189922915062002,-0.537055452511541,-0.838817146374598,-0.0892033400473308,-0.0641489880591943,-0.0648293941298047,0.995832343814833,8.08396639741431,5.23326078080004,0.626435175401218,-1.76214397771751,1.27106348554191,-0.151219006546994
-0.843551564836019,0.536712754623494,-0.0189783162363258,-0.533248592680374,-0.841256482227129,-0.0890700259079216,-0.0637706505149919,-0.0650149993101481,0.995844543087724,8.07516282086478,5.23958562554053,0.625697522940049,-1.75933763587571,1.25913445780502,-0.143997160399313
-0.845991403018269,0.5328622852226,-0.0188767318815663,-0.529435263759988,-0.84369471571063,-0.0887554402239744,-0.0632206256420487,-0.0650923318779406,0.995874560787713,8.06637210550815,5.24585392710145,0.624994531075347,-1.75696250163485,1.24837681431407,-0.137262684123934
-0.848416248806243,0.528999294742352,-0.018697992502912,-0.525620815695317,-0.846120157435696,-0.0883370663356092,-0.062550994151441,-0.0651185483797602,0.995915130815663,8.05759236984069,5.25207100132533,0.624324418053352,-1.75493941660139,1.23864495847995,-0.13084296748624
-0.850819706082256,0.525133649042293,-0.0184520564065213,-0.521810217292477,-0.848522992699284,-0.0878796221534302,-0.0618055407814062,-0.0651412427282213,0.995960186766791,8.04882184470617,5.25824181879953,0.623685786541122,-1.75329103972285,1.22982031025039,-0.124608196943334
-0.853197253190303,0.521272600005715,-0.0181472761538635,-0.518007686786717,-0.850896837628991,-0.0874220117753942,-0.0610121592667924,-0.065187791773194,0.996006058327628,8.04005863561921,5.26437001696992,0.623078262013999,-1.75197294638173,1.22141193836481,-0.118374182945504
-0.855544154281529,0.517424120604682,-0.0177898704653702,-0.514220484596454,-0.853237179160074,-0.086969013564307,-0.0601788442568638,-0.0652579153469631,0.996052162885296,8.03130131586664,5.27045637085038,0.622501886775515,-1.75096040986784,1.21312023116385,-0.112206863174047
-0.857857448395102,0.513593562534637,-0.0173853603939073,-0.510453900101214,-0.85554184925336,-0.0865156635968404,-0.0593077912630891,-0.0653436814016593,0.996098784858396,8.0225480844078,5.27650170729718,0.621956401029743,-1.75036759213876,1.20499971601095,-0.105823569512978
-0.860136475680423,0.509782442632955,-0.0169441549579648,-0.506709827225589,-0.857812097695709,-0.0860439192500047,-0.058398580437153,-0.065423743626196,0.996147247937201,8.01379662067921,5.28250664601786,0.621444253019974,-1.75024619979894,1.19688243448013,-0.0989137701405246
-0.862380868755216,0.50599215130638,-0.0164675444842497,-0.502989736613053,-0.860047974498983,-0.085550022923022,-0.0574505184217809,-0.0654936972275878,0.996197778333464,8.00504467203032,5.2884703340718,0.620968591563488,-1.75054002350333,1.18838762595916,-0.0909012614160826
-0.864593646980498,0.50221845310967,-0.0159515189587966,-0.499290082179793,-0.862252904025871,-0.0850255451958257,-0.0564556413289,-0.065548110995534,0.996251075636589,7.9962902484687,5.29439017677093,0.620537161223094,-1.75125646958834,1.17938416893537,-0.0812869805924964
-0.866778552387947,0.4984557532254,-0.0153884111186242,-0.495605945511236,-0.864430590590917,-0.0844659743598139,-0.0554047641829665,-0.0655867069392755,0.996307530825042,7.9875310273942,5.30026378615659,0.620157614439061,-1.75247361397287,1.16982765263033,-0.0700702826130919
-0.868941594772926,0.494694451695003,-0.0147615831015899,-0.491928995665119,-0.866586569001238,-0.0838664512816125,-0.0542804577853964,-0.0656133971749979,0.996367660060163,7.9787643385653,5.30608819340577,0.619838130734608,-1.75425522083859,1.15980608140181,-0.0573831056981512
-0.871088573128758,0.490924784601186,-0.014055377219569,-0.488250172703637,-0.868725722829242,-0.0832309278434346,-0.0530703930584027,-0.0656389698204506,0.996431161205598,7.96998739298856,5.31186139005056,0.619586116788576,-1.75658226556682,1.14930264064718,-0.0429435842819178
-0.87322524253787,0.487136621957285,-0.0132509374280988,-0.484559727690941,-0.870852132560369,-0.082573806471179,-0.0517643322642086,-0.0656846615512611,0.996496853553556,7.96119698710995,5.3175814296208,0.619410065599427,-1.75968871031383,1.13859757339984,-0.0270223177240884
-0.87535591532117,0.483321783722664,-0.0123318648784483,-0.480849430157015,-0.872968250921143,-0.0819161669107852,-0.0503571944205791,-0.0657760310662169,0.996562926616912,7.95238890548471,5.32324742553824,0.619318062732915,-1.76366427159731,1.12766479867285,-0.00913594900595033
-0.877482886752599,0.479475179906432,-0.0112842948393114,-0.477113611038468,-0.875074112706222,-0.0812889871584768,-0.0488506460362481,-0.0659458044542086,0.996626693028402,7.94355866763083,5.32885830296673,0.619320859872092,-1.76855497016343,1.11663056072556,0.0107313828186017
-0.8796071256378,0.475593595668344,-0.0101013012262584,-0.473348515263459,-0.877169249223012,-0.080717354487229,-0.0472492076662302,-0.0662181242319205,0.996685844385341,7.93470165553969,5.33441410027821,0.619427202660693,-1.77437088614854,1.10560748419983,0.032343670383255
-0.881726191377483,0.471679872339125,-0.00877618761799019,-0.469557003204074,-0.879250402388403,-0.0802181440937201,-0.0455537504599614,-0.0666095183136658,0.996738695892285,7.92581315529394,5.33991483107294,0.619645939588536,-1.78117850849413,1.09465449408458,0.0556015520091958
-0.883837630526792,0.467736747766825,-0.00730600118392774,-0.465742225459115,-0.881315205113147,-0.0797977985959712,-0.0437632527262019,-0.0671255839817079,0.996784296468367,7.91688792760274,5.34536113039485,0.619985285649992,-1.7890825467293,1.08379157371416,0.0808789579664147
-0.885940570426654,0.463763932732266,-0.00568510059708415,-0.461904413252362,-0.883362443659016,-0.0794676421618437,-0.0418762306098246,-0.0677776351717481,0.996821234465056,7.90792034439265,5.35075320884803,0.620456384835266,-1.79809809516515,1.07298507044907,0.107912401109518
-0.888035519172484,0.459758251242809,-0.00390731393818654,-0.458041598871908,-0.885393082825766,-0.0792274105796252,-0.0398849644718836,-0.0685670423632276,0.996848910472713,7.89890499549657,5.35609192252711,0.621064801773726,-1.80819451045083,1.06261156465539,0.135739071959187
-0.890123378784971,0.455715336068079,-0.00197560441013804,-0.454150105194162,-0.887408911123565,-0.0790765857294079,-0.0377895817992049,-0.0694906967215537,0.99686658614711,7.88983633057804,5.36138069278573,0.621813580980381,-1.81946305936348,1.05301726144567,0.163934374906094
-0.892205540624271,0.451629562968269,0.000105510386042847,-0.450225349242489,-0.889413024155355,-0.0790038439716948,-0.0355866292142197,-0.0705351707725664,0.996874305770419,7.88070811729969,5.36662385485447,0.622702939512835,-1.83205694791614,1.04452495615334,0.191722250713641
-0.894284694952304,0.44749247589979,0.00231697801905469,-0.446259524601599,-0.891411800844631,-0.0789774525879836,-0.0332764342503721,-0.0716623006050507,0.996873709953057,7.8715138194646,5.37182813805585,0.623727638799843,-1.8457655503001,1.03750316175195,0.217551881248044
-0.896362731348149,0.443297235837051,0.00462758568983248,-0.442245942257064,-0.893412896323163,-0.0789425312529229,-0.0308606611602639,-0.0728076739271818,0.9968684277326,7.86224925828178,5.37700100103414,0.624872434039933,-1.86005147697002,1.03190789123364,0.239161178160162
-0.89844131138463,0.439037621297228,0.00701263738810303,-0.438178422153567,-0.895423739667676,-0.0788415930747542,-0.0283351434878355,-0.0739073306595897,0.996862491078031,7.85291305705277,5.38214876417203,0.626111834114414,-1.87422359772732,1.02730110753427,0.255499992230322
-0.900521681736849,0.434708602529325,0.0094409538097635,-0.434050620934112,-0.897451115796957,-0.0786228543205426,-0.02570523659779,-0.0748994368590244,0.996859726927341,7.84350832649542,5.38727509012882,0.627417878951385,-1.88710261701098,1.02331853414412,0.264946978287846
-0.902603275398385,0.430309963912317,0.0118601095226174,-0.429858823313538,-0.899500889024498,-0.0782275057996801,-0.0229938961380886,-0.0757065756847994,0.99686498340471,7.83404545288562,5.39238366351947,0.628745746388356,-1.89707280734827,1.02048336935185,0.262821198454546
-0.904670513518499,0.425875715927699,0.0141822619227379,-0.425631055833937,-0.901568666875189,-0.0775380114433047,-0.0202352731600699,-0.0761827637459061,0.996888519458506,7.82454477796367,5.39748251437332,0.6300178635025,-1.90126334023504,1.01950019433447,0.239219283760044
-0.906690842243007,0.421479479313287,0.0163329455539185,-0.421434072280544,-0.903630409367645,-0.0764552548037018,-0.0174653747083621,-0.0762045391289964,0.996939230295625,7.8150363292055,5.40258028633239,0.63111322069385,-1.90212966486284,1.01971000094975,0.196229515233353
-0.908662170121717,0.417126733790881,0.0183942530873967,-0.417272172691865,-0.905660559082838,-0.0752521469379581,-0.0147307327279389,-0.0760541890937855,0.996994867506641,7.80552088640156,5.40768181216621,0.631970499483291,-1.90489934729328,1.02161174551274,0.145410132401647
-0.910614282857621,0.41275151944646,0.020440426862972,-0.413082603807117,-0.907676955821473,-0.0740628537297625,-0.0120162509808265,-0.0758862771870019,0.997044072570046,7.79598488800922,5.41279704514269,0.632566064022433,-1.90960792310634,1.024157191991,0.0931163668158084
-0.912556588451073,0.408328700784019,0.0225420715679694,-0.408846032639905,-0.909690950748652,-0.0728511888758431,-0.00924091278773392,-0.0756970689131932,0.997088039888555,7.78642410719364,5.41792193572081,0.632903929358201,-1.91494376807143,1.02558521924383,0.0423561562804629
-0.914495905608201,0.403836332464343,0.0247680279308735,-0.404545830980517,-0.911713642860607,-0.0715604922993423,-0.00631737778817935,-0.0754615796520997,0.997128698180075,7.7768344027901,5.42305169899384,0.632992082100655,-1.92122625940104,1.0260478803981,-0.00661681321588076
-0.916434695271145,0.399261476312133,0.0271610536676956,-0.400171826590938,-0.913757832689182,-0.0700652010775852,-0.003155710087395,-0.0750792696569845,0.997172575215353,7.76721068037155,5.42818117260026,0.632840231508761,-1.92855814603051,1.0254239183838,-0.053641075746512
-0.918276245344804,0.394879369561466,0.0289658545565152,-0.395938995590739,-0.91562335236757,-0.0697580702841667,-0.00102420996240832,-0.0755258902225776,0.997143315125785,7.75756884516289,5.43322992002401,0.632635844508633,-1.91939260301523,0.962920844602576,0.0447130915749993
-0.919787998847688,0.391388211416216,0.0283778987978466,-0.39240460802502,-0.916811656830152,-0.073993307137078,-0.00294291972293954,-0.079193774154078,0.996854896842433,7.7479688015144,5.43800801719906,0.632801619183098,-1.92197550318662,0.948076142901329,0.0227129230255538
-0.921255847209084,0.38797565795304,0.0276143589275271,-0.388925868889296,-0.917956878361464,-0.078050227274377,-0.00493279756109493,-0.0826441667922271,0.996566911553579,7.73834467439066,5.44271043909063,0.63286614660773,-1.92794770159257,0.93282409119942,0.00349691808481089
-0.922692560182761,0.384613607247412,0.0266610671863439,-0.385473449239556,-0.919081797466475,-0.0818466217821609,-0.00697562289265204,-0.0857964025232198,0.996288270531844,7.72868728015724,5.44733688826484,0.632837732934557,-1.93537609463333,0.917839364235658,-0.0144457493082513
-0.924108378553464,0.381278732435878,0.0254996642993185,-0.382021816077379,-0.920195111034674,-0.0854417325949414,-0.0091124490796662,-0.0886988490340991,0.996016805807913,7.71898920090618,5.45188999009795,0.632721658574604,-1.94397296112597,0.903549234332066,-0.0319548537551678
-0.925464236530077,0.37800568793084,0.0250528799887946,-0.378711680107652,-0.921450602951831,-0.0866386153498906,-0.00966489802535618,-0.0896687582809013,0.995924747927533,7.70936605482055,5.45639448558631,0.632806559760587,-1.92158323590653,0.89476198437875,0.0252205443968399
-0.926810947500763,0.374712702781457,0.0247357629143356,-0.375400785497694,-0.922768176741414,-0.0870238027268462,-0.00978354948132754,-0.0899404378883141,0.995899091169384,7.69975487247509,5.46083498782427,0.632931303202736,-1.92302370445758,0.881623402723894,0.0246529543210627
-0.928161785028988,0.371377332555622,0.024383963493946,-0.372046392190826,-0.924107219028361,-0.0872200080111217,-0.00985813722737088,-0.0900262439710808,0.995890602690309,7.69013544323191,5.46521130145625,0.633055492005178,-1.92463000312072,0.868857483232553,0.0256584116428557
-0.929516586079528,0.367998572121472,0.0239993149822388,-0.36864639449234,-0.925455764780147,-0.0873582466799272,-0.00993740564016104,-0.0900482001583075,0.995887829836971,7.68050770262231,5.46952369843651,0.63318951914062,-1.92656654356006,0.856058196806911,0.0281037974356106
-0.9308754074651,0.364574541063444,0.0235877041075159,-0.36519886916626,-0.926808503961536,-0.0874973310693815,-0.0100380145631218,-0.0900633165776124,0.995885453890492,7.67086815658102,5.47377209500865,0.633336550576183,-1.92945774610593,0.843212858359596,0.0306391546812896
-0.932236207412241,0.36110850412199,0.0231581916483045,-0.36170759644972,-0.928160783156498,-0.0876651314998371,-0.0101620992027851,-0.0901011035509337,0.995880777442108,7.66121118929272,5.47795609719851,0.633495404603805,-1.93356914740577,0.830384770262419,0.0327934032087144
-0.933596676220204,0.35760465551935,0.0227190779186569,-0.358177125300846,-0.929507035682516,-0.0878966297870565,-0.0103147012467013,-0.0901974554385442,0.995870486544613,7.65153062649732,5.48207655579039,0.633664463095629,-1.93881792140863,0.817857291427136,0.0348996617057006
-0.934952990788776,0.354071496131418,0.0222773571678008,-0.354616198249362,-0.930840576588099,-0.0882222926266708,-0.0105003311515343,-0.0903836080514371,0.995851668895179,7.64182124727715,5.4861357140013,0.633844258835095,-1.94513074089591,0.805940027797533,0.0369325745224175
-0.936304077078748,0.35051035953641,0.0218440633438906,-0.351026860168368,-0.932158210439255,-0.0886634882633425,-0.0107153481535737,-0.0906838385179161,0.995822083881255,7.63207727545003,5.49013720389592,0.634032964344486,-1.95272834811519,0.794820640034636,0.0383113307183473
-0.937653306290399,0.34690986450181,0.0214434865173307,-0.347400034994115,-0.933463820449474,-0.0892104904030924,-0.0109312802896525,-0.091097979248764,0.995781936614649,7.62229214839414,5.49408536610952,0.634226153085871,-1.96145150220593,0.78462219516552,0.0388096277563008
-0.93900363833106,0.343259578460504,0.0210957103731682,-0.343727289059054,-0.934761093151289,-0.0898512631336982,-0.0111228574181914,-0.0916218343285281,0.995731751787162,7.61246146854847,5.49798474266707,0.634420162317171,-1.9708979785715,0.775290238412019,0.0386479503929728
-0.940356605684027,0.339553312023408,0.0208087106844746,-0.340003331278398,-0.936052069868761,-0.0905773548631301,-0.0112778041305927,-0.0922500449232603,0.995672004399867,7.6025818901117,5.50183927319848,0.634611998010931,-1.98099688399692,0.766631779832025,0.0379919413394712
-0.941712268094917,0.335789276826818,0.0205807115438287,-0.336226491460734,-0.937338155462044,-0.0913724726327237,-0.0113908103106317,-0.0929663588785499,0.995604090769686,7.59265150725679,5.50565216484211,0.634798947732708,-1.99093874242927,0.75867199724145,0.0365731591213635
-0.943072649252958,0.331960428655165,0.0204022557107243,-0.332389227924648,-0.93862323691531,-0.0922161606351212,-0.0114620849177945,-0.093748028937709,0.995529973270334,7.58267214241419,5.5094268177812,0.634976960532128,-2.00070525828756,0.751274136026154,0.0345345838992413
-0.944437950082566,0.328064640425151,0.0202620370782012,-0.328488601364312,-0.939908505606569,-0.0930980121277812,-0.0114977048822799,-0.0945811439513336,0.995450757190579,7.57264435877042,5.51316541167238,0.635143764685541,-2.01021353338478,0.744166296754923,0.0321332389274923
-0.945807667719804,0.324102088375807,0.0201417971607858,-0.324523409648312,-0.941195641767927,-0.0939963856076096,-0.0115070531700987,-0.0954389869366874,0.995368769602422,7.5625699746535,5.51686874090389,0.635298196742955,-2.01941346499413,0.737150515696384,0.0297181054051381
-0.947180206051409,0.320076153762,0.0200228134220812,-0.320495561410454,-0.94248549320411,-0.0948877769578611,-0.0115001035042546,-0.0962930469594337,0.995286590247583,7.5524498054547,5.52053687367082,0.635441175867129,-2.02861358995729,0.729981938258653,0.0275533582039694
-0.948552286803116,0.315995722704719,0.0198812080342823,-0.316412003674089,-0.943778432006335,-0.0957377418295036,-0.0114892615745451,-0.0971029068153306,0.99520802968851,7.54228315191263,5.52416840176419,0.635574027488512,-2.03803175769659,0.722551949563816,0.0256910634051919
-0.94992079289653,0.311869435342399,0.0196962565488983,-0.312279613600377,-0.945074614086072,-0.0965164065828248,-0.0114860851653727,-0.0978336808531446,0.995136493521516,7.53206860905326,5.52776234069608,0.635698248339854,-2.04782493358164,0.714934193055614,0.0240283721720053
-0.95128214495942,0.307707639214451,0.0194496645337383,-0.308107224705134,-0.946374421885803,-0.0971874049700463,-0.0114986419157223,-0.0984452252238814,0.995076036725191,7.52180384933909,5.53131771155959,0.635814659287758,-2.05813897187242,0.707130374137552,0.0227223556230231
-0.95263334349662,0.303519224897176,0.0191257150524743,-0.303902470124367,-0.947679021178605,-0.0977126474427396,-0.0115326280942016,-0.0988966780826252,0.995030876683464,7.51148610823784,5.53483395646541,0.635927066340087,-2.06902385383443,0.699401497100402,0.0227853625353458
-0.953973882970428,0.299304551038935,0.0187247520065562,-0.299666212415888,-0.948992863989114,-0.0980444043995115,-0.0115754804064879,-0.0991429766807563,0.995005868539597,7.50111234502402,5.5383123011184,0.636044667378817,-2.08058931504141,0.691955545570621,0.0247222081204082
-0.955302906781421,0.295064693809636,0.0182532945517946,-0.295400670707159,-0.950319706179603,-0.0981371478721172,-0.011610341972966,-0.0991427380786871,0.995005486138409,7.4906786907231,5.54175414450309,0.636176187478141,-2.09303589904098,0.684832458294559,0.0283753926567895
-0.956619648234296,0.290800142046993,0.0177236000163948,-0.291107943672627,-0.951661836276213,-0.0979587387938513,-0.0116195414189688,-0.0988687350016981,0.995032642427562,7.480180399898,5.54516136549309,0.636329867640678,-2.1064081868844,0.67811750501392,0.033418646828907
-0.957922799722227,0.2865134146189,0.0171456413046896,-0.286791655911449,-0.953018317147632,-0.0975019655220623,-0.0115955108511681,-0.0983165826527496,0.995087631168022,7.46961341920254,5.54853616822849,0.636512583897502,-2.1204440080102,0.671892668312007,0.0401793065106115
-0.959210582935743,0.282209482079218,0.0165186503277814,-0.282456430116128,-0.95438430615974,-0.0967933946199057,-0.0115508731325979,-0.0975110474796109,0.995167409509226,7.45897468325385,5.55188105992838,0.63673246771395,-2.13511942172612,0.666106684376837,0.0480893041882737
-0.96048067710662,0.277895938683538,0.0158340193256106,-0.278108764944234,-0.955754297634557,-0.0958605101919789,-0.0115058144432019,-0.0964757472957267,0.995268831229899,7.44826096474085,5.55519770210413,0.636993761013329,-2.15046187381416,0.660519200954361,0.0565560881283247
-0.961729000262575,0.273587292772197,0.015077244029614,-0.273761764527925,-0.957122718974685,-0.0947132361661404,-0.011481565072119,-0.0952160388594606,0.995390415669856,7.43746878719436,5.5584865832522,0.637297418483413,-2.16650050699907,0.655015771945463,0.0649004840380264
-0.962951464949439,0.269298848572899,0.0142339842996219,-0.269429186175354,-0.95848147086522,-0.0933872777466614,-0.0115060761607594,-0.0937624667196676,0.995528106105512,7.42659491296012,5.56174828012178,0.637641058323839,-2.18306943201492,0.649661341824733,0.0722872747000595
-0.964142541275916,0.265052334558133,0.0132823208552543,-0.265130173939496,-0.959817411668594,-0.0919593775784367,-0.0116254448874355,-0.0921834920312992,0.995674170011498,7.41563758751579,5.56498349935705,0.63801839389526,-2.19983690466085,0.644409868833665,0.0785656323325429
-0.96529666993777,0.260870938144683,0.0121939591013678,-0.260884955776961,-0.961118041151793,-0.0905049767791424,-0.0118902841137459,-0.0905453731786078,0.995821347702308,7.40459664764398,5.56819280639423,0.638423464881769,-2.21635529066532,0.639311718866039,0.0829556660643247
-0.966408047074127,0.256780029854042,0.0109317344702918,-0.2567152153188,-0.962370601398581,-0.0891073722402099,-0.012360613827552,-0.0889204241549175,0.995962034112704,7.39347426258555,5.57137667882314,0.63884231400026,-2.23235601814258,0.634032775245729,0.0833463673550553
-0.967470531371799,0.252808169422309,0.00942339644235272,-0.252642016957014,-0.963557805661885,-0.0879111279414886,-0.0131446641288627,-0.0874321715468277,0.996083748077212,7.38227583330614,5.57453311481056,0.639242635278099,-2.24635399632791,0.628556777380938,0.0741500054845116
-0.968479212364729,0.248977237743694,0.00763873699726253,-0.24868382112396,-0.96466821376303,-0.0870149094490816,-0.0142958850225952,-0.086171761272275,0.9961777227135,7.37101547049944,5.57766386829605,0.639570653783585,-2.25623228828337,0.62412133677004,0.054471095823316
-0.969426573362418,0.245316541069102,0.00564920673120943,-0.244878173477728,-0.965707439260273,-0.0862775863801189,-0.0157098380963133,-0.0850231523483954,0.996255120213557,7.35972424653111,5.58077684414808,0.639765412961854,-2.25756450221148,0.621461837036126,0.0182288103784286
-0.970309090110699,0.241841764936542,0.00358195211111367,-0.241254885415298,-0.966688081610693,-0.0854999013747433,-0.0172148166356543,-0.0838254949536114,0.996331740176927,7.34844504880228,5.58387994882837,0.639737527182706,-2.25443351492338,0.619857589202581,-0.0302100772244072
-0.971130768856605,0.238542975073595,0.00150957709881124,-0.237813264517557,-0.967625068692398,-0.0845374334690551,-0.0187051062408608,-0.0824559002198768,0.996419160554156,7.33717573967415,5.58697658261198,0.639459372868599,-2.2540674258124,0.618998033316644,-0.0815774094195506
-0.971904218020758,0.235376177901506,-0.000495852737559136,-0.234517212908742,-0.968532987264204,-0.0833398429959654,-0.0200964634444532,-0.080882058934941,0.996521060840899,7.32590227808848,5.59007162938788,0.638922298747927,-2.25548739139805,0.619346343705414,-0.133038764974378
-0.972640092948776,0.232304848815478,-0.00238889208935718,-0.231332148464621,-0.969410962998923,-0.0820233009835774,-0.0213702287151806,-0.079226523553151,0.996627548932069,7.31461983246479,5.59317211565542,0.638131825943076,-2.25768332539692,0.621247213482288,-0.182594799995568
-0.973357774707686,0.22924767639499,-0.00448834976367206,-0.228160806764069,-0.970313536696602,-0.0802140060095603,-0.0227439810251454,-0.0770528608867358,0.996767559642817,7.3033405100739,5.59628961331276,0.63716980291405,-2.247433311233,0.627632575187782,-0.172561570692124
-0.974084516035155,0.226056417222646,-0.00760604056126033,-0.224831576398218,-0.971383413429853,-0.0765834601442067,-0.0247005642617957,-0.0728886846213302,0.997034162794496,7.29211147320394,5.59943496378549,0.636218758685256,-2.24496075557642,0.630968221337888,-0.207225592688472
-0.974773641925373,0.222936966827463,-0.0107450374273694,-0.221588330159901,-0.972398695011599,-0.0730711288860789,-0.0267387162087459,-0.068846835522845,0.997268847550147,7.28088842505629,5.60260102574872,0.63510030756441,-2.24431652173029,0.635614139251518,-0.239768853398188
-0.975425475394326,0.219890082770515,-0.0139101923397493,-0.21843152939233,-0.97336240611201,-0.0696655821418728,-0.0288584289087317,-0.0649151589924458,0.997473414790542,7.26966711578021,5.60579201879068,0.633822984805244,-2.24438186337342,0.640966989909152,-0.270703250539715
-0.976098639794246,0.216738266153176,-0.015999042994479,-0.215169993131962,-0.974132645581109,-0.0690468164996934,-0.0305502773705177,-0.0639539896962336,0.997485121570502,7.25852726293697,5.6089005281225,0.632721782336313,-2.21222951813741,0.604620888762144,-0.177238524201559
-0.976786268795349,0.213536969734261,-0.0170454583267623,-0.21184510982807,-0.97471788889428,-0.0710400345679213,-0.0317841868669482,-0.0657799333093897,0.997327812626831,7.24748694380978,5.61191840860932,0.63180954430595,-2.20430653313363,0.602323534288884,-0.186637101549852
-0.977443320770189,0.210436118218385,-0.0179219092432653,-0.208624475498252,-0.975257289076985,-0.0731371883879226,-0.0328691786454318,-0.0677485073738825,0.997160848029938,7.23648322850026,5.61492099063787,0.630862515757149,-2.19707126880793,0.598151693764017,-0.19113647445871
-0.978072169193599,0.207429490598483,-0.0186504230242354,-0.205513309836045,-0.975778157685368,-0.074975105631025,-0.0337507233872522,-0.0694981540345028,0.99701098050956,7.22551625609838,5.61789763293229,0.629903655352724,-2.18961804618472,0.592136518368998,-0.191574439906077
-0.978672625258497,0.204521937424024,-0.01925278374586,-0.202522861225102,-0.97629543050652,-0.0763657190975516,-0.0344148696182234,-0.0708379099381941,0.996893979952106,7.21458646177002,5.62084125928098,0.628950706744904,-2.18227701941768,0.585031148792942,-0.188852263722753
-0.97924340007309,0.201723749338907,-0.0197456923390663,-0.199667038551774,-0.976817082852387,-0.0772104938704475,-0.0348631199014028,-0.0716653026255236,0.996819265097908,7.20369255264113,5.62374735146321,0.628019017936062,-2.17539539147484,0.57737088221876,-0.18340540104251
-0.979783586273902,0.199043201987165,-0.0201476502587439,-0.196953425825937,-0.97734340851718,-0.0775190936701924,-0.0351208217967508,-0.0719837868600812,0.996787270336858,7.19283106104253,5.62661548930746,0.627118996393062,-2.16933487473343,0.569949247669508,-0.176272215473039
-0.980292514938305,0.196487204149246,-0.0204783730199804,-0.194385873829377,-0.977870568013792,-0.0773516920821591,-0.0352238159704834,-0.0718465783318603,0.996793535277232,7.18199749192157,5.62944803265051,0.626257902047003,-2.16427366488578,0.563258236309836,-0.167978716661492
-0.98077072949348,0.194057271820929,-0.0207497330644316,-0.191961195982653,-0.978391250118861,-0.0768209667197876,-0.0352090244928303,-0.0713606119947913,0.996828966096989,7.17118667993255,5.63224937954518,0.625440438089368,-2.1601850977053,0.557452717553596,-0.158830256283469
-0.981219040971623,0.191754080547099,-0.0209658347858122,-0.189675620014171,-0.978897688535475,-0.0760425838076489,-0.0351048829505096,-0.0706377234446319,0.996884125272135,7.16039408392544,5.63502390811043,0.624669913004728,-2.15697683424997,0.552556696924427,-0.149417131281213
-0.981638540019114,0.189577633777997,-0.0211210208152361,-0.187525154287872,-0.979381821261525,-0.0751369728680159,-0.0349298333584885,-0.0697966256605205,0.996949516168173,7.14961551660778,5.63777605913944,0.623946331832196,-2.15453430655239,0.548444481816855,-0.139998213856008
-0.982030300653933,0.187527601063847,-0.0212105501292418,-0.185506278503335,-0.979837649267602,-0.0741997420048352,-0.034697395196032,-0.0689317047299685,0.997017808692318,7.13884747608565,5.64050903861754,0.623269998752391,-2.15274621102441,0.544815381535444,-0.130520096263181
-0.982395385540172,0.185602979894568,-0.0212330008155348,-0.183616077087397,-0.980262475041613,-0.0732844885383466,-0.0344157333847632,-0.0680956230572013,0.99708502316304,7.12808685741017,5.64322463103999,0.622641268856697,-2.15155524776022,0.541460564278934,-0.120923313115046
-0.982734756015431,0.183802360853554,-0.0211917782158841,-0.18185160850125,-0.980655132715686,-0.0724258459659806,-0.0340938675541423,-0.0673216371090289,0.997148637552176,7.11733107365547,5.6459234379943,0.622060995219295,-2.1507221305011,0.53795731191153,-0.111121573777534
-0.983049403906615,0.182123443998332,-0.0210931416587447,-0.180209550983004,-0.98101593129389,-0.0716397953799821,-0.0337399942702056,-0.06662427255714,0.997207510547769,7.10657882359281,5.64860391895194,0.62152986525654,-2.15016929863933,0.534169352052639,-0.101368768319276
-0.983340415750931,0.180563134669492,-0.0209423291234114,-0.178685979157263,-0.981345397051225,-0.0709403449313878,-0.033360869344138,-0.0660164076930949,0.997260691249737,7.09582802636308,5.65126538233005,0.621046694355748,-2.15027291412894,0.530477760792899,-0.091996524004052
-0.983609127775818,0.179115474925025,-0.0207540453521387,-0.177274049679828,-0.981645635155752,-0.0703260854148338,-0.0329696082204473,-0.0654942258679599,0.997308132580772,7.08507507607099,5.65390861237592,0.620609422235385,-2.15088426723651,0.526730836176085,-0.0829446435660579
-0.983856411562817,0.177777406329036,-0.0205366800057405,-0.175970567790531,-0.98191864769478,-0.0697863065417017,-0.0325717776336439,-0.0650458538891987,0.997350548299649,7.07431820981081,5.65653244981919,0.620216782212814,-2.15189203109731,0.52274039433082,-0.0741658233492
-0.984083445616353,0.176544252114705,-0.020295297709229,-0.174771625635976,-0.982167956120936,-0.0692891394215635,-0.0321659903687908,-0.064639252892356,0.997390152372236,7.0635549468641,5.65913605290515,0.619867477420357,-2.15348179070396,0.518696665598733,-0.0655453613746617
-0.984291397055526,0.175411078510604,-0.0200349499182592,-0.173672791966932,-0.982396541994252,-0.0688098510981357,-0.0317522757120039,-0.064249418779345,0.997428596528907,7.05278200776931,5.66171959761316,0.619561328347007,-2.15579052418699,0.51472714065247,-0.0568524701983662
-0.98448183694652,0.174371112826154,-0.0197541827007627,-0.172667764706565,-0.98260668202703,-0.0683370431542769,-0.0313265981818124,-0.0638656672054703,0.997466701598984,7.04199563017993,5.66428340951131,0.619299354020337,-2.158848331994,0.510772056439566,-0.0477749466637435
-0.984656244402002,0.173418141123093,-0.0194481024667203,-0.171750414671368,-0.982799246626903,-0.0678780958027304,-0.0308848736497002,-0.0634963712270454,0.997504052834193,7.03119212668497,5.66682713338755,0.619085046519456,-2.16263715124895,0.506630204643323,-0.0375317070881033
-0.984816502255423,0.172544402149145,-0.0191019939375153,-0.170913179477853,-0.982974159035147,-0.0674573031622028,-0.0304161464713394,-0.0631682828335568,0.997539285480875,7.02036789507992,5.66934940865692,0.618926014712123,-2.16712347914654,0.502186019180652,-0.0256213858371447
-0.98496459795812,0.171740596346912,-0.0187058369394641,-0.170146972500509,-0.983132224701362,-0.0670897645148825,-0.029912347251756,-0.0628983014091682,0.997571578966508,7.00951967173782,5.6718486877004,0.618831282112294,-2.17219464130217,0.497432367176992,-0.0116857463829837
-0.985102006056836,0.170999121297993,-0.0182575512627855,-0.16944395271187,-0.983274047810195,-0.0667899228352024,-0.0293731944496416,-0.0627012553165331,0.997600004024436,6.99864444671014,5.67432364814307,0.618811205996509,-2.17800303714702,0.492517653512971,0.00410160027663302
-0.985229859436904,0.170313419997554,-0.0177612793085035,-0.1687972056163,-0.983400574975001,-0.0665643486783,-0.0288032541575849,-0.0625831295763846,0.997624039627333,6.98773806439305,5.67677386380587,0.618873780003661,-2.1846355452124,0.487531458869534,0.0213004150936676
-0.985349005647512,0.169677785693536,-0.0172274812900109,-0.168200618009191,-0.983513325164665,-0.0664085184661629,-0.0282115077722775,-0.0625378946374364,0.997643785408164,6.97679637862215,5.67919913529469,0.619024953945729,-2.19216359935108,0.482587302154635,0.0393943003162197
-0.985460170063232,0.169087163514496,-0.0166668639392351,-0.167648695572038,-0.983613616936966,-0.0663186809969413,-0.0276073919800628,-0.0625602406549256,0.997659284624394,6.96581474205996,5.68160006763464,0.619267993305952,-2.20059007666277,0.477819405035594,0.0580021557676109
-0.985563801235706,0.168537534506308,-0.016096370906577,-0.167136953500691,-0.983703476698956,-0.0662775128146388,-0.0270043046260252,-0.0626304190703011,0.997671387852104,6.95478918322088,5.68397727551957,0.619605534406202,-2.20964008579288,0.472990346149578,0.0773075288046426
-0.985661213375614,0.168019810947066,-0.0155343353969328,-0.166655909359518,-0.98378623799964,-0.0662604391629545,-0.0264155318414024,-0.0627214560722872,0.997681431432754,6.94371714087973,5.68633004234734,0.620041483813185,-2.21919626661706,0.468120557071897,0.0973072755059748
-0.985753737373155,0.167524697989747,-0.0150014938690181,-0.1661953917942,-0.98386463001888,-0.0662531625221339,-0.0258584802575581,-0.0628161234179247,0.997690068927978,6.93259563177194,5.68865862501898,0.620578630382888,-2.22952023705398,0.463302590572579,0.117748710695224
-0.985842913112001,0.167041939066861,-0.0145169301034057,-0.165744335451715,-0.983941515722117,-0.0662412930439273,-0.0253488842459308,-0.062897410369943,0.997698025374532,6.92141976169247,5.69096353777515,0.621218451434529,-2.24106133853502,0.458746671563724,0.13827259436295
-0.98593029967427,0.166560711229812,-0.0141058023105319,-0.16529061331423,-0.984019697402686,-0.0662136562480354,-0.0249089809990307,-0.0629504932319575,0.997705757258844,6.91018289890338,5.6932467035487,0.621959695743284,-2.25386535827485,0.454599797238982,0.158074970978541
-0.986017610819083,0.166070195809122,-0.013782641929156,-0.164822382360877,-0.984100887401545,-0.066174207123146,-0.0245530736876744,-0.0629772457274212,0.997712891113007,6.89887981512019,5.69550987060215,0.622795005281673,-2.2676508336989,0.450826849146352,0.176088791248414
-0.986107883764092,0.165551621465698,-0.0135610548403351,-0.164320157412668,-0.984188664649815,-0.0661177604179905,-0.0242925388994312,-0.0629708901389602,0.997719669821602,6.88750566389185,5.69775545718581,0.623714733306685,-2.28231014836244,0.447662631846286,0.191773247906941
-0.986204569052763,0.16498347460941,-0.0134536643804035,-0.163761841108446,-0.984287148775971,-0.06603686963539,-0.0241372611583516,-0.0629226657117732,0.997726480937285,6.87605776740069,5.69998684646195,0.624703472094794,-2.29599990051861,0.444741716986201,0.201247769575219
-0.986311062794075,0.164343802487349,-0.0134759784068715,-0.163124858426642,-0.98440082195019,-0.0659189070531306,-0.024099128061229,-0.0628182802040157,0.997733980427097,6.86454021403565,5.7022067699403,0.625732816999962,-2.30915722319988,0.442657725379945,0.205779579731021
-0.986427978607231,0.163629588067649,-0.0136088548256132,-0.162407428840481,-0.984529795837242,-0.0657640339859361,-0.0241592648538252,-0.062661303988113,0.997742397066614,6.8529654527461,5.70441634291295,0.626749221964855,-2.31922292908088,0.441101807093974,0.19506065086395
-0.986550024613235,0.162876975693452,-0.0137891161638408,-0.161649530681284,-0.984667034558612,-0.0655763698604237,-0.0242585689220545,-0.0624653651434531,0.997752273859273,6.84135707326418,5.70661754087604,0.627649003898725,-2.32297350178261,0.439608648438175,0.160017599474872
-0.986673584276684,0.162113102345626,-0.0139491984887425,-0.160881769923435,-0.98480545838826,-0.0653855124243351,-0.0243370950794224,-0.0622699861616041,0.99776257427633,6.82973689565732,5.70881305073129,0.62833172774051,-2.32507381951844,0.438641919666181,0.110696648248734
-0.986801748602223,0.161321860587631,-0.0140558262702999,-0.16009065167817,-0.984948665026849,-0.0651698588849724,-0.0243575902103383,-0.0620595243163634,0.997775186723328,6.81810581358208,5.71100354102566,0.628752032304194,-2.32750957705616,0.437435646165959,0.0571923210125217
-0.986939010981611,0.160477821722345,-0.014080388414028,-0.159254132137326,-0.985104477440309,-0.0648636255866311,-0.0242798270139139,-0.0617740824481188,0.997794794904176,6.806461501221,5.71318703425944,0.628904963151899,-2.33019507762182,0.435891311195616,0.00418335141791918
-0.987086505376541,0.159574821944451,-0.0140038246534789,-0.158367019884268,-0.985273210836376,-0.0644715985621081,-0.0240856371413453,-0.0614213009433572,0.997821279525508,6.79480374349678,5.71536240544367,0.628797105085843,-2.3329633222161,0.434250993203466,-0.0467677474151386
-0.987244984593631,0.158609174923075,-0.0138010878173738,-0.157427196236625,-0.985455485719883,-0.0639856511232401,-0.0237490690301057,-0.060996846597272,0.997855383522779,6.78313268143907,5.71752884276933,0.628442158297498,-2.33523431603658,0.432117717950093,-0.0942344748320378
-0.987410228195931,0.157606067451738,-0.0134673217997477,-0.156461032416393,-0.985650117780581,-0.0633544840901045,-0.0232591184109854,-0.0604497545199733,0.997900215747656,6.7714520135961,5.7196834893421,0.627857619847611,-2.33692807166872,0.429746482558498,-0.139124596893175
-0.987579493964107,0.156649990668693,-0.0121459262758098,-0.155648718903166,-0.985958013996206,-0.0605001730614102,-0.021452724894566,-0.0578582324320063,0.998094286896004,6.75983917139352,5.72186573562886,0.627297584927445,-2.31555832058041,0.439043573906067,-0.111092352401417
-0.987649849042121,0.156226389551156,-0.0118781688355989,-0.155257797783722,-0.986067165258216,-0.0597206984802973,-0.0210426213772275,-0.0571389605036373,0.998144452110083,6.74836587711434,5.7239481104141,0.627101255420268,-2.2857916484051,0.410231533461289,-0.0277680997786411
-0.98769407445228,0.155951382545934,-0.011814464603473,-0.154994746705891,-0.986131210908334,-0.0593452893331909,-0.0209055922047561,-0.0567838106723677,0.998167598682753,6.73696694913997,5.72598523282574,0.626958664997686,-2.27392914387217,0.40456602233296,-0.0288497515590352
-0.987730875364701,0.155725637630599,-0.0117151028943042,-0.154785420160519,-0.986194106925253,-0.0588443469811278,-0.0207169388909781,-0.056309051230215,0.998198426763207,6.72562451416385,5.72799375865518,0.626814299033841,-2.26336371135534,0.398827535025172,-0.028720407469345
-0.987760988475035,0.155543598611156,-0.0115939026179319,-0.154622780758434,-0.986255070053884,-0.0582471670001112,-0.0204945192027486,-0.0557415977892732,0.998234866631369,6.71433167577045,5.72997380214383,0.626672319059279,-2.25388770883007,0.393237496794274,-0.0279443805325685
-0.987785512887548,0.155397750172418,-0.0114594838817019,-0.154498113410146,-0.986313476580528,-0.0575852313387513,-0.0202512587803801,-0.0551113886323197,0.998274822561817,6.70308486148488,5.73192665230215,0.626536021179224,-2.24480400739628,0.387978150618854,-0.0263297459164105
-0.987805575555641,0.155280535113366,-0.0113181410176281,-0.154402331880764,-0.986367383302924,-0.0569148931820596,-0.0200016202086416,-0.0544733014517151,0.998314877490053,6.69188332654626,5.73385389264187,0.626410995693671,-2.23570333370172,0.382927655615241,-0.0232630276770434
-0.987821093437085,0.155192174670619,-0.0111748056702006,-0.154334181211287,-0.986413537050729,-0.0562964868611806,-0.0197597538092997,-0.0538862027245723,0.998351555958783,6.68072708919857,5.73575631446003,0.626304871729499,-2.2268116882861,0.378090900631806,-0.0189633169157146
-0.987832259798663,0.155131517413994,-0.0110289984086935,-0.154291506021876,-0.986449292542863,-0.0557846252222534,-0.0195335012368112,-0.0534041716209299,0.998381909282673,6.6696140996946,5.73763501707514,0.626222768656689,-2.21843069670861,0.37337660828032,-0.0135909292035456
-0.987839078011968,0.155098758142648,-0.0108780133789762,-0.154274199745885,-0.986473340207943,-0.0554059595328074,-0.0193242657100256,-0.0530539751723903,0.998404651668439,6.65854155898424,5.7394904033428,0.626170046646568,-2.210635408314,0.36881266280102,-0.00731417679762244
-0.98784179733,0.155092307715371,-0.0107219184550768,-0.154280455352766,-0.98648525314929,-0.0551759586697427,-0.0191343812019007,-0.05285093572022,0.998419077366573,6.64750657537555,5.7413233523118,0.626150701340861,-2.20338241217988,0.364346779844097,-0.0001807539386263
-0.987840049609282,0.155114071784726,-0.0105669826485702,-0.154312036754616,-0.986485180816898,-0.0550888676711918,-0.0189692303632523,-0.0527883771583776,0.998425538303388,6.63650628298089,5.74313404784324,0.62616868993106,-2.19683280904254,0.359920544138937,0.00744674939211947
-0.987834269872458,0.155161034782254,-0.0104167437737186,-0.154366284060896,-0.98647495949573,-0.0551199114034959,-0.0188283193827291,-0.0528413434083435,0.998425403731307,6.62553626622183,5.74492296262575,0.626224182590964,-2.19137075530158,0.355685521210106,0.0145239072941282
-0.987826881786907,0.155218159679791,-0.0102652094364813,-0.154429357555018,-0.986459161966889,-0.0552258571389119,-0.0186982658099669,-0.052968336553097,0.9984211186561,6.61459063191516,5.74669153493769,0.62631288693162,-2.18702809055344,0.35182160732511,0.0208624643782591
-0.987819831987134,0.155273609235596,-0.0101037521674833,-0.154490435504151,-0.986440999006433,-0.0553792453625815,-0.0185656906859973,-0.053143783777059,0.998414269416864,6.60366430347981,5.74844189402333,0.626431744872263,-2.18360035133112,0.348407551725705,0.02652948015105
-0.987814528924133,0.155318862379223,-0.00992509121449986,-0.154541947725661,-0.986423240976345,-0.0555515621281926,-0.0184185460759324,-0.0533407972470167,0.998406488615484,6.59275296299566,5.75017629551453,0.626576976436001,-2.181049898422,0.345430123956498,0.0313940207261904
-0.987811972373482,0.155347911016622,-0.00972284826492953,-0.154578801134535,-0.986408364960398,-0.0557129408303403,-0.0182455878343532,-0.0535309637399397,0.998399486400936,6.58185268948395,5.75189692685025,0.626744889590602,-2.17902208904039,0.34291887111501,0.0357142490575976
-0.987812687054422,0.155357515652181,-0.00949408366857521,-0.154598511290409,-0.986398597648897,-0.0558310564388656,-0.0180387250412228,-0.0536828546807346,0.998395089887873,6.57096181110209,5.75360637546423,0.626933888278358,-2.17730964780624,0.340992885122642,0.0399185744112964
-0.987816979366138,0.15534578734466,-0.00923588816671126,-0.154599592818302,-0.986395010552728,-0.0558914041432117,-0.0177927281880928,-0.0537826134633905,0.998394135255548,6.5600790295802,5.75530772626331,0.627144442996835,-2.1756787789416,0.339664390414754,0.0444522154777177
-0.987824854622507,0.155312484640565,-0.00894922928504812,-0.154581762924154,-0.986397800289586,-0.0558914855333677,-0.0175081455694981,-0.0538276109319397,0.998396741350891,6.54920453661703,5.75700401908351,0.62737902392759,-2.17401663241019,0.339012316278922,0.0495552525807991
-0.987836462389645,0.1552564751627,-0.00863426276910234,-0.154543591865789,-0.986406389986589,-0.0558454295967562,-0.0171872565214049,-0.0538317816320395,0.998402092094958,6.5383382732063,5.75869866668123,0.627640628048263,-2.17240073752435,0.338946519023315,0.0552689528551811
-0.987851161190694,0.155181357768429,-0.00829635675126928,-0.154487869350615,-0.986418754392941,-0.0557811724992023,-0.0168398799789277,-0.0538218095480392,0.998408549271925,6.52747976410403,5.76039429122667,0.627931929017813,-2.17094736094035,0.339430444330702,0.0613437735666727
-0.987868302941702,0.155090926832059,-0.00793854252710792,-0.154417717236585,-0.986432740134249,-0.0557280700785534,-0.0164737562967321,-0.0538261423994952,0.998414423848066,6.51662734048236,5.76209330584051,0.628253840742608,-2.17013175760386,0.340173368134738,0.0674548763057997
-0.987886763078456,0.154992019351929,-0.00756420991125432,-0.154339787184267,-0.986447286072955,-0.0556864605736137,-0.0160926513131089,-0.0538444587354432,0.998419651668176,6.50577665148466,5.76379602831376,0.628606040794501,-2.17026883815749,0.340883067704604,0.0734346089113054
-0.987905659360695,0.15488977241146,-0.00718098916841719,-0.154259035463582,-0.986462419194582,-0.055642119789044,-0.0157021712179032,-0.0538614325756278,0.998424953564335,6.4949230652866,5.76550198938716,0.628989237856873,-2.17123230840054,0.341441796985212,0.0802622111839655
-0.987923876944092,0.154790501157874,-0.0068054474539665,-0.154181062791925,-0.986477961825006,-0.0555826475614026,-0.0153170898054071,-0.0538621535484508,0.998430896544681,6.4840624846772,5.76721018669354,0.629410361345606,-2.17315087596512,0.341756298398094,0.0886296659321303
-0.987940465015359,0.154699739523106,-0.00645199013629694,-0.154110928540706,-0.986494349547509,-0.0554862146407367,-0.0149485547648383,-0.0538227545032712,0.998438606929902,6.47318958603508,5.76891931381162,0.629877325212995,-2.17614995710205,0.341824611814781,0.0986366880396842
-0.987955024384493,0.154619865506825,-0.00612919114467572,-0.154051092393554,-0.986513430058134,-0.0553128669234234,-0.0145989974241126,-0.0537024161987808,0.998450259035784,6.46229893426868,5.77062831281242,0.63039814155469,-2.18027256045244,0.341725977515292,0.110072792417248
-0.987967290004128,0.154552585902473,-0.00584226606362463,-0.15400340126815,-0.986536793933632,-0.0550282346890352,-0.014268366400554,-0.0534663670545256,0.99846770669574,6.45138479644426,5.77233653738364,0.630979809938884,-2.18553815505958,0.341523712696463,0.123131607418591
-0.987977182025406,0.154498516879259,-0.00559428987868484,-0.153968806516093,-0.986566511313792,-0.0545905245820561,-0.0139532941324806,-0.0530728465059423,0.998493153980842,6.44044133615959,5.77404360440259,0.631630801103802,-2.19204352203216,0.341277462736376,0.137638162531839
-0.987985021752368,0.154455851893412,-0.00538392132678367,-0.153945935501223,-0.986604431336974,-0.0539661468783947,-0.0136471878284818,-0.0524889119922256,0.998528251168812,6.4294619152662,5.77574939268405,0.632356818481304,-2.19997175028655,0.341008238232682,0.153033913542147
-0.987991129835058,0.154422856966987,-0.00520659326225733,-0.153933338641173,-0.986651033434186,-0.0531438188130594,-0.0133437109541262,-0.0517041533090583,0.998573295211006,6.41843911790634,5.77745380701009,0.633161063957757,-2.2093969541457,0.340733534457504,0.168804088525055
-0.987994397567501,0.154406821020186,-0.00506003929546122,-0.153937930628029,-0.986703214236649,-0.052152473853358,-0.0130454547330307,-0.0507474200083635,0.998626314230355,6.40736541655479,5.77915697691064,0.634044051553117,-2.22035412797102,0.340538463277479,0.184410644895756
-0.987993093153664,0.154419063423659,-0.00493970970972231,-0.153970376002504,-0.986755537238037,-0.0510551960501746,-0.0127581814653962,-0.0496816121058295,0.998683616679608,6.39623351686179,5.78085954047956,0.635003424200902,-2.23255813458807,0.340505967198006,0.199194654305907
-0.98798530163136,0.154471820506614,-0.00484772418387106,-0.154041762726467,-0.986801760682495,-0.0499341611529685,-0.0124971635387168,-0.0485874652899294,0.998740746700658,6.38503841631922,5.78256238766367,0.636032688762041,-2.24553367720065,0.34064705802969,0.212060684794954
-0.987968477281759,0.154580981515096,-0.00479667086554627,-0.154166279900756,-0.986834889949151,-0.0488841295371861,-0.012290078890093,-0.0475564941188484,0.998792938415165,6.37377754741408,5.78426608024813,0.637118709950001,-2.25872291765911,0.3407785976146,0.221546394604421
-0.987941254888377,0.154754731979563,-0.00480102275700169,-0.154350884142664,-0.986851152210295,-0.0479646530852739,-0.0121606518722393,-0.0466452174520188,0.998837495408986,6.36245416896806,5.78597072025639,0.638230364622714,-2.26966470920968,0.341178390105809,0.2191876871205
-0.987908141548932,0.15496408836952,-0.00486160232212926,-0.15456614959558,-0.986852940384777,-0.0472290107149786,-0.0121164871366157,-0.0459064850508326,0.998872256782491,6.35108706715107,5.78767684806083,0.639283156171176,-2.27581631953993,0.340924428349517,0.196894322182894
-0.987875651458135,0.155166547184355,-0.00500398751511405,-0.154767817041113,-0.986844511478956,-0.0467421969123044,-0.012190982917493,-0.0454010220011119,0.998894452450688,6.33970132380466,5.78937941462966,0.640172748794184,-2.27764548106536,0.340092365354091,0.154893125728227
-0.987843410981422,0.155367446343445,-0.00513341965034638,-0.154967865112221,-0.986833166100638,-0.0463169846422596,-0.012261980392671,-0.0449584130114445,0.998913602338231,6.32830919068217,5.7910783193878,0.640823146127982,-2.27976618047819,0.339529342652856,0.104610811648479
-0.9878084286918,0.155588016360994,-0.00518433894426306,-0.155191606437428,-0.986819594410794,-0.0458546985409952,-0.0122504488410906,-0.0444910918248404,0.998934667158681,6.31689954538702,5.79277637388166,0.641217218319582,-2.28483292475269,0.340029739922458,0.0526645114005301
-0.987769887941714,0.155836273278409,-0.00506995131237634,-0.155451331714786,-0.986803971321092,-0.0453078983514014,-0.0120636621186169,-0.0439656469942004,0.998960204382872,6.30545830050249,5.79448034861664,0.641350810131465,-2.29202594227589,0.341848540837048,0.000949233051367866
-0.987725102375066,0.156130549160509,-0.00473009059150766,-0.155767039077633,-0.98678055977534,-0.0447298154082242,-0.0116512520852102,-0.0434439692972979,0.99898792277812,6.29397820751473,5.79619649927034,0.64122968218599,-2.30019821702178,0.344933867837801,-0.048872380789107
-0.987668564021806,0.156504646805143,-0.00413559808277695,-0.156171906921675,-0.98673807807704,-0.0442526921359336,-0.0110065040568094,-0.0430611286571477,0.999011809773648,6.28245667366353,5.79793046557486,0.640864541631419,-2.30829758917438,0.348769369632457,-0.0968222938994396
-0.987612784941745,0.156863842673782,-0.00383691037516488,-0.15655789170877,-0.986736145186699,-0.042911610617631,-0.0105172982898197,-0.041779356669403,0.999071504844861,6.27092994286756,5.79970122134146,0.640382532772146,-2.2881904513656,0.366519898513446,-0.0474670521284821
-0.987597571093545,0.15692460335011,-0.00507015123466068,-0.156615987807117,-0.986903606904557,-0.0386355152932691,-0.0110666134536616,-0.0373622743176322,0.999240506847316,6.25949133064637,5.80154986790549,0.640061805262894,-2.28751157721295,0.373692382099002,-0.0789724901621044
-0.987579244480045,0.156993907654061,-0.00633631057729636,-0.156687511267304,-0.987044916023007,-0.034516047948666,-0.0116730323858992,-0.0330945118206073,0.999384057108314,6.24805474958827,5.80343993304898,0.639597908743537,-2.28698834397263,0.382526957979908,-0.105899874374034
-0.987557115322116,0.157072189856654,-0.00769877589600863,-0.156770947420193,-0.987161654963912,-0.030573469117598,-0.0124021781005161,-0.0289861025759718,0.999502872349959,6.23662177346282,5.80537581251864,0.639005070690477,-2.28611875914987,0.391954815463794,-0.130855672821673
-0.987529689319955,0.157162948568999,-0.00921522157802567,-0.156869224573546,-0.987255631305015,-0.0268023289702798,-0.0133101124461148,-0.0250225109378534,0.999598276735728,6.22519414883184,5.80735995606236,0.638290627610483,-2.28473278641742,0.401813116147485,-0.154629172368804
-0.987537632841692,0.157077529886845,-0.00980170016248296,-0.15678064176122,-0.987291859859756,-0.0259733290820234,-0.0137569651583479,-0.0241129230768545,0.999614582151702,6.21387777574212,5.80927990585683,0.637802002463825,-2.2526575914044,0.379640087734405,-0.0802270900592438
-0.987555471851418,0.156947699385749,-0.0100801623917135,-0.156635945641407,-0.987299356525752,-0.0265548703039369,-0.0141198636447037,-0.0246454917045126,0.99959653320192,6.2026389136463,5.8111893518191,0.637392536610523,-2.24281726571508,0.383837714055986,-0.0825379406192342
-0.987571759812551,0.156824562585999,-0.0103959506756985,-0.156492082822869,-0.987297692826823,-0.0274498406660848,-0.0145687073723727,-0.0254818034790156,0.999569122400725,6.19144920813873,5.81311640242293,0.63698160142787,-2.23303503167898,0.386661712455514,-0.0811262540022362
-0.987586775406167,0.156707269782812,-0.0107327834259077,-0.156351462953233,-0.987292044454981,-0.0284365783505856,-0.0150526102465422,-0.0264055023266387,0.999537977453405,6.1803073426961,5.81505430139216,0.636584205430431,-2.22385233499838,0.388206954147701,-0.0774935021613127
-0.987600447085043,0.156598032098483,-0.0110640526167181,-0.156219822036029,-0.987286959788727,-0.0293227937646468,-0.0155152866700755,-0.0272307799009668,0.999508759594197,6.16920900474946,5.8169972449817,0.636208296355852,-2.21565828904895,0.388761064118756,-0.0726737340900577
-0.98761258676731,0.156499379286721,-0.0113720157251838,-0.156102663522305,-0.987286281753802,-0.0299625816977402,-0.0159165605588865,-0.0278162208724133,0.999486328548997,6.15814887008259,5.81894140550351,0.635858231872159,-2.20860431652426,0.388825861155407,-0.0673027007974147
-0.987623302525842,0.156411662390305,-0.0116449206202159,-0.156002038630125,-0.987292120457707,-0.030292454924781,-0.0162350316043629,-0.0281009030179878,0.999473242762596,6.14712130364203,5.82088542899997,0.635535843619031,-2.20255385911648,0.388754310107011,-0.0615596217530425
-0.987632421548988,0.15633630844893,-0.0118810170373597,-0.155919986748452,-0.987304911657753,-0.0302980056907756,-0.0164668648395352,-0.0280708047094625,0.999470295849416,6.1361216518367,5.82282941849386,0.635242235615543,-2.1974734607721,0.388927241298898,-0.0560536614654039
-0.987639270325678,0.156277891180772,-0.0120785942333622,-0.155860297018081,-0.987322141471934,-0.0300425826571174,-0.0166204549877321,-0.0277886611294016,0.999475637916521,6.12514504794563,5.82477528874162,0.63497478186147,-2.19328112587655,0.389490979983113,-0.0510034059224576
-0.98764322474279,0.15624065446119,-0.0122359516671645,-0.155826166498458,-0.987340991980631,-0.029596813833566,-0.0167052822202076,-0.0273244112149405,0.999487023476393,6.11418744069807,5.82672504160181,0.634731769984694,-2.18986671639837,0.390524738636897,-0.0462818459409924
-0.987643787688016,0.156227772088043,-0.0123544271285638,-0.155819373406807,-0.987358554168171,-0.0290414941428583,-0.0167353372352814,-0.0267575921813991,0.999501855800316,6.10324497848726,5.82868126515481,0.634511680798029,-2.18722793389727,0.392070795270087,-0.0417876688528269
-0.987640335672239,0.15624285437988,-0.0124393652753824,-0.155842270749043,-0.987372446238434,-0.0284400959371232,-0.0167258482896615,-0.0261500069666986,0.99951809545132,6.09231373362477,5.83064657694908,0.634313232194683,-2.1853834932144,0.394196308519825,-0.03774125386226
-0.987631741937219,0.156291675463514,-0.0125081772797258,-0.155899350587967,-0.987380565093852,-0.0278390402348072,-0.0167013413923439,-0.0255447030860145,0.999534158165665,6.08138991322088,5.83262376150951,0.634133521679859,-2.18420641804972,0.396730463957677,-0.0342721042303953
-0.987617038862566,0.156379360545604,-0.012572992630473,-0.155994925533131,-0.987381428165803,-0.0272671692915456,-0.0166783619174952,-0.0249681979447613,0.999549109016231,6.07047037899048,5.83461422716017,0.633969665424618,-2.1837104491965,0.399502754160378,-0.03143737456918
-0.987595365905761,0.156510417372097,-0.0126444650135119,-0.156133194053708,-0.987374338182437,-0.0267271774301363,-0.016667901969156,-0.0244214158640837,0.999562792170227,6.0595519421859,5.8366187465225,0.633818401046062,-2.18363963935854,0.402251665780393,-0.0292030993456729
-0.987565976912423,0.156688892916975,-0.0127291822779274,-0.156318194733071,-0.987358906748134,-0.0262108996511474,-0.0166752283464283,-0.0238951899256251,0.999575388181408,6.0486333474458,5.83863641370671,0.633676931509006,-2.18377029870687,0.404728830587738,-0.0275242187017396
-0.987528890965563,0.156914742393217,-0.0128239279472572,-0.15655028852092,-0.987335567658523,-0.0256998832767693,-0.0166942107433272,-0.0233717876101378,0.999587446335519,6.03771352521395,5.8406656849038,0.633543106812381,-2.18415267780676,0.406901771860058,-0.0259626888737287
-0.987484630762803,0.157185005059513,-0.0129220041669676,-0.156826876835267,-0.987304999878355,-0.025182690827162,-0.0167163007075756,-0.0228410025971161,0.999599346683966,6.02679108615416,5.84270483072991,0.63341795812574,-2.18480904931477,0.40860632004144,-0.023935487558344
-0.987434574124582,0.157491895785603,-0.0130101723763853,-0.157140571343312,-0.987268470161969,-0.0246537758151615,-0.0167273028699805,-0.0222995647021067,0.999611387866701,6.01586453846223,5.84475136997322,0.633304583942474,-2.18583577088589,0.409944620888415,-0.0212349630630965
-0.987380230229006,0.157826177114989,-0.0130835304938118,-0.157482151513277,-0.987227282591547,-0.0241177209051711,-0.0167228259472988,-0.0217529382883917,0.999623507510782,6.00493143827685,5.84680421015159,0.633206926639567,-2.18751099413171,0.411166871149367,-0.0175054504263346
-0.987323530330119,0.158176729795785,-0.0131289225598331,-0.15784034886671,-0.987182616528445,-0.0235988536520113,-0.0166934336224199,-0.0212274297823596,0.99963529624495,5.99398798461403,5.84886295957047,0.633130661097345,-2.18997455471916,0.412286922310871,-0.012766400002119
-0.98726620404213,0.158533880090704,-0.0131320683683188,-0.158205260280378,-0.987135385848424,-0.0231262972717697,-0.016629431014373,-0.0207542494268203,0.999646299025244,5.98303019083008,5.85092714210262,0.633080318918849,-2.19325825314032,0.413387476961952,-0.00709322597084886
-0.987209768431911,0.158888327703592,-0.0130909293852525,-0.158567351086762,-0.987086866716332,-0.0227137122783202,-0.0165308282291365,-0.0203474046426262,0.999656298355774,5.97205388517016,5.85299698956494,0.633060530110041,-2.19737248259731,0.414556067168305,-0.000613584478233388
-0.98715525829858,0.159233241030886,-0.0130104175283907,-0.158919629812494,-0.987038227251622,-0.0223626743533693,-0.0164026605684314,-0.0200078208402295,0.99966526389162,5.96105557874392,5.85507255577441,0.63307527986969,-2.2018918705559,0.415593075742666,0.00684610618408005
-0.987103172862302,0.159564415872388,-0.0129043912091844,-0.159257832039311,-0.986990547298615,-0.0220590679159304,-0.0162563544288031,-0.019719450562438,0.999673383766019,5.95003397980208,5.85715268854506,0.633130153735468,-2.20677842870247,0.416394323088368,0.0154243314793297
-0.987053897599008,0.15987839741392,-0.0127867617075222,-0.159578339973678,-0.986944619921266,-0.0217961147848245,-0.0161045535751019,-0.019473449843951,0.999680663064622,5.93898703343742,5.85923655417589,0.633230685219906,-2.21192841338035,0.417155228766897,0.0251229416978425
-0.9870072680564,0.160174523520873,-0.0126797010494631,-0.159880029872638,-0.986900616758412,-0.0215765773418929,-0.0159696227809763,-0.019269007673665,0.999686789195249,5.92791404274727,5.86132398218308,0.633382525627629,-2.21720541582697,0.417712475591356,0.0359476260234495
-0.986963525231047,0.160451045942418,-0.0125881579068693,-0.160160796467371,-0.986858534084988,-0.0214185195232087,-0.0158593549188403,-0.0191231681374348,0.999691345017024,5.91681421251307,5.8634133882371,0.633591330047146,-2.22268373928958,0.417987340793762,0.0479365396428721
-0.986923345866107,0.160703738993346,-0.0125146976794652,-0.160416042356699,-0.986818687016168,-0.0213441399522205,-0.0157798206283732,-0.0190574717432495,0.999693858154431,5.90568602361517,5.8655037477477,0.633863215472766,-2.22864087278703,0.418129805293098,0.0612414432732685
-0.986887621001034,0.160926420464,-0.0124703934005502,-0.160639322747189,-0.986782059890747,-0.0213582364697676,-0.0157426650299462,-0.0190749436281711,0.999694110727545,5.89452600858247,5.86759485326984,0.634205241963013,-2.23553151811538,0.418347126790087,0.076037012785523
-0.986857632619485,0.161109979952239,-0.0124734638515448,-0.160821355161585,-0.986750415402138,-0.02145016148422,-0.0157640307237103,-0.0191622562214585,0.999692104236022,5.88332856176489,5.86968754446367,0.63462501070054,-2.24365451058464,0.418781146742287,0.0923252343352929
-0.986834753604845,0.161244650819845,-0.0125431917649412,-0.160952222213952,-0.986725701356335,-0.0216049172004594,-0.0158603670214883,-0.0193016285539454,0.999687899243113,5.8720869243893,5.87178281994579,0.6351292804204,-2.25329848145243,0.419330400354955,0.109693838434582
-0.986820107076016,0.161323251507773,-0.012684036953605,-0.161024836304525,-0.986709377123911,-0.0218084201363721,-0.0160336634485554,-0.0194785425199987,0.99968170335248,5.86079316541607,5.87388099265965,0.63572115167685,-2.26444172282036,0.41995597102893,0.127037227389655
-0.98681505297844,0.161337035899121,-0.0129000799395201,-0.161030741552321,-0.98670339903708,-0.0220341236218381,-0.0162834729179567,-0.0196662954304725,0.999673989525471,5.84944030723403,5.8759826312062,0.636395946777946,-2.27692834620795,0.420739231008083,0.142264949875284
-0.986821308571439,0.161275127531524,-0.0131923534308141,-0.160959802470258,-0.98671051895531,-0.0222327184950181,-0.016602618410617,-0.0198162817560125,0.999665778167522,5.83802226152832,5.87808875162811,0.637138576981382,-2.29040967208026,0.421773304893743,0.154052783920572
-0.986840934211588,0.161124654581222,-0.0135578851773482,-0.160800007921856,-0.986733773332974,-0.0223566101276865,-0.0169802242838905,-0.0198823099802892,0.999658124427105,5.82653575797884,5.88020015166541,0.637927066094822,-2.30408842988255,0.422697784257754,0.15957847640788
-0.986875559659489,0.160877261709672,-0.0139691235075232,-0.160544329569731,-0.986775215069803,-0.0223649987022268,-0.0173824046028274,-0.0198288070428518,0.999652274754318,5.81498319809985,5.8823150214024,0.638721451945863,-2.3163872800475,0.423101360898833,0.155983343187319
-0.986923119360005,0.160549043690588,-0.0143791878336657,-0.160209474371811,-0.986831483062874,-0.0222833650384818,-0.0177674082022725,-0.019688286008891,0.999648283447637,5.8033770932341,5.88442950354023,0.639462031727352,-2.32454666771859,0.422418109237697,0.134443190592276
-0.986975854177264,0.16019549674101,-0.0146991868809454,-0.159851236853595,-0.986891535496315,-0.022196379031311,-0.0180622630762561,-0.0195576069504092,0.999645564519214,5.79174010788035,5.88653730988761,0.640047386179403,-2.3290053829354,0.420787197546904,0.0948867057976951
-0.987026100428478,0.159863810251918,-0.0149344984747142,-0.159517316812433,-0.98694843214355,-0.0220684826472228,-0.0182675315769328,-0.0193998572450361,0.999644908369446,5.7800875976136,5.88863841684081,0.640398449370602,-2.33222376634369,0.41987119120046,0.0442421765227625
-0.987078730074322,0.159525142100327,-0.0150767925214271,-0.159177918110529,-0.987005656648893,-0.0219596022068952,-0.0183839881652919,-0.0192759638139743,0.999645170146978,5.76841748790349,5.89073644158928,0.640487848006053,-2.33579189609912,0.419329692502223,-0.00860100548144796
-0.987139867120647,0.159143122602696,-0.0151112299067593,-0.158797035591201,-0.987069145248556,-0.0218633022604714,-0.0183952229798573,-0.0191825187748898,0.999646760983585,5.75673041855128,5.89283081974841,0.640313953795618,-2.33886432443491,0.41817695941395,-0.0606699072495093
-0.987213409310711,0.158693452840746,-0.0150357075857671,-0.158351737287709,-0.98714416337851,-0.0217054833096686,-0.0182869290775445,-0.0190470137613185,0.999651338963586,5.7450291592745,5.89491779035895,0.639883641093205,-2.34166657607449,0.416574304578239,-0.111035980783068
-0.987300152840176,0.158170556078967,-0.0148486831549568,-0.157837128219312,-0.98723223793219,-0.0214464296068462,-0.0180512923982373,-0.0188303897216984,0.999659725739555,5.73331491290295,5.89699598781746,0.639206789224966,-2.34374850479142,0.414532584249294,-0.159058178731425
-0.98738733692452,0.157713862963167,-0.0138774749266799,-0.1574347185248,-0.987340267447711,-0.0193262950225629,-0.0167498144503812,-0.0168977426160292,0.999716914936604,5.72166198611657,5.89910056569892,0.638539967010567,-2.30528455439256,0.404201651695807,-0.0389080814923342
-0.987371130005393,0.157790184884768,-0.0141601266203248,-0.157505773857417,-0.987328368796009,-0.0193551897998808,-0.0170347536949931,-0.0168804539229239,0.999712392361877,5.71016750194978,5.90111365323097,0.63830429206489,-2.29246241466561,0.400660101143629,-0.051649652180393
-0.987355123030006,0.157874361060217,-0.0143369155061223,-0.157592493403054,-0.987320783976739,-0.0190335375210703,-0.0171600422321676,-0.0165334705184939,0.999716048337329,5.69873613730823,5.90310776656109,0.638029040753527,-2.28010648137816,0.397084292669618,-0.0581909975647779
-0.987338799762425,0.157967027484837,-0.0144399692277611,-0.157692956731789,-0.987315225366746,-0.0184818060859614,-0.0171763174423463,-0.0159707227957133,0.999724917230986,5.68736566207416,5.90508510652945,0.637725780050513,-2.26815739818922,0.393923774674193,-0.0624388750467886
-0.98732269250975,0.158063337083297,-0.0144873160174977,-0.15779990242859,-0.987310333085953,-0.0178184448039984,-0.0171199196501117,-0.0153064578462067,0.999736275574402,5.67605315261031,5.90704770936352,0.637407646299001,-2.25703671441052,0.391227258589295,-0.0643804767206968
-0.987306901699693,0.158161813891033,-0.0144887019036185,-0.157909390589924,-0.987304277662885,-0.0171722937340296,-0.0170207584928686,-0.0146664220335823,0.999747563060326,5.66479466336197,5.90899817384006,0.637084782350432,-2.24627042779799,0.389084403561421,-0.0642421766382192
-0.987291893937629,0.158258866641322,-0.014451549897997,-0.15801601908876,-0.987296342250452,-0.0166394197681318,-0.0169012980682161,-0.014144387872358,0.999757111710302,5.65358983333485,5.91093908536935,0.636767704832817,-2.23566959160528,0.387334101054354,-0.0621759913810272
-0.98727762092473,0.158354442782025,-0.014379487904674,-0.158118767425401,-0.987285993328592,-0.0162733759573285,-0.0167736283814277,-0.0137926729958695,0.99976417597479,5.64243741940185,5.91287166079551,0.636465454998806,-2.22522499826304,0.385679820765887,-0.0582611467002988
-0.987263232115561,0.158453143445179,-0.0142797704840335,-0.158221839391887,-0.987272425235321,-0.0160937226711603,-0.0166481245845558,-0.0136293691090234,0.999768513329714,5.63133630613817,5.91479605798548,0.636186182886437,-2.21535782863052,0.384092269363045,-0.0533460077246469
-0.987248157061005,0.158558251378428,-0.0141547624305482,-0.158328297219405,-0.987255006684191,-0.0161152746362664,-0.0165295698447935,-0.013668675752012,0.99976994384905,5.62028215860235,5.91671245850625,0.635932798002503,-2.20644371318676,0.382387748292546,-0.0478177559121005
-0.987230879632618,0.15867876317176,-0.014008583728842,-0.158447476631514,-0.987232549064862,-0.0163184317874215,-0.016419118396344,-0.0138904350247047,0.99976870743483,5.60927008374374,5.91861981313529,0.635708615189364,-2.19854323746307,0.380505413478191,-0.0417370858225366
-0.987210310409465,0.158820887312084,-0.0138466159999772,-0.158586054465586,-0.987204350870207,-0.0166743201352147,-0.0163176698792071,-0.0142651805574157,0.999765091545698,5.59829487522876,5.92051727306896,0.635515788783351,-2.19169932499291,0.3783785747749,-0.03529419310669
-0.98718521434269,0.15899123915736,-0.0136798557881424,-0.158751325597447,-0.987169898765421,-0.0171349815442592,-0.0162286538021663,-0.0147437051881781,0.999759598080005,5.58735117516676,5.92240338322065,0.635355354449395,-2.1859475208225,0.375985167344498,-0.0289426146880213
-0.987155464347716,0.159189579072855,-0.0135191391387375,-0.158943608199765,-0.987129745293425,-0.0176577283187125,-0.016156070713047,-0.0152821422433189,0.999752688172215,5.57643334472537,5.92427731979003,0.635224921548102,-2.18137969302202,0.373602156865767,-0.0235130580474755
-0.987123199315042,0.159402911592833,-0.0133604322446341,-0.159150636055726,-0.987086512341132,-0.018201433934683,-0.0160892640320789,-0.0158407364080127,0.999745070832039,5.56553541712538,5.92613994515067,0.635118724660852,-2.17795024398303,0.371511545445166,-0.0191557151713214
-0.987090306452784,0.159620508855222,-0.0131916662991691,-0.159362422222892,-0.987042410886423,-0.0187322581332545,-0.0160107866827785,-0.0163881745267152,0.999737506771393,5.55465216029854,5.92799317842035,0.635032128414653,-2.17545400943575,0.3698755760434,-0.0156455914929166
-0.987058495256072,0.159832408332034,-0.0130049294346793,-0.159569407474387,-0.986999317128945,-0.0192341411367717,-0.015910095571427,-0.0169100335238668,0.999730423476814,5.54377931826161,5.92983956088045,0.634961251514792,-2.17377713745658,0.368792873671433,-0.0128287551739794
-0.987029071134427,0.160031085448194,-0.0127931397938185,-0.159764309876565,-0.986958582850779,-0.019700787467689,-0.0157790375237575,-0.017401362804536,0.999724069204783,5.53291360348264,5.93168218715267,0.634903881447863,-2.17240347145122,0.368428157105919,-0.00998517098523907
-0.98700302406368,0.160210739883216,-0.0125518650097923,-0.159941463512113,-0.986921224637846,-0.0201301914779369,-0.0156127748576242,-0.017860996204232,0.999718573437464,5.52205463108559,5.93352501482949,0.63486181692511,-2.1711297970742,0.368879402757991,-0.00672684700795198
-0.986981571611774,0.160364223794832,-0.0122757087548372,-0.160093781186288,-0.986888367913901,-0.020526336782625,-0.0154064442435446,-0.0182938515058443,0.999713947323359,5.5112021098904,5.93537214089698,0.634837436475251,-2.16967906192988,0.370149953034407,-0.00278982654210238
-0.986965553274278,0.160486229599771,-0.0119652312492638,-0.160215784310468,-0.986860693556852,-0.0209015303332192,-0.0151624242052602,-0.0187120715405479,0.999709937567333,5.50035750650634,5.93722756324256,0.634834861495155,-2.16805583891696,0.372174182609219,0.00199282775655924
-0.986955220318146,0.16057497763534,-0.0116219466601207,-0.160305443128765,-0.986838204812515,-0.0212725744963556,-0.0148848241524988,-0.0191320171394153,0.999706160794324,5.48952075348994,5.93909446449605,0.634858433038211,-2.16661574964914,0.374635409078245,0.00771767396794814
-0.986949732706685,0.160634949068779,-0.0112533660685863,-0.160367001865515,-0.986820032532753,-0.0216482817960846,-0.0145825177136459,-0.0195610973548904,0.999702312514782,5.47869013972164,5.94097432084909,0.634912755976902,-2.16566778749574,0.37735810840036,0.0141952000805564
-0.986948304764653,0.160670652401079,-0.0108620982867242,-0.16040509126491,-0.986805638876212,-0.0220190321859832,-0.0142565921059293,-0.0199893106215041,0.999698543083065,5.46786221322076,5.94286800817637,0.635000692401625,-2.16568202755972,0.380052599430085,0.0211102986536166
-0.986949509889289,0.160690293261937,-0.0104544048460376,-0.160428223945598,-0.986794317812697,-0.0223552967825268,-0.0139086264941253,-0.0203863676010864,0.999695426680087,5.4570312984679,5.94477466873181,0.635124111319118,-2.16681363149386,0.382517567416674,0.0285182864368348
-0.986951708337478,0.160702852066568,-0.0100458323400452,-0.160445484020602,-0.986785379780905,-0.0226243432622862,-0.0135488769692692,-0.0207173258005385,0.999693563220523,5.44619221941994,5.9466926778651,0.635288366342176,-2.16898310966998,0.384581901641036,0.0377966591804125
-0.986953000254421,0.160718819229415,-0.00965590152699122,-0.160467102354484,-0.986777607797252,-0.0228092483850197,-0.013194102877881,-0.020962201588487,0.999693203814956,5.4353393269223,5.94862023583435,0.635503877730346,-2.17236472224993,0.386374085105269,0.0487991796566719
-0.986952065402485,0.160745660848244,-0.00929801679014323,-0.160500399681844,-0.986770295825161,-0.0228911550405955,-0.0128546606231771,-0.0211001373356978,0.99969472435573,5.42446630591817,5.9505562782632,0.635778289234451,-2.17705511457997,0.387985653397191,0.0615149873514431
-0.986948111282069,0.160787920886867,-0.00898165539506418,-0.160549988840301,-0.986763435083274,-0.0228390951229697,-0.0125350197501274,-0.0210989971215614,0.999698807441686,5.41356650675004,5.95250011485229,0.636120648535758,-2.1830634791161,0.389526122010317,0.0758504994914864
-0.986940790684296,0.160847697676526,-0.00871170681430701,-0.160617967434017,-0.986757092811418,-0.0226342290286862,-0.0122370021174584,-0.0209393872527059,0.999705855659883,5.40263344713537,5.95445175634189,0.636538457764088,-2.19035376130116,0.391140897952576,0.0917869768861692
-0.986930315677954,0.160923896080126,-0.00848832528873316,-0.160703363027754,-0.986751781288813,-0.022256487479493,-0.0119574707770749,-0.0206014997936455,0.999716258294756,5.39166077170795,5.95641181191343,0.637039514265313,-2.19890715879441,0.392892120039974,0.108951115034194
-0.986917262568884,0.161013280829357,-0.00830904567971286,-0.160802962614631,-0.986747952339158,-0.0216999025075131,-0.0116929063067611,-0.0200798892189283,0.999730000545676,5.38064209718433,5.95838090006714,0.637627861575712,-2.20878180975109,0.394732831852696,0.126523275640444
-0.986901854415108,0.161114724952349,-0.00817160666882962,-0.160915525413901,-0.986745343446112,-0.020971906641602,-0.0114421777992289,-0.019382275174627,0.999746669900063,5.3695708283309,5.96035938158605,0.63830367460808,-2.21990255825352,0.396659591877598,0.143786549968267
-0.986883293288688,0.16123314123102,-0.00807710322152508,-0.161045434154584,-0.986742005684372,-0.0201142326710294,-0.011213097949929,-0.0185496195853385,0.999765061425735,5.35844115294778,5.96234765618882,0.639063363218764,-2.2321244455372,0.398622609536322,0.159823857732804
-0.986859926008316,0.161378141018701,-0.00803629517936362,-0.161201186725191,-0.986734546597442,-0.0192122864212413,-0.0110301331475113,-0.0176643752363294,0.99978312948872,5.34724844632491,5.96434536444226,0.639898037437603,-2.24517982900111,0.400544992289837,0.174278788449576
-0.986828843593149,0.161566659199521,-0.00806523947037833,-0.161398716191899,-0.986718781066988,-0.0183439772482637,-0.010921898379659,-0.0168006465585038,0.999799205046194,5.33598921283229,5.96635234760391,0.640799506073517,-2.25860895313991,0.402252300121235,0.185976096855372
-0.986787622528287,0.161812297936179,-0.00818341380988607,-0.161650729145265,-0.986691425446998,-0.0175804640489489,-0.0109192395236439,-0.0160253295125408,0.999811961831944,5.32466508664322,5.96836760959805,0.641743858565915,-2.27042463612175,0.40398466119762,0.189641180635986
-0.986740369543203,0.162089061307102,-0.00840114982171355,-0.161930627607828,-0.986656024636847,-0.0169811922534578,-0.0110415105977089,-0.0153956244562037,0.999820513788012,5.31329387889881,5.97038928173946,0.642660378475065,-2.276139679764,0.404073860991714,0.16991825025438
-0.986696975947466,0.162334216628852,-0.00875669844303179,-0.162173886571849,-0.986621449417672,-0.0166657152007561,-0.0113449623316518,-0.0150239029705437,0.999822771379621,5.30191117613589,5.97240701705283,0.643415295528239,-2.27610247413503,0.403118277203656,0.129110334123767
-0.986657409979692,0.162552880735113,-0.00914966102551588,-0.162389386815895,-0.986589930049394,-0.0164315846676528,-0.0116979648539092,-0.0147265369265415,0.999823127722313,5.29053015608692,5.97442000781794,0.64394002071579,-2.27716290280635,0.401886048616623,0.0792079092627007
-0.986613817694704,0.162796348407599,-0.0095143932561522,-0.162631440737566,-0.986555486855833,-0.0161023550536302,-0.0120078814744547,-0.0143394665103459,0.999825079942834,5.27913521651178,5.97642733192411,0.644204554915424,-2.28147975752663,0.401392964943098,0.0262727299371931
-0.986564891055763,0.163077591897463,-0.00976804776066504,-0.162914320967139,-0.986515772324326,-0.0156701939731143,-0.012191790678415,-0.0138683083418048,0.999829500596872,5.26771221656244,5.97843647779757,0.644204097578855,-2.28827219936678,0.402727798661974,-0.0262492632535774
-0.986509233374455,0.163410322799209,-0.00982847239422001,-0.163251897732982,-0.986467264469092,-0.0152037501113416,-0.012179915990089,-0.0133941230965837,0.999836110126529,5.25625111605632,5.98045658832508,0.643944375689394,-2.29635713543042,0.405640045152054,-0.0773203486297168
-0.986441126994693,0.163831046880509,-0.00965872928892624,-0.163679495806383,-0.986402265652415,-0.0148186695877329,-0.0119551506058548,-0.0130368091885434,0.999843545751121,5.24474920790019,5.98249405536506,0.643434097849938,-2.30426338386212,0.409556523684081,-0.126214285000161
-0.986355625317096,0.164368368653519,-0.00925309631973011,-0.164224456703686,-0.986314732725648,-0.014614233770971,-0.011528582987535,-0.0128952469737618,0.999850390998466,5.23320915937824,5.98455230942701,0.642684841949205,-2.31172147109967,0.413762654993701,-0.173091998023455
-0.986259894769637,0.164958344241589,-0.00895347050358595,-0.164824783800775,-0.986223030132408,-0.0140330139841441,-0.0111449815617911,-0.0123644450552826,0.999861445343535,5.22165391556275,5.98664217164825,0.641776082023955,-2.29080424306735,0.432535197608356,-0.123250286493416
-0.986208789808098,0.165179382499363,-0.0103920403374719,-0.165076475047764,-0.986229159358715,-0.0100897282623465,-0.0119155482900076,-0.00823509731163728,0.999895095938177,5.21020356701498,5.98882044355754,0.641074684788549,-2.28941664547868,0.439592691869741,-0.155034888569774
-0.98615289039995,0.16541149433594,-0.011895978201714,-0.16534643774708,-0.986215644380465,-0.00626564470551181,-0.0127684094614561,-0.00421192601738929,0.999909609614314,5.1987598737265,5.99104017855726,0.640230969960591,-2.28792042728433,0.448548566176779,-0.181838807679677
-0.986109284330346,0.165577933154081,-0.0131311617884961,-0.165545074958563,-0.986195804608819,-0.00355852903991426,-0.0135391105489523,-0.00133529936224901,0.999907450447869,5.18735975874973,5.99327001037236,0.639379414417682,-2.2575055247029,0.42848475326517,-0.109684297448288
-0.986112654017632,0.165546971488859,-0.0132677736326912,-0.165507020858812,-0.986200245677352,-0.00406220043479807,-0.0137571665957131,-0.00180987756453449,0.999903727721054,5.17609867003152,5.99542343566672,0.638809105571005,-2.24675930740087,0.432904038824053,-0.116790479722118
-0.986116134872317,0.165510786162031,-0.0134591310458619,-0.165458286250234,-0.98620445384816,-0.00493261808664516,-0.0140898564797128,-0.00263720952513818,0.99989725525691,5.16489278444549,5.997597814128,0.638218694018518,-2.23538777370283,0.436579037229536,-0.118403717243838
-0.986121731703411,0.165456700113031,-0.0137116975598663,-0.16538819706738,-0.986210320832985,-0.00599561117004301,-0.0145146316890368,-0.00364464953146365,0.999888014728012,5.15374466137402,5.99978769427235,0.637630261348519,-2.22382358911416,0.439115047883604,-0.116172372593327
-0.986128692353168,0.165390949772656,-0.014001280338953,-0.165305079420035,-0.986216988740115,-0.00709096878546073,-0.014981082596624,-0.00467812501751071,0.999876833570292,5.14265362098083,6.00198762296432,0.637060880294045,-2.2126600830418,0.440618792015677,-0.111008096786216
-0.986135956567434,0.165321806740593,-0.0143029850331338,-0.165219436563262,-0.986223788294669,-0.00807323872006018,-0.0154406264947476,-0.00559817985945665,0.999865114620823,5.13161615568087,6.00419311943278,0.636521722289691,-2.20258397977673,0.441458537219322,-0.10458559491777
-0.986142124627041,0.16525984949702,-0.0145908252092999,-0.165143673263801,-0.986229853007129,-0.00884557620943041,-0.0158517259945055,-0.00631341284570426,0.999854421204025,5.12062555655351,6.00640193005054,0.636015452214465,-2.1939122359336,0.442010383905896,-0.0978973418719409
-0.986146302680285,0.165211925492898,-0.0148488849727425,-0.165085958788325,-0.986234853315696,-0.0093509526951182,-0.0161893767929478,-0.00677006501416632,0.999846023294967,5.10967512050318,6.00861337527001,0.635543137213635,-2.18643517229465,0.442586197081976,-0.0909809458760523
-0.986148538965223,0.165178496707786,-0.0150706112056484,-0.165047102010912,-0.986239061368383,-0.00958999212772572,-0.0164472859328038,-0.00696979602041927,0.999840441635003,5.09875946659812,6.01082815755857,0.635105863782155,-2.17997861796832,0.443369008180843,-0.0839088268350033
-0.986148763773981,0.165160481993785,-0.0152522422820754,-0.165027814516679,-0.986242284526252,-0.0095904456772582,-0.0166263689030132,-0.0069405619383799,0.999837683055145,5.08787363330627,6.0130476539505,0.634703458802477,-2.174519284243,0.444516986746416,-0.077237186132005
-0.986146491287863,0.165161205084893,-0.0153907132889798,-0.165030361384858,-0.986243460097142,-0.00942428972391347,-0.0167355173753572,-0.00675379526806646,0.999837141092316,5.07701277214708,6.01527385716713,0.634332939180788,-2.16992959505106,0.446022419512616,-0.071043306930338
-0.986141084671748,0.165184640678253,-0.0154853352054493,-0.165057653735744,-0.986241410673448,-0.00915700912414548,-0.016784876099633,-0.00647412981371093,0.999838163693243,5.0661728860257,6.01750846618197,0.633992505163438,-2.16614312324466,0.447912171637622,-0.0652337609268104
-0.986132033258067,0.165233517073985,-0.015540200052475,-0.165111490694,-0.986235280642839,-0.00884120218891426,-0.0167871564928351,-0.00615272709465258,0.999840154887862,5.05534987922709,6.01975357769601,0.633680199372501,-2.16317625480289,0.450216420365911,-0.059747598090753
-0.986118644240949,0.16531106095402,-0.0155651086295238,-0.165194511712994,-0.986224323530196,-0.00850629045550782,-0.0167568726288092,-0.00581694109169119,0.9998426728321,5.044539644906,6.0220112674928,0.633394177339446,-2.16103988037371,0.452960022294076,-0.0548593721306758
-0.986099478051386,0.165424221231562,-0.0155771119504125,-0.165313134220718,-0.986207234920426,-0.00817664018596234,-0.0167148748397158,-0.00548787942096176,0.999845236093344,5.03373809520666,6.02428359936542,0.633130623878224,-2.1596797988134,0.456010461112947,-0.050747289986699
-0.986073396173572,0.165578989350294,-0.0155838263739464,-0.165473054614566,-0.986182934272383,-0.00786691467081094,-0.0166710994011477,-0.0051786519141743,0.999847616394173,5.02294160200209,6.0265715263109,0.632885710016545,-2.15899498978375,0.459157194944611,-0.047415593888419
-0.986039602063477,0.165779464910748,-0.0155907721555341,-0.165678611319118,-0.986150814294873,-0.00756103279512648,-0.0166283166276145,-0.00487242028837374,0.999849868033529,5.012147284571,6.0288750771286,0.632655648174134,-2.15872058846144,0.462210466587125,-0.0447601608599042
-0.985997479927198,0.166029121475014,-0.0155980896089706,-0.165933399162245,-0.986110297866553,-0.00725172282991003,-0.0165854339610814,-0.00456193640616804,0.99985204511295,5.0013537518094,6.03119319207401,0.632437948828246,-2.15866464706039,0.464912992770413,-0.0423133913356132
-0.985947624951885,0.166325293749858,-0.0155941498890161,-0.166235030163844,-0.98606184215519,-0.00692518533611323,-0.0165286296517086,-0.00423557605731237,0.999854421552107,4.99056000030049,6.0335236842555,0.632232871924667,-2.15880922492401,0.467167752453423,-0.0396267491820101
-0.985891009420095,0.166662696535894,-0.0155712275691598,-0.166578313415183,-0.986006294772824,-0.00657663805613277,-0.0164494086331073,-0.00389001950547671,0.999857132146323,4.97976494456241,6.03586444395808,0.632042696401151,-2.15920212909243,0.469039318143552,-0.0362007068212385
-0.985829531791078,0.16703034582609,-0.015524104541015,-0.166952241549033,-0.985945445640787,-0.00620703326430149,-0.0163426830825555,-0.00352729264559401,0.999860227689979,4.96896696454434,6.03821389835232,0.631871819308563,-2.16004214495097,0.470697292365525,-0.0319617824622728
-0.985765095426222,0.167417339439113,-0.0154470416087154,-0.167345710173342,-0.985881052458671,-0.00582783746881409,-0.0162046266822856,-0.00315988261048639,0.999863703319596,4.95816311750054,6.04057148823606,0.631724440227945,-2.16161967599622,0.472333581268834,-0.0266505439644341
-0.98569971033205,0.167813032142595,-0.0153253807268055,-0.167747559277746,-0.985814800509806,-0.00547133001850026,-0.0160261476241899,-0.00282229320244292,0.999867589860481,4.94734931235773,6.04293729501718,0.631606434730463,-2.16399905779693,0.473964355730477,-0.0203178026634541
-0.985634943476256,0.168208875098147,-0.0151503312430296,-0.168148838768563,-0.985748101859358,-0.00516214116976458,-0.0158027282246209,-0.00254047611460286,0.999871901676295,4.93652165412015,6.04531136650843,0.631522149792668,-2.16717190603257,0.475695153942662,-0.0131565748732693
-0.985571804180517,0.168598518241652,-0.0149250946757241,-0.168543012074026,-0.985682066548104,-0.00491088245374743,-0.0155393656683546,-0.00232450686792176,0.999876554771861,4.92567626384062,6.04769430592721,0.631476022467369,-2.17104393909398,0.477440373472612,-0.00496803599370015
-0.985511091787208,0.168976641077464,-0.0146554677360613,-0.168924825772981,-0.985617668943113,-0.00471316292021414,-0.0152411023863964,-0.00216920200133551,0.999881494658604,4.91481058090255,6.05008538666472,0.631473926394041,-2.17511977667349,0.478863956695883,0.00451444023317993
-0.985452732327851,0.16934225088814,-0.0143566852619921,-0.169293481877914,-0.985555154757146,-0.00455564762368649,-0.0149207687880306,-0.00205888216205675,0.999886559397123,4.90392414966642,6.05248284785789,0.631522512261742,-2.17948345920046,0.48010557387799,0.0152625972813929
-0.985396659632967,0.169694442748355,-0.014043478362463,-0.169648073275329,-0.985494713935524,-0.0044384726099637,-0.0145929578276768,-0.00199120703745502,0.9998915344558,4.89301507011506,6.05488638369391,0.631627933868462,-2.18404966236277,0.481254831186078,0.0272852491018689
-0.985342705994449,0.170033595769648,-0.0137232668553002,-0.169988671436005,-0.985436261427219,-0.0043847745400822,-0.0142689637661445,-0.0019877057100059,0.999896217464118,4.88208297348801,6.05729505175029,0.631796720187883,-2.18873662259937,0.482106886450496,0.0406094510165088
-0.985291608099296,0.170355503065849,-0.0133958793770665,-0.170310812513346,-0.985380491816679,-0.00441740740310512,-0.0139525678692935,-0.00207097134279621,0.999900513514995,4.87112664389905,6.05970736324604,0.632035408410811,-2.19381375093868,0.482805663187726,0.0552802030118713
-0.985244743563557,0.17065160611651,-0.0130699889149719,-0.170605879110891,-0.985328865742381,-0.00454536551161614,-0.0136539112777986,-0.00224848052908649,0.999904252937314,4.86014324148754,6.06212325839005,0.632350976610493,-2.19966734447516,0.483568329556513,0.071396282494749
-0.985203627888191,0.170911991003445,-0.0127633431038501,-0.170864103137121,-0.985283103410603,-0.0047607134675262,-0.0133891693205876,-0.00250947500707227,0.999907212035244,4.84912771248548,6.06454356045095,0.632751135185308,-2.20679295204831,0.484654862497461,0.0892080970659048
-0.985169908487853,0.171125975174646,-0.0124960806080042,-0.171074989953963,-0.985245074115762,-0.00504893482600271,-0.0131757057604826,-0.00283629179601599,0.999909173988598,4.83807305770227,6.06697006961803,0.633243529136801,-2.2148302573186,0.485329872332608,0.105859826471968
-0.985145361658889,0.171282608142885,-0.0122835072250766,-0.171227858927377,-0.985216732487847,-0.00538612598409726,-0.0130244665581232,-0.00320283838827499,0.999910048502932,4.8269720148415,6.06940395021442,0.633832697632647,-2.22541110481485,0.487563332292114,0.127720575402935
-0.985131424043289,0.1713741494017,-0.0121234598727623,-0.171315151542996,-0.98519946637439,-0.00575589327714124,-0.0129304375116738,-0.00359337897542363,0.999909941651395,4.81581697443789,6.07184530991209,0.634516581353321,-2.23696744225998,0.489157653240929,0.146034262972181
-0.985129659559403,0.171391721978159,-0.012017965457445,-0.171328429604173,-0.985194965838904,-0.00611951755045208,-0.0128888737189482,-0.0039694990922834,0.99990905587019,4.80460094280176,6.07429499706762,0.635286390530455,-2.24974336541251,0.490853155328489,0.161426679408545
-0.985142099730679,0.171324060643111,-0.0119628417604141,-0.171256978914066,-0.985205405847866,-0.00643082120498064,-0.0128876107737697,-0.00428655256575166,0.999907763224011,4.79331917331677,6.07675324420064,0.636121202165743,-2.26306497347456,0.492565160062013,0.171791093831329
-0.985170517887457,0.171161566298903,-0.011948594371956,-0.171091606576727,-0.985232629208479,-0.00665796530048506,-0.0129117328176226,-0.004514926915724,0.999906446919206,4.78197217615653,6.07921902487708,0.636990456069547,-2.27492050993933,0.493170571264347,0.172722646775326
-0.985215439296838,0.1709034519886,-0.011939358002821,-0.170831711463479,-0.985276771209778,-0.00679782854251378,-0.0129253444672793,-0.0046577046723802,0.99990561617464,4.7705684751614,6.08168747572811,0.637844448068148,-2.28491860908547,0.492960165830216,0.163111326876685
-0.985271374848274,0.170585085027508,-0.0118763071175039,-0.170512503133221,-0.985331461753807,-0.00688453000199073,-0.0128764971880913,-0.00475807148566112,0.999905773848667,4.75912242359638,6.08415255538879,0.638608741993524,-2.29153038654079,0.492025419154587,0.134637295005602
-0.985326689119613,0.170276669137994,-0.0117120303898138,-0.170203968736587,-0.985384315935847,-0.00695405881189881,-0.0127249650253664,-0.0048585856907615,0.999907230401996,4.7476558543324,6.08660763813126,0.639173145901934,-2.29490520271904,0.490230138444058,0.0889578119049098
-0.985380141004509,0.16998379397182,-0.0114667999406826,-0.169911697594068,-0.985434427953665,-0.00700023030585848,-0.012489705146072,-0.00494954448195793,0.999909750564912,4.7361731588376,6.08905609710189,0.639490050108297,-2.29836784673453,0.489323900479584,0.0370382923248434
-0.985439879054191,0.169659919600169,-0.0111245876743958,-0.169588879667931,-0.985489664657145,-0.00705214484559879,-0.0121596325042024,-0.00506285840325106,0.999913251638437,4.72467225766202,6.09150065245004,0.639543608573662,-2.30188047934855,0.488337802474989,-0.0154646544145691
-0.985509443163517,0.169284571939894,-0.0106710420607441,-0.169215578629146,-0.985553678472695,-0.00707352798415718,-0.0117143239130061,-0.00516532206798354,0.999918043673178,4.71315492090072,6.09393881026962,0.639337846281194,-2.30498482718831,0.486784368053945,-0.0664163826727624
-0.985591822421655,0.168839299748758,-0.0101020015794306,-0.168774319190571,-0.985630019045911,-0.00697816145671555,-0.0111350239030217,-0.00517266042824635,0.999924624572659,4.70162296508499,6.09636819321674,0.638882135370024,-2.30771454062811,0.484901817743456,-0.115395394110857
-0.985671104573094,0.168397863197678,-0.00972796382155181,-0.168331364513869,-0.985703451123112,-0.00729781918704266,-0.0108178246684054,-0.00555572807504369,0.999926051543313,4.6900919351465,6.09877021755699,0.638254248736063,-2.2924475297157,0.45985173818691,-0.0718971598471256
-0.985651405184896,0.168462561268401,-0.0105675402970623,-0.168364108659696,-0.985678051254364,-0.00960761107791581,-0.0120347152964167,-0.00769056085657738,0.999898005249258,4.67868885617892,6.10108022769241,0.637980879341134,-2.26540085293326,0.465661789026198,-0.0252553458415423
-0.985620797391896,0.168629395948104,-0.0107596733566006,-0.168524905280069,-0.985646868924018,-0.0099802845962976,-0.0122882077174424,-0.00802350312873531,0.999892305875306,4.66739116222031,6.10339352440715,0.637832413649778,-2.25396219194665,0.459742199652581,-0.0331090971302175
-0.985591380192937,0.168793587683115,-0.0108791565134568,-0.168688546584743,-0.985619203774656,-0.00994783402259451,-0.012401836174883,-0.00796931036393622,0.999891336372016,4.65614773462713,6.10567874317259,0.637652797133956,-2.24356761156072,0.454516286642614,-0.0385107339063188
-0.985563568093703,0.168951462141624,-0.0109479078647999,-0.168849271173286,-0.985594395595434,-0.00967527752163089,-0.0124248489189475,-0.00768705477267159,0.999893260462467,4.64495464085432,6.10793971504888,0.637449503176747,-2.23369293253963,0.449999978892847,-0.0424003883455218
-0.985536973577112,0.169103710440883,-0.0109913069101281,-0.169005702101656,-0.985571076981881,-0.00931261906784748,-0.0124075126271488,-0.00732033687084194,0.999896227764914,4.63380987502905,6.11017986522309,0.637230736573462,-2.22429519239806,0.446239632287978,-0.0448102525594935
-0.985511136130304,0.169252338508289,-0.0110202755244069,-0.169158061837545,-0.985547885578178,-0.00899529586778597,-0.0123834841027649,-0.00700079580186557,0.999898813970502,4.62271137417778,6.11240305615527,0.63700381568751,-2.21497956433004,0.443161563323805,-0.0454628443392811
-0.985485448184593,0.169400730945095,-0.0110373806530577,-0.169308862142337,-0.985523828132324,-0.00879166556894518,-0.0123669162073592,-0.00679533212409994,0.999900436465973,4.61165963360863,6.11461215716805,0.636778146605535,-2.20569543292513,0.440558807286912,-0.0444835578220251
-0.985459181203094,0.169553027112395,-0.0110441468457568,-0.169461749096584,-0.985498004148361,-0.00874067575902341,-0.0123659927079651,-0.00674201873488747,0.999900808784414,4.60065365850975,6.11680899038828,0.636560692122659,-2.19669453683114,0.438187997887186,-0.0421754529176004
-0.985431708711661,0.16971287693263,-0.0110402386236141,-0.169620224819357,-0.985469725379453,-0.00885436009973894,-0.0123825198504608,-0.00685271944523733,0.999899851704338,4.5896913479073,6.11899437385517,0.636357410300474,-2.18835786839788,0.435999789335667,-0.0389850642210664
-0.985402488532229,0.169883747140668,-0.0110203471785641,-0.169787727114345,-0.98543829312406,-0.00913773309325481,-0.0124122244515322,-0.00713322523017721,0.999897521640083,4.57876835038122,6.1211691852217,0.636171547957102,-2.18099296586661,0.433883209718854,-0.0351084956018278
-0.985370149422108,0.170073778759434,-0.0109808199302351,-0.169972672730767,-0.98540229918914,-0.00957075114689199,-0.0124482590193537,-0.00756429317537744,0.999893905530054,4.56787959190286,6.12333316282147,0.636007019375437,-2.17468617632785,0.431675581921358,-0.030648130731466
-0.985334237647847,0.170285550068661,-0.0109211518050946,-0.170178025744938,-0.985361331144187,-0.0101235685067904,-0.0124851781121323,-0.00811655860386229,0.999889114754201,4.55701945750981,6.12548593620756,0.635864747180395,-2.16957335412125,0.429333244383242,-0.0263193718188522
-0.985295848387473,0.170512793867178,-0.0108387396878011,-0.170398250654561,-0.985316733216008,-0.0107411088068152,-0.0125110880532443,-0.00873626763233168,0.999883568373629,4.54618178459316,6.12762619190735,0.635742959527788,-2.16569322336957,0.426694999863101,-0.0225371049525296
-0.98525629596956,0.170747722204107,-0.0107352975950017,-0.170626185118162,-0.985270172642694,-0.0113750539628725,-0.0125194330689073,-0.00937562065917035,0.999877673284532,4.53536070574628,6.12975324600926,0.635638647457415,-2.16287221121905,0.424174764551582,-0.0192542783229224
-0.985217235643732,0.170980875714703,-0.010608427327196,-0.170852877327427,-0.985223597312547,-0.01198989605723,-0.0125017158607222,-0.0100001719163895,0.999871843619061,4.52455130358978,6.1318686062643,0.635549487333869,-2.16103115808363,0.422046194193231,-0.0165575246195863
-0.985180110928708,0.171204223078618,-0.0104528957971238,-0.171070653179647,-0.985178641943244,-0.0125648350389285,-0.0124491225067354,-0.0105904418658198,0.999866422023412,4.51374894004802,6.13397456666826,0.6354723212265,-2.15997235447567,0.420455891751852,-0.0143759188423581
-0.985145849978556,0.171412511693865,-0.0102666988281804,-0.171274393754669,-0.985136344376897,-0.013094465689525,-0.0123586534055428,-0.0111415359140638,0.999861555348278,4.50295018361353,6.13607401093632,0.635405358154195,-2.15954750162847,0.419451891022777,-0.0124003469139596
-0.985115278614113,0.171601034755802,-0.0100485178895554,-0.171459457289708,-0.985097607052074,-0.0135778896076304,-0.0122287508338904,-0.0116528730799034,0.999857323922782,4.49215306311583,6.13817020942468,0.63534874448972,-2.15917565582588,0.419187905770684,-0.010089276778767
-0.985089194261013,0.171765109981615,-0.00979930319927282,-0.171621158465115,-0.985063298043465,-0.0140170187566558,-0.0120605686963549,-0.0121262459457255,0.999853737724666,4.48135781772056,6.1402669464525,0.635305358846137,-2.15887088232117,0.419660552760213,-0.00703379154894301
-0.985068387855058,0.171900107020052,-0.00951968776441744,-0.171754711328637,-0.985034113133715,-0.0144261948999891,-0.0118570816415331,-0.0125757373290989,0.999850619065456,4.47056398947365,6.14236768104921,0.635279712030825,-2.15850801697065,0.420748196543228,-0.00290765214839799
-0.985053061863424,0.172004473091377,-0.00921556021371676,-0.171858286412708,-0.9850101315376,-0.0148246470301537,-0.011627325779493,-0.0130192935614349,0.999847640038411,4.45977231935309,6.14447532171275,0.635277622911533,-2.15805745687229,0.422450808304342,0.0023823837483962
-0.985043129844417,0.172078525896078,-0.0088889409800785,-0.171931982209796,-0.984991062794526,-0.0152315366368605,-0.0113765477946884,-0.0134754272786622,0.999844481416952,4.44898248743917,6.14659265811303,0.635304686240085,-2.15787881953232,0.424507916935277,0.00872117625734331
-0.985037716261619,0.17212693609399,-0.00854490567478113,-0.171980413050502,-0.984976064606231,-0.015648951396192,-0.0111101336208877,-0.0139452509377676,0.99984103481864,4.43819199768978,6.14872067319437,0.635365159925972,-2.15837150061901,0.426717244040334,0.0156392322714398
-0.98503593026998,0.172154579462787,-0.00818638181040885,-0.172008579411966,-0.984964455522341,-0.0160645562109904,-0.0108288820213467,-0.0144160371659349,0.999837443380972,4.42739693350031,6.15085980213236,0.635461912636451,-2.15985410103403,0.428840866758345,0.0234372827713595
-0.985036468898223,0.172168482878117,-0.00782102576186867,-0.172023731000147,-0.984955477642123,-0.0164481924711215,-0.0105352225087729,-0.0148566673997069,0.999834130503888,4.416591533194,6.15300878382399,0.635601042989451,-2.16243699084169,0.4306978518267,0.0324971432464718
-0.98503799359408,0.172175697644791,-0.00746192446214714,-0.172032959007878,-0.98494836159975,-0.0167745639872342,-0.0102377825305622,-0.0152398859082843,0.999831452639073,4.40577062572352,6.15516661882886,0.635788967117002,-2.16608374803541,0.432367800884337,0.0432742588220504
-0.985038760962551,0.172185461580405,-0.0071278483222999,-0.172045374973878,-0.98494196370952,-0.0170210773493339,-0.0099512989835805,-0.0155401076050686,0.999829723855098,4.3949285005429,6.15733228675979,0.636035578299996,-2.1709717988179,0.433829444315531,0.0557813587191097
-0.985037691151011,0.172203627104354,-0.00683065326226104,-0.172066876970474,-0.984935897160802,-0.0171542511837419,-0.00968177987315893,-0.0157222548049521,0.99982952238986,4.38405873884798,6.15950493419249,0.636348477133982,-2.1771091779801,0.435207280268235,0.0698702155729742
-0.985034346302768,0.172232615620907,-0.00657744025134762,-0.172099950412218,-0.984930305372269,-0.0171435301907606,-0.00943099528105835,-0.0157549889136814,0.999831404113883,4.37315527553103,6.16168452027138,0.636735436490816,-2.18445358953134,0.436616889739176,0.0852476108653783
-0.985028517069153,0.17227366686003,-0.00637214776546185,-0.172145790133088,-0.984925216256452,-0.0169748437882641,-0.00920040759969604,-0.0156237667923041,0.999835611693852,4.36221207018151,6.16387143361987,0.637201420576423,-2.19297867645598,0.438163646172155,0.101603888404982
-0.985020460037494,0.172325434167781,-0.00621595096583933,-0.172203148168194,-0.98492115393489,-0.0166251704510861,-0.00898716131417395,-0.015305726720754,0.999842470422748,4.35122352096062,6.16606644454651,0.637752141529753,-2.20261106201371,0.439850011413175,0.118806603715834
-0.98501062688619,0.172385498253605,-0.00610777481011875,-0.172269590743197,-0.984918420414652,-0.0160901595106843,-0.00878937008245986,-0.0147967942394272,0.999851889958603,4.34018376006385,6.16827006379664,0.638388719172325,-2.2135079137061,0.441556185752583,0.13587604530594
-0.984998274448198,0.172458068709964,-0.00605093967095536,-0.17234905954112,-0.984915688200293,-0.0153911926839357,-0.00861400077569192,-0.0141174244737471,0.999863239306689,4.32908633885371,6.17048218562962,0.63910976975214,-2.22564178455284,0.443282007645923,0.152559312925596
-0.98498157161175,0.172553412985983,-0.00605171480946227,-0.172451268079396,-0.984910052075014,-0.0145859336143348,-0.00847724737487107,-0.0133232499219255,0.999875305869919,4.31792555820214,6.1727030156741,0.639911943358558,-2.23879708768411,0.445012504338665,0.168045675402882
-0.984957670704386,0.172687217604821,-0.00612468746103232,-0.172591076632025,-0.984897416104835,-0.0137622678733918,-0.00840875660180865,-0.0124981849052515,0.999886537656391,4.30669707655787,6.17493229733742,0.640787047840299,-2.25263481369184,0.446639831755617,0.181687402676165
-0.984923602322018,0.172875421840326,-0.00629174956189678,-0.172783559205465,-0.984873847780399,-0.0130132865381233,-0.00844625700010302,-0.011729982172243,0.999895528673335,4.29539959226019,6.17716946524573,0.641719401076865,-2.26600963187898,0.448194550507362,0.189351870039984
-0.984879641904894,0.17311553164429,-0.00656533813320344,-0.173025550049062,-0.984838954650973,-0.0124254751296884,-0.00861684347704315,-0.0111016262544701,0.999901247075429,4.28404140334138,6.17941313513733,0.642658741833423,-2.27605465289982,0.448939286719306,0.18194395715652
-0.984833789620581,0.173360739730295,-0.00696137498842984,-0.173269654028712,-0.984800590036958,-0.0120592228451821,-0.00894616198908746,-0.0106701350986904,0.999903052501912,4.27264774696569,6.1816565799008,0.643504804730737,-2.27952127991901,0.447969749891566,0.150074374263526
-0.984792055046224,0.173578243993189,-0.00742977321831152,-0.173484175072675,-0.98476540992554,-0.0118460294418171,-0.00937279665778658,-0.0103769276003893,0.999902230248732,4.26124894997137,6.18389296779173,0.644141385287782,-2.28000973129339,0.446691460943012,0.103044686144435
-0.984746838927462,0.173813900917378,-0.00789880182397251,-0.173716891947889,-0.984726708952563,-0.0116511856658389,-0.00980329915568105,-0.010101312951219,0.999900924493185,4.24984303467382,6.18612456701014,0.644529617210559,-2.28340126646779,0.446087630982376,0.0513429522219274
-0.984695851576918,0.174084890130256,-0.00827834014428777,-0.173986944806706,-0.984682356054855,-0.0113666490703587,-0.0101302973320633,-0.00975236907613753,0.999901129298976,4.23841175435082,6.18835605128706,0.644654237310362,-2.28948127415448,0.446948118597782,-0.00153181111776662
-0.984638935498413,0.174396369732833,-0.00848957740766244,-0.174299809003877,-0.984630822704309,-0.0110326588748099,-0.0102831552435861,-0.00938345376953071,0.9999030990619,4.22694622751336,6.19059611521603,0.644516402944973,-2.29715226369807,0.449419082988252,-0.0532831524026923
-0.984572455867906,0.174771991623492,-0.00847526342944318,-0.174678591788167,-0.984566963731743,-0.0107370153655189,-0.0102209939410773,-0.00909092250623148,0.999906438828575,4.21544005616065,6.19285184937173,0.644124307282225,-2.30525315773191,0.453174131994582,-0.103076970391355
-0.984492117405755,0.175236159319961,-0.00821944236077504,-0.175146529224576,-0.984485397181163,-0.0105922631025017,-0.00994806848174423,-0.00898839272824959,0.999910118325465,4.20389470742123,6.1951282596199,0.643488482626239,-2.3127301955393,0.457429002752968,-0.15077880001574
-0.984392337250983,0.175817337287579,-0.00774533864035558,-0.175731115365697,-0.984380230052196,-0.010683528195972,-0.00950270771287797,-0.00915568629276497,0.999912932186914,4.19231412477848,6.1974256925593,0.642618184492613,-2.31928451304207,0.46148471781009,-0.197091264134597
-0.984337245758118,0.176069351048723,-0.00893141839827176,-0.17600534008435,-0.984360535086053,-0.00751380242563045,-0.0101146861105893,-0.0058241382521923,0.999931883949354,4.18082381758684,6.19980760353265,0.641934277711111,-2.29389805931419,0.48231598879688,-0.138092519978708
-0.984289100734851,0.176251927234765,-0.010498777100728,-0.176221425548469,-0.984343332333933,-0.00377004872573924,-0.0109988795904423,-0.00186070840277854,0.999937779270288,4.1693580143627,6.20224045010509,0.641175848975234,-2.2921230655547,0.490976938978439,-0.164775749408411
-0.984246380427058,0.176395781576406,-0.011982940302091,-0.176400670774342,-0.984318227483345,-0.000656044516472937,-0.0119107500434251,0.00146808926640023,0.999927986780702,4.15792275819265,6.20469719461857,0.640358818512946,-2.26376638401404,0.47219500093544,-0.0965076384608594
-0.984256334476299,0.176318712026615,-0.0122955208330169,-0.176320984505459,-0.984332305090132,-0.000907512519135888,-0.0122628898023694,0.00127473339270888,0.999923995405887,4.14662945678245,6.20706965843638,0.639849524539073,-2.25325488609363,0.476681200678003,-0.104641203410445
-0.984265762724416,0.176239753115464,-0.0126671918878444,-0.176235062793422,-0.984346976162226,-0.0014943769541576,-0.0127322806567284,0.000761539285188863,0.999918651234787,4.13539056183543,6.20946296610465,0.639320214802391,-2.24216825198025,0.480439879626041,-0.106102596690285
-0.984276158829419,0.176150911602811,-0.0130881435468933,-0.176135952269666,-0.984363171948679,-0.00229608997930008,-0.0132879448397154,4.53060019219375e-05,0.999911710337119,4.12420766991719,6.21187261968947,0.638793846275343,-2.23091196753342,0.483157470646894,-0.103611540201419
-0.984286910313372,0.176056961466277,-0.0135360446592535,-0.176029854659724,-0.984379698538799,-0.00317795109139765,-0.0138841079739236,-0.000745267686842879,0.999903333388705,4.11308062986559,6.21429310944293,0.638287813294864,-2.21995583271224,0.484773609836831,-0.0983035688232429
-0.984296673407451,0.175967786422566,-0.0139784427089376,-0.175928347522864,-0.984394797656991,-0.00401234142698457,-0.0144663491213025,-0.00149012999242941,0.999894246535955,4.1020065473196,6.21671935143704,0.637812735397386,-2.20985312913548,0.485553328944615,-0.0915195000261096
-0.984304350861278,0.1758916795794,-0.0143896466355301,-0.175841406445635,-0.984407301536728,-0.00469728223540004,-0.0149914860763923,-0.00209325963888033,0.999885430241538,4.09097983718075,6.21914834887957,0.637372709943109,-2.20112793393081,0.486005219475058,-0.0846198786083856
-0.984309301941629,0.175833949232236,-0.0147519628720803,-0.175775486014225,-0.984416650476389,-0.00518042288907809,-0.0154329720937651,-0.00250610499420716,0.999877763934228,4.07999337357847,6.22157935945446,0.636966797214341,-2.19360737614117,0.486363685678386,-0.0776595062578207
-0.984311295369113,0.175796827661079,-0.0150581935530238,-0.175733483851041,-0.984422739956953,-0.00544166419604009,-0.0157802554591305,-0.00271006272019179,0.999871811332682,4.06904208154751,6.22401224133645,0.636596083000426,-2.18706322023849,0.486824906632155,-0.070698824805102
-0.984310881597429,0.175777638462675,-0.0153071939093064,-0.175712677489994,-0.984426126242576,-0.00550063090322183,-0.0160356895140056,-0.00272466282702959,0.999867707686517,4.05812119103152,6.22644799133736,0.636259731507191,-2.18141148735051,0.487514407900689,-0.0638432366031035
-0.984308427858146,0.175774548859992,-0.0154992522558565,-0.175710886979485,-0.984427066404621,-0.00538842526861899,-0.0162050314503553,-0.00258048504339013,0.999865359962347,4.04722639062279,6.22888786874298,0.635956891019658,-2.176647190009,0.488501814036039,-0.0574957329516157
-0.984303467845684,0.175790240279167,-0.0156356838530931,-0.175729896199239,-0.984424877177156,-0.00516379478168413,-0.0162999008820866,-0.00233508401034697,0.999864421116133,4.03635324934835,6.23133354343251,0.635684018119042,-2.17271543744614,0.48983854879436,-0.0517579451338855
-0.984295308945775,0.175828299819999,-0.0157211249517942,-0.175772375116895,-0.984418732036167,-0.00488181954517458,-0.0163345319218835,-0.00204181260514879,0.999864497853674,4.02549765185504,6.23378703944126,0.635438108511627,-2.16967492219148,0.491699339184246,-0.0468664609979
-0.984282871682606,0.175893407992606,-0.0157714151866631,-0.175842272052825,-0.984407683979132,-0.00458334835482105,-0.0163316830591231,-0.00173802980069374,0.999865118593937,4.0146551867309,6.23625113129879,0.635214607694335,-2.16737655585943,0.493999933255674,-0.0426076330152584
-0.984265151469909,0.175990007530318,-0.015799647192172,-0.175943543751288,-0.984390888560928,-0.00429510540801589,-0.0163089243715515,-0.00144767665798916,0.999865952624719,4.00382257634276,6.23872735988629,0.635010984723707,-2.16577077206514,0.496518250046596,-0.039079952043399
-0.984240889787226,0.176124467103646,-0.015812746703394,-0.1760822114987,-0.984367186890527,-0.00403685111911918,-0.0162765372415641,-0.00118889052801802,0.999866821569121,3.99299636334876,6.24121638210493,0.634822685847274,-2.16475537105968,0.499066531700444,-0.03643869228673
-0.98420896173064,0.176302617889249,-0.015814758123169,-0.176264065474621,-0.984335542518912,-0.00381037483164034,-0.0162388075749324,-0.000962631495565749,0.999867678480082,3.98217418488352,6.24371783414932,0.634645774896476,-2.16411560696977,0.501443569308849,-0.0344704459466951
-0.98416883148309,0.176527463089285,-0.0158039840695561,-0.176492361226086,-0.984295426554882,-0.00359995721963957,-0.0161912805562232,-0.00075368322502639,0.999868628568546,3.97135446392687,6.24623058818085,0.634477529473091,-2.16376633624416,0.50359623651547,-0.032895253159192
-0.984120530587015,0.176798961002074,-0.0157768395352337,-0.176767303924486,-0.984246832731166,-0.00339006223209019,-0.0161276638234276,-0.000547400453475086,0.99986979092897,3.96053591205137,6.24875322158894,0.634317191570867,-2.16361432929658,0.505298890057155,-0.0311166594640974
-0.984065214182853,0.177111526588195,-0.0157213671432952,-0.17708351079165,-0.984190731583296,-0.00316766021552459,-0.0160338529667335,-0.000333189340269502,0.999871394002201,3.94971758109007,6.25128317240654,0.634167211367039,-2.1637215789887,0.506606024764241,-0.028690120480337
-0.984004260523125,0.177457612324083,-0.0156336528224458,-0.177433516026535,-0.984128439130381,-0.00292620663353323,-0.0159047999924135,-0.000105465805943017,0.999873505106604,3.93889779732593,6.25381902633148,0.634031415603136,-2.16421185643921,0.507658706233203,-0.0253761956676924
-0.983939639943626,0.17782647086839,-0.0155090685117449,-0.177806454012538,-0.984061852496904,-0.00267121168194844,-0.0157368948365124,0.000129301416561313,0.999876159042733,3.92807425786717,6.2563598132939,0.63391434407762,-2.16528911599413,0.508656653010162,-0.0212625976157331
-0.983873209133282,0.178208033407785,-0.0153429194975446,-0.178191989667767,-0.98399276952331,-0.00241750782597783,-0.0155281411643775,0.000355464169730204,0.999879367962557,3.91724349287155,6.25890573140555,0.63382001742687,-2.16712347422183,0.509698321338067,-0.0161454511639772
-0.983806555727176,0.178594253846772,-0.0151245959002693,-0.178581562784092,-0.983922659989945,-0.00219649536821702,-0.0152737140808306,0.000540047429471682,0.999883204182844,3.90640151832993,6.26145707517898,0.633753983534593,-2.16977993439916,0.51087054796667,-0.0100143948473362
-0.983741087214092,0.1789771343869,-0.0148545849316017,-0.178966989550179,-0.983853004811096,-0.00202029095005121,-0.0149763139050459,0.000671037130534046,0.999887623551261,3.89554456067194,6.26401453963235,0.633721238441908,-2.17301038528792,0.512081629855956,-0.00270881718525054
-0.983677597659115,0.179351588021659,-0.0145393169613465,-0.179343344935324,-0.9837847489161,-0.00187947532435734,-0.0146406451703008,0.000758731964999346,0.999892532142731,3.88467025058447,6.2665776448764,0.633728462248845,-2.17676403467639,0.513063095187556,0.00600430519395896
-0.983616789726945,0.179713001986905,-0.0141861863837444,-0.179706249110376,-0.983718743931616,-0.00175979211354237,-0.0142714749741944,0.000818385274894058,0.999897822403671,3.87377603811195,6.26914514088465,0.633783000073592,-2.1808736077147,0.513919402028847,0.0162536341713134
-0.983558627866217,0.180059961698725,-0.0138143310724721,-0.180054297471534,-0.983655267202824,-0.00166290894945037,-0.0138879628440673,0.000851761231705302,0.999903194809801,3.86286066880461,6.27171683670121,0.633892520833367,-2.18525190449309,0.514718459699744,0.027937074663931
-0.983503338377667,0.180390535159741,-0.0134327296096457,-0.180385328352969,-0.98359470663499,-0.00160822716641299,-0.0135024706989143,0.000841370554275769,0.999908483502673,3.85192286881015,6.27429210848766,0.634063801285011,-2.18977698241849,0.515307524586962,0.0409748946370895
-0.983451387277523,0.180702182713783,-0.0130418566312529,-0.180696384749383,-0.983537571857047,-0.00163134424575431,-0.0131219434695756,0.000752268582072879,0.999913620615082,3.84096192213316,6.27686979634426,0.634303572939014,-2.19461416912466,0.515735803694064,0.0553281181364737
-0.983403730821113,0.180989281859486,-0.0126484014446192,-0.180981611363817,-0.983484908822081,-0.00175797251963345,-0.0127576861253635,0.000560331340135077,0.999918460412406,3.82997520254497,6.27944961468657,0.634618567102797,-2.20017923487195,0.516212671914583,0.0711397904642365
-0.983361979710444,0.181242068450562,-0.0122690457541847,-0.18123140281084,-0.983438477395499,-0.00198489627885809,-0.0124255983828312,0.00027166483888349,0.999922762368696,3.81895813565415,6.2820323151997,0.635016592403445,-2.20683292417383,0.516932597103109,0.088570385255801
-0.983328079636259,0.181448812973157,-0.0119254379164529,-0.181434353183791,-0.983400386449246,-0.00229246946621928,-0.012143446119039,-9.0565483037072e-05,0.999926261538443,3.80790449014759,6.28461929564062,0.635505451630052,-2.21487880412725,0.517896885168197,0.107369973503665
-0.98330384450171,0.181599098074624,-0.0116325821140411,-0.181580377878767,-0.983372523290236,-0.0026545823022547,-0.0119212313777197,-0.000498012327379884,0.99992881557947,3.79680686336883,6.28721167278142,0.636090149043174,-2.22443102998799,0.519112977745852,0.12662087501008
-0.983290698765375,0.181684987174001,-0.011400313902865,-0.181661833861,-0.98335635267244,-0.00304331677859222,-0.0117634960687272,-0.00092146315160083,0.999930383109695,3.78565787874569,6.28981053450851,0.636769340581122,-2.23538996691962,0.520410390296235,0.144731586942932
-0.983290112425267,0.18169922516962,-0.0112225834577291,-0.181671711576224,-0.983353245281089,-0.00343281344037087,-0.011659503405863,-0.00133662556864458,0.999931132334831,3.77445100331004,6.29241596424274,0.637532941153295,-2.24754101590045,0.521797619272833,0.16001842925716
-0.983303713814276,0.181633416716087,-0.0110954193743157,-0.181602228776887,-0.983364863813491,-0.00376498610118755,-0.0115946928514248,-0.00168717192816687,0.999931355918278,3.76318151137547,6.29502849596579,0.638361584318621,-2.26040274340188,0.523039746368536,0.170310563876605
-0.983334044442308,0.181475527344341,-0.0109904511202874,-0.181442016141236,-0.983393584936385,-0.00398144252360198,-0.0115304735088094,-0.00192095836988147,0.999931676715766,3.75184830900025,6.29764553680284,0.639222657952464,-2.27195600114703,0.523804879104635,0.170600061649589
-0.983380334176354,0.181232050739669,-0.0108656403353042,-0.181197605641471,-0.98343823189858,-0.00408310543510825,-0.0114256756911884,-0.00204641757473553,0.99993263078575,3.74045977759816,6.30026242520034,0.640063921394601,-2.28197089773152,0.522744242006912,0.159906182143444
-0.983435049130011,0.18094874548565,-0.0106327630379735,-0.180913911182363,-0.983490140316635,-0.00415940388334632,-0.0112098565268297,-0.00216688881449521,0.999934819730523,3.72903412118275,6.30287126025751,0.640793184874191,-2.28769699878498,0.520500992464488,0.127768210427206
-0.983488308356324,0.180679765914956,-0.0102747026883589,-0.180645108042573,-0.983539314909182,-0.00421437637905987,-0.0108670265806501,-0.00228871511857452,0.999938332856783,3.71758614080529,6.30546871542775,0.641319897877313,-2.29141359928474,0.518848439037009,0.08034088536447
-0.983539612189329,0.180425029480523,-0.00983056414537089,-0.180391038973039,-0.983585799035822,-0.00424841067833552,-0.0104357229117816,-0.00240513451111656,0.999942653863356,3.70611932388169,6.30806095415295,0.641592054529505,-2.2954066117259,0.51815820795386,0.0281877255039184
-0.98359701119911,0.180141000188114,-0.00928114278546376,-0.18010795445259,-0.983637503065497,-0.0042880422081581,-0.00990173232731437,-0.00254609785776765,0.999947735175503,3.69463239617203,6.31065006937688,0.64160243439429,-2.29924466186208,0.517353731025085,-0.0238830567033732
-0.983665474941768,0.179800108286203,-0.0086112988484219,-0.179768626684646,-0.983699494458966,-0.00430644413541918,-0.00924522944570455,-0.00268805904782542,0.999953648961317,3.68312721924041,6.31323378976213,0.641355330937469,-2.30282140477944,0.515978160989751,-0.0745990216194513
-0.983747586023702,0.179386823087228,-0.0078137503934521,-0.179358227689883,-0.983774762564958,-0.00422406205042852,-0.00844471150980988,-0.00275395042314269,0.999960550524161,3.67160463228037,6.31580931226092,0.640859308614594,-2.30614331981644,0.514112132416617,-0.123253822463356
-0.983803043829797,0.179090008644182,-0.00763804654699328,-0.17905190413362,-0.983824720240556,-0.0054162228274324,-0.00848449040026369,-0.00396088972558805,0.999956161426705,3.66009914686328,6.31833231614751,0.640292240226345,-2.2891886096007,0.487005204760701,-0.0726828604637334
-0.9837744632724,0.179207049995793,-0.00852283080364142,-0.179137892249984,-0.983789052377248,-0.00828951041441125,-0.00987020634716206,-0.00662824671256084,0.999929320188273,3.64870266451685,6.32076969914348,0.639983415122643,-2.26227460847074,0.492130947427832,-0.0254546985469696
-0.983728776807106,0.179450687184694,-0.00866859564958217,-0.17937400538925,-0.983740323560153,-0.0089410285976542,-0.0101321208151191,-0.00724062640300234,0.999922453721828,3.63742172210842,6.32321441286468,0.639835713119504,-2.25022034854871,0.48584894884627,-0.0327595674189174
-0.983682664297304,0.179698597215722,-0.00876527921170659,-0.179619231234514,-0.983693795268272,-0.0091350381184676,-0.0102639043097505,-0.00741156592126904,0.999919857268029,3.62619871202828,6.3256293377119,0.639658260362135,-2.23928014298832,0.480297194061646,-0.0380722113813683
-0.983637512645883,0.179942479285849,-0.00882880876919232,-0.179863629046993,-0.983650017916406,-0.00903975658409708,-0.0103110941158795,-0.00730386209591665,0.999920164281438,3.61502751038116,6.32801834970592,0.639457400862404,-2.22931195848489,0.475413758868111,-0.0417795725363436
-0.983593978701817,0.180178148250146,-0.00887242665109747,-0.180101653172748,-0.983608805842227,-0.00878132074756239,-0.0103091990946951,-0.00703931550483509,0.999922081189954,3.60390488951975,6.33038474999513,0.639242778050596,-2.21971694715691,0.471369887125065,-0.0437114699723238
-0.983552857438764,0.180401008212916,-0.00890240752868736,-0.180327164677365,-0.983569922650983,-0.00850417166814938,-0.0102903014273484,-0.00675895643590747,0.999924210230171,3.59282976572403,6.33273316668758,0.639022235248872,-2.21031596863977,0.46814101416846,-0.0441654197439693
-0.98351390560971,0.18061242472851,-0.00891905297789345,-0.180540493085997,-0.983532465384237,-0.00830782110247236,-0.0102726738777684,-0.00656060735711034,0.99992571254194,3.5818014141728,6.33506678142214,0.6388036041692,-2.20092108212071,0.465359578259414,-0.04278242776228
-0.983476122724497,0.180817819488532,-0.00892368680556594,-0.180746547759846,-0.983495181135454,-0.00824100456491078,-0.0102665234470583,-0.0064919056334572,0.999926224107338,3.57081968636347,6.33738730815615,0.638595828391124,-2.19183087705157,0.462919998020586,-0.0401623649650976
-0.983439298238163,0.181018399507364,-0.00891547646634268,-0.180946200699834,-0.983457660184448,-0.00833685053398061,-0.0102771169656122,-0.00658556484464086,0.999925502826362,3.55988165546723,6.33969625720538,0.638403002571738,-2.18351137174836,0.46065243048106,-0.0367510421432451
-0.983402377421906,0.181220099126078,-0.00889043045518994,-0.181145362951773,-0.98341872834726,-0.00860012889026305,-0.0103015320226932,-0.00684692694521662,0.999923496088272,3.54898290126653,6.34199407332214,0.63822918593818,-2.17613755450003,0.45848509066585,-0.0326046538493916
-0.983364122052262,0.181429755711039,-0.0088457449102092,-0.181351006305065,-0.983377065971752,-0.00901990204653664,-0.0103351813009767,-0.00726566331600556,0.99992019389752,3.53811848369958,6.34428111607623,0.638077622951623,-2.16979181793955,0.456270328438073,-0.0278728663790032
-0.983323194935736,0.18165441155559,-0.00878459240773657,-0.181570556514128,-0.983331472111045,-0.00955766514765919,-0.0103743582224385,-0.00780325049689964,0.999915737436488,3.52728309967796,6.34655667449841,0.637950526151179,-2.1645317128822,0.453886558718661,-0.0229579436036963
-0.983280028916986,0.181891452210829,-0.00871116212950483,-0.181801818783544,-0.983282589633908,-0.0101709198124634,-0.0104155374324292,-0.00841715720844904,0.999910330001907,3.51647118839221,6.34882019099334,0.637847247482973,-2.16041843209544,0.451531273795445,-0.0185117027119282
-0.983236936225838,0.182128703643589,-0.00861757218325694,-0.18203316569497,-0.983232908659105,-0.010815448063964,-0.0104428840985379,-0.0090654640731985,0.999904377194561,3.50567696838961,6.35107242776397,0.637764288276916,-2.1574395574426,0.44939995062204,-0.0148286615711785
-0.983195937363932,0.18235573015655,-0.00849331679207398,-0.182254644599005,-0.983184597089569,-0.0114582969027917,-0.0104399843462284,-0.00971780453052832,0.999898280327533,3.49489514836131,6.35331475437638,0.63769798022556,-2.15538539635823,0.447586588829962,-0.0118144735296013
-0.983158741267859,0.182563563975851,-0.00833274126767814,-0.182457621467717,-0.983139521637949,-0.01207879802999,-0.0103973956807373,-0.0103550037151872,0.999892328233954,3.48412153160061,6.35554901424278,0.637645276948569,-2.15417341847028,0.446206864561554,-0.00937349745480152
-0.983126595089589,0.182745636680605,-0.00813205396876867,-0.182635738401229,-0.983099045088053,-0.0126670677584324,-0.0103094658536921,-0.0109681275138121,0.999886701128009,3.47335237481984,6.35777765908557,0.637604109670517,-2.1534517326264,0.44536100977,-0.00701627470827271
-0.983100181503575,0.182898133470967,-0.00789340867264721,-0.18278529508749,-0.983064024499525,-0.0132158856901828,-0.0101768869216521,-0.0115497405872732,0.99988151021256,3.46258617664075,6.36000350442248,0.637575139009126,-2.15299970022382,0.44509489066014,-0.00454240551726378
-0.983080292257027,0.183016609367493,-0.00761968972237471,-0.182901866845511,-0.983035368150683,-0.0137248704649345,-0.010002303747929,-0.0120989941928517,0.999876776537617,3.45182203404231,6.36222951753352,0.637559397549926,-2.1524947905466,0.445438541249181,-0.00151870294657397
-0.983067593654394,0.183097076940154,-0.00731892905630742,-0.182981343366723,-0.983013827566952,-0.0142000983053142,-0.0097946049572976,-0.0126204289999322,0.999872387100268,3.44106103545575,6.36445889549538,0.637560946290793,-2.15175464283095,0.446468102656039,0.00237571614611524
-0.983062557912476,0.183136711396794,-0.00699658269071789,-0.183020671547097,-0.982999750332293,-0.0146603080833865,-0.00956247964861015,-0.0131314807016488,0.999868052893757,3.4303039854696,6.36669487497554,0.637584191999096,-2.15098556148553,0.447986982330441,0.00718522753424994
-0.983065052820855,0.183135777952425,-0.00666248873088573,-0.183019857699372,-0.982992916471255,-0.0151214369369671,-0.00931845534574022,-0.0136459884617164,0.999863467373857,3.41955016410922,6.36893932820824,0.637633582135805,-2.15056005104077,0.449871251740529,0.0127727484108819
-0.983074323531291,0.183098172305817,-0.00631931260221892,-0.182982762232701,-0.982992576119875,-0.0155853783689204,-0.00906549166820591,-0.0141652600216397,0.999858571133604,3.40879666686508,6.37119367823387,0.637712421001188,-2.15099617952783,0.451819065034625,0.0189290017859118
-0.98308856255289,0.183033346388548,-0.00597262819046035,-0.182918993005062,-0.982997343365512,-0.016027006406697,-0.00880455425934092,-0.014663459556193,0.999853720690251,3.39803824891489,6.37345737967301,0.637823210660732,-2.15253007967733,0.453603255515331,0.0255310249759074
-0.983106214864377,0.182949301012743,-0.00563236664163011,-0.182836574785362,-0.983006115486695,-0.0164244889270349,-0.00854149962207823,-0.0151172145154481,0.999849244941206,3.38726944643529,6.37572959074255,0.637969539399916,-2.15514589146686,0.45522889015928,0.0335482140230467
-0.983125494815526,0.182855223129787,-0.00531307988668815,-0.182744481038205,-0.98301738936748,-0.0167710122300957,-0.0082895171031596,-0.0155170736706628,0.999845240190149,3.37648476102195,6.37800951748238,0.638160583626025,-2.15890464766369,0.456674163250077,0.0432949013084323
-0.983144907045375,0.182758862370944,-0.00502891396031874,-0.182650315976807,-0.983030111653469,-0.0170488021907969,-0.00805939354508512,-0.0158429103212336,0.999842011703969,3.36567819075525,6.38029626147933,0.638404440014546,-2.16393414913723,0.457979378740299,0.0547733435656469
-0.983163627331823,0.182664602647492,-0.00478798823800117,-0.182558542596947,-0.983044162945725,-0.0172206917171998,-0.00785241469945709,-0.0160566695791444,0.99984024871247,3.354843220439,6.38258936894166,0.638709826403825,-2.17024295512712,0.459238989106322,0.0677694061612764
-0.983181332389953,0.182574241636601,-0.00459498974288978,-0.18247101618952,-0.983059775113089,-0.0172570798621368,-0.00766784785198407,-0.01612838632425,0.999840526916115,3.3439736258103,6.38488886074108,0.63908373506359,-2.17777656594632,0.460561374606882,0.0822932954757424
-0.983198092533041,0.182487511737204,-0.0044518422426678,-0.182387585489877,-0.983077532632156,-0.0171269814341326,-0.00750196631307361,-0.016027254719266,0.999843411543829,3.33306337487853,6.38719524287981,0.639533756405051,-2.18649433596443,0.461991743826481,0.0980257944271354
-0.98321422542982,0.182402801113055,-0.00435947916051662,-0.182306677101977,-0.983097942874446,-0.0168139882261093,-0.00735271354503218,-0.0157369902504711,0.999849130989962,3.3221065412822,6.38950910057891,0.64006369348448,-2.19642159641302,0.463546365732517,0.114154974006207
-0.98323018510369,0.18231778271729,-0.00431615639362357,-0.182226084769221,-0.983121542953505,-0.0162998714841664,-0.00721506276089784,-0.0152400093756816,0.999857832385977,3.31109719863646,6.39183087526926,0.640674990049919,-2.20747992143403,0.46514852935003,0.130409516259033
-0.983245253936914,0.18223624999828,-0.00432663808273509,-0.182149387200306,-0.98314705200628,-0.0156036814218173,-0.00709727786461892,-0.0145541512265377,0.999868894070111,3.30002970154596,6.39416070175901,0.641366217734613,-2.21971528707736,0.466740452019198,0.145980006256698
-0.983257211741252,0.182169942928667,-0.00440084675768483,-0.182087794355249,-0.983171067012368,-0.0147881079453224,-0.00702073398293326,-0.0137391733058441,0.999880965120955,3.28889835777376,6.39649835523125,0.642132839450327,-2.23292638250044,0.468280368151559,0.160570967275897
-0.983262803198143,0.182135822780345,-0.00456091077056365,-0.18205750256873,-0.983189066724769,-0.0139400441647493,-0.00702321901746638,-0.0128763788778096,0.999892430845253,3.27769927366319,6.39884339446942,0.642968297617958,-2.24672996210926,0.469645419116927,0.173107735895726
-0.983257849658214,0.182155465415098,-0.00483606295602967,-0.182079294008154,-0.983195878214677,-0.0131527850724658,-0.00715064885153482,-0.0120520322385565,0.99990180354869,3.26643079832734,6.40119454215266,0.643857403685531,-2.26050264165413,0.470707513892455,0.181498770680193
-0.983241621901242,0.182231151864793,-0.00526500247344558,-0.182154607319087,-0.983190237528557,-0.0125162239101531,-0.00745734493260026,-0.0113474278394135,0.999907807694282,3.25509934503943,6.40354848962584,0.644756907095704,-2.27060254762063,0.470322375465635,0.172255405281529
-0.983223515398139,0.182309917014544,-0.00588327513171187,-0.182229337654807,-0.983180995925911,-0.0121489813575029,-0.00799920408640021,-0.0108730588283376,0.999908890512381,3.24373217436318,6.40589575786184,0.645551746060579,-2.27493126725762,0.468282883656419,0.141568077863541
-0.983207582942687,0.18237006038235,-0.00663399729707401,-0.182282733529136,-0.983173020565287,-0.0119923596375458,-0.0087094145122123,-0.0105817157714753,0.999906082284824,3.2323525347472,6.40823221680248,0.64615266979382,-2.27647351527519,0.466482757531175,0.0957227144110753
-0.983185434764634,0.182459931796007,-0.00740095640267986,-0.182366093241089,-0.983159553167194,-0.0118279775137237,-0.00943445296030735,-0.0102794117088124,0.999902657658365,3.2209649906551,6.41056212385263,0.646502436530209,-2.27925119829382,0.465688141710925,0.0436220961499962
-0.983157319158058,0.182581557630381,-0.00810312280566952,-0.182482741506998,-0.983140501482971,-0.0116104864627961,-0.0100863689219678,-0.00993625468053709,0.999899762978717,3.20955639740087,6.41289175018391,0.646588528281795,-2.28481058973148,0.46668779648538,-0.00930415815564318
-0.98312407296281,0.182735758563063,-0.00864289901590586,-0.182634188613003,-0.983115229693271,-0.0113665427821339,-0.0105740394687708,-0.00959623298644343,0.999898045803563,3.19811505005646,6.41523115966517,0.646411140815034,-2.2919983856806,0.469407894893903,-0.0613844514766762
-0.983082373547773,0.182944373800241,-0.00896676722770668,-0.182841694327437,-0.983078756754353,-0.0111835966391497,-0.0108610144623033,-0.00935489781626256,0.999897256847771,3.18663607672067,6.41758740544558,0.64597791138407,-2.29965292491988,0.473391897663182,-0.111350337478265
-0.98302881702011,0.183227746561021,-0.00905194996751501,-0.183124303938208,-0.983026187721599,-0.011180499125087,-0.0109468815281301,-0.00933312079154396,0.999896523966905,3.17511917090423,6.41996574297921,0.645300329869993,-2.3069850949774,0.478052186794181,-0.159280231342515
-0.982959630908634,0.183605393968798,-0.00891197562413572,-0.183500340116739,-0.982952963868319,-0.0114497161331147,-0.0108622824951178,-0.00961925818607403,0.999894734805093,3.16356757908925,6.42236739348314,0.64438708479403,-2.31342542728981,0.482508017744858,-0.205666194464827
-0.982904154631893,0.183872415355776,-0.00950566560511317,-0.183775455283111,-0.982914964592307,-0.0102349604781455,-0.0112251878758636,-0.00831307715211372,0.999902439193652,3.15204576950738,6.42481870649066,0.643450148122974,-2.29082847429804,0.49942948667105,-0.158009927049295
-0.982879783760099,0.183905318902905,-0.0112322907245677,-0.183835479488382,-0.98293230612426,-0.00697123077514042,-0.0123226278438054,-0.00478698824570795,0.999912614975208,3.14059919335246,6.42733144526469,0.642580296254161,-2.28794777663707,0.506330488518859,-0.188471599776048
-0.982857825056639,0.183905887191135,-0.0130046292286716,-0.18386920165276,-0.982942691109465,-0.0039727418819174,-0.0135134158712867,-0.00151348965150676,0.999907544196245,3.12917354647104,6.42987598915022,0.641593681591608,-2.25835603044943,0.485169445721423,-0.117286773811561
-0.982909463194504,0.183603800218444,-0.0133653173564172,-0.183554373357281,-0.98299761408248,-0.00484589822087808,-0.0140278004016382,-0.00230981676690014,0.999898937674401,3.11790807947586,6.43231025804868,0.640972780259349,-2.2466925752979,0.487728256339061,-0.127021335734789
-0.982968546893669,0.183258123357092,-0.0137584897930929,-0.183190707568077,-0.983058958259362,-0.00602073473312996,-0.0146287551916442,-0.00339776539159215,0.999887220996392,3.1067076532399,6.43475166544611,0.640332547478656,-2.2333046196623,0.48862572612732,-0.128092884102912
-0.983037901531736,0.182853289743486,-0.0141830385343517,-0.182763976581632,-0.983129212079167,-0.00736757902337434,-0.0152909455610347,-0.00465046089995851,0.999872271941405,3.09557512126082,6.43719483662789,0.639697685750626,-2.21959406223592,0.488317009648744,-0.124875397952297
-0.983118451452464,0.182385522071315,-0.014616146978018,-0.182272348588022,-0.983209195326581,-0.00874466497144957,-0.0159656303951887,-0.00593292204821106,0.999854939019683,3.0845114270731,6.43963318438843,0.639089231135309,-2.20580603349449,0.486727211326177,-0.117594438860129
-0.983210404876281,0.181854795889753,-0.0150377177429003,-0.181718201324002,-0.983299690352581,-0.0100107072721103,-0.0166070783278851,-0.00711000452985162,0.999836813077513,3.07351573931026,6.44206126801149,0.638524535997167,-2.19261812648858,0.484381131643044,-0.108016114551244
-0.983313118869013,0.181265881643976,-0.0154269378661686,-0.181108254438103,-0.983400781028616,-0.0110771858651392,-0.0171787786084488,-0.00809839639307488,0.999819636505196,3.06258289143189,6.44447684671395,0.638009460294394,-2.18083478565397,0.48182413638921,-0.0980642608565704
-0.983425680889517,0.180625066282923,-0.015764377478368,-0.180450383872282,-0.983512233557022,-0.011888877323972,-0.0176518873590576,-0.00884713930986001,0.999805050496693,3.05170458268989,6.44687998191834,0.637542484793073,-2.17085032336899,0.479516012190669,-0.0890998333756908
-0.983547194204493,0.179937879832235,-0.016039830857886,-0.179750808675505,-0.983633522369982,-0.0124394714728778,-0.0180156474480244,-0.00935163469681247,0.999793970463678,3.0408721296787,6.44927254750953,0.637117504067745,-2.1623358180663,0.477565560455471,-0.080993533682823
-0.983677553353445,0.179205087284842,-0.0162483143683323,-0.179010420599017,-0.983764617921081,-0.0127454244163438,-0.0182685616714373,-0.00962877031722014,0.999786750480639,3.03007932916954,6.45165625077997,0.636731565730652,-2.15496263356195,0.47600296084901,-0.07360201884898
-0.983816907174566,0.178425630784085,-0.0163886374288252,-0.1782275145203,-0.983905323876443,-0.0128556102737047,-0.018418637989502,-0.00972666062400386,0.999783049390075,3.01932085382283,6.45403307531061,0.636380698720549,-2.1485566555167,0.474772290333344,-0.0668520833656987
-0.983965177718127,0.177599522300486,-0.0164602161825063,-0.177401261405779,-0.984055077889581,-0.0128217054782102,-0.0184748880855633,-0.00969604859572813,0.999782308881216,3.00859211537604,6.45640451121213,0.636061466534216,-2.14308857065526,0.47387687199989,-0.0611994221025844
-0.984121108908645,0.176732921843121,-0.0164656411114884,-0.176536652603793,-0.984212045143838,-0.0127067100868917,-0.0184513763136122,-0.00959815245649494,0.999783687695271,2.99788846165888,6.45877244883149,0.635767245338949,-2.13848368742759,0.473381268461687,-0.0567095136231526
-0.98428316059308,0.175833038486203,-0.0164134807279298,-0.175640059875973,-0.984374448505636,-0.0125504779187629,-0.0183637997065239,-0.00947035933500687,0.999786518790089,2.98720605622593,6.46113869025697,0.635493042854902,-2.13453386991081,0.473135277946855,-0.0532214260072527
-0.984450022302385,0.174905417583141,-0.016317122568055,-0.174716528602468,-0.984541046785007,-0.0123718158969029,-0.0182287745593817,-0.00932856342375551,0.999790322859005,2.97654194881177,6.4635040111053,0.635234139213476,-2.13118130016716,0.472999232471516,-0.0504742690731176
-0.984620459839232,0.17395585104272,-0.0161836940771426,-0.173771617538211,-0.984710672755878,-0.0121785015014347,-0.0180547778754855,-0.00917893505096681,0.999794865033421,2.96589301780081,6.46586888512761,0.63498783557092,-2.12847307065789,0.472960276468156,-0.0481289984338158
-0.984793783211344,0.17298735291408,-0.0160181234877281,-0.172808224381685,-0.984882713630967,-0.0119732191557665,-0.0178471884154857,-0.00902308831178498,0.999800010873665,2.95525649698995,6.46823349013962,0.634752691105004,-2.12608000077196,0.472800603546854,-0.0459554767623175
-0.984971274900192,0.171991838387893,-0.0158238790896452,-0.171818123543059,-0.985058482323447,-0.0117609023790695,-0.0176102255417923,-0.00886532179793366,0.999805624121902,2.94463165123098,6.47059673399036,0.634528777266762,-2.12382205937597,0.472447273218291,-0.0434870133478424
-0.985154022372829,0.170962232087326,-0.0156034420034432,-0.170794354214886,-0.985239203275576,-0.0115326014943585,-0.0173447620610782,-0.00869640895008261,0.999811748130826,2.93401765787479,6.47295787344956,0.634318699514356,-2.12173697107456,0.471961150517746,-0.0403626815192501
-0.985343649344267,0.169888092694889,-0.0153599693168974,-0.169726478270068,-0.985426593764207,-0.0112849845508741,-0.0170533067457122,-0.00851259436165866,0.999818343733636,2.92341347202806,6.47531626461956,0.634126489913548,-2.11994376308402,0.471348361374525,-0.0362259786961521
-0.985542421206248,0.168755309065153,-0.0150924373528952,-0.168600417059974,-0.985622936868812,-0.0110147939290902,-0.0167342573820617,-0.00831095544581375,0.999825431087572,2.91281708850179,6.47767148932952,0.63395755230326,-2.1186712818089,0.470747883906184,-0.0311353543686924
-0.985752027771772,0.167552612209244,-0.0148007393632435,-0.167404820941162,-0.985829906939214,-0.0107247615301308,-0.0163879733187925,-0.00809424030279455,0.9998329448485,2.902225225399,6.48002402037612,0.633816149179016,-2.11821058891199,0.470284885548277,-0.0251802154208686
-0.985974300793416,0.166267922923566,-0.0144795021191581,-0.166127392553956,-0.98604915117752,-0.0104288496640708,-0.0160114839461962,-0.00787713582307666,0.99984077888085,2.8916335134651,6.48237440974869,0.633707089248383,-2.11855511846024,0.469829582804059,-0.0181051853601101
-0.98621065422777,0.16489146824383,-0.014119107196554,-0.16475822876175,-0.986281875401572,-0.0101384569658706,-0.0155971645796424,-0.00767241518376982,0.999848919838554,2.88103852018224,6.48472184654249,0.633637658529401,-2.11945820333936,0.468986523059663,-0.00902650408110495
-0.986461517040341,0.163419666780511,-0.0136999236426985,-0.163293594280895,-0.986528123621162,-0.00987235389035682,-0.0151286967480859,-0.00750158742245046,0.999857414195068,2.87043767780567,6.48706376932897,0.633618937180696,-2.12093777607815,0.467665666823476,0.00194723327098424
-0.986726672185693,0.161852062053952,-0.0132054688001709,-0.161732918213136,-0.986787412864965,-0.00964701910085323,-0.0145923803271366,-0.00738321204847257,0.999866266365775,2.85982855166389,6.48939763068473,0.633659795708777,-2.12257141425766,0.465646241417326,0.0150752273892699
-0.987005171335162,0.160191382588505,-0.0126298338085298,-0.160079043954938,-0.987058866058992,-0.00946015966089801,-0.0139818254931482,-0.00731545478558341,0.999875488587034,2.84921098614561,6.4917193210789,0.633772176488498,-2.12448507738924,0.462835249997976,0.0304253765053806
-0.987295907489664,0.158441447378618,-0.0119623913465786,-0.158335932506957,-0.987341398588145,-0.00931102095138806,-0.0132862158387002,-0.00729865649098227,0.999885096439643,2.83858284102132,6.49402503031855,0.633967629972256,-2.1266921995606,0.459221910128398,0.048660415061027
-0.987598403870437,0.156601778404168,-0.0111926615787698,-0.156503147253936,-0.987634533254552,-0.00920834527347813,-0.0124963023402108,-0.0073424603311492,0.999894959835336,2.82794304082014,6.49631070230059,0.634262216135271,-2.12921934798884,0.454860932585869,0.0699140274097983
-0.987912510349495,0.154669399789607,-0.0103076992429224,-0.154577592066814,-0.987937989190527,-0.00918136945146233,-0.0116034445655378,-0.00747705041452045,0.999904722356742,2.81728919096837,6.49857343091748,0.634670172801133,-2.13238193467611,0.45019095191339,0.0941028989911131
-0.988239785952552,0.152629096212108,-0.00929970160430429,-0.152543860924084,-0.988253159053017,-0.00927707476015203,-0.0106064110248383,-0.007749361987076,0.999913721995036,2.80661729599305,6.50081283441542,0.635205293586171,-2.13651259992542,0.445589929008955,0.120414640528624
-0.988580754734323,0.150470236520117,-0.00817308329186278,-0.150391527316747,-0.988580687416389,-0.00951908497056819,-0.00951209126595759,-0.00818122172543423,0.999921290767842,2.79592116444176,6.50302994278853,0.635875037637674,-2.14229707344288,0.44135777450557,0.14778693192635
-0.988935617087367,0.148183024473693,-0.00693804827439112,-0.148111557617326,-0.988921298148323,-0.00988091943113247,-0.0083253682320127,-0.00874398801827328,0.999927112802397,2.78519133721322,6.50522690468284,0.636683135354025,-2.14992960894467,0.437463883690331,0.175639838869093
-0.989305100722919,0.145753348243449,-0.00560171040305189,-0.145690632923687,-0.989276300983482,-0.0103266543824963,-0.00704678379911359,-0.00940009511993047,0.999930988143594,2.77441879106667,6.50740487537619,0.637630442764973,-2.15945284087185,0.433739043107402,0.203277192298761
-0.989690528740419,0.143161904423167,-0.00416250446749156,-0.143110219502198,-0.989647668559689,-0.0108146746786892,-0.00566766226434045,-0.0101074841728859,0.999932855929913,2.76359409285105,6.50956484047502,0.638712956462545,-2.17069281103734,0.430338047815615,0.229296479844465
-0.990091192714487,0.140401366436839,-0.00262419737720187,-0.140363513746167,-0.990035519112288,-0.0113028715330286,-0.00418498722048842,-0.0108225319926074,0.999932677075429,2.75271029357771,6.51170847451347,0.639916913489686,-2.18286909267983,0.427089666858842,0.251111469574165
-0.990505444596476,0.137470020906083,-0.000978558541250795,-0.137449165944088,-0.990438935049567,-0.0117661684143803,-0.00258669789738946,-0.0115199518211604,0.999930297422788,2.74176539695317,6.51383560691129,0.641216102925506,-2.19485974153261,0.423696513380215,0.267365911414157
-0.990931981628465,0.134362178823664,0.000782743662784091,-0.13436167760942,-0.990857174456473,-0.0122065317809041,-0.000864509031932627,-0.012201013478132,0.999925191148938,2.73076321433482,6.51594481379244,0.642577160160004,-2.20552650233002,0.419811101794128,0.274481693479463
-0.991365993638189,0.131096355935182,0.00268553873244815,-0.131119993412873,-0.991286104910763,-0.0126255906102543,0.00100696830914173,-0.0128687090015124,0.99991668770126,2.7197128842236,6.51803355514917,0.643939498697608,-2.2139501057659,0.415681356121928,0.26644505786373
-0.991796132393351,0.127741868204747,0.00473781354141489,-0.127793523526388,-0.991715898115514,-0.0129766239697071,0.00304090682244722,-0.0134756273509468,0.999904575623692,2.70862888279225,6.52010296132085,0.645206342044537,-2.21852642963891,0.412420084371523,0.233425555360449
-0.992209236508509,0.124392305529039,0.00688369903267801,-0.124474335815892,-0.99213563468947,-0.0131537866227347,0.00519333326435828,-0.0139081524471885,0.999889790219458,2.69752820801887,6.52216004464993,0.646255981874409,-2.22201404409715,0.410799045337938,0.185067613545701
-0.992606264687597,0.121035742786845,0.00911878670505816,-0.121150050755237,-0.99254583780842,-0.0132448122366558,0.00744771810283231,-0.0142516250728595,0.999870702980062,2.68640599127278,6.52421306245429,0.647052172030078,-2.2274103421294,0.410746856924739,0.132711857432626
-0.992991060441837,0.117632355930942,0.0114622301814182,-0.117781091596617,-0.992950494249284,-0.0133015199286337,0.00981673799717071,-0.0145583243623213,0.999845831539471,2.67525309034973,6.52626702094375,0.647583695645984,-2.23378500397042,0.410582671052924,0.0801360229788318
-0.993363886718053,0.114165717380431,0.0139419345650322,-0.114350095373923,-0.993352403143421,-0.0132309809600658,0.0123387297716904,-0.0147374402187919,0.999815264738151,2.66406813901605,6.52831729424265,0.647856475889181,-2.24024869468417,0.409210292074085,0.0294952260482638
-0.993724528524609,0.110619302339416,0.0165810542030249,-0.110837563028977,-0.99375511461062,-0.0128765992028793,0.0150531069995651,-0.0146335961121963,0.999779606630624,2.65285073665086,6.53035778110643,0.647881652280261,-2.24673415652831,0.406713300141766,-0.0189029468028371
-0.994051906188512,0.107441737075553,0.0178067666119683,-0.107715243926981,-0.994065823159649,-0.015184381833972,0.0160696617492776,-0.017012123915513,0.999726139305734,2.64168036861574,6.53228104785267,0.648029525228449,-2.22168363282196,0.363890091672816,0.0703241838969372
-0.994348526149818,0.104696555475981,0.0175965853264101,-0.105039996154118,-0.994269301088002,-0.0198785341994816,0.015414530535428,-0.021614536438285,0.999647539917411,2.63057813217036,6.53406716459488,0.648323086631629,-2.22008963137232,0.350008829915106,0.0485785650103634
-0.994634416631231,0.10201429248472,0.0171889901242971,-0.102416675737239,-0.994441598172178,-0.0244281058557178,0.0146014308745589,-0.0260574740450186,0.999553803585784,2.61947611091777,6.53578035075218,0.648519264201377,-2.2211208686712,0.335186533712367,0.0304214579406539
-0.994913094539094,0.0993639011653097,0.0165755681608694,-0.0998118606362606,-0.994588457523308,-0.0288338800326166,0.0136208219639182,-0.0303416431100591,0.999446775922765,2.60836499955731,6.53741944378976,0.648627581998717,-2.22352569455144,0.320479628301486,0.0129554639289074
-0.995187455427534,0.0967182375007841,0.0157324853221583,-0.0971959397247936,-0.994713686564027,-0.0331305155893681,0.0124449933983226,-0.0345002072014792,0.99932720259301,2.59724063062956,6.53898684044394,0.648646374637936,-2.22605222300719,0.306793118692364,-0.00585528378339073
-0.99543006172465,0.0941762648613804,0.0158058012014546,-0.0946742635568015,-0.994912053347877,-0.0344498174608863,0.0124810269945249,-0.0357887865101659,0.999281435194957,2.58622320912213,6.54056829586436,0.648921530670667,-2.20033694601449,0.311912576210716,0.0558340951937345
-0.995672287932832,0.0915618628095495,0.0159097555432126,-0.0920730123870846,-0.995133868496648,-0.035087663941405,0.0126196447084426,-0.0364006737539627,0.999257592174155,2.57523130140148,6.54210417000835,0.649189294086881,-2.19646794117243,0.302769080382574,0.0511715269428375
-0.995916931735907,0.0888501908817842,0.0159721213997323,-0.0893700909727482,-0.995366325110713,-0.0354804971092191,0.012745662841139,-0.0367630577600001,0.999242726099558,2.56425805958348,6.54359733782574,0.649434096217556,-2.19277187714213,0.294650981452957,0.0469851260386941
-0.99616321256712,0.0860422194779054,0.015987194728037,-0.0865684487546092,-0.995602136763062,-0.0358090624429939,0.0128357940220627,-0.0370556573297734,0.999230764464186,2.55330299417149,6.54505108114214,0.649661075384635,-2.18925616856688,0.286840906885708,0.0441907143163093
-0.996409489353325,0.0831480468954811,0.0159540535323501,-0.0836794873620451,-0.995835638155861,-0.0361818348558234,0.0128791661792041,-0.037386950613491,0.999217865634093,2.54236413635531,6.54646599625073,0.649876895029487,-2.18645031168441,0.279147892171787,0.0421974755537436
-0.996654004770477,0.0801798061368045,0.0158743019637134,-0.0807164345668189,-0.996061868578868,-0.036682572892238,0.0128705852932628,-0.0378411502340819,0.999200878393915,2.53143683623214,6.54784250056802,0.650084051993976,-2.18463231083193,0.271385671615341,0.0408990352958445
-0.996894835839482,0.0771531029669483,0.0157507136074473,-0.0776953464682562,-0.996277517215057,-0.0373435647599484,0.0128109099501158,-0.0384513640118827,0.999178349040789,2.52051598670933,6.5491799110441,0.650286590778044,-2.18390444508588,0.263575988158601,0.0402048437821016
-0.997130758833723,0.0740751112667906,0.0155925520200177,-0.0746237977981929,-0.99648074669307,-0.0381760431710221,0.0127097832341385,-0.0392300823454899,0.999149369238307,2.50959541717103,6.55047831547273,0.650485785561948,-2.18464299031784,0.255754867557308,0.0393519907906175
-0.997361229491654,0.0709417821355616,0.0154221092696902,-0.0714981254778559,-0.996672150635004,-0.0391489744661265,0.0125934887957435,-0.0401483212105708,0.99911436599817,2.4986671084165,6.55173750649123,0.650679500556667,-2.18696477805103,0.24790043965799,0.0380467574744855
-0.997585831617505,0.0677465167393418,0.0152616521287045,-0.0683121205603157,-0.99685274215631,-0.0402251742071818,0.012488504336565,-0.0411706196835961,0.999074080003232,2.48772352000592,6.55295739313405,0.650865779887381,-2.19071735639698,0.240033876640216,0.0364080999175383
-0.997803948849079,0.0644859694637331,0.0151274387622933,-0.0650625832050789,-0.997023698578793,-0.0413594576722888,0.0124153102203141,-0.0422528604308176,0.999029807291828,2.47675801636017,6.55413800603061,0.651043179039274,-2.19565772421521,0.232214090711509,0.0345120647815758
-0.998014942144002,0.0611579171893953,0.0150294518316323,-0.0617471819965271,-0.997186541152743,-0.0425004430484813,0.0123879285109355,-0.0433441035076804,0.998983397218554,2.46576540783107,6.55527982884396,0.65121055953423,-2.20148879308773,0.224542975356519,0.0324131749721953
-0.998218535954945,0.0577555586350729,0.0149682972551028,-0.0583586870551731,-0.997343135632661,-0.043599695544897,0.0124104037469714,-0.0443955544301678,0.99893694326803,2.45474192845152,6.55638392820553,0.651366805275572,-2.20794725101985,0.21716907595377,0.0300114110378357
-0.998414385184677,0.0542744129567967,0.0149333035360487,-0.054892202486657,-0.997493398655191,-0.0446516040639186,0.0124724320991743,-0.0454005257404824,0.998891000409964,2.44368537274954,6.55745206884414,0.651510475445748,-2.21457743293597,0.210162689413693,0.0274866097273114
-0.998602070758705,0.0507122621586831,0.0149053930902697,-0.0513448693377701,-0.997636271812252,-0.0456680802885064,0.0125542291325982,-0.0463695550043253,0.99884546137007,2.43259545861021,6.55848591218632,0.651641907084992,-2.22138625147955,0.203402227149795,0.0251885472563772
-0.998780906099865,0.0470715624126161,0.0148650470018671,-0.0477183771947003,-0.997770457159012,-0.0466590966329208,0.0126355881634703,-0.0473115507326818,0.998800259851304,2.42147089319475,6.55948625679063,0.651762561695262,-2.22837385467874,0.196737078529973,0.023137086956525
-0.998950125940719,0.0433580554324235,0.0147893513090215,-0.0440173635146306,-0.997894862066273,-0.0476268408668367,0.0126932104781902,-0.0482278269347999,0.998755705423956,2.41031111906584,6.56045348776154,0.65187349303699,-2.23549421962027,0.190177344415333,0.0213178141283154
-0.999108920048964,0.0395784066268877,0.0146600002547543,-0.0402474307757989,-0.998008788419852,-0.0485654460772976,0.0127086661196186,-0.0491121977274114,0.998712411978465,2.39911505150739,6.56138781829175,0.651975801202122,-2.2429609262757,0.183458084610004,0.0196414775838141
-0.999256371868399,0.0357445692659737,0.014457836919612,-0.0364191202267885,-0.998112389450584,-0.0494500324282258,0.0126629760447855,-0.0499398016939982,0.998671950764841,2.38788042555235,6.56228790639759,0.652069976192375,-2.25093932938948,0.176536411868362,0.0180880743188095
-0.999391700039822,0.0318651712956366,0.0141718294448873,-0.0325400460400691,-0.998206038330025,-0.0502578396390879,0.0125449310570216,-0.0506884197798454,0.998635723777693,2.37660405856333,6.56315322273439,0.652157219555233,-2.25978957360578,0.169572268374443,0.0169875857087947
-0.999514181218347,0.0279446560927445,0.0138020918442359,-0.0286140487142919,-0.998291097847908,-0.0509521361063076,0.0123546654990985,-0.0513223163300119,0.998605719033758,2.36528082800116,6.5639836021103,0.652240842187375,-2.26965669173118,0.162534841077595,0.0167289371041623
-0.999623162572182,0.0239859575603869,0.0133494078183285,-0.0246434732511836,-0.998369498042664,-0.0514882957977548,0.0120926455048899,-0.0517978688552937,0.998584372352553,2.3539058353229,6.56477864395564,0.652325410374395,-2.28049482381207,0.15547239716046,0.0173274899990044
-0.999717980689876,0.0199926485911593,0.0128161260788259,-0.0206316874685242,-0.998442367768024,-0.0518379370536969,0.0117597856085513,-0.0520877360622663,0.998573269817668,2.34247425989565,6.56553841561088,0.652414601808943,-2.29227657938115,0.148417137483131,0.0185178951581644
-0.99979799149187,0.0159712261151555,0.0122023008158478,-0.0165850772280505,-0.998510324876913,-0.0519814036703707,0.0113539166000753,-0.0521732790859555,0.998573501314379,2.33098176739807,6.56626304790811,0.652511351951693,-2.3047850122954,0.141456655386592,0.0204790824690287
-0.999862692141343,0.0119296312685957,0.0115013373857957,-0.0125114159134044,-0.998573145820141,-0.0519147081154252,0.010865603329239,-0.0520514778336152,0.99858529045827,2.31942518548615,6.56695323043144,0.652620127604514,-2.31792329451567,0.134625111663601,0.0232984554946556
-0.999911640733479,0.00787759323818667,0.0107076725041853,-0.00842043465735001,-0.998630549383541,-0.0516345051114856,0.0102862532471502,-0.0517201059811405,0.998608643879791,2.30780120603291,6.56760954822135,0.652744835030083,-2.33176640379428,0.127914999609006,0.0268364131936243
-0.999944538518028,0.00382586701360698,0.00981237125073014,-0.00432274716516134,-0.998682789902879,-0.0511272824306997,0.00960384011289499,-0.0511668632358545,0.998643939731119,2.29610635051503,6.56823233745376,0.652888800615597,-2.34623407263908,0.121133810129547,0.0309728467053779
-0.999961322870408,-0.000210766288128108,0.00879251618341588,-0.000232517361022605,-0.998729865003653,-0.0503845480823328,0.00879196786508371,-0.0503846437652969,0.998691187992416,2.28433818341118,6.56882067254929,0.653053879435897,-2.36099266919523,0.114116070697194,0.0350493334283697
-0.999962097055528,-0.0042123589535847,0.00761974306374884,0.00383061030883879,-0.998769803509694,-0.0494389120215027,0.00781862372628405,-0.0494078498748349,0.998748083098923,2.27249621666297,6.56937365691953,0.653237862918444,-2.37568041373078,0.107088724136341,0.0384818062744355
-0.999947121639076,-0.00815644207294294,0.00626309655351595,0.00784420933018108,-0.998799388954352,-0.0483554444131967,0.00664998539188149,-0.0483037584161334,0.998810554918781,2.26058225280037,6.56989126880252,0.653433881490464,-2.38954832306266,0.0997999467785431,0.039026297946304
-0.999916981781491,-0.0120149969202374,0.00465503963475102,0.0117816877034479,-0.998812866100784,-0.0472657417840464,0.00521741122136646,-0.0472069736431431,0.998871503377488,2.24860248486893,6.57037112271655,0.653619366403092,-2.40188156786052,0.0919744255226552,0.0336706306279799
-0.999872053909629,-0.0157638639107795,0.0027159538182638,0.0156211813898252,-0.99880406537214,-0.046329447310241,0.00344303681750513,-0.0462810932313471,0.998922522474483,2.23656805084002,6.57081180982363,0.653751160354441,-2.41072216924503,0.0844672240038336,0.0150552947436512
-0.999811881370556,-0.0193910947155876,0.000432800185959878,0.0193511589787602,-0.998771135919885,-0.0456262062797329,0.00131701042084072,-0.0456092479551362,0.998958488619281,2.22450228540951,6.57121876732409,0.65374952028808,-2.41417167666259,0.0789167757135179,-0.0187127558989644
-0.999735957470433,-0.022884001796044,-0.00208273917608004,0.0229545683334475,-0.998723231991219,-0.0449999297070378,-0.00105030152909168,-0.0450358561905057,0.998984818965677,2.21243349692753,6.57160519647594,0.653546429843017,-2.4121141973227,0.0763072474468316,-0.0650972399307119
-0.999645093024847,-0.0262195044148018,-0.00471440129681479,0.0264034164174523,-0.99866199204064,-0.0444644268478451,-0.00354225815431733,-0.0445731224132094,0.998999844427168,2.20037875198044,6.57198447964657,0.65309256676656,-2.41049450749258,0.0756911712740551,-0.117273731811738
-0.999539417332862,-0.0294409037071256,-0.00736114031857457,0.0297371526956558,-0.998587344737633,-0.0440342671041478,-0.00605433294733945,-0.0442328850376271,0.999002901364061,2.18832414281868,6.5723646037961,0.652372088267308,-2.41220038052292,0.0768680715895141,-0.171184590005345
-0.999419138764181,-0.0326044666173184,-0.009916341485774,0.0330086633442914,-0.998496092389408,-0.0437719273885274,-0.00847426787902938,-0.0440738271504013,0.998992334577314,2.17625591092023,6.57275505840378,0.651383294510543,-2.41500551749644,0.079624006360129,-0.223802324783538
-0.999285101239021,-0.0357314750916915,-0.0123510375876502,0.0362399570040408,-0.998385312071531,-0.0437428183383081,-0.0107680990924577,-0.0441591477228081,0.998966474769965,2.16417496844746,6.57316145679813,0.65013752295146,-2.41723036200454,0.0830233969205526,-0.273979205391169
-0.999137828262845,-0.0388378294467196,-0.0146704852705861,0.0394492076448073,-0.998253238102804,-0.0439799117036733,-0.012936775116073,-0.0445207324864892,0.998924693972705,2.15208447259403,6.57358533278867,0.648645683028012,-2.41882016057448,0.086569682536743,-0.322460928077072
-0.998977365232522,-0.0419341778183954,-0.0169040966568572,0.042650258187358,-0.998098638727238,-0.0444978971119532,-0.0150059731320855,-0.0451733561021259,0.998866451868732,2.13998787222879,6.57402610812258,0.646914172563201,-2.41959696020964,0.0895326139252159,-0.369938649040703
-0.998806992062004,-0.0452014829061149,-0.0184775147446987,0.0460215838657578,-0.997849506912309,-0.046673069037182,-0.0163280870447024,-0.0474677521897839,0.998739308366057,2.12796242945781,6.57443195867833,0.645214436013017,-2.37208160594737,0.0671356313562098,-0.22573581389664
-0.998610509910162,-0.0489250750415677,-0.0195802586587599,0.0498551021525038,-0.997492817243714,-0.0502249772181407,-0.0170739065925284,-0.0511313659056387,0.998545975473485,2.11614109423104,6.57475946336439,0.64404395783367,-2.35632539799001,0.0629757160049124,-0.239038405033731
-0.998399821154088,-0.0527061108897321,-0.020490558664071,0.0537358954559887,-0.997123095644208,-0.0534601316165214,-0.0176139336614376,-0.0544756643630163,0.998359730424449,2.10440168122189,6.57505826292172,0.642839002310194,-2.3387331879337,0.0560553981492066,-0.240659746097477
-0.998172930754715,-0.0565801438251604,-0.0212011233963271,0.0576937787482381,-0.996749532265169,-0.0562298659336559,-0.0179507159269894,-0.0573503029973839,0.998192724148907,2.09275611509082,6.57531773072312,0.641647924039019,-2.31900699179082,0.0473408576062767,-0.234107389587322
-0.997927979757765,-0.0605699564383704,-0.0217031701288276,0.0617476380340375,-0.996377171239932,-0.0584787297154141,-0.0180824891484664,-0.0596976800970095,0.998052709318116,2.08121245588189,6.57552996112516,0.640505226339253,-2.29822199833122,0.0372534010703846,-0.221813167055233
-0.997663727822202,-0.0646788607304686,-0.0219938892084991,0.0658981243911487,-0.99601065077717,-0.0601682702108543,-0.0180145327343171,-0.0614770568020813,0.997945914414864,2.06977360214673,6.57568971619151,0.639433061703818,-2.27724261309894,0.0265969918621616,-0.206690780074495
-0.997379560863444,-0.0688930347548089,-0.0220853194252528,0.0701320192535977,-0.995649370424837,-0.0613500696661315,-0.0177626418996656,-0.0627381935897017,0.997871939488152,2.05843860782089,6.57579599250251,0.638438803339156,-2.2568955662031,0.01591599584598,-0.191022665872131
-0.997075025284257,-0.0731962919276326,-0.0219931080669502,0.0744349994007442,-0.995290639705094,-0.0620964844386226,-0.0173443021944091,-0.063551910777487,0.99782780569491,2.0472019553573,6.57584988019339,0.637521230950981,-2.23814287863376,0.00586589191848043,-0.176408715081754
-0.996749718431223,-0.0775694667052262,-0.0217480261712439,0.0787916874497467,-0.994929382345859,-0.0625091523995468,-0.0167889486299687,-0.0640195437343563,0.997807410888467,2.03605435522961,6.5758560158194,0.636672444803299,-2.22121012828815,-0.00317966893622711,-0.163510641848767
-0.996403258688524,-0.0819949419361169,-0.0213863407759095,0.0831886632051029,-0.994560570834204,-0.0626810757413376,-0.016130480124239,-0.0642347292267677,0.997804443351565,2.02498695664701,6.57581951747584,0.635883889221579,-2.20611484326055,-0.0111634586789948,-0.152311206920097
-0.996035290799364,-0.0864583376793357,-0.0209441000750049,0.0876153446312854,-0.994180410483411,-0.0626806413191392,-0.0154029499566465,-0.0642671553498631,0.997813851314898,2.01399042703255,6.57574569647671,0.635147213565188,-2.19281273731283,-0.0181447539607785,-0.142724385545134
-0.995645710766397,-0.0909468977210723,-0.0204519052264038,0.0920620710327501,-0.993786225222532,-0.0625580820926667,-0.0146353581998486,-0.064168530861044,0.997831752319747,2.00305637576782,6.57563914722352,0.634454684557463,-2.18106245418621,-0.0242958987782387,-0.134621237975945
-0.995234653494332,-0.0954496027187229,-0.0199338361801198,0.0965202537616834,-0.993375947687571,-0.0623543676866445,-0.0138500937830079,-0.0639812464450248,0.997854986962306,1.99217763989045,6.57550353109149,0.633799476225993,-2.1706399803797,-0.029824821763477,-0.127691868718161
-0.994802752092896,-0.0999552847571629,-0.0194016874914031,0.100980183665646,-0.992948070788751,-0.0621058066830358,-0.0130570645725588,-0.0637422133755387,0.997880976519111,1.98134831665059,6.57534114656687,0.633176558598958,-2.16118533465499,-0.0351200855968428,-0.121671839794985
-0.994351537413403,-0.104449968512988,-0.0188473903031145,0.105427951581054,-0.992501808233605,-0.0618474549067974,-0.0122461042387022,-0.063485153623986,0.997907645125697,1.97056433322534,6.57515230979281,0.632581907870397,-2.15250207803363,-0.040422329089759,-0.116292585904722
-0.993882340833435,-0.108924599351737,-0.0182571694278451,0.109853995269989,-0.992036717704615,-0.0616056040395302,-0.0114014166959489,-0.0632343449552358,0.997933577606951,1.959822007031,6.5749367326577,0.63201288117313,-2.1444812342206,-0.0458475780023899,-0.111432445975557
-0.993396275641034,-0.113372732264902,-0.0176199637148762,0.114251360568725,-0.991552790708576,-0.0613978000113209,-0.0105102878513319,-0.0630054506913954,0.997957838304032,1.94911834146423,6.57469346016081,0.631467561666679,-2.13702953148032,-0.0515289320859835,-0.106622061148345
-0.992894019842492,-0.117791288885937,-0.0169315570343272,0.118616614199356,-0.991051096427032,-0.0612194667296198,-0.0095689182720951,-0.0627928063823211,0.997980710870573,1.93845067228131,6.57442100029839,0.630947571631081,-2.13004955529344,-0.0575249133831285,-0.101141547643442
-0.992375439988863,-0.1221825779897,-0.0161988809089266,0.122952252903035,-0.990533166197547,-0.0610474419507602,-0.00858659495835559,-0.0625736709683407,0.998003409858186,1.92781707281611,6.57411762595057,0.630457927863876,-2.12334179412516,-0.0639326594794141,-0.0943275046716057
-0.991840169513236,-0.126550898784168,-0.015425568283671,0.127262636539251,-0.990000245942455,-0.0608583139345693,-0.00756964206772755,-0.0623248188990492,0.998027212789395,1.91721661935098,6.57378084180372,0.630006695897916,-2.1167754830894,-0.0709379294111455,-0.0856802389055492
-0.991287360083271,-0.130904230492621,-0.0146100026787658,0.131555473673731,-0.989453932937823,-0.0606141232746536,-0.00652127944648357,-0.0620080400674728,0.998054345154297,1.90664842030624,6.57340750761713,0.629603392336598,-2.11050629098189,-0.0785119684952766,-0.0752125185799863
-0.99071609081335,-0.135250456057852,-0.0137456007383539,0.135838376330059,-0.988894180604152,-0.0603012030000772,-0.0054371793724688,-0.061608552193558,0.998085579185014,1.89611058410214,6.57299496981957,0.629256674484084,-2.10461306602856,-0.0866434843776602,-0.0630471609351749
-0.990125318448014,-0.139597916746787,-0.0128169968469961,0.140119032621748,-0.988319823526506,-0.0599214746287355,-0.00430237903539609,-0.0611256743479684,0.998120805048238,1.88560125539019,6.57254035617422,0.628974484651082,-2.09911762501294,-0.095322779119408,-0.0495150103777426
-0.989514146748703,-0.143952495699468,-0.0118081482918179,0.14440272395084,-0.9877290883413,-0.0594903467803149,-0.00309946765822304,-0.0605716685122617,0.99815903856744,1.87511843191085,6.57204090287578,0.628762755848801,-2.09398214183853,-0.10462083445225,-0.0348799533397843
-0.988881889954968,-0.148317845329212,-0.0106969376921539,0.14869215657474,-0.987119662089057,-0.0590374058571323,-0.00180285668951054,-0.0599715722162315,0.998198457338855,1.8646603171847,6.57149338358363,0.628626664109802,-2.08927699992617,-0.114509484711627,-0.0192960298838194
-0.988227760697871,-0.152696765639456,-0.00946523899961966,0.15298934730922,-0.986489383363688,-0.0585914338502531,-0.000390635341012934,-0.0593497622065907,0.998237172785131,1.85422423104236,6.57089487936474,0.628571908374389,-2.08523140055036,-0.12507499547133,-0.0020110674428401
-0.987551305131983,-0.157089123388431,-0.00808869860798256,0.157292910876405,-0.985836397311047,-0.0581853755234405,0.00116615614037554,-0.0587333384870197,0.998273026295926,1.84380638258404,6.57024186475232,0.628608295806139,-2.08199459251427,-0.136242268909302,0.0169400919945824
-0.986851948760642,-0.161494147671644,-0.00654763278852268,0.161600962468225,-0.985159338828944,-0.0578464004710786,0.00289139355111371,-0.0581439367941862,0.998304023059812,1.83340289707368,6.56953135706162,0.628744519932861,-2.07941490172862,-0.148187793941232,0.038435128505851
-0.986128815439361,-0.165911756312297,-0.00482166750527862,0.165912155403225,-0.984457565525386,-0.0575887000138566,0.0048079153090215,-0.0575898497757956,0.998328750038374,1.82301069647996,6.56875886847312,0.628995607571216,-2.07753153706917,-0.160986577833272,0.0626321985588756
-0.985380168147465,-0.170345304494725,-0.00289852691438595,0.170229008736068,-0.983730509491631,-0.0574140164077738,0.00692883874898323,-0.0570680465053441,0.998346247181635,1.81262588311784,6.5679207448982,0.629373353790867,-2.07647077461334,-0.174365062344756,0.0891203625329327
-0.984604032677832,-0.174797879126373,-0.000774782210041159,0.174554163304203,-0.982977110010467,-0.0573310148928089,0.0092597466337117,-0.0565835899213892,0.99835492408456,1.80224400932425,6.56701482522239,0.629888128220948,-2.07641327191045,-0.188041211158584,0.117152011452078
-0.983798085389839,-0.179273340680211,0.00154806480608859,0.178891001277021,-0.982195261395797,-0.0573626895616633,0.0118041029049951,-0.0561563693003732,0.998352205056717,1.79185927941998,6.5660403722992,0.630544449809005,-2.07771584921773,-0.201687484694814,0.145431083787839
-0.982960152435137,-0.183773861908452,0.00406280739712509,0.183241306485696,-0.98138340934107,-0.057525885195385,0.0145589258569449,-0.0558011787451728,0.998335748197239,1.78146416037682,6.56499830405716,0.631339867861808,-2.08059030106568,-0.215039024484364,0.172375816472107
-0.98208794063708,-0.18830205690561,0.00675368198364993,0.187608084478749,-0.980541703608378,-0.0578028902650661,0.0175066699698785,-0.0555004761231586,0.998305170604995,1.77105077039954,6.56389048146284,0.632262799713092,-2.08501286169579,-0.227973933044339,0.195880612496797
-0.98117882735498,-0.192862342911515,0.00960340757172585,0.191997055900097,-0.97967177901075,-0.0581406564772615,0.0206213306069761,-0.055202555163628,0.998262209355541,1.76061205250474,6.56271924672297,0.633292369880711,-2.09059845927274,-0.24037553448852,0.215053388056383
-0.980230124973661,-0.197460254141161,0.0125837247518172,0.196416468695479,-0.978775227471489,-0.0584775590575845,0.0238636317294639,-0.0548498142443829,0.99820940937162,1.75014420642015,6.56148766768753,0.634405956948887,-2.09638474067928,-0.252070024243441,0.229217133702506
-0.979238998890889,-0.202103582077957,0.0156564734991272,0.200878055049073,-0.977852661296005,-0.0587552533482909,0.0271843714452193,-0.0543903935229289,0.998149635596562,1.73964859571864,6.56019982551509,0.635576304466084,-2.10160816947786,-0.262827114238587,0.237698030139354
-0.978205900968598,-0.206787423159258,0.0187663777370186,0.205383402769576,-0.976908351174193,-0.0588874458005364,0.0305102143061063,-0.0537497444577651,0.998088218442499,1.72913036746738,6.55886348562864,0.636762153488192,-2.10501239024976,-0.270756995721367,0.232159293304521
-0.97714179451309,-0.211468230724484,0.021796807334925,0.209904749990372,-0.975961690765507,-0.0586410614638933,0.0336735704554587,-0.0527253786367553,0.998041143991766,1.71860233277914,6.55749827699988,0.637868501105606,-2.10534785798019,-0.274242429303359,0.205263239596191
-0.97606237003147,-0.216089585616166,0.0246483426782247,0.214398349587736,-0.975028298404408,-0.0579065195350197,0.036545827430835,-0.0512358107073406,0.998017682307562,1.70807659677821,6.55612432175078,0.638790620534211,-2.10542663597265,-0.274964323699531,0.160191201265328
-0.974965085001267,-0.220664296987242,0.0273925366404762,0.218861165600517,-0.974084705792069,-0.0570856911490294,0.0392794248997681,-0.04966139322558,0.997993423226044,1.69754334420089,6.55474898096942,0.639463670113346,-2.10881686826525,-0.275175033578677,0.108492982011683
-0.973835352452719,-0.22525100298053,0.030111326266961,0.22334324464498,-0.973112893130036,-0.0562946915396463,0.0419821555514098,-0.0480965994677019,0.997960027122781,1.68698594283993,6.55337160998495,0.639876471665189,-2.11441794269198,-0.275971463543907,0.0568258748619341
-0.972664069499047,-0.229875755277819,0.0328898926876727,0.227866879616406,-0.972107983789794,-0.0555225452048408,0.0447358142815859,-0.0465102675502268,0.997915578560116,1.67639930795604,6.55198752703792,0.640034160250205,-2.12014944076945,-0.278025420603183,0.00658090103347958
-0.971444856200822,-0.234550140585277,0.0357927773774451,0.232446392052165,-0.971072291309463,-0.0546560140599488,0.047576950121837,-0.0447754017560636,0.997863516326099,1.66578446593455,6.55058906631008,0.639945037522439,-2.12588407761971,-0.281847917615916,-0.0417531959452309
-0.970170426138851,-0.239286935823759,0.0388729544752671,0.237103029931772,-0.970009483882054,-0.0535140577422857,0.0505123494081717,-0.0427008609157667,0.997810171843482,1.65514018964136,6.54916731940153,0.639618531978687,-2.13187997115447,-0.287195281159456,-0.0885722370892225
-0.969088455108021,-0.243409732299006,0.0402401341756698,0.241051579834091,-0.968911464590613,-0.0557199214317581,0.0525518984988969,-0.0442975846632618,0.997635214874236,1.64462155134333,6.54760030371801,0.639496502489052,-2.07745686155955,-0.337001853673602,0.0293553600567536
-0.968224340277166,-0.246876331506348,0.0399212203823261,0.244257040008018,-0.967797226821425,-0.0608853526168769,0.0536667988738671,-0.0491996412459235,0.997346113443024,1.63425314335339,6.54588058168645,0.639588839020527,-2.0707470084633,-0.351901426096073,0.00897818170073853
-0.967378303108297,-0.250248078710197,0.0394349816427758,0.247383615932726,-0.966678789953374,-0.0658290484689654,0.0545945532389511,-0.053926024850111,0.997051362067424,1.62391064165278,6.54407830461369,0.639591460933358,-2.06664603979068,-0.369420261586673,-0.0070553396285407
-0.966543561271044,-0.253554779249562,0.0387752251469188,0.250466464251758,-0.965554073958519,-0.070511563217181,0.0553181204553402,-0.0584406038796078,0.996757042296404,1.61358427436565,6.54218579748241,0.639519560379645,-2.06417603350425,-0.38761384602681,-0.021522159468344
-0.965713119793434,-0.256827505458399,0.0379183688843491,0.253539799689131,-0.964416811367031,-0.0749518774030685,0.0558188161145366,-0.0627681957098157,0.996465961975072,1.60326717039632,6.54020269312969,0.639375234914765,-2.06280016294642,-0.405522469616501,-0.0362587297161747
-0.964883037993259,-0.260085482104225,0.0368275031940968,0.256624350633096,-0.963259467104458,-0.0792157919595366,0.0560773185435974,-0.0669831399103364,0.99617698894961,1.59295547389694,6.53813142973848,0.639155117191267,-2.06183961968952,-0.42283886937487,-0.0519305610303949
-0.964038918027305,-0.263279345758214,0.0362346605596058,0.259722103028984,-0.962235099422644,-0.0815355299075063,0.0563328831762156,-0.0691924817897331,0.99601154949972,1.58271635501837,6.53604816902539,0.639085830605641,-2.03754433281781,-0.415458833568412,0.00818466396297197
-0.963177760377345,-0.266446306037561,0.035985662609174,0.262850222650353,-0.961309828512409,-0.0824207137684653,0.0565540658763172,-0.0699269590671707,0.995947718521648,1.57254963144722,6.53394274968679,0.639130554618307,-2.0293868977714,-0.426706927917577,0.00981432365179692
-0.962300966895297,-0.26963223190043,0.0357114636044102,0.266012913492307,-0.960384520766588,-0.0830584259859689,0.0566919656363283,-0.0704274931566158,0.99590460850423,1.56242120061782,6.53178136953526,0.639184397511763,-2.02201804262946,-0.437764070167745,0.0117693846886004
-0.961405563854545,-0.272847165450889,0.0354085596281459,0.269210154308312,-0.959443407090277,-0.0836315814049745,0.0567911490183101,-0.0708715238753685,0.995867457293772,1.55232888035476,6.52956522351345,0.639248659097763,-2.0148364144169,-0.448668026697503,0.0140176575929876
-0.960489385966459,-0.276096822039183,0.0350811103820809,0.272445363161455,-0.958482104523908,-0.0841758837152577,0.0568653104941748,-0.0712923570046987,0.995833186982195,1.54227177528621,6.52729402286408,0.639324247276795,-2.00809674163508,-0.459968654597586,0.0160911038388663
-0.959551019270203,-0.27938463858577,0.0347284485661642,0.275719874514613,-0.957496469800198,-0.0847293403597928,0.0569244430377714,-0.0717268014235812,0.99579861103658,1.53224585933577,6.52496457908962,0.639407882799395,-2.0025400351179,-0.471969185699206,0.0169636633662978
-0.958587919964492,-0.282716846885719,0.0343567196505471,0.279037504474409,-0.956481809332518,-0.0853265463539124,0.0569848295149116,-0.0722061832739351,0.995760511519797,1.52224413464809,6.52257412433025,0.639492478968156,-1.99838998382477,-0.484177931582317,0.0166492772019555
-0.957595260196295,-0.286104920138465,0.0339895913796058,0.282407398992573,-0.95543387863117,-0.0859776980271501,0.0570734495526521,-0.0727329240190524,0.995717099943453,1.51225958049805,6.52012278328331,0.639573669546072,-1.99572676108253,-0.496359209601654,0.0157112005010089
-0.956673047813484,-0.289209727770851,0.0336810473407647,0.285490706255302,-0.954458846249591,-0.0866219802229684,0.0571990929046008,-0.0732532878348133,0.995671742891341,1.5032819864438,6.51786459247656,0.639642071609606,-1.99448113322547,-0.507217359944951,0.014657426744346
-0.955613905219737,-0.29272544857922,0.0333747794715946,0.288975354416864,-0.953337614861259,-0.0874107352119505,0.0574047793335282,-0.0738864253076317,0.995613121380453,1.49331091468493,6.51529868514915,0.639712302441771,-1.99409067598941,-0.519078408226893,0.0134152768508618
-0.954517242870593,-0.29631177105837,0.0331084187930105,0.292522819341893,-0.952175291055961,-0.0882757909438734,0.0576821742567949,-0.0745757965746834,0.995545688222424,1.48334006719854,6.51267435428716,0.639776230597972,-1.99416059281789,-0.530433739502633,0.0121533484186214
-0.953383627714902,-0.299965437412632,0.032869359029671,0.296131419394135,-0.950972604236503,-0.0892036346751554,0.0580158672501605,-0.0753116348879226,0.99547090203467,1.47336862039402,6.50999493497027,0.639833733534518,-1.9944442224547,-0.541235019919982,0.0107820851624966
-0.952213640474769,-0.30368291402617,0.0326476740727677,0.299799347541251,-0.949730887338713,-0.0901753450154878,0.0583912160142933,-0.0760784421725108,0.9953906451886,1.46339549410003,6.50726288386901,0.639883642491418,-1.99450737924455,-0.551240610471614,0.00905770582701032
-0.951006037757285,-0.307467517999815,0.032422854967176,0.303532920074818,-0.948449656459,-0.0911647716700867,0.0587816517294595,-0.0768568444436675,0.995307863367973,1.4534236907404,6.50448353846237,0.63992413846782,-1.99414148319194,-0.560341960511434,0.00717239717791637
-0.949759210323436,-0.311322333797554,0.0321845752596923,0.307336692979919,-0.947127616507465,-0.0921598350533208,0.0591743149852149,-0.077638151238503,0.995223953649779,1.44345391689518,6.50165981387627,0.639955401177969,-1.99359740927684,-0.569062963150948,0.00530134176818897
-0.948473841563992,-0.315244528808974,0.0319101696149133,0.311210744344237,-0.945765559466977,-0.0931417153096372,0.0595419555737808,-0.0784116928915832,0.995141377867651,1.43348766664808,6.49879302896546,0.639977231305679,-1.99278576147747,-0.577595516477526,0.00348209754494476
-0.947017201493336,-0.319630232944121,0.0315425785854116,0.315550756351945,-0.944223922258705,-0.0941748628886877,0.0598843906326626,-0.0792319305739464,0.995055858198966,1.42252994058788,6.49559026508999,0.639991429893297,-1.99174997896383,-0.587126775699152,0.00174568497588226
-0.945794982974602,-0.323264784917009,0.031172568271345,0.319157556002186,-0.942933739465607,-0.0949442858950368,0.0600858105278044,-0.0798488685578384,0.994994398759737,1.41356885749583,6.49293017082557,0.639996262549281,-1.99088568305008,-0.59516320811692,0.000378183837318456
-0.944266551112993,-0.327754523899908,0.0306211121992413,0.323629319708749,-0.9413270750375,-0.0957465468108232,0.0602058458459486,-0.080500371828269,0.994934644216134,1.40262125980289,6.48962969571267,0.63999422491558,-1.99009464385946,-0.604939010187144,-0.00093982200288608
-0.942843530028815,-0.331880318106566,0.0300255280767757,0.327755992752952,-0.939840255447044,-0.0963135683886935,0.0601837776924273,-0.0809675780465322,0.994898067245056,1.39267165273807,6.48658299860657,0.639987685373995,-1.98976891173656,-0.613730390985089,-0.00155305753087525
-0.941389059001079,-0.336044605195392,0.0293370569781061,0.33193982217621,-0.938331547178574,-0.0966946845648214,0.0600216131630107,-0.0812891806363975,0.994881638721297,1.38272257145943,6.48349232383175,0.639979722304979,-1.98992577115238,-0.622533131909365,-0.0013829944301953
-0.939904339530177,-0.340241921529217,0.0285528871823436,0.336176743738585,-0.936803766599247,-0.0968705314055103,0.05970786800467,-0.081450216203338,0.994887346777898,1.37277123265882,6.48035740697218,0.63997504650989,-1.99069416448138,-0.631473536256188,-0.000229268317145545
-0.938544058423354,-0.344041179948832,0.027761788444485,0.340029505645968,-0.935414914627165,-0.0968445805567508,0.0592873147340896,-0.0814530784714141,0.994912262623771,1.36381063609171,6.47749751354723,0.639978008984947,-1.99178167987241,-0.639560297008402,0.0019082428956124
-0.937008340225048,-0.348278709085954,0.0267826650302523,0.344347016868833,-0.933859256116417,-0.0966023899250331,0.0586557952996751,-0.0812947142384636,0.994962646090118,1.35384775178779,6.47427735347157,0.639995729966527,-1.99342792242053,-0.648460075375792,0.00550678826947881
-0.935448522300831,-0.352527201865287,0.025702802769788,0.348696714709215,-0.932292854264754,-0.0961282218595483,0.0578503524292818,-0.080960520205277,0.995037050009646,1.34387540160969,6.47101312341096,0.640034839961825,-1.99550027274436,-0.657128137495676,0.0106944058056061
-0.933867422166762,-0.356777123182587,0.0245300262772986,0.353068767889061,-0.9307203052512,-0.0954052332653382,0.0568689982055983,-0.0804350530967078,0.995136231516279,1.33389179654304,6.46770606555303,0.640104177122262,-1.99798560125101,-0.665733116190735,0.0173079789709369
-0.932268942208015,-0.361017142883675,0.023264606991236,0.357451747958555,-0.929146464779797,-0.0944197800705975,0.0557033865731903,-0.0797086540553433,0.995260600643351,1.32389427177183,6.46435529433716,0.64020836225973,-2.0011421263561,-0.674680087708373,0.0245227078910474
-0.930656831670586,-0.365237133420788,0.0219020098491427,0.361834453333573,-0.927574071647486,-0.0931781626138769,0.0543478614635411,-0.0787919918384463,0.995408525167667,1.31387896677853,6.46095864381506,0.640349239643989,-2.00507817195222,-0.684079263638267,0.0318957478637995
-0.929036235049422,-0.369424164432148,0.0204318550015702,0.366201520222123,-0.926004505256225,-0.091717516495931,0.052802656677497,-0.07772671985093,0.995575429823885,1.3038421156363,6.45751392422511,0.640526207833329,-2.00976910245263,-0.69390982732845,0.0387097115741331
-0.927415094424436,-0.373558916059703,0.0188408828353142,0.37052983550633,-0.924439567353908,-0.0901062001760883,0.0510772320448817,-0.076584740926771,0.995753932366734,1.29377989004359,6.45401901915506,0.640734497884939,-2.01522371913325,-0.704143885135838,0.0444519938755968
-0.925801043292808,-0.377623312421214,0.0171190582094598,0.374797500855053,-0.922881262184439,-0.0884138522046446,0.0491859897811927,-0.0754374563786984,0.995936709125814,1.28368842089953,6.45047257858218,0.640967050664673,-2.02150311231758,-0.714301471908013,0.0477112104550946
-0.924199427188124,-0.381604629134461,0.0152750059998151,0.378986261930456,-0.921329539091523,-0.0867253922757416,0.0471681253933549,-0.0743625404390705,0.996115144210911,1.27356371782473,6.44687668269524,0.641205851790693,-2.02839101105893,-0.723920682527507,0.0468842419494302
-0.922616588725396,-0.385488750771433,0.0133061353290072,0.383077695399361,-0.919784642261841,-0.0851333726970326,0.0450567364134165,-0.0734481782479159,0.996280711253528,1.26340443634655,6.44323420961154,0.641426683601143,-2.0350596685628,-0.732883938925151,0.0392892194357444
-0.921061731470247,-0.389256217877574,0.0111751360026478,0.38704947116753,-0.918245226175128,-0.0837759600095597,0.0428718286286732,-0.0728375003019372,0.99642195121334,1.2532147027333,6.43954952275541,0.64158471823551,-2.04023776626429,-0.740557035434935,0.0211408348827168
-0.919541951235255,-0.39289209250957,0.00885457858460878,0.390888142282293,-0.916715582099054,-0.082698257296571,0.0406086215175761,-0.0725833671046138,0.996535295249596,1.24300654472945,6.43583315447601,0.641617644670923,-2.04167331020899,-0.744734039958481,-0.0125811525121391
-0.918058710732982,-0.396392937578402,0.00639082821396305,0.394594313174558,-0.915211133502574,-0.0817551779597653,0.0382561322874377,-0.0725342688037823,0.996631952222839,1.23280265577667,6.43210625564602,0.641442757750637,-2.03923975269447,-0.745649816190405,-0.0588071196714897
-0.916620291872589,-0.399740357133258,0.00385842019293594,0.398149570865682,-0.913752717617309,-0.0808262968745716,0.0358351747154047,-0.0725507954881134,0.99672073437205,1.22261277958214,6.42837719472987,0.641024624789452,-2.03737048386099,-0.746034189206906,-0.109285882035899
-0.915209207838728,-0.402976830374585,0.00133419206298403,0.401594381550624,-0.91233372662511,-0.0798067914986679,0.0333775162973545,-0.0725041063912426,0.996809458202633,1.21242623112734,6.42464615674455,0.640347854326467,-2.03767689619744,-0.746235793469849,-0.161566876370112
-0.913807594321248,-0.406145784405457,-0.00113241798330557,0.404967711606366,-0.910937553794318,-0.0787014970856849,0.0309327192001642,-0.0723766184406316,0.996897583498919,1.20223477049932,6.420915898496,0.639410170942635,-2.03899519680669,-0.745567090795091,-0.21312535912521
-0.912403185897778,-0.409277409009217,-0.00352545575596656,0.408294692110118,-0.909543765355467,-0.07762463074117,0.0285634514421673,-0.0722643852648123,0.996976422922834,1.19203630018342,6.41719167361594,0.638218783501403,-2.04031328505108,-0.7438828563794,-0.263023974977892
-0.910907075098592,-0.412554388506598,-0.00686855583615061,0.411878137429134,-0.908169834819952,-0.0747258391121173,0.0245906576413735,-0.0708973035245285,0.997180461054927,1.18185656043042,6.41351687426286,0.636997756622772,-2.03455358598439,-0.73160104662584,-0.256179354275836
-0.909376235509546,-0.415842128759957,-0.0104969633168222,0.415486798364304,-0.906798890007089,-0.0713196569459795,0.0201390832827064,-0.069217750832421,0.997398275662352,1.17168709847413,6.40987001725866,0.635625948849373,-2.03318537967449,-0.72702112384115,-0.292370244763194
-0.907721625959398,-0.419382628452328,-0.012635692226504,0.419161717600316,-0.905087647296079,-0.071552814133357,0.0185715983151643,-0.0702464352438317,0.997356773713176,1.16170799342693,6.40619757219097,0.634552041495799,-1.97702008665535,-0.736092989307042,-0.190916995316097
-0.906016476024049,-0.423008642516519,-0.0140653307567232,0.422847724499652,-0.903236739959343,-0.0732338273824634,0.0182742184081923,-0.0722985473156284,0.997215610085211,1.15187031924154,6.40252243393408,0.633587311027578,-1.95715171428869,-0.734312673292967,-0.192595554342825
-0.904281382163131,-0.426664545016728,-0.0152495212648109,0.426546927144428,-0.901352267914687,-0.0749787174383166,0.0182455697851066,-0.0743064946738684,0.997068525244127,1.14213935924352,6.39885238714093,0.632635556973435,-1.93471344008878,-0.734019542783418,-0.186870668913786
-0.902503221321058,-0.430378868153424,-0.0161853437433861,0.430289287092982,-0.899434278794307,-0.0766101007882004,0.018413715489475,-0.0761052427677782,0.996929750336066,1.13252454006969,6.39518044386331,0.631724434545452,-1.91086721180465,-0.735028143683654,-0.176561510096948
-0.900673390770349,-0.434168741599286,-0.016880372517632,0.434093998034714,-0.897486713373533,-0.0779743559653485,0.0187041179551196,-0.0775570959749388,0.996812446168012,1.12303115930961,6.39150074591698,0.630873286364691,-1.88626963168705,-0.73701605082836,-0.163600889815661
-0.898599961879419,-0.438424331339975,-0.0173843089998563,0.438352633783232,-0.895317268140045,-0.0790819690293006,0.019106987350466,-0.0786835119916674,0.99671652337816,1.11273133217744,6.38743947925559,0.630014844230152,-1.85910647161041,-0.739928629225391,-0.148461342412095
-0.896858337824257,-0.44196719759125,-0.0176101711646254,0.441889040502135,-0.893525594536997,-0.0796623360905828,0.0194730007757569,-0.0792275719724121,0.996666340396897,1.10441389931781,6.38410399675397,0.629374313895167,-1.83778569467146,-0.742462376568975,-0.136458785668886
-0.894679702619224,-0.446357394770006,-0.0177004478844782,0.446263093146954,-0.891317807865501,-0.0800113559237127,0.0199369359754934,-0.0794835927470018,0.996636782919404,1.094373734528,6.38001220146511,0.628661605783451,-1.81357676109646,-0.745389724650552,-0.123032166706568
-0.89265591309397,-0.450393122129193,-0.0176481261636754,0.450279168543361,-0.889294298988948,-0.0800269964552996,0.0203492308029301,-0.0793831551683014,0.996636455023222,1.08535670913382,6.37627916498617,0.628073982363806,-1.79367598377306,-0.747704687687252,-0.112448419827613
-0.890803361663736,-0.454050954846387,-0.0175243045987978,0.453917167358755,-0.887459188227087,-0.0798460669558849,0.0207020778085548,-0.0790817275633483,0.996653151472469,1.07732246900957,6.37291030706563,0.627587210845883,-1.7773659711382,-0.749464349589197,-0.104139244116516
-0.888715216146854,-0.458132072163529,-0.0173282729722748,0.457975152262197,-0.885404408969844,-0.0794845424417739,0.0210718888443347,-0.0785750407693933,0.996685476200301,1.06847785304947,6.36915865165643,0.627087191951429,-1.76080657623173,-0.751072780807144,-0.096303969101628
-0.886602361867523,-0.462216674410738,-0.0170879439256585,0.462035464337228,-0.883332998745248,-0.0790319114181734,0.0214355225177896,-0.0779651154325176,0.996725618788834,1.05971217230166,6.36539984635004,0.626622202421995,-1.74569001298627,-0.752354128644145,-0.0899926370718436
-0.884257042004069,-0.466698726763405,-0.016786366600075,0.466489245036334,-0.881036621693691,-0.0785000350318436,0.0218464626804022,-0.0772448682566459,0.996772773703399,1.05015370378291,6.36125826568713,0.626143601258147,-1.7302977521956,-0.753668525124225,-0.0842737451556531
-0.882111161736865,-0.470752962950625,-0.0164786593036534,0.470515903909881,-0.878936094176745,-0.0780136303551872,0.0222414591946168,-0.076570165381406,0.996816095007679,1.04153546879289,6.35748667143428,0.625734378753709,-1.71706227326509,-0.754970599347201,-0.0793533753696422
-0.879955370509966,-0.474782273944143,-0.0161350010566385,0.474515073984613,-0.87682471776131,-0.0775490740381628,0.0226713579665362,-0.075896025398089,0.996857965237138,1.03298215348747,6.35370807646099,0.625350151094852,-1.70428340154199,-0.756509368992311,-0.0743071614637276
-0.877792126724903,-0.478782742024746,-0.015750180920777,0.478482339744744,-0.874704633293891,-0.0771132611591173,0.0231437423976119,-0.0752255969299309,0.996897926948576,1.02449176171359,6.34992097416198,0.624991518859265,-1.69190012999291,-0.758382401811096,-0.069078959504938
-0.87562349761039,-0.482751142702063,-0.0153239894414152,0.482414620679862,-0.872578367022008,-0.0767015460046985,0.0236563772977305,-0.0745541925384408,0.996936331060358,1.01606222581173,6.34612366578094,0.624659685606959,-1.6799535950415,-0.76057947446543,-0.0635849872197591
-0.873450236269485,-0.486686427751228,-0.0148662639399052,0.486312154552456,-0.870448102668084,-0.0762927840367748,0.0241903512858003,-0.0738675950893384,0.9969746262069,1.00769121978715,6.34231463906286,0.624355917249548,-1.66850324329344,-0.763061267875024,-0.0578874571864817
-0.871272037950197,-0.490589454985663,-0.014388277971343,0.490177000158574,-0.868314256965106,-0.0758739722610913,0.024729423803472,-0.0731596733727383,0.997013599601502,0.999376185239185,6.33849258612979,0.624081312528249,-1.65756115268901,-0.765772668399324,-0.0518465099051637
-0.869086775688286,-0.494464204702837,-0.0139041933002314,0.494014523231772,-0.866175257893417,-0.0754325755185221,0.0252552402448248,-0.0724263272633917,0.997053960405009,0.991114767796336,6.33465637621034,0.623838120483478,-1.64701162526834,-0.768750116594574,-0.0453029526175248
-0.866892349151741,-0.498314742944746,-0.0134190888695114,0.497829437521899,-0.86402952583219,-0.0749588528916467,0.02575861251711,-0.0716616735369246,0.997096333574184,0.982905410783566,6.33080431193684,0.62362948281131,-1.63670693791454,-0.772165523849625,-0.0378841456866106
-0.864684766374194,-0.502148540456581,-0.0129266437148987,0.501628915212004,-0.861873496559309,-0.0744480177832762,0.0262428318524215,-0.0708584451279907,0.997141110641021,0.974747004786146,6.32693382647132,0.62346056833909,-1.62664814747192,-0.776128112083643,-0.0294345061786665
-0.862460184240878,-0.505972659963048,-0.0124136203062778,0.505418800551391,-0.85970271209044,-0.0739126705885738,0.0267257674985053,-0.070020812579256,0.997187454372224,0.966638294569568,6.32304196371445,0.623336800510646,-1.61680211582758,-0.780757950193987,-0.019705764673516
-0.860214569472024,-0.509794412279683,-0.0118554492311832,0.509203891122275,-0.857511546607543,-0.0733849078535483,0.0272450313634392,-0.0691636077945053,0.997233224287505,0.958578244288274,6.31912520789006,0.623264935435124,-1.60721978891879,-0.786055786035737,-0.00877030357812108
-0.857944968984806,-0.513618868077027,-0.0112289157506185,0.512986876468292,-0.855295608136174,-0.0728964146874044,0.027836931672983,-0.0683013986551241,0.997276302825244,0.950565636860759,6.31518007617407,0.623250930877037,-1.59773493242721,-0.79219439212368,0.00360400007063575
-0.855649710970941,-0.517448751267882,-0.0105053284886362,0.516767914180595,-0.853052529050627,-0.0724727918171111,0.0285393585909226,-0.0674401400624229,0.997315061813256,0.942600225271431,6.31120210369921,0.623302231732346,-1.58842984906582,-0.799106540382501,0.0171501446408296
-0.853326847983987,-0.521286669368072,-0.00966948027850532,0.520548237248255,-0.850780102585416,-0.0721300890231227,0.0293738524447918,-0.0665839724249884,0.99734836010727,0.934680631250044,6.30718802833863,0.623423763632618,-1.57937611448755,-0.806623496576279,0.0318264915701768
-0.8509752015194,-0.525133602455578,-0.00871240328754938,0.524328225610007,-0.848477683999867,-0.0718716326716078,0.0303499296157127,-0.0657291360528093,0.997375838110224,0.926806003220278,6.3031348330461,0.623621902301382,-1.57038662674672,-0.814768835476083,0.0477741799079662
-0.848592642417607,-0.528991855305204,-0.00762523805939015,0.528109875795777,-0.846144393832319,-0.0716911701195256,0.031471992654939,-0.0648635630141961,0.99739773003122,0.918976536187544,6.29903933707128,0.623903274231784,-1.56126832862415,-0.823525846351159,0.0652465243326951
-0.846177112042166,-0.532863292859383,-0.00640360672082844,0.53189532617732,-0.84377986301821,-0.0715744699993935,0.0327361733668188,-0.0639707268055218,0.997414702651445,0.911192838701221,6.29489855258934,0.624275861354666,-1.5521512368675,-0.83289233605105,0.0841649101908675
-0.843727274260317,-0.536748395771427,-0.00504443317490202,0.535685419459971,-0.841384302707967,-0.0715093457851631,0.0341382197434286,-0.0630366147046893,0.997427173862494,0.903454076800496,6.29070952783162,0.624745970442391,-1.54337601083067,-0.842780278664308,0.104202657877652
-0.841242634060666,-0.540646156112521,-0.00354464658736298,0.539478959402067,-0.838957696973511,-0.0715012940537871,0.035683091249732,-0.0620621992009527,0.997434208571776,0.895757647108628,6.28646988312088,0.62531808799194,-1.53530265895304,-0.853146715963194,0.124795187297186
-0.838721981918909,-0.54455653337756,-0.0019023674281545,0.543275477328185,-0.836498907065004,-0.0715634977686802,0.037379041986798,-0.0610553882541811,0.997434231809437,0.888099038609586,6.28217710474512,0.625992930579129,-1.52836125713965,-0.864051710119235,0.145073588536508
-0.836164119030598,-0.548479309652813,-0.000113703818483781,0.547074015226087,-0.834006862310797,-0.0717117527529927,0.0392375828790682,-0.0600249989693706,0.997425391489778,0.880471771703831,6.27782843593325,0.626766904653762,-1.52278910352154,-0.875489964770127,0.164307201356329
-0.833566817686922,-0.552415645963708,0.00182058940939767,0.550876125122071,-0.831480845552198,-0.0719381557332075,0.041253547990327,-0.0589623403055087,0.99740743289987,0.872868809228822,6.2734214355269,0.627632597066101,-1.51865918166581,-0.887354231563992,0.18143099866241
-0.830927357956152,-0.556367259353323,0.00389852788649774,0.55468451650985,-0.828920282221563,-0.0722236309386239,0.0434144324417923,-0.0578501377820088,0.997380844318939,0.865283191401176,6.26895440659938,0.628576723394427,-1.5157641682761,-0.899452077137494,0.195550942622636
-0.828242309468746,-0.560336740171421,0.00611673278346281,0.558503893203113,-0.826324897632117,-0.0725297513454788,0.0456954930255072,-0.0566559896863261,0.99734749247683,0.857709261308439,6.26442614831095,0.629582512432288,-1.51401521870773,-0.911954560611605,0.205875254825909
-0.825226914123695,-0.564733862786881,0.00872951474560744,0.562731608588902,-0.823426613172852,-0.0728131129236527,0.0483081452845297,-0.0551749666107298,0.997307398026644,0.849384922795279,6.25937170827352,0.630734291403741,-1.51330093200245,-0.925985120321823,0.212064580252743
-0.822706369058974,-0.56836037680149,0.0109869191253621,0.566222274246421,-0.821020995571099,-0.072916808615389,0.0504635160983685,-0.0537680845252108,0.997277507331575,0.842575188204288,6.25518069429227,0.631687920794117,-1.51330398535545,-0.936279705712275,0.210074916182997
-0.819857851325345,-0.572406248062037,0.0135716911153693,0.570129268465794,-0.818322725266561,-0.0728047701113534,0.0527799285604639,-0.0519519440622807,0.997253866700602,0.835007206483458,6.25047503658985,0.632712863997219,-1.51415205592131,-0.945224440333781,0.197144432887975
-0.816979627024873,-0.576440505362567,0.0161441259797091,0.574052045806523,-0.815619670912405,-0.0723104496327206,0.0548501388480186,-0.0498085956245306,0.997251505925294,0.827433264720178,6.24573611652359,0.633632198148135,-1.51539511804138,-0.948622735735514,0.165366932523365
-0.814101143455459,-0.580425367005828,0.0185935892356352,0.577962524239834,-0.812933969888503,-0.0713980474217506,0.0565565981900701,-0.0473788342772279,0.997274584687537,0.81985133341137,6.24099142448173,0.634350452073506,-1.51790393301633,-0.949200059228337,0.120391340383868
-0.81121132195069,-0.584376800708158,0.0209748881549065,0.581857915347991,-0.810240433227271,-0.070369074958926,0.0581167573588147,-0.0448797856254064,0.997300479973972,0.812252140702199,6.23624253259015,0.634829263499062,-1.52219015153989,-0.950659156318509,0.070146313013776
-0.808290673972683,-0.58832030143745,0.0233539993434598,0.585751473700011,-0.807515557478069,-0.0693818094975131,0.059677444877029,-0.0424010300279685,0.997316777771996,0.804629566452585,6.23148350730457,0.635051568470377,-1.52669844504212,-0.953122071566979,0.0189555066691727
-0.805321679505382,-0.592277554558818,0.0257738410885304,0.58966587845575,-0.80474661752401,-0.0683888395037835,0.0612465860570125,-0.0398770604419638,0.997325762099259,0.79698628790225,6.22670971976846,0.635021219769662,-1.53042931901558,-0.956750117415492,-0.0306640561371885
-0.802293874406817,-0.596258870959656,0.0282824661445125,0.593617682317533,-0.801930792984739,-0.0672684956188978,0.0627900177517115,-0.0371801299726739,0.997333971950196,0.789326416204464,6.22191429936201,0.634746250376744,-1.53329390067021,-0.961761658269856,-0.0791859730985027
-0.799312554554847,-0.600141710298642,0.0304855324838817,0.597452136295754,-0.799121299935573,-0.0667539723531133,0.0644234814849734,-0.0351436416596418,0.997303634548804,0.781694288872218,6.21707765778535,0.634328601304176,-1.48187510960162,-0.98576704300877,0.00392552443084653
-0.796968662997681,-0.603265092871144,0.0302022834047089,0.600306428005288,-0.796613773141565,-0.070983723040503,0.0668815572128847,-0.0384411779779031,0.997020126747927,0.774313486519231,6.21212804905988,0.634282467712864,-1.47030111330561,-0.995078318876322,-0.0204736814793794
-0.79468048266014,-0.606301251344739,0.0296938225368546,0.603079240497176,-0.794136365217899,-0.0751189930700192,0.0691256837969525,-0.0417878697268423,0.996732368182802,0.766990116794416,6.20712371972563,0.63412916808949,-1.45921904358303,-1.00709718496789,-0.0400130451112359
-0.792426176347226,-0.609280441150549,0.0289499407789863,0.60581013895833,-0.791669945273325,-0.0790744793610401,0.0710973317010105,-0.0451225196805636,0.996448256379965,0.759719588989566,6.20205561169547,0.633883860423003,-1.44920208296756,-1.02032575246357,-0.0579085990201758
-0.790189786999671,-0.612224002013306,0.0279619720375089,0.608522283102397,-0.789197197697217,-0.0828758958606544,0.0728061226083377,-0.0484722034332272,0.996167513024325,0.752496263304542,6.1969202816883,0.633549347082871,-1.44035018269844,-1.03375120737229,-0.0759613023892323
-0.787986551635979,-0.615066624916222,0.0277532224256204,0.611281626887325,-0.78693215584614,-0.0840984823010014,0.0735660728245244,-0.0493034381104865,0.996070882979551,0.745359967399743,6.19183349418634,0.633443173470214,-1.42096970045997,-1.01970423056742,-0.0192393177922807
-0.785758594973251,-0.617918257923624,0.0275763839235122,0.614090575244062,-0.784673030452479,-0.0847407852037079,0.0740013231103386,-0.0496514028518548,0.996021356383869,0.738284439551067,6.18671889094154,0.633345911938396,-1.40915519525355,-1.02595706177479,-0.0191780614862239
-0.783497254395584,-0.620792139032657,0.027371015140835,0.616941806190811,-0.782391143968754,-0.0851287590258597,0.0742621042564831,-0.0498118254486016,0.995993936686804,0.731268097611383,6.18157445966728,0.633253687286895,-1.39736898248993,-1.03168242830853,-0.0173424458638863
-0.781205171069628,-0.623685955876835,0.0270981389780058,0.619832011146035,-0.780084217520754,-0.0853046981923925,0.0743421727738336,-0.0498441773633789,0.995986344951693,0.724302049667589,6.17639798801546,0.633181257609499,-1.39233962100139,-1.04045041416312,-0.00850617169023093
-0.778888297189334,-0.626596410828685,0.0266450452825668,0.622768513160644,-0.777753139901499,-0.0852023027214658,0.0741107247109435,-0.0497693812496104,0.996007333895113,0.71737064549472,6.17118472107194,0.633150518030074,-1.38013403264705,-1.04475656422123,-0.00352311617915072
-0.776516381906092,-0.629553672792946,0.0261626012541856,0.625754464928828,-0.775366048012741,-0.085081379929692,0.0738488879612207,-0.0496957207616228,0.996030459918206,0.71050045349222,6.16595006982015,0.633147447941422,-1.36787818797003,-1.04914741535179,0.00250658893974325
-0.774092360454295,-0.632552603550911,0.0256558224826883,0.628781835046391,-0.772924464820801,-0.0849775005349792,0.0735827520686193,-0.0496485188343388,0.99605251025012,0.703691006398249,6.16069253631063,0.633176109126792,-1.35597152745334,-1.05394109807028,0.00896645396496167
-0.771616809263708,-0.635590795702041,0.0251364293514478,0.631845202320728,-0.770428181485333,-0.0849238333889935,0.0733426203920484,-0.0496463250608717,0.996070330068102,0.696939135346463,6.15540953672623,0.63323605413031,-1.344979308866,-1.05942684327032,0.0146907621820666
-0.769081612571883,-0.638676011214024,0.0246257163058621,0.634951206596647,-0.767870629414129,-0.0849215033110692,0.0731466912805683,-0.0496754384267917,0.996083285861083,0.690239121682107,6.15009726686047,0.633321981141327,-1.33529823974345,-1.06558072691249,0.0195289264149218
-0.766482418625504,-0.641811374511725,0.0241425244199478,0.638100807404897,-0.765247988167652,-0.0849875061087157,0.0730209663536119,-0.0497360649099971,0.996089485096622,0.683583937996895,6.14475269778257,0.633430280514087,-1.32705560656423,-1.07237823753506,0.0235709211877708
-0.763817154101957,-0.644997597645436,0.0236950233425281,0.641293192498393,-0.762557988834585,-0.0851372710378515,0.0729821646349694,-0.049833850906485,0.99608744141718,0.676966421812855,6.13937259746002,0.633556264327152,-1.32021961618204,-1.0797318904265,0.0265455539847086
-0.761083758360336,-0.648235483532932,0.0232867054116836,0.644527969208634,-0.759798109819009,-0.0853845959365936,0.0730425195889311,-0.0499758962329492,0.996075900786589,0.670379658471781,6.13395495832642,0.633693495665806,-1.31475671198754,-1.08728925687027,0.0278792441048763
-0.758279754168664,-0.651526462625129,0.0229146878027497,0.647806738007233,-0.75696568688775,-0.0857285195660412,0.0732000314913787,-0.0501619115838278,0.996054987445933,0.663817106444263,6.12849934202409,0.633833086857145,-1.31046899547392,-1.09494573763199,0.0276492058498339
-0.755407577249211,-0.654866102153029,0.0225783189227315,0.651124289463097,-0.754062546939768,-0.0861790866387422,0.0734612272267146,-0.0503990431814873,0.996023787135998,0.657273934218497,6.12300531199265,0.633968580854623,-1.30686439010953,-1.10259255389036,0.0263175995356007
-0.752472716455414,-0.65824659988623,0.0222761021821298,0.654471782062678,-0.751093297528666,-0.0867498985083938,0.0738342567776871,-0.0506978514902937,0.995981039167089,0.650747716283193,6.11747320059976,0.634095304967862,-1.30368078171393,-1.11021335881913,0.0242246652416535
-0.749480338569147,-0.661660725275701,0.0220069699393248,0.657841805651999,-0.748062883307145,-0.0874418741491607,0.0743194512546652,-0.051058860600619,0.99592650929643,0.644236969880812,6.11190287706006,0.634209850149825,-1.30052972603954,-1.11788360301922,0.0214046654993221
-0.746436873604385,-0.665100221362485,0.0217644036740078,0.661228471270501,-0.744978674570914,-0.0882251847027857,0.0748926064774575,-0.0514632876732385,0.995862755361839,0.637742397833861,6.10629411880631,0.634308512388572,-1.29723418761126,-1.1255776185802,0.0179164279771844
-0.74334730996421,-0.668558696433524,0.0215417314086378,0.664629134671189,-0.741847539144788,-0.0890524677426124,0.0755174821826053,-0.0518796500367033,0.995793960514358,0.631264748317702,6.10064644701346,0.634388439676052,-1.29370985419012,-1.13356691283253,0.013954609880047
-0.74021780320621,-0.672028972890454,0.0213228378123798,0.668041564584514,-0.738677252465898,-0.0898687079962006,0.0761450707797035,-0.0522778756763639,0.995725339594569,0.624805318268727,6.09495772853239,0.634448041668128,-1.28998498444209,-1.1419705381739,0.00991241776071742
-0.737052239783034,-0.675506538239136,0.0210929520691475,0.671465292573935,-0.735472805586658,-0.090631744499871,0.0767356286180824,-0.0526371450467155,0.995661073991506,0.618364512872132,6.08922635071839,0.634488244539949,-1.28634259836046,-1.15056130959642,0.00632119250955791
-0.733849440850132,-0.678992336773207,0.0208423791158751,0.674903759239873,-0.732233618271431,-0.091317271296376,0.0772652180986814,-0.0529465284639986,0.995603711923461,0.611941373260728,6.08345175796122,0.634512088342912,-1.28291497561698,-1.15927347720602,0.00338040131462508
-0.730608507875198,-0.68248684472828,0.0205648971116821,0.678360013963028,-0.728959803888609,-0.0918982903582136,0.0777103575880218,-0.0531912689030672,0.995556020139512,0.605534832041774,6.07763308851602,0.634523051652556,-1.27970318625048,-1.16822654439177,0.00123194920051431
-0.727329487458495,-0.68598955892052,0.0202519560880767,0.681836507410133,-0.725652389978206,-0.0923449299185897,0.0780435380804461,-0.0533566675397609,0.995521105850066,0.599143788609397,6.07176861478323,0.634525759932696,-1.27671751080902,-1.17766711499065,0.00016709692300828
-0.724015112356621,-0.689497215736605,0.0198923746872816,0.685332487542406,-0.722314453675747,-0.0926348289254352,0.0782400063788814,-0.053436125445025,0.995501422349188,0.592767196315896,6.06585555160955,0.634526866054812,-1.27389188079321,-1.18762463214862,0.000780543708370144
-0.720668764973183,-0.693006114020913,0.0194693893499594,0.688846257308245,-0.718948737389203,-0.0927553060417195,0.0782774870856847,-0.0534344358639991,0.995498566588343,0.5864043402129,6.05989155613812,0.634535752354169,-1.27125062990058,-1.19803568447065,0.00322366255192679
-0.717293292241373,-0.696513047661348,0.0189712240783924,0.692375500128175,-0.71555730333185,-0.0927033573864048,0.0781440959240827,-0.0533602856622023,0.995513023614586,0.580054048428209,6.05387437293151,0.634561432067887,-1.26888011709005,-1.20889888916714,0.00757715295858426
-0.713891032558127,-0.70001519271665,0.018393574937004,0.695918068704553,-0.712142491641674,-0.0924722296092906,0.0778308119167217,-0.0532146743319964,0.995545359665808,0.573714713394316,6.04780160689306,0.634613589413169,-1.2669095971934,-1.22030124821882,0.0137188272018129
-0.710465352808761,-0.703508428276216,0.0177446837856251,0.699469991650304,-0.708708816348161,-0.0920518571844892,0.0773350712099495,-0.0529877813719112,0.995596093697758,0.567383908997726,6.04166976839003,0.634700140351046,-1.26550582337752,-1.23268208276574,0.0212374716540093
-0.707023414966271,-0.706985013450879,0.0170317775141868,0.703022609497316,-0.705263775496371,-0.0914451612070774,0.076662254239073,-0.0526801454863677,0.995664452035182,0.561058599398373,6.03547309362717,0.63482752036802,-1.26469692636121,-1.24620250305945,0.0301043097198526
-0.703573692416158,-0.710436345982689,0.0162560034036389,0.706564700392284,-0.701814367176116,-0.0906803075907283,0.0758312831188809,-0.0523143606665736,0.995747369651857,0.5547357643738,6.02920621061952,0.635001768458496,-1.26455132865533,-1.26074494593555,0.0397128266790193
-0.700127673009248,-0.713851287562375,0.0154136540831643,0.710080679817897,-0.698368823581831,-0.0898132195073909,0.07487769785463,-0.0519357824093271,0.995839346917725,0.548411877879532,6.02286419057064,0.635224922956679,-1.26511069365929,-1.27625295920042,0.0497251113878547
-0.696696471582323,-0.717219494123259,0.0144990942585291,0.713555452306506,-0.694934599753516,-0.0889073593639954,0.073842013572219,-0.0515955358049178,0.995934364160914,0.542083294342945,6.01644313469611,0.635497353749476,-1.26647330021222,-1.29212693990517,0.058899641805382
-0.693289245413185,-0.720532703510965,0.0135146352373031,0.716974787242084,-0.691517182855521,-0.0880405603953762,0.0727817054869206,-0.0513479209583445,0.996025207692893,0.535745744184499,6.00994268764336,0.635811491158369,-1.26869623815733,-1.30803298908502,0.0664721912911063
-0.689912408644192,-0.723785473203218,0.0124682468199399,0.720328659006819,-0.688120762428077,-0.0872722139563354,0.0717460201837572,-0.0512289478263533,0.996106471965922,0.529394881198365,6.00336267221882,0.636158537898326,-1.27181975490931,-1.32392127226818,0.0717654396270545
-0.68657128204266,-0.726973578500389,0.0113706128523057,0.723609559822199,-0.684749443259304,-0.0866452819834795,0.0707748515238387,-0.0512602781733797,0.996174334277573,0.523026352727098,5.99670367977682,0.636524503162566,-1.27570377064437,-1.33955902889849,0.0738901323163453
-0.683271504648781,-0.730092747062182,0.0102289599758583,0.726810882862833,-0.681407731772954,-0.0861942204105842,0.0698998675759925,-0.0514595352411464,0.996225840231834,0.516637277622635,5.98996749728939,0.636890754843106,-1.27991384153527,-1.35478075126624,0.0714187282541488
-0.680020760041212,-0.733137233418623,0.00903121742956289,0.729924847394353,-0.678100082968897,-0.085965077990462,0.0691482687368402,-0.0518659276680171,0.996257217026725,0.510227425161822,5.98315723537569,0.637229933025034,-1.28387392041367,-1.36896512037141,0.0627348426928
-0.676821950889585,-0.736105867063226,0.00775881879629498,0.732949612084427,-0.674826263361878,-0.0859905833352386,0.068534027601664,-0.0525134911441118,0.996265737797176,0.503799493478996,5.97628179916994,0.637502859336709,-1.28700738705363,-1.38027259356011,0.0433785713712299
-0.67366874610825,-0.73900555489456,0.00641952894865114,0.735894856924542,-0.671582153841629,-0.086233231375424,0.06803807808093,-0.0533685345163539,0.996254294572741,0.497358776053346,5.96936076707133,0.637643136683919,-1.28894724205064,-1.38686851764207,0.00895165625505426
-0.670555957788835,-0.74184146923196,0.00509332913378405,0.738774709729392,-0.668377813167057,-0.0865044919658879,0.0675768876033171,-0.054243279710855,0.996238440770109,0.490912030931687,5.96241886910957,0.637575928967496,-1.28930161873532,-1.38895746430506,-0.0381234515887676
-0.667370773162121,-0.744719762485532,0.0029540637239691,0.741861630454458,-0.665146578404375,-0.0849785296201724,0.0652500757734911,-0.0545206804840646,0.996378403525041,0.484468190410682,5.95551113396824,0.637445195062858,-1.28821665082943,-1.3785100107906,-0.035023517414989
-0.664188725883456,-0.747564811996591,0.000433905303591959,0.74499821257566,-0.661956213544609,-0.0824113742680997,0.0618950698229153,-0.0544134469978307,0.99659830278675,0.478026460437284,5.94862280164604,0.637176755351988,-1.28921812840476,-1.37670801953287,-0.0711330552162911
-0.661031360121308,-0.75035503421157,-0.0022053502053148,0.748098833886253,-0.658810139503636,-0.0794816634528282,0.0581865592229215,-0.0541896920138338,0.996833888672152,0.471573461029618,5.94174491162206,0.636737417732759,-1.29224988785303,-1.37423628640118,-0.10430298922591
-0.657880738967757,-0.753105715354415,-0.00497139776653253,0.751167298212325,-0.65568352899949,-0.0763334782069567,0.0542275150789205,-0.0539526764793968,0.997069950058207,0.465102457329038,5.93488112393168,0.636136055645052,-1.296380754152,-1.37114183078327,-0.135817582255336
-0.654728359745067,-0.755823130065008,-0.00788485917871785,0.754200819334294,-0.65256026370199,-0.0731178935190907,0.0501188493584419,-0.0538191257446933,0.997292135055252,0.458609317464754,5.92803380645432,0.63537989013617,-1.30082470058228,-1.36769397648248,-0.16666765330547
-0.651418693414728,-0.758659912026444,-0.00942463547713283,0.757092196284547,-0.649159409562669,-0.0735082804947095,0.0496496948116526,-0.0550199860075908,0.997250073424332,0.45227280791697,5.92124181614376,0.634911246911361,-1.25795344626722,-1.35333109621012,-0.0841065995746281
-0.648075812716619,-0.761502443278453,-0.0105721262119132,0.759919372499233,-0.64568882831954,-0.074889814285473,0.0502024727684407,-0.0565682407741944,0.997135771028022,0.446006308997115,5.91449520252632,0.63447845594,-1.2481990020461,-1.3453958755986,-0.0878178169241002
-0.644701771559321,-0.764346804470541,-0.0115580380664677,0.762730925800671,-0.642182999805044,-0.0764364414964974,0.0510015742455622,-0.0580943823193585,0.997007463446191,0.439793306741044,5.90778692163195,0.63403907114766,-1.23648491629893,-1.33797742794621,-0.0869707584685171
-0.641276650269138,-0.767209843206059,-0.0123820154792139,0.765553999069322,-0.638634953369985,-0.07792606010242,0.0518780524746494,-0.0594512642578018,0.996882247233637,0.433643094488555,5.90111415388633,0.633612988137964,-1.223305942584,-1.33128645035409,-0.0828229414289336
-0.637789369114669,-0.770100304654576,-0.0130476593779065,0.768405746373724,-0.635044208753468,-0.0791925619519985,0.0527003755598831,-0.0605340705686498,0.996773944641531,0.427561012325997,5.89447277190337,0.633213140778852,-1.20933702551531,-1.32538530696019,-0.0768179681403165
-0.634240329149435,-0.773017035213512,-0.0135597990445372,0.771290377868452,-0.631417860221472,-0.0801413676004996,0.0533887430827595,-0.0612874298943081,0.996691272686278,0.421549685401853,5.8878589323885,0.632845632397371,-1.19515655454707,-1.32030869463938,-0.0701165468353355
-0.630636615575259,-0.775953300060584,-0.0139260626479033,0.774204184964718,-0.627766183301412,-0.0807310292656767,0.0539011973790988,-0.0616935590501011,0.996638633453887,0.415608164117518,5.88126824844063,0.63251032024267,-1.18166429294844,-1.31612797248644,-0.0644911964356761
-0.62699385823659,-0.778895602419183,-0.0141542313691977,0.777132391910414,-0.624102535528635,-0.0810016702934414,0.0542581530941949,-0.061787261460491,0.99661345924286,0.409731515096382,5.87469640254168,0.632198666132587,-1.16916731743186,-1.31272783910572,-0.060514119149287
-0.623325492330896,-0.78183258037761,-0.0142529600621968,0.780061429516378,-0.620436595360075,-0.081009859392938,0.0544930893904156,-0.0616136948907168,0.99661138655476,0.403914527012828,5.86813985884366,0.631903394027791,-1.15793656273309,-1.30999436015048,-0.0579270366461884
-0.619642843300333,-0.784754811517619,-0.0142349059225968,0.782979041843627,-0.616774552733747,-0.080826797126461,0.0546494902109321,-0.0612293793863085,0.996626507935472,0.398150400447784,5.86159554673631,0.631618001500635,-1.14791196955085,-1.30779029455756,-0.0564555603682285
-0.615954524285659,-0.787655315542008,-0.0141112689169858,0.785875784590722,-0.613120455149199,-0.0805143382979413,0.0547656389166058,-0.0606828754761899,0.99665355736986,0.392433733641574,5.85506121756731,0.631337800882923,-1.13898693063341,-1.30597605978536,-0.0557980877546101
-0.612266182609092,-0.790529566407183,-0.013896987780103,0.788745190203115,-0.60947557831185,-0.0801282994508692,0.0548739151577695,-0.0600210302936096,0.996687678943485,0.386759120864564,5.84853515036364,0.6310592722079,-1.13101050708088,-1.30446946738067,-0.0557239389465432
-0.608582488450755,-0.793373943223471,-0.0136066515031158,0.791582922022538,-0.605841724520292,-0.0797012069704094,0.0549893836421894,-0.0592755518263591,0.996725928549234,0.381122667048475,5.84201596684127,0.630780133322532,-1.12364246539301,-1.30320802576032,-0.0559846639670861
-0.604906713619011,-0.796186071627544,-0.0132516853625522,0.794386614931698,-0.602220560405214,-0.0792483605041044,0.0551160034473365,-0.0584648267895302,0.996766818364488,0.375522092456018,5.83550261345221,0.63049959354755,-1.11660088811344,-1.30211866472337,-0.0561446731194793
-0.601240883180741,-0.79896464945446,-0.0128409234151745,0.797155343195843,-0.598613265007905,-0.0787751088281936,0.0552517801193806,-0.0575990267164971,0.996809707474276,0.369956443899214,5.82899439359112,0.630219112087911,-1.10959553356818,-1.30114138705314,-0.0559538962601632
-0.597585819403163,-0.801709341571621,-0.0123822487880098,0.799889720238539,-0.595020549472347,-0.0782750353710438,0.05538613459127,-0.0566804846699819,0.9968549035605,0.364426038820921,5.82249068429541,0.629940783874015,-1.10250681492631,-1.30035263165127,-0.0552101018465169
-0.593940665510202,-0.804421095807937,-0.0118821913996024,0.802591633358242,-0.591441582631183,-0.0777401080400006,0.0555081608112572,-0.0557095589093951,0.996902848390691,0.358931158576519,5.81599034600949,0.629668050283371,-1.09541367809031,-1.29977729554488,-0.0536700527168249
-0.590303277292258,-0.807101733474686,-0.0113504466950415,0.805263780610889,-0.587873818987087,-0.0771661621813356,0.0556083128163213,-0.0546915420489798,0.99695363521782,0.353471674106343,5.80949240417845,0.629404887329559,-1.08833710794294,-1.29939410618362,-0.0514694348475053
-0.586671462647456,-0.809753112635697,-0.0107931224349295,0.807908592184655,-0.584314762280969,-0.0765504098927294,0.0556803519143408,-0.0536297972897103,0.997007293480524,0.348047356104387,5.80299574820867,0.62915438928617,-1.08140592751326,-1.29930164832568,-0.0485044384473005
-0.583042653194336,-0.812377354079502,-0.0102126947911741,0.810528359635777,-0.580761547754886,-0.0758933651611733,0.0557229107481528,-0.0525267477399683,0.997063637883568,0.342656825378405,5.79649860554814,0.628920570947803,-1.07489100479717,-1.29960036462472,-0.0449167950389183
-0.579421490908441,-0.814971363738115,-0.00961312437643101,0.813119565700032,-0.5772177910724,-0.0752076694579258,0.0557432305238234,-0.0513935594830445,0.997121554422745,0.337297530858852,5.78999891957661,0.628705902654331,-1.06891661458345,-1.30032321961145,-0.040799294199563
-0.575809794008172,-0.817534182633471,-0.00899674108160774,0.815680724645876,-0.57368444083647,-0.0745058238215389,0.0557497674026226,-0.0502396513519866,0.997179994216984,0.331966870683831,5.78349452157779,0.628512790537007,-1.06340276420775,-1.30148609964417,-0.036427029663226
-0.572218351284737,-0.820058698309385,-0.00836001077120963,0.818203497126321,-0.570171406453876,-0.0738078895015114,0.0557601626901822,-0.0490744188913783,0.997237436956334,0.326662901766521,5.77698312528413,0.628341670852005,-1.05820627439092,-1.30314272924424,-0.0319774043612331
-0.568651750295067,-0.82254241389173,-0.00769182914029742,0.820683749565056,-0.566682888303917,-0.0731347202317192,0.0557975813651307,-0.0479007458469802,0.997292408705243,0.321384511327937,5.7704620940295,0.628193667621855,-1.05310703398358,-1.30534853406071,-0.0270219527353424
-0.565115215504515,-0.824982482177774,-0.00697834544030238,0.823117315936558,-0.563224309388494,-0.0725000794430708,0.0558809217057417,-0.0467148949870652,0.997343993402309,0.316132105202607,5.76392860787364,0.628073494253576,-1.0476889570467,-1.30812884674879,-0.0205364155061826
-0.561618492091405,-0.827373048982813,-0.00620541359303121,0.825497953378612,-0.559806406453792,-0.0719021297390744,0.0560160540265015,-0.0455041219031346,0.997392388471621,0.310907519646925,5.75737967283841,0.627989405757955,-1.04212092901461,-1.31154704877501,-0.0129449515045776
-0.558173769053333,-0.829706748676153,-0.00536234482697584,0.827818213796666,-0.556442232958888,-0.0713375517257577,0.0562054129714773,-0.0442577968382322,0.997437817095247,0.305710902958346,5.75081203706666,0.627945523185045,-1.03640343931856,-1.31559361621112,-0.00418034715017809
-0.554787861669671,-0.831980020910985,-0.00443546490812336,0.830074172140961,-0.553139503021212,-0.0708064894056029,0.0564561536813595,-0.0429643457113414,0.997480209181668,0.300543052174866,5.74422263712245,0.627948503539792,-1.03076708691951,-1.32025233904622,0.00554610597964026
-0.551468261537623,-0.834188857185503,-0.00342155874059999,0.832262278112161,-0.549906271069433,-0.0703035807769879,0.0567649270961159,-0.0416178277431017,0.997519773972285,0.295402762984761,5.73760832677988,0.628002547838098,-1.02531908402019,-1.3255796737827,0.0165457950083915
-0.54821555051896,-0.836333868824897,-0.00231733156309478,0.834384072163905,-0.546744015626868,-0.069815481774367,0.0571220648118851,-0.04020747732185,0.997557230678541,0.290289203925962,5.73096561445866,0.628114887271339,-1.02014769581548,-1.3316071779621,0.0285783227821276
-0.545037382561575,-0.838410990239599,-0.00112385759022399,0.836437077883181,-0.543661251482209,-0.0693214135678399,0.0575088371702325,-0.0387227979652077,0.997593744249167,0.285200523068736,5.72429094290116,0.628289381363541,-1.01536360794907,-1.33838936154943,0.0415750268880762
-0.541935934047784,-0.840419786899183,0.000158669745804616,0.838422375909723,-0.540660914071168,-0.0688018573123091,0.0579082287904809,-0.0371531665415061,0.997630331963843,0.280134844482447,5.71758044111339,0.628531258273026,-1.01093083806853,-1.34591551538662,0.0553718603856986
-0.53891205030585,-0.842360649086512,0.00152934812783029,0.840341016162008,-0.53774387888145,-0.068253185136934,0.0583161949285891,-0.0354972899822435,0.99766686013567,0.275090196990073,5.71083047371577,0.628843609792323,-1.00703446270848,-1.35419595463941,0.06982292863707
-0.535962580235772,-0.844236464363258,0.0029840955814611,0.842195503185095,-0.534906145557533,-0.0676915789414648,0.0587439103381632,-0.0337669614299199,0.997701831868606,0.270063451782706,5.70403729526462,0.629230259557926,-1.00374468305809,-1.36315733735878,0.0851501619199242
-0.53307911854632,-0.846053366436942,0.00451159734411591,0.843991608431926,-0.532138055988328,-0.0671360876537676,0.0592015056089756,-0.0319810961300613,0.99773362738957,0.265051576829014,5.69719782894105,0.629695093257282,-1.00113167641667,-1.37269730054871,0.100880847437489
-0.530251867649622,-0.847818227807803,0.00609995499359545,0.845735225232511,-0.529428378383733,-0.0666147203167961,0.0597066634053715,-0.0301636330505217,0.997760126275946,0.260050766367452,5.69030925416152,0.630237872168262,-0.999359528431764,-1.38280641634104,0.116124067505024
-0.527470321302915,-0.84953824352816,0.00773517470322673,0.847433777672425,-0.526765840762794,-0.0661342684643081,0.0602582160741804,-0.0283288155162902,0.997780750268816,0.255056605639744,5.68336841957318,0.630853508028915,-0.998466743807423,-1.39367835341379,0.129686948488186
-0.524726105857738,-0.851219101503566,0.00941037017534634,0.849095893994667,-0.52414306988944,-0.0656521521983203,0.0608167463185316,-0.0264590914873476,0.997798195951913,0.25006470033354,5.67637131309569,0.631530772519448,-0.99847044937643,-1.40524908937975,0.140633392276262
-0.522014369980876,-0.852864290558702,0.0111130294371757,0.850729203946844,-0.521555934066025,-0.0651093633242247,0.0613255174086531,-0.0245338445890247,0.997816251312957,0.245070434027548,5.66931521786124,0.632253898955085,-0.999432019303726,-1.41720214536908,0.147582161570688
-0.51933616246954,-0.854473778574117,0.0128262262838012,0.852338921327241,-0.519005782238369,-0.0644310576807029,0.0617115349195477,-0.0225290863643156,0.997839729979451,0.240069544925636,5.66219917653672,0.632999810841216,-1.00095195656117,-1.42912731965353,0.149734839038763
-0.516690236676388,-0.856049158121638,0.0145271539722698,0.853931663957609,-0.516490560823184,-0.0635469422642943,0.0619024443288558,-0.0204288878744902,0.997873112137172,0.235059814632509,5.65502576368034,0.633739587717378,-1.00312110747062,-1.43970139807106,0.143817926080541
-0.514093131211657,-0.857582286347762,0.0161516124129912,0.855505309438371,-0.514022888755088,-0.062378965674595,0.0617973944738059,-0.0182508076100924,0.997921835645372,0.230036801879403,5.64780521846102,0.634423098266183,-1.00632460246121,-1.44787535318589,0.126981175074915
-0.511569242270242,-0.859061201875263,0.0176284371309352,0.85705253990004,-0.511621965480529,-0.0608597427593306,0.0613013394139289,-0.0160254756706164,0.997990646206461,0.224995240731887,5.64055242067939,0.634989905191519,-1.01044373100369,-1.4521037478897,0.0960775321938877
-0.50913937954563,-0.860475286654842,0.0189571425103803,0.858557047110708,-0.509305455233017,-0.0590571767563512,0.0604722171946134,-0.0137925460360762,0.998074584698664,0.219933425812475,5.63328717246427,0.635370576675221,-1.01399390788705,-1.4534344230543,0.0543776456384824
-0.506807550274797,-0.861822342901148,0.0202078267222373,0.8600066622362,-0.507078568939604,-0.0570952347531254,0.0594529048391211,-0.0115574304471572,0.998164203880128,0.214858389544154,5.62601756439417,0.635525818277985,-1.01542989064676,-1.45468835094677,0.00651892997250177
-0.504558481852547,-0.863110745385336,0.0214611181214624,0.861404299341049,-0.504929384461185,-0.0550358954174984,0.0583384218796652,-0.00928212842075466,0.998253710548862,0.209781180617323,5.61873899039504,0.635432523060677,-1.0151872320709,-1.45695393860371,-0.0442460748616354
-0.502386362474555,-0.864346223406303,0.0226616169512773,0.862746095871979,-0.502847107744467,-0.0530467745549482,0.0572461077912178,-0.00709875455880748,0.99833485906607,0.204717389180344,5.611447675788,0.635107905116205,-0.973491533371319,-1.45679093013413,0.00568030635198782
-0.50097393075757,-0.865190503092806,0.0216913360428994,0.863465513784232,-0.50136261547103,-0.0553428795183388,0.0587573587446052,-0.0089956192707963,0.998231762481686,0.199871963121248,5.60416020336671,0.635043685485322,-0.963602849134147,-1.45880595763249,-0.0283009858814955
-0.499628536416536,-0.865996030286408,0.0205475333423081,0.864138035107841,-0.49992742826311,-0.0577756241869549,0.0603057366941929,-0.0111104454643452,0.998118117320468,0.195083243377747,5.59685636134615,0.634833583727187,-0.951497851799814,-1.46319376465893,-0.0543032763505269
-0.498364052899336,-0.866746991670421,0.0195684237490357,0.864798083988497,-0.498586028898254,-0.059466341045106,0.0612988148953229,-0.0127131513694921,0.998038491780094,0.190353039286592,5.5895614328271,0.634612511641399,-0.941182573315389,-1.447818641664,-0.0128860646960337
-0.497194118261066,-0.867427210023826,0.0191844748920182,0.865488225489554,-0.497396219234085,-0.059389667708964,0.0610584990443099,-0.0129242563391343,0.998050511393355,0.185680266950369,5.58232666376515,0.634538081223718,-0.927902178494146,-1.44615010139691,-0.016149436220872
-0.496035768128338,-0.868098832322759,0.0187865392553288,0.866188585170051,-0.496221217464183,-0.0590071034661802,0.0605462769989572,-0.0129969480350601,0.998080772123849,0.181072955741445,5.57509879706306,0.634454134172428,-0.915185204829397,-1.44517903503307,-0.0170136988363889
-0.49488854273032,-0.868762084837573,0.0183785261360846,0.866892947434576,-0.49505960557518,-0.0584175026506706,0.0598493772937841,-0.0129779380651212,0.998123051111998,0.1765270538674,5.56787348640303,0.63436971036821,-0.903340471326788,-1.44511948369204,-0.0165285597532151
-0.493756031893237,-0.869414752835324,0.0179713249744436,0.867592171547592,-0.493914233781053,-0.0577282732966231,0.0590661056645762,-0.0129119022908239,0.998170565555233,0.172038141491179,5.56064656345642,0.634290511219035,-0.892405817162199,-1.4457201942782,-0.0148641263696164
-0.49263980124108,-0.870055653427014,0.0175836905353222,0.868279568938777,-0.49278663263913,-0.0570256508571177,0.0582804975668602,-0.0128255460655313,0.998217856467956,0.167601955339883,5.55341554630149,0.634222190225848,-0.882152106063966,-1.44670747282319,-0.0123191423004662
-0.491546654882928,-0.870680914763563,0.0172229712851214,0.868947202394205,-0.491683097539463,-0.0563781078547658,0.057555586389928,-0.0127466176095171,0.998260926919825,0.163215820951778,5.54617853500554,0.634167411626876,-0.872362054692254,-1.44818904955791,-0.00965210501500691
-0.490485421333511,-0.871285779129433,0.0168861643396445,0.869587373501969,-0.490611536557003,-0.0558401293258151,0.0569372576195581,-0.0127047740630561,0.998296918462023,0.158877637712131,5.53893278291816,0.634125967560449,-0.862953796938176,-1.45014674793252,-0.00683456973709083
-0.489469447965418,-0.871862978824908,0.01657122997814,0.870190927753442,-0.489584653959853,-0.0554492187737202,0.0564571409481065,-0.0127205645145932,0.998323984723595,0.154585381164405,5.53167609221599,0.634099301562753,-0.854048454576658,-1.45261241013004,-0.00381947502714107
-0.488504788793073,-0.872409308048904,0.0162809875581429,0.870753223602188,-0.488608249385457,-0.0552340675568623,0.0561417394870592,-0.0128053841063673,0.998340686952733,0.150336084835707,5.52440514038227,0.634087487487432,-0.84579044250194,-1.45596924779781,-0.00099500174944
-0.487589170220899,-0.87292602400548,0.0160299001019962,0.871275347563848,-0.487680764534632,-0.0551972882523613,0.0560006233071734,-0.0129471431946321,0.998346784275037,0.146126367069966,5.51711474951803,0.634088858545306,-0.838220929150379,-1.46037066813338,0.00145868018010405
-0.486718669927737,-0.873415295543397,0.0158321778228792,0.871760026085953,-0.486799149194787,-0.0553267138175645,0.0560302887944912,-0.0131266848088869,0.998342775244822,0.141953012480229,5.50979970913745,0.63410155324777,-0.831181648697024,-1.46585688367265,0.00353187059023662
-0.485889041833843,-0.873879583223759,0.0156943636526065,0.872211222120233,-0.485959834488626,-0.055593374347281,0.0562087451676292,-0.0133234112920713,0.998330137618926,0.137813750334221,5.50245481777573,0.634123610870071,-0.82459800449081,-1.47220306230679,0.00520113348631712
-0.485094870492472,-0.874321986405107,0.0156214823406972,0.872633457621816,-0.485158031118836,-0.0559690403695583,0.0565138501686701,-0.0135184662415181,0.998310290345437,0.133705988988779,5.49507707650239,0.634153031793791,-0.818642478773812,-1.47884294391905,0.00648978557369215
-0.484327577657115,-0.874747331236041,0.0156174266835344,0.873032900950163,-0.484385761458829,-0.056426837183145,0.0569240843521779,-0.0136945460448626,0.998284582686366,0.129626324356297,5.48766584427515,0.634187671231626,-0.813330917476917,-1.48565016081848,0.00721565696268159
-0.483581083868627,-0.875159055894207,0.0156831824195776,0.873414041728591,-0.48363734393742,-0.0569458625405372,0.0574216599879483,-0.0138400301849368,0.998254079144538,0.125571947689118,5.48022046326791,0.634224275970258,-0.808477078109986,-1.49236515208898,0.00729251883539389
-0.482850946491338,-0.875559737264169,0.0158148649794808,0.873780682133498,-0.482908506596363,-0.057503858889562,0.0579851964102849,-0.0139470691821094,0.998220013954083,0.121540931500866,5.47274209972845,0.634259459623045,-0.803984237452691,-1.49889724657459,0.00658879489207627
-0.482134008766632,-0.87595121805568,0.0160081597127454,0.874135820513345,-0.482196226850084,-0.0580806861788214,0.0585949220161476,-0.0140093682339025,0.998183536588141,0.117531771388173,5.46523176953591,0.634289282816396,-0.799664687718657,-1.50502871939019,0.00524375303907092
-0.481430233265814,-0.876333613947187,0.016258153766258,0.874481196087035,-0.481500663649223,-0.0586493699501284,0.0592247261522859,-0.0140181301042991,0.998146243714099,0.113543958024931,5.45769225271932,0.634312109152275,-0.795470448573629,-1.51058243416527,0.0040456300762994
-0.480739351287059,-0.876707116222777,0.0165622609700956,0.874818072655583,-0.480821739173555,-0.0591928618440561,0.0598582983325633,-0.0139673727830583,0.998109160672453,0.109576855790814,5.45012646820107,0.634330535311607,-0.791336278712717,-1.51550389662091,0.00352663333134934
-0.480060727383862,-0.877072164255884,0.0169149848115977,0.875148087166885,-0.480158829091366,-0.0596935873754586,0.0604774631728262,-0.0138534303732882,0.998073423609241,0.105630267177138,5.4425373691558,0.634348210185245,-0.78730819719343,-1.5200130442062,0.00374716321983099
-0.479392711724705,-0.877429738973121,0.0173113000896549,0.875472910244446,-0.479510172643786,-0.0601429776386871,0.0610721816652583,-0.0136765308718034,0.998039649077109,0.101703489682471,5.43492609351417,0.634369941522448,-0.783378934059209,-1.52442943755696,0.00544551336773951
-0.478733849286469,-0.877780756904058,0.0177438540429858,0.875794006523405,-0.478873987558631,-0.0605356273394199,0.0616340789258809,-0.0134404928716986,0.998008313325257,0.097796261389817,5.42729267647014,0.634405022750271,-0.779479891190036,-1.52887406314993,0.00909586145957654
-0.478084343951698,-0.878125219579189,0.0182060101965279,0.876111872792373,-0.478250145574311,-0.0608669418518164,0.0621558237055568,-0.0131490302742147,0.997979837763435,0.0939084472172251,5.41963691085962,0.634464053353751,-0.775658066786228,-1.53345089762297,0.0149549997200899
-0.477444657245502,-0.878462906227345,0.0186954981301027,0.876426458234827,-0.477638960707589,-0.0611366217592333,0.0626359527243109,-0.0128041242098833,0.997954303477637,0.0900390818019114,5.41195691442773,0.634555720208429,-0.772115091425559,-1.53862786719933,0.02204882624952
-0.476814168121412,-0.878794128420274,0.0192127284042667,0.876737732630121,-0.477039724647385,-0.0613518483090892,0.0630808787294553,-0.0124089065754143,0.997931271068465,0.0861865672651831,5.40424951887997,0.634686340291317,-0.768955414751994,-1.54436566316892,0.0306731228765266
-0.476189777985166,-0.879120444821457,0.0197620555449236,0.877046826673615,-0.47644950325017,-0.0615201972884305,0.06349928475329,-0.0119630409841584,0.997910179568398,0.0823487797036862,5.39651205779857,0.634864130082263,-0.7662115746395,-1.55068922867339,0.0408363695526481
-0.475567745698791,-0.879443706835655,0.020349097231376,0.877355408254446,-0.475864860084375,-0.0616451339811459,0.0638968454436117,-0.0114630468916702,0.997890671215196,0.0785236858487084,5.38874132322365,0.635096575814867,-0.763887185838399,-1.5576818978558,0.0526321127089848
-0.474943535906743,-0.879766015174428,0.0209856199458142,0.877666318935829,-0.475282134619631,-0.0617148694970582,0.0642687350585996,-0.0108927065285269,0.997873177632534,0.0747090834571577,5.38093379282613,0.635391931941026,-0.762023826737493,-1.56543869590178,0.065858010499297
-0.474315411290792,-0.88008781069831,0.0216872329332688,0.877981239514405,-0.474700760542664,-0.0617100559144615,0.0646052139753173,-0.0102290468994567,0.997858473395267,0.0709026976817013,5.37308541680276,0.635757050173235,-0.760574619175048,-1.57402665038967,0.0807149513865405
-0.473687956611835,-0.88040607286439,0.0224692372902587,0.878299003650048,-0.474126482435063,-0.061603074932084,0.064888981716756,-0.00944592596077392,0.997847781244467,0.0671025463632845,5.36519185018419,0.636200637522622,-0.759544741776424,-1.58355566661377,0.0970841533010497
-0.473069862389064,-0.880715762260727,0.0233377677745896,0.878614237477454,-0.473568123858425,-0.0614023921938202,0.0651300775456684,-0.00854272618779283,0.997840215078635,0.0633066018375875,5.35724786512603,0.636728758163463,-0.758844997068247,-1.59426623304331,0.11442156025205
-0.47248007058337,-0.881006725458226,0.0242844106148189,0.878913833720063,-0.473043457919675,-0.0611584811363009,0.0653686147706663,-0.00755225905094847,0.997832604992537,0.0595134353109945,5.34924725229062,0.637345242998242,-0.758456310845595,-1.60616797227909,0.132356820817181
-0.471935353014091,-0.881270087580626,0.025299314439349,0.879184120854913,-0.472567991449825,-0.0609489548200168,0.0656681369618446,-0.00652121098523347,0.997820209053338,0.055721217673301,5.34118479432401,0.638050476569758,-0.758495517274797,-1.61888047117108,0.149374131027018
-0.471453358213598,-0.881496689478628,0.026368873076827,0.879409425285012,-0.472158040562024,-0.0608756720908772,0.0661119788616781,-0.00551100452284802,0.997796990915558,0.0519276340366167,5.33305728332027,0.638836155786312,-0.759002056203795,-1.63218840272692,0.16454178799266
-0.471049391345121,-0.88167875281729,0.0274781321042635,0.879576768497439,-0.471828005337613,-0.0610167329404926,0.0667621092611173,-0.004572768272873,0.99775844298975,0.048130531304788,5.3248614455,0.639691285757211,-0.759861815182135,-1.64629636022184,0.176698068180379
-0.470739102047372,-0.881808547340344,0.0286074053549995,0.879673980406841,-0.471592613423967,-0.0614336647054176,0.0676637716863211,-0.00375403802116328,0.997701118171027,0.0443279832687816,5.31659310900243,0.640594220585677,-0.761308508835781,-1.66110504999126,0.182716588234721
-0.470517769229488,-0.881888668855317,0.0297557487538532,0.879700159142557,-0.471447689173949,-0.0621667626397144,0.0688524425410269,-0.00307442956328685,0.997622117356565,0.0405168946659155,5.30825070360127,0.641498580508198,-0.763114959903797,-1.67557107079784,0.174797424134725
-0.470352860687607,-0.881937664386308,0.0308891984325911,0.879664646134722,-0.471358791410502,-0.0633324569293229,0.0704151743849188,-0.00261646648249122,0.997514339405448,0.0366969198024997,5.29983960612695,0.64232000995362,-0.764798841147511,-1.68827641244014,0.150049028949864
-0.470202951857995,-0.88197777301036,0.0320061240970304,0.879588290831297,-0.471285020514977,-0.064922015300474,0.0723437813257304,-0.00237431124421142,0.997376929725974,0.03286780420194,5.29137265263887,0.642977540772317,-0.767160850245648,-1.69742335961445,0.109242030554454
-0.469788202801068,-0.882211479930361,0.0316535809668708,0.879906725211952,-0.47084868398932,-0.0637626200238412,0.0711561623172706,-0.0021027278970971,0.997462971292503,0.0290058571718986,5.28296136186569,0.643734400112003,-0.775030657224348,-1.67605978678077,0.15412955394388
-0.469211085363982,-0.882554124922369,0.0306459451488339,0.880429810431194,-0.47020758495605,-0.0612223484839606,0.068441992049083,-0.00174460090281853,0.997653572184274,0.0251189366139545,5.27458507259424,0.644424002503978,-0.780959695769182,-1.67515299575535,0.122876276659817
-0.468584533050469,-0.882923306106531,0.0295799073661023,0.880989285984327,-0.469515391691871,-0.0584223839401944,0.0654707061723063,-0.0013162440283662,0.997853623601657,0.0211920388689498,5.26620991309318,0.644968979483959,-0.790162533272079,-1.67471699510182,0.0956931502558013
-0.46793112500643,-0.883305966061667,0.0284786335711802,0.881560552443162,-0.468796134933465,-0.0555083439453236,0.0623815247194631,-0.000868441885743109,0.998051998235746,0.0172157966009325,5.25783786655103,0.64538484743483,-0.800667404585794,-1.67415301597168,0.0713863585135486
-0.467267618550708,-0.883692988455815,0.0273436429171476,0.882128827795536,-0.468066780232441,-0.0525568303354542,0.0592427533629577,-0.000437489275258194,0.998243509759573,0.0131837469010295,5.24946893402028,0.645686854067072,-0.812471307111236,-1.67322165500365,0.0501032931867885
-0.466611069118195,-0.884076113376596,0.0261445201391772,0.882679086361315,-0.467342930647827,-0.0496811400216888,0.0561403658407173,-0.000104548710727066,0.998422880543529,0.00909086557856739,5.24110640766097,0.645888554605972,-0.824655571597297,-1.67162064784462,0.03099681652516
-0.465980244759714,-0.884446701001724,0.0248283020128952,0.883200701496818,-0.46664122142828,-0.0469307078516042,0.0530936189123147,5.959102332672e-05,0.998589537337391,0.00493754648259576,5.23275289916957,0.645997816389693,-0.836628316034967,-1.66972826898074,0.0128694746331404
-0.465394260567839,-0.884795457096622,0.0233491184350323,0.883684556482954,-0.465979612294729,-0.0443238712115657,0.0500977730447091,5.18010051869017e-06,0.998744318186155,0.000724724398617669,5.22440893349276,0.646016880098587,-0.84850619914817,-1.66782725133329,-0.00526847813912364
-0.464858214102055,-0.885119999588194,0.0216662666568318,0.884131028540966,-0.465362764364815,-0.0418308727356998,0.0471080158034848,-0.000289606170300224,0.998889759170313,-0.00354715867094063,5.2160745640199,0.645944554148456,-0.860177753616179,-1.6658366140727,-0.0236410991811396
-0.464346980746421,-0.885428693931476,0.0199476673945373,0.884529004215451,-0.464774392230327,-0.0399149724859287,0.0446130269462354,-0.000890106583506331,0.999003946707401,-0.00784517744410902,5.20776053379351,0.645837062823265,-0.846183545279527,-1.65551238735157,0.00408870294076204
-0.463805742798199,-0.885739532129729,0.0187006462460859,0.884846573091746,-0.464178639106143,-0.0398087061503175,0.0439405852851856,-0.00191630378043305,0.999032308158558,-0.0120911301098343,5.19949419130998,0.645840680938363,-0.852109937413028,-1.65153613304409,-0.00209974360182784
-0.46329952352112,-0.886030528857089,0.0174199149920838,0.885137576299658,-0.463616798617044,-0.0398865273300473,0.0434168461253254,-0.00306038777148395,0.999052356735731,-0.0163660436174854,5.19124190512114,0.645817231372044,-0.857826837314715,-1.64986469851002,-0.00726804081461609
-0.462824077719587,-0.886302991956628,0.0161517655921193,0.885412070822566,-0.463086881515482,-0.0399500314137808,0.0428875031298188,-0.00418886822359263,0.999071126325996,-0.0206691818382567,5.18299288114764,0.645768514539881,-0.863358975397707,-1.65009054087229,-0.0121832794147688
-0.462378277354394,-0.88655697492103,0.0149351548253137,0.885674841813246,-0.462590055742828,-0.039881260097045,0.0422658634108446,-0.00521253745502814,0.999092801617255,-0.024999778132685,5.17473855277609,0.645695070493886,-0.868901790360297,-1.65199384831916,-0.0173907215181542
-0.461970127357948,-0.886788028109211,0.0138056014378178,0.885923080442999,-0.462136434622162,-0.0396258922057676,0.0415198382375085,-0.00607527751581091,0.999119209121633,-0.0293586285272913,5.16647079968622,0.645594392585084,-0.874685045275347,-1.65538381915071,-0.0229330513287323
-0.461606951584378,-0.886992417098164,0.0127857052732477,0.886152984768006,-0.461734663193578,-0.0391661638697095,0.0406436936772917,-0.00674928261889832,0.999150908195753,-0.0337474962779606,5.15818316945527,0.645465973337393,-0.881002332616475,-1.6598247290524,-0.0284253052083959
-0.461295192415083,-0.887167152219401,0.0118823178567868,0.886359474350185,-0.461391343100543,-0.0385345395916534,0.0396689763467033,-0.00724379284595507,0.999186619096158,-0.0381694597109447,5.14987147344579,0.645310854490894,-0.887863885582986,-1.66493942874955,-0.0334914435319128
-0.461039221416624,-0.887310378917858,0.0110962957873454,0.886538368389659,-0.4611104718673,-0.0377737224445508,0.0386336341618944,-0.00757787562336112,0.9992247085178,-0.0426270617321455,5.14153336602273,0.645132470884596,-0.895284689916607,-1.67030262123974,-0.0376790315487933
-0.460839567411809,-0.887422315914089,0.0104175969096878,0.886687651877208,-0.460891601081329,-0.0369315591489484,0.0375752726694038,-0.00778236919999063,0.999263495587353,-0.0471231357236476,5.13316792201932,0.644935384595496,-0.903253145801111,-1.67585643916863,-0.0408739056771777
-0.460695843253462,-0.887503607620253,0.00983292784565407,0.886806194518136,-0.460733239144832,-0.0360507380142519,0.0365255167416268,-0.00788852382560954,0.999301585017561,-0.0516603871839587,5.12477448404596,0.644724619393169,-0.911739134209282,-1.68146175467193,-0.0433213734270195
-0.460605175888079,-0.887556195176422,0.00932053373282078,0.886894812006723,-0.460631210537216,-0.0351636220344026,0.0355030193176783,-0.0079302132992455,0.999338104615429,-0.0562412955180709,5.11635310085643,0.644502908906732,-0.920704649930389,-1.6870872498825,-0.0452676932292205
-0.460565287958432,-0.887581571535009,0.00886393813217192,0.886954376729398,-0.460582290391036,-0.0342912143079408,0.0345188228120861,-0.00793143427079259,0.999372574779835,-0.0608680235433071,5.10790285640223,0.644272019067682,-0.930048026890015,-1.69303023619103,-0.0470818919952345
-0.460577220643343,-0.887579411184119,0.00845060154703223,0.886984138140962,-0.460586805485358,-0.0334504603724496,0.0335821754921937,-0.00791097053761606,0.99940464979625,-0.065542032661961,5.09942212026846,0.644032430096042,-0.939533998082295,-1.69927253449523,-0.0486557929142588
-0.460640813160655,-0.887549930156063,0.00807234356664223,0.886984366503285,-0.460644188858443,-0.0326445225070429,0.0326921218255466,-0.00787735684823052,0.999434426272994,-0.0702630482148795,5.09090947688432,0.643785691860656,-0.948802969759278,-1.70583386778498,-0.050023733629818
-0.460755922126456,-0.887493232300501,0.00772934966270532,0.886955327024444,-0.460754234060283,-0.0318713611018509,0.031846947865722,-0.00782933051613749,0.999462092075186,-0.0750297497766286,5.08236307179201,0.643532699240945,-0.957808363728319,-1.71276874810828,-0.0510889935463369
-0.460920703615176,-0.887410250522038,0.00742645590474768,0.886898092930025,-0.460915190475956,-0.0311281214594982,0.0310463804005518,-0.00776108606618089,0.999487812735652,-0.0798410870348345,5.07378084545894,0.643275807026915,-0.966654358231604,-1.7201819838152,-0.051413903190558
-0.461128821218343,-0.887304195150581,0.00717464354248037,0.886816574076427,-0.461121149422172,-0.0303916024408889,0.0302749762201522,-0.00765185100194161,0.999512318578973,-0.0846962419253736,5.06516032341875,0.643020073258497,-0.975350804645678,-1.72808646495148,-0.0505670419031967
-0.461372825782868,-0.887178876918471,0.0069825481604555,0.886714826241294,-0.461364878215086,-0.0296524210386259,0.0295285040766413,-0.00748929230707443,0.99953588127077,-0.0895945978343251,5.05649919209651,0.642772706799445,-0.983981248306956,-1.73642650316511,-0.0480194484512899
-0.461644060878817,-0.887038793899468,0.00685121687675889,0.886597339993605,-0.461637616457469,-0.0289113781707296,0.0288082934513556,-0.00727249536568507,0.999558499058248,-0.0945360805149398,5.04779529634211,0.642541341921032,-0.992526840580989,-1.74512743349717,-0.0441684249471803
-0.4619361266364,-0.886887280936582,0.00677980981121688,0.886467171152583,-0.461932732994988,-0.0281798626064441,0.0281241777994773,-0.00700721775726474,0.999579876509329,-0.0995196509807273,5.03904741242499,0.642333536594769,-1.00085770413192,-1.75405308715583,-0.0385983887624791
-0.462242942681071,-0.886727481668882,0.00677016947399172,0.886326988428981,-0.46224395736709,-0.0274771443207831,0.0274942089167242,-0.00670053212627436,0.999599505474702,-0.104544950578953,5.03025381078574,0.642156472931366,-1.00924391063171,-1.76342875270706,-0.0319073657422228
-0.462558628024417,-0.886562429269053,0.00682456216364468,0.886179467296528,-0.462565275159128,-0.0268201036352134,0.0269345017071494,-0.0063580834782663,0.999616980344107,-0.109611898170762,5.02141250113856,0.642017788596114,-1.01747325856193,-1.77312572823237,-0.0230443725793584
-0.462877716943132,-0.886394918661998,0.00694746915814395,0.886027179328538,-0.462891204346235,-0.0262215642174022,0.0264585836474461,-0.00598173127796655,0.999632013414081,-0.114719602624008,5.01252157801345,0.64192848171655,-1.02548720602142,-1.78327052960407,-0.0120045278190325
-0.463196716734481,-0.886226697271314,0.00714441390005914,0.885871885437251,-0.463218340817648,-0.0256860141321235,0.0260730550232761,-0.00556864200000561,0.999644529834495,-0.119866244697494,5.00357914913071,0.641900616652398,-1.03297307653407,-1.79365191821354,0.00149537502580924
-0.463516501528567,-0.886057214193505,0.00742064595322964,0.885713276173009,-0.463547706540627,-0.0252094460827713,0.0257768349801313,-0.00511242961520421,0.999654649287361,-0.125048693921196,4.99458412562549,0.64194630723151,-1.03980526178431,-1.80440101515992,0.0174673570691429
-0.463833924857944,-0.885887995726364,0.00778133528388943,0.885553254393341,-0.463876341827432,-0.0247825165421709,0.0255641112546226,-0.00460418513143805,0.999662581922039,-0.130263890931509,4.98553405147266,0.64207838307946,-1.04612448584633,-1.81566086787896,0.0361158605130343
-0.464142349662123,-0.885722501380364,0.00821765164962795,0.885395904847607,-0.464197477542121,-0.0243883890943996,0.0254159581604064,-0.00404380910070396,0.999668783487184,-0.135509893804316,4.976426169088,0.642309856637525,-1.05219014067376,-1.82758763575997,0.0570358673786289
-0.464430870157863,-0.885566384044955,0.00872618438690489,0.885247264945099,-0.464500178076265,-0.0240180031297321,0.0253228503852209,-0.00342987123108155,0.99967344129556,-0.140785681176644,4.96725629432214,0.642653379464463,-1.05807985278034,-1.84056705624464,0.0811065867755164
-0.46468164549134,-0.885428871954012,0.00931026603841783,0.885116592896505,-0.464766705225697,-0.0236754449363447,0.0252900241744472,-0.00276087375587583,0.999676343749996,-0.146091646555098,4.95801835947885,0.64312273043406,-1.06440032089142,-1.85482918820326,0.107247058158963
-0.464879634785739,-0.885317868322165,0.00995977866092763,0.885012163970262,-0.464981830696591,-0.0233530885906238,0.0253060227248807,-0.00204185002975583,0.999677666081574,-0.151431421249053,4.94870556895984,0.643727515463285,-1.07177567935646,-1.87058035025775,0.135169826607905
-0.465006948962556,-0.885243003329772,0.0106471814214508,0.884944513088087,-0.465127055666416,-0.0230223987103856,0.0253327095239428,-0.00128341060334956,0.999678251581677,-0.156811579206254,4.93931021965251,0.644475469571718,-1.08052833632576,-1.88778358824777,0.164178777244439
-0.465048785834515,-0.885212522187157,0.0113321382314119,0.884923479796124,-0.465186572136093,-0.0226249422052411,0.025299440692683,-0.000493626704851723,0.999679796051373,-0.162238853503167,4.92982622979322,0.645365570206857,-1.09063833277411,-1.90591717219123,0.191365034480563
-0.464995642573288,-0.885232071919594,0.011967925166799,0.884956015735488,-0.465149526684834,-0.0221080989333345,0.0251376729516951,0.000310917702651225,0.99968395042071,-0.167719513089238,4.92025033325762,0.646384606014699,-1.10178797547728,-1.92444708730316,0.215743497486677
-0.464839659411213,-0.88530656223577,0.0125052749169944,0.885047671873012,-0.465006531399144,-0.0214369836567225,0.0247933368191817,0.00110300426962329,0.999691989480236,-0.173257763567378,4.91058289382831,0.64751232843722,-1.11361091220004,-1.94224326051195,0.233797402009352
-0.464578896161894,-0.885437957765889,0.0128868998741774,0.885200317439528,-0.464753955797385,-0.0205951104789993,0.0242249302569767,0.00183943416676749,0.999704841058595,-0.178854813173743,4.90083114434415,0.648706791563928,-1.12502049648599,-1.9578810865824,0.241767152767169
-0.464229341145967,-0.885618436877309,0.0130806376822292,0.885405680395669,-0.464406883327024,-0.0195710970965241,0.0234072625965318,0.00249619339642026,0.999722896144859,-0.184503605478416,4.89101153599058,0.649894529317653,-1.1337552452189,-1.96871982876971,0.227897920705826
-0.463835809316473,-0.885823465621804,0.0131578778497708,0.88563691255592,-0.464012048745575,-0.0184411967440362,0.0224410586682319,0.00309941489812459,0.999743363325378,-0.190186151041074,4.88115137839275,0.650945889690328,-1.13832344245774,-1.97426421691148,0.187140394024956
-0.463423690134696,-0.886036969500465,0.0133030861221379,0.88587387612854,-0.463599662933668,-0.0174019573837554,0.0215860838258796,0.00372037716114342,0.999760071106483,-0.195884047934713,4.87126933790559,0.651750853362835,-1.14057081227004,-1.97871780780039,0.133545279723469
-0.462958006006548,-0.886276154623073,0.0135816943339511,0.886135938159604,-0.463135791967985,-0.016381004248418,0.0208082622157737,0.00445151038718029,0.999773574505164,-0.20158952327504,4.86136330061048,0.652279136069855,-1.14128046295328,-1.98379969146021,0.0775369179597538
-0.462419046172673,-0.886550512844088,0.0140290381936944,0.886435510983458,-0.462600525640995,-0.015259047944457,0.0200177572233115,0.00537976324385504,0.999785150691481,-0.207295373285804,4.85143206629317,0.652529913799263,-1.14087734930023,-1.98859982473984,0.0232839333806368
-0.461950485214974,-0.886794389412737,0.0140520502326422,0.886681755147593,-0.462131901893924,-0.0151515788051553,0.0199302357746765,0.00546041738288697,0.999786461972741,-0.212960134783569,4.84148875842377,0.652652293581663,-1.11772285305174,-1.98618897466694,0.0513791901701372
-0.461734743029986,-0.886923342620487,0.0129619209199606,0.886762294133592,-0.461903210293745,-0.017264357018477,0.0212993141195245,0.00352258927985807,0.999766938132485,-0.218530364750951,4.83155301390121,0.652829033208617,-1.11029549990435,-1.98897392744123,0.0206096234389409
-0.46152177377734,-0.88705039742259,0.0118002017712531,0.886839825680319,-0.461670108689713,-0.0193864470630866,0.022644556006218,0.00151762144601448,0.999742427282362,-0.224062771666965,4.82159778642981,0.652861840548035,-1.10261563588212,-1.99315653592655,-0.00714067800890974
-0.461304731518761,-0.887179347837056,0.0105237564500448,0.886919413733947,-0.46142439566427,-0.0214821001695387,0.0239143935786616,-0.000576070550215616,0.99971384401862,-0.229556780769875,4.81162063276799,0.652759159317152,-1.09501670491384,-1.99781032006175,-0.0337025248470541
-0.461134827902563,-0.887278463272574,0.00957074228744049,0.886997451248026,-0.461230456123296,-0.0224050847756019,0.0242938670198625,-0.00184254089662811,0.999703162477875,-0.235030645192071,4.80166622367038,0.652666914798274,-1.09531664001281,-1.98066070529853,0.00582436595783427
-0.461010224358735,-0.887347514687547,0.00916303522543154,0.887085512518062,-0.46109757354483,-0.0216407289996866,0.0234279004026509,-0.00184820153225911,0.999723820679401,-0.240490888829618,4.79176351312136,0.652666879805468,-1.0890411615897,-1.98075460645591,-0.00581032765420696
-0.460860240109765,-0.887429640332622,0.00874485820832625,0.887188864198319,-0.460939668568602,-0.0207494863156654,0.0224445612224229,-0.00180427242417152,0.999746460995263,-0.245922718957168,4.78185767305125,0.652609966159963,-1.083878120161,-1.9816523356618,-0.0168043247694122
-0.460684671292673,-0.887525105503763,0.00829582645049627,0.887303758619178,-0.460755811940676,-0.0199028064143904,0.0214865906146702,-0.00180799984043742,0.99976750175245,-0.251330792095324,4.77194723074458,0.652501415038499,-1.07946718090206,-1.98242126239451,-0.0262254401553739
-0.460485907726783,-0.887632676800567,0.00780767961056084,0.88742681005027,-0.460548099264645,-0.0192121073212781,0.020649106252877,-0.00191816046848858,0.999784944411234,-0.256718380442776,4.76203306538103,0.652350354984561,-1.07567767564424,-1.98327216018381,-0.0338283596970456
-0.460269997310359,-0.88774912157534,0.0072819446670945,0.887553541479801,-0.460322476066367,-0.0187597717148285,0.0200060136605281,-0.00217144429858737,0.99979750162074,-0.262088346845651,4.75211376612014,0.652165897000748,-1.07238566616969,-1.9845010471052,-0.0395506723434559
-0.460044979897493,-0.887870146447657,0.00672454594242292,0.887679432027846,-0.460086895273737,-0.0185815702268281,0.0195918969432962,-0.00257911697864983,0.999804733800443,-0.267442878059647,4.74218622283204,0.651955991658026,-1.06948413248295,-1.98674242360593,-0.0442814722271521
-0.459815885555694,-0.887993020065836,0.00614391609547449,0.887802044038831,-0.459846243766283,-0.0186805432071357,0.0194134487174939,-0.00313502924948516,0.999806626103517,-0.272783420055194,4.73224446039629,0.651724957578748,-1.06672489194686,-1.9901613816214,-0.0478224833445697
-0.459587577481754,-0.888115078243848,0.00555575560806125,0.887919911052252,-0.459605449153645,-0.0190016490136445,0.0194291065521459,-0.00379985581300162,0.999804016252378,-0.278110638412019,4.72228290655894,0.651479130393051,-1.06420593683119,-1.99462993942154,-0.0503071596314005
-0.459354627475132,-0.888239000923159,0.00498030683905422,0.888036838142508,-0.459359319079172,-0.0194830715488393,0.0195933743658488,-0.00452694313505522,0.999797782787505,-0.283426190169626,4.71229593034189,0.651222333989188,-1.06207815433176,-2.0004218378221,-0.0523408216053049
-0.459099087920727,-0.888373950195437,0.00444433172847265,0.888163346113766,-0.459090525966626,-0.020043941420964,0.0198468660084224,-0.00525486268550119,0.999789221950207,-0.288732151573508,4.70227641419616,0.650955604469285,-1.06036656570315,-2.00763426108153,-0.0543468010298404
-0.458803438505,-0.88852893429179,0.00396708233891408,0.888309410156213,-0.458782162624567,-0.020623265634849,0.0201443948509056,-0.00593802861394882,0.999779447264381,-0.294030617355233,4.69221768231348,0.650678988941117,-1.05908326384121,-2.0160471016002,-0.0562405652814897
-0.458455083869507,-0.888710446844215,0.00356058199720161,0.88848210818841,-0.458422155999804,-0.0211818393339491,0.0204567715752275,-0.00654740852910465,0.999769299357743,-0.2993237306192,4.68211437331605,0.650392988366455,-1.05822134011269,-2.02541660893774,-0.0581648915082596
-0.458042896307865,-0.888924216634995,0.00323144267541401,0.88868755351582,-0.457999809768839,-0.021693466246194,0.0207638476196143,-0.00706479522482333,0.99975944671729,-0.304613776075487,4.6719626754357,0.650098042820962,-1.05788958065896,-2.03528742875415,-0.0596522185670313
-0.457551260366375,-0.889178230237087,0.00298647109199381,0.88893392677884,-0.457499917654703,-0.0221427000948771,0.0210551171616987,-0.00747664486130811,0.999750359751336,-0.309903789552658,4.66175946737858,0.649796787247523,-1.05823995167407,-2.04624175630756,-0.0607740857752563
-0.456962079194304,-0.88948166576607,0.00283274503557894,0.889230207537139,-0.456904658733139,-0.0225337709096922,0.0213376704885032,-0.0077781163510934,0.999742069097901,-0.315196972134669,4.65149920879117,0.649492397536225,-1.05909407874586,-2.05789863498292,-0.0605863816192598
-0.456262152253872,-0.88984111668022,0.00276323831118005,0.889582836010772,-0.456200753073764,-0.0228746752973991,0.0216154180088177,-0.00797871920986664,0.999734521632655,-0.320495180426,4.64117892392196,0.649193870483842,-1.06020297620994,-2.0703742362419,-0.0583437018336339
-0.455451311999177,-0.890256445147677,0.0027503220264353,0.88999157755509,-0.455387416910551,-0.0231795686012141,0.0218882223862642,-0.00810940149190624,0.999727534545394,-0.325798482939308,4.63079281203575,0.648912940738107,-1.06097724699561,-2.08439123754897,-0.0533781283671114
-0.454537486555092,-0.890723374933342,0.00274639100211134,0.890452197404953,-0.454471452955446,-0.0234644962711236,0.0221485316188393,-0.00821996325559461,0.999720898426759,-0.331105045627512,4.62033313482958,0.648662486344232,-1.06163038138377,-2.09963104376291,-0.0464406315299676
-0.453522185890764,-0.891240831723624,0.00272153880106873,0.890963792436456,-0.453453683730872,-0.023733463256573,0.0223863233272313,-0.00833885960341598,0.999714617252545,-0.336414652858374,4.60979251192562,0.648451426643967,-1.06213420628486,-2.11716017412461,-0.0374746056645157
-0.452415396425176,-0.891803397421846,0.00264753173797053,0.891521718575392,-0.452343641389249,-0.0239636266682326,0.0225684378243258,-0.00848118161387498,0.999709325340422,-0.34172635163175,4.59915881093501,0.648289590780816,-1.06248753198362,-2.13657109626712,-0.0269398029230491
-0.451222547933135,-0.892407942609998,0.00250523518254224,0.892123660524385,-0.451146542774656,-0.0241282256920799,0.02266244844014,-0.00865221989236195,0.999705732964272,-0.347040163195651,4.58842401140694,0.648183419198367,-1.06308502747576,-2.15766635381284,-0.0152445402232339
-0.449945795480083,-0.893052914912544,0.00229614807966087,0.892768492806797,-0.449864742687279,-0.0242101536217382,0.0226539043274023,-0.00884332816968794,0.99970425435006,-0.352358087335188,4.57757988968522,0.648138245400585,-1.06415111791996,-2.18019772828265,-0.00256935686283995
-0.448589759152523,-0.893735526495539,0.00200914489875647,0.893453465872844,-0.448502618623932,-0.0242137441813366,0.0225417901526223,-0.00906696019725186,0.999704785388915,-0.357682269979689,4.56662028296235,0.64815711643168,-1.06553376517322,-2.20379212015642,0.0100987318379629
-0.447161977974752,-0.894451532022198,0.0016193569248563,0.894174477799384,-0.447067182239846,-0.0241441052085774,0.0223196932305532,-0.00934833820884377,0.999707177060777,-0.363013905142205,4.55554065264779,0.648237883367484,-1.06712237195198,-2.22814875594691,0.022122074084168
-0.445671902905886,-0.895195706498137,0.00109637016896208,0.894926168873857,-0.445567134983864,-0.024022499600014,0.0219933450163519,-0.0097249827543173,0.999710816929286,-0.368354251749913,4.54433934901061,0.648375990476605,-1.0690667272139,-2.25215996225841,0.0328819799430837
-0.444127506886402,-0.895963498266785,0.000409145956868189,0.895703521397194,-0.444009546225825,-0.0238898433859309,0.0215860923637534,-0.0102436631085678,0.999714513239946,-0.37370506460374,4.5330198970197,0.648564279682518,-1.07126116879086,-2.27541954038571,0.0422182623692687
-0.442541447456679,-0.896747923812901,-0.000477933258102406,0.896499612102838,-0.442406236381017,-0.0237732519997781,0.0211071737191235,-0.010949116331234,0.999717262064208,-0.379067174373775,4.52158670692124,0.648795620780889,-1.07356649773647,-2.29753911248287,0.050088040300654
-0.440936216096792,-0.897536977285135,-0.00162103056924488,0.897302350673356,-0.440778089712272,-0.0237311421063267,0.0205850627959595,-0.0119184745443158,0.999717062550311,-0.384439256773985,4.51004593929901,0.64905937301994,-1.07495904757168,-2.31850018960237,0.0546409676912346
-0.439333071648338,-0.898318838813298,-0.00311704814916319,0.898099313117434,-0.439142777741926,-0.0239007224807011,0.0201016400830834,-0.0132997966237783,0.999709477536217,-0.389813561714093,4.49840570991757,0.649325111246139,-1.07420691611946,-2.33688143823265,0.0490936296248555
-0.437737906668767,-0.899088472697807,-0.00504413790165637,0.898886307559602,-0.437502647881785,-0.0243893250888832,0.0197213373560388,-0.0152102386027131,0.999689810638549,-0.395176813910366,4.48668370340579,0.649528670471585,-1.07041274914389,-2.35087632764099,0.0293748629999906
-0.436148496748718,-0.89984484328069,-0.0073312212478297,0.899667062913554,-0.435858379144198,-0.0250329630345993,0.0193304084884938,-0.0175137474843111,0.99965974409132,-0.400517447516477,4.47491168122596,0.649587713058613,-1.06579267997734,-2.35559849780142,-0.0102293181219416
-0.434589672787109,-0.900575634780082,-0.00976434059455344,0.90043416778878,-0.434245081222588,-0.0254856609197348,0.0187116483860132,-0.0198679509371337,0.999627499991991,-0.405837439187646,4.4631341448198,0.649414303436859,-1.06256219442306,-2.35483022409824,-0.0601260857185804
-0.433088362943278,-0.901268198931472,-0.0122516724544745,0.901168715455298,-0.432686847421434,-0.0260199606677197,0.0181498255572968,-0.0223097660974091,0.999586343528621,-0.411151400575709,4.45136227046457,0.648981261118572,-1.06424433436982,-2.35416454620598,-0.113837480491049
-0.431621926025149,-0.901935211468876,-0.0146760787315672,0.901875016409524,-0.431154241858305,-0.0269717352780655,0.0179991041627429,-0.0248775810758187,0.999528457928615,-0.416484289917293,4.43959082532826,0.64827692575512,-1.06943332530805,-2.3546388360277,-0.167769604673446
-0.430199980180173,-0.902574708490781,-0.0169373151874781,0.902546253207596,-0.429652741948162,-0.0284390955791083,0.0183912444905149,-0.0275212087163289,0.999452022458749,-0.421847326654847,4.42781552624745,0.647308230386696,-1.07599819704286,-2.35551088504764,-0.219108540193998
-0.428824319612128,-0.903188451832289,-0.018982186017126,0.903180736723025,-0.428181355792168,-0.0304184707773788,0.0193457933838143,-0.0301885247863122,0.99935698989379,-0.427244269227981,4.4160345009537,0.646088906199939,-1.08278875894644,-2.35709081337711,-0.268293024471374
-0.427481116009241,-0.903784907935985,-0.0208022989748008,0.903785382647496,-0.426726020468456,-0.0328159346640231,0.0207816642310456,-0.0328290061119509,0.999244904309994,-0.432673787263922,4.40424376685157,0.644628525284063,-1.08883030104769,-2.35930946391985,-0.315414642089222
-0.42615599290414,-0.904371770005262,-0.0224225629542167,0.904367249563056,-0.42527274255067,-0.0355383224306498,0.0226041507170697,-0.0354231006686405,0.999116738078879,-0.43813129523294,4.39244022343237,0.642936775662822,-1.09404098006924,-2.36228599734593,-0.361030506364579
-0.4245794061191,-0.905032084602192,-0.0254804580053813,0.905141612880141,-0.423634355970222,-0.0353919916709017,0.0212364905832036,-0.0380901336609191,0.999048624034588,-0.443626251604305,4.38069456339246,0.641382069329207,-1.10198158020708,-2.34866204948071,-0.322097349214605
-0.422795235415565,-0.905792682462746,-0.0279965231205489,0.905977171516509,-0.421754938708326,-0.0364436052838026,0.0212026790958758,-0.0407723935044087,0.998943471036814,-0.449082920947944,4.36897978172807,0.639891682813291,-1.06813380056902,-2.33117279108245,-0.240585916011911
-0.420728249381406,-0.906714272651697,-0.0292740147940484,0.906865357047915,-0.419501346677303,-0.0401726812932301,0.024144654870505,-0.0434493717518885,0.998763829809405,-0.454416840699577,4.35733789363402,0.638660335395138,-1.06492457009883,-2.32593026602341,-0.24966861083164
-0.418543101423159,-0.907689809981783,-0.03034602290777,0.907796803758156,-0.417133350150532,-0.0436432271798293,0.0269561743865882,-0.0458145942624066,0.998586194384346,-0.459730123399182,4.34571849069612,0.637403692694118,-1.06014961009719,-2.32205918868194,-0.252030679479379
-0.416220400353387,-0.908729286210886,-0.0311715048132266,0.908783497393935,-0.414641947167269,-0.0467398172202589,0.0295488272883029,-0.0477822145990562,0.998420616160292,-0.465016819103747,4.33411574873843,0.636145488331207,-1.05430544000943,-2.31919599074694,-0.250563270743687
-0.413754987413092,-0.909835449976651,-0.0317216701416748,0.909830190324313,-0.412030381262634,-0.0493962517909298,0.0318721691325988,-0.0492992787204151,0.998275385829196,-0.470271548447957,4.32252543080031,0.634903703250272,-1.04732598653412,-2.31701234214541,-0.245355798361269
-0.411155309436493,-0.911004293439776,-0.0319763796649292,0.910934685494142,-0.409313419404798,-0.0515802622990788,0.0339014791103724,-0.0503358920597068,0.998156795140264,-0.475490546074538,4.31094382011462,0.633693040079272,-1.04035363099394,-2.31582954070033,-0.238894071723131
-0.408445945522124,-0.912223867262853,-0.0319300106881185,0.912084500258452,-0.406516056225557,-0.0533531669079817,0.0356899702273458,-0.0509147525460499,0.998065085051243,-0.480676366222844,4.29936529037055,0.632514087725841,-1.03412793640999,-2.31576064175273,-0.232816191592693
-0.405650138705519,-0.913482353889647,-0.0315904115266653,0.913266611357828,-0.403659094826333,-0.0548035741806704,0.0373103410220796,-0.051081545554304,0.997997301678015,-0.485833396017596,4.28778483758324,0.631363703414059,-1.02887122145147,-2.31651886715883,-0.227523626586512
-0.402788939332313,-0.914768384959539,-0.0309818048226215,0.914468971457545,-0.400759850348174,-0.0560182344445981,0.0388274463869397,-0.0508954244252496,0.997948939164547,-0.490966599444812,4.27619893563889,0.630237979416047,-1.02458561583461,-2.31791768467519,-0.222876351208062
-0.399876087468386,-0.916073530232965,-0.0301397059953827,0.915684136807382,-0.397829166595536,-0.0570483637383289,0.0402700418462076,-0.0504107271561666,0.997916370402496,-0.496080551793958,4.26460501748066,0.629134405648783,-1.02113692677016,-2.31963839197931,-0.218607028358957
-0.396918970122935,-0.917391848825752,-0.0291123146557911,0.916908555007486,-0.3948717775975,-0.0579221979130156,0.0416417207933625,-0.0496837495068556,0.997896533777079,-0.501179290807523,4.25300197451568,0.628051540241618,-1.01850899320901,-2.32157168160251,-0.214566094068602
-0.393925584293907,-0.918717449633376,-0.0279442619843426,0.918138418557601,-0.391892852936574,-0.0586671644600231,0.0429473911576831,-0.0487671975448449,0.997886407381307,-0.506267091341757,4.24138867277852,0.626988310016137,-1.01678292176077,-2.32374701133689,-0.210761845251332
-0.390906187621495,-0.920043660494221,-0.0266836141409362,0.919369435015741,-0.388899800060218,-0.0593025081422407,0.0441836444633814,-0.0477138166312065,0.997883358546688,-0.511348503310165,4.22976371414224,0.625943337639295,-1.01593819210578,-2.32625923520057,-0.207284319373022
-0.387871302722717,-0.9213643071445,-0.0253705743789581,0.920597773614347,-0.385901022073798,-0.0598342742807587,0.045338634082746,-0.0465640922013323,0.997885861998744,-0.516427046994733,4.2181250204677,0.624914700751062,-1.01550289573638,-2.32927924614608,-0.204251436061436
-0.384833073160338,-0.922673238512136,-0.0240333255188928,0.921820385920704,-0.382908368299552,-0.0602358496842138,0.0463754450434125,-0.0453351565531838,0.99789480491549,-0.521503513269933,4.20646985237523,0.623900741458485,-1.01502740316138,-2.33284492807674,-0.201303240518017
-0.381798933648623,-0.923966967574378,-0.0226851734880575,0.923035464969792,-0.379928744831729,-0.0604952829449262,0.0472768936455698,-0.0440362541776141,0.997910669170959,-0.526576943233192,4.19479572028478,0.622903609699913,-1.01423975958076,-2.33683235696799,-0.197202609450886
-0.378770948595931,-0.925244581163278,-0.0213315148953281,0.924242876358785,-0.37696350363853,-0.0606104151495794,0.0480382555863446,-0.0426729651249476,0.997933536888938,-0.531644635355641,4.18310100455301,0.62193248961823,-1.01258495881836,-2.34102796675009,-0.190643962381308
-0.375749646182676,-0.926506104055527,-0.0199660346950061,0.9254419998607,-0.374012248251049,-0.0605965597375293,0.0486755409566486,-0.0412465429586986,0.997962631768612,-0.536701730139972,4.17138504488495,0.621002067735938,-1.01006073968886,-2.34531492596558,-0.180780547395397
-0.372732346955785,-0.927752722858055,-0.0185871666021846,0.926633179706999,-0.37107095641796,-0.0604755782870885,0.0492092247340892,-0.0397646895187808,0.997996604036579,-0.541744540272996,4.1596473124852,0.620128997834106,-1.00691915905969,-2.34975845058935,-0.167817980353733
-0.369715755731796,-0.928985819794141,-0.0171932133435123,0.927817228183437,-0.368135378793804,-0.0602622101017331,0.0496533085470686,-0.0382320480977746,0.99803449812548,-0.546770034043038,4.14788652674676,0.619328319027599,-1.00309211812907,-2.35459285605463,-0.151774819963468
-0.366691894573423,-0.930208802782672,-0.0157682491032684,0.928996826676845,-0.365197679564787,-0.0599629124113235,0.0500195009821863,-0.0366365673354348,0.998076054945398,-0.551774621450241,4.13610020091504,0.618614806977095,-0.998568738453105,-2.35999704649438,-0.133090523149773
-0.363651695241075,-0.931425306093163,-0.014294884313981,0.930174758911281,-0.362248948670043,-0.0595870545654876,0.0503225837237498,-0.034965673977584,0.998120753822232,-0.55675461456514,4.12428519245186,0.618001512532665,-0.993204072930835,-2.36608702297145,-0.11155688934121
-0.36058354944517,-0.932639718703075,-0.0127537824574707,0.931354902064268,-0.359278097810027,-0.0591379305933807,0.0505722282520896,-0.0332024627318299,0.998168345620197,-0.561705843443199,4.11243768863386,0.617502509851571,-0.987117011893348,-2.37302848116846,-0.087522488234522
-0.35747505349372,-0.93385638121183,-0.0111285847980488,0.93254075125332,-0.356272755964831,-0.0586299463509644,0.0507871379539662,-0.0313366020361036,0.99821775379487,-0.566624833357377,4.1005529266416,0.617130586595051,-0.980273280055903,-2.38103673684973,-0.0605121816349224
-0.354310191607889,-0.93508066667872,-0.00940398460556528,0.933736549495241,-0.35321672929139,-0.0580861281668381,0.0509935707663482,-0.0293613513376597,0.998267282238642,-0.571508469166904,4.08862478481956,0.616900882546642,-0.973123028105168,-2.39045654835542,-0.0307996353628845
-0.351079162523087,-0.936315188055982,-0.00756903281663685,0.934943747004795,-0.350099822968968,-0.0575352404508068,0.0512212024333924,-0.0272760439358224,0.998314782945985,-0.576355782354669,4.0766451358652,0.616826226193343,-0.96568947395572,-2.4017386445017,0.00156384475506038
-0.347778376589968,-0.937560038605291,-0.00560132010248319,0.93616136554206,-0.346919009398732,-0.0570008647673746,0.051498528550556,-0.0250674076890007,0.998358415915287,-0.581164850970143,4.06460419616291,0.616919737317999,-0.95779624939168,-2.41494721341789,0.0363856741942755
-0.344402460337884,-0.938815647651123,-0.0034821026142034,0.937388809547154,-0.343669424738759,-0.0565114699463739,0.0518571600551174,-0.0227267733110907,0.99839587775886,-0.585933559030684,4.05249272261364,0.617194267118148,-0.949605976217048,-2.42991472817572,0.0741527359996982
-0.340948269481459,-0.940081278830732,-0.00121108611347814,0.938624245464512,-0.34034755097479,-0.0561076676724195,0.052333577784956,-0.0202665669870082,0.998423989544917,-0.59066151105889,4.04030236912945,0.617664114996487,-0.941614540325771,-2.44645578987432,0.114264210673199
-0.337407082457648,-0.941358090163336,0.00118608239806016,0.939869447741831,-0.336943828013798,-0.0558057162383382,0.0529328056018613,-0.0177144812919959,0.998440942291366,-0.595351144075813,4.02802639041131,0.618336615644523,-0.93440026812793,-2.46401417316425,0.154733328121708
-0.333773462871021,-0.9426462336753,0.00365426064483692,0.941128076599291,-0.333451338605411,-0.0555711095694488,0.0536024152404323,-0.015109034384512,0.998448044797705,-0.600007280504648,4.01566138393796,0.619208180484783,-0.928078339628417,-2.48235836075161,0.194487910722782
-0.330030809930207,-0.943950146874822,0.00614692702202923,0.942407090668817,-0.329851924112183,-0.0553767425606329,0.0543004599791522,-0.0124831235871981,0.998446609324484,-0.604634351861851,4.00320356014934,0.620271446860377,-0.922856088208646,-2.50100387314071,0.230541764078971
-0.326170463292763,-0.945271813832154,0.00860388574160161,0.943713575368212,-0.326134706151766,-0.0551438220387972,0.0549319264283519,-0.00986668220686168,0.998441351327708,-0.609238049206341,3.99065348780798,0.621500519829813,-0.918653312674147,-2.51911318726179,0.260572408410734
-0.322198457798812,-0.946608751315247,0.0109556252882048,0.945050299075279,-0.322302054149778,-0.0547842870589692,0.0553903060994705,-0.00729779584683262,0.998438108330199,-0.613824669761447,3.97801940110464,0.622851029964561,-0.91630100146988,-2.53400543763969,0.277137430245305
-0.318156866604318,-0.947947700779306,0.0130906386303465,0.946411767741661,-0.31838925323405,-0.0541576338586499,0.0555065231538275,-0.00484148864415848,0.99844658639062,-0.618404809583696,3.9653258329554,0.624230720705946,-0.915941993828339,-2.54246618083229,0.270572746559709
-0.314136973295377,-0.94925981185607,0.0149589974195279,0.947770243120049,-0.314482681463389,-0.0532185053882522,0.0552225340326106,-0.00254020758483106,0.998470840375643,-0.622984793930572,3.95260965395686,0.625502875070538,-0.915858266147441,-2.54280635697376,0.232227415826388
-0.310198237171507,-0.950525038042533,0.0167094497195882,0.949086685266423,-0.310647750966271,-0.0522727335194074,0.0548772949923959,-0.000356193542866221,0.998493042349559,-0.627565817883097,3.93989426680921,0.626540835955386,-0.916966038103009,-2.54397412610052,0.181918280778101
-0.306273214484323,-0.951764404371071,0.0184725921738151,0.950377291231784,-0.306824425114157,-0.0513982146023041,0.0545868335807976,0.00181403570717713,0.998507379479028,-0.63215456924485,3.92716431950912,0.627318583300134,-0.918497468090748,-2.54876665140932,0.128682297850361
-0.302301753973117,-0.952994611808098,0.0203695706756536,0.951662752140125,-0.302959384865555,-0.0505333287145064,0.0543291425835234,0.00410864778460989,0.998514628475478,-0.63675056311884,3.91440502847466,0.627831124601721,-0.919879795630931,-2.55507959949892,0.0768409914557003
-0.298262734908028,-0.954219650777151,0.022454376765263,0.952948572304761,-0.29903433738525,-0.0496737718205739,0.054114318876811,0.00658203124404887,0.998513053173168,-0.641352175317198,3.90161218617878,0.628092225577869,-0.920595754251638,-2.56230635646758,0.0282668515008839
-0.294142369933203,-0.955440789606774,0.0247621438018449,0.95424609295604,-0.295035814823078,-0.0486647927131685,0.0538020472492632,0.00931480151516668,0.998508174320332,-0.645954536353903,3.8887803990711,0.628117524715262,-0.920062237891889,-2.57067167848843,-0.0176885689829314
-0.289923463738475,-0.956660209132314,0.0273062160835651,0.95557208787949,-0.290942873135365,-0.0472676362574998,0.0531636157490975,0.0123890610885561,0.998508958961224,-0.65055109403953,3.87590522421524,0.627918371806021,-0.918320457435665,-2.57943404384603,-0.0615475329597559
-0.286649800130039,-0.957654863621638,0.0270010049300144,0.956339257648658,-0.287704981101696,-0.0513913234825441,0.0569834744941278,0.0110908084058483,0.998313516688761,-0.654870614274006,3.86314310912384,0.628212337496432,-0.855095663013027,-2.55343133713363,0.0551941621522517
-0.283483174592504,-0.958610068380062,0.0265334981359017,0.957040344860592,-0.284559936167013,-0.0556724441509819,0.0609185360302977,0.00961142700109698,0.998096464495756,-0.659109933174102,3.85035927198952,0.628449135619418,-0.840303948947183,-2.56086121848562,0.0405055707274429
-0.280372247764875,-0.959538761030444,0.0260147797114149,0.957714002084808,-0.281457916325552,-0.0597103973222413,0.064616506358462,0.00817358047860324,0.997876695633377,-0.663272872981307,3.83753130039978,0.628620745066938,-0.82475666265624,-2.57068166977904,0.0286142620797566
-0.277301844762172,-0.960447175038901,0.0253950950242584,0.9583705862689,-0.278380806590306,-0.0634818548621229,0.0680404752048459,0.00673427664456182,0.997659833436214,-0.667357362167361,3.82465113638101,0.628735814542642,-0.808987523176703,-2.58147311325909,0.0175555085809274
-0.274257816183318,-0.96134141056824,0.024603710879156,0.95901602142289,-0.275309867424277,-0.0670279609792679,0.071210398935608,0.0052124107181726,0.997447697805723,-0.671362593267843,3.81171619939897,0.628795484381184,-0.793036084790758,-2.59247606713934,0.0063159542281631
-0.271244387844628,-0.962215715868145,0.023820121728187,0.959685244306525,-0.272260161565973,-0.0698472353382349,0.0736933777426279,0.00391414874816713,0.997273265216941,-0.675301526642218,3.79876320242829,0.628869676771041,-0.787827384564877,-2.57371890939468,0.0531358455803758
-0.268264014112933,-0.963055974034086,0.0236137588976005,0.960471819579259,-0.269275325740206,-0.0706022856684815,0.0743525556125943,0.00374029741650942,0.997225003521829,-0.679204308967032,3.78588566694051,0.629133042773676,-0.773384579417921,-2.57778455422237,0.0522132410749433
-0.265251820159619,-0.963897127961309,0.0233194899161636,0.961274990357597,-0.266251283963634,-0.0711382225018134,0.074778772489326,0.00354689944277831,0.997193840077912,-0.683035770232279,3.77298302363992,0.629391939580194,-0.759198545649817,-2.58348753226045,0.051415313419042
-0.262191003923808,-0.964743169374168,0.0229454703004954,0.962087843979662,-0.263172411036802,-0.0716049058070966,0.0751189585124318,0.00330139591107061,0.997169114472087,-0.686796982787883,3.76004885894293,0.62964796376028,-0.745352572717045,-2.59037079641075,0.0511077040372621
-0.259074564143891,-0.965594831457639,0.0225164756555216,0.962904244195134,-0.260033850517912,-0.0720958604624859,0.0754704360968657,0.00300300634712082,0.997143517869032,-0.69049018753985,3.74707724833127,0.629904839053788,-0.732018505790751,-2.59848718474063,0.0519332996226315
-0.255902761572552,-0.96645060610818,0.0220681347801012,0.963718272816052,-0.256838650335504,-0.0726704777353337,0.0759003772058275,0.00267088879728242,0.997111828780025,-0.694118077001428,3.73406156331362,0.630167948005431,-0.719224359463331,-2.60804834532038,0.0533873471279413
-0.252675788638769,-0.9673091534357,0.0216320945653685,0.964526606205542,-0.253589379421066,-0.0733542948058141,0.0764419502458944,0.00232987646615243,0.997071311350526,-0.697683403094569,3.72099412621087,0.630439213199444,-0.707005669148159,-2.61920919645125,0.0552077725114459
-0.249389212186926,-0.968170249977379,0.0212458914504317,0.965329580597732,-0.250284411934825,-0.0741384783054394,0.0770961845216222,0.00201995078593919,0.997021613672959,-0.701189226477068,3.70786666142987,0.630720028376346,-0.695441669700287,-2.63208120905262,0.0571284420720307
-0.246041758655704,-0.969033030612502,0.0209389249857438,0.96612667176345,-0.246924773125062,-0.0750160684414747,0.0778633874480645,0.00177256850000405,0.996962462129857,-0.704638754693372,3.69467089574928,0.631010033333174,-0.684460028829672,-2.64645667738727,0.0588221914346281
-0.242636255949824,-0.96989595346798,0.0207240619833634,0.96691615581826,-0.24351442408614,-0.0759860044984192,0.0787451263018207,0.00160147070981021,0.996893495000984,-0.708034703205162,3.68140012171891,0.631307738801482,-0.674006659922327,-2.66202053452242,0.060215080567874
-0.23917776433565,-0.970757282827517,0.0205984194718062,0.96769632836921,-0.240058389626308,-0.0770440499375111,0.0797358959826148,0.00150579127365761,0.996814887270696,-0.711379192325847,3.66804892541758,0.631612297084926,-0.663794420930675,-2.67860278597273,0.0616718874993665
-0.235678568058175,-0.971613996285397,0.0205391036895132,0.968464759035319,-0.236567309806925,-0.0781787595026712,0.0808184574506989,0.00146634001331187,0.996727759612551,-0.714672736464852,3.6546127149362,0.631925725411794,-0.653598469505103,-2.69596430859619,0.0639416919169453
-0.232150784819223,-0.972463454856601,0.0205144357997884,0.969220137824213,-0.233050864920177,-0.0793701379359448,0.081965465556124,0.00145716448021735,0.996634104939143,-0.717915512722765,3.64108912635047,0.632253219408705,-0.643537838297666,-2.71335452411968,0.0673003990388594
-0.228595311881785,-0.973305763523057,0.0204957087818121,0.969966422862593,-0.229507629538734,-0.0805691411314343,0.0831223309635575,0.00146242138613993,0.99653827794966,-0.721108195559544,3.62747890276959,0.632599844396607,-0.633512652536381,-2.73067214097361,0.0715372311574268
-0.225013574864011,-0.974140780401368,0.0204604761902778,0.970708094509043,-0.22593709385636,-0.0817204067192809,0.084229961305586,0.0014729490001659,0.996445253909969,-0.724250615114501,3.61378237067506,0.632969852920813,-0.623424913705377,-2.74782857471602,0.0766924314952802
-0.221405259989015,-0.974968547134271,0.0203971308787424,0.97145172253547,-0.222337808253189,-0.0827493190548131,0.0852130367494544,0.00149369342769093,0.996361634773178,-0.727342522606418,3.60000017672204,0.633368559498629,-0.613323154808567,-2.76501347925907,0.0831115299527261
-0.217771048849769,-0.975788722506806,0.0203012145303128,0.972202721681265,-0.218709898967234,-0.0835933493125063,0.0860095241145526,0.0015326846631557,0.996293135898924,-0.730383851105936,3.58613136714935,0.633801993955314,-0.603173220948193,-2.78253269097427,0.0904443713202009
-0.214114591196422,-0.976600495223308,0.0201597263468291,0.972962376617551,-0.215055758325501,-0.0842332149319434,0.0865976646539392,0.00157909487805686,0.996242114616648,-0.733374394466358,3.57217385687333,0.634273255148917,-0.593029650547657,-2.8005015669067,0.0981480796497939
-0.210437652820957,-0.977403475360582,0.0199609776379624,0.973731499128442,-0.211376011184763,-0.0846590190156764,0.0869652912390004,0.00162118742769867,0.996210022972586,-0.736314825335929,3.55812495610571,0.634784791298202,-0.583210160287104,-2.81915839806395,0.106757877282778
-0.206740326239606,-0.978197483385499,0.0197007869035347,0.974510016640887,-0.207670301126933,-0.084872100813086,0.0871129437736957,0.00165212836246403,0.996197071617336,-0.739207232420172,3.54398085353517,0.635341917905088,-0.573812908713688,-2.83856994727548,0.116321938985235
-0.203026190098049,-0.978981771918787,0.0193663725313518,0.975296396327933,-0.203941051289965,-0.0848821942959261,0.0870477193498974,0.00165464482470751,0.99620276887112,-0.742053816416541,3.52973807393497,0.635947859513276,-0.56490233340234,-2.85858861236865,0.12609650159524
-0.199301785028681,-0.979755113269037,0.018939812764614,0.976087601224573,-0.200193267874828,-0.0847092098490873,0.0867859045009086,0.00160421967776245,0.996225693936462,-0.744856887302095,3.51539348695579,0.636602098003904,-0.556365490945032,-2.87935164536317,0.135574296486345
-0.19557626161169,-0.980515933610013,0.0183964624556121,0.976880173063021,-0.196434069366059,-0.0843728858618242,0.0863426509342734,0.00146980582914036,0.996264415855784,-0.747618040893383,3.50094397834251,0.637301730379761,-0.548133902481991,-2.90039691582058,0.144084100915245
-0.191861108558375,-0.981262305636389,0.0177088271748657,0.977671611618628,-0.192672773550231,-0.0838774234672012,0.0857177627903687,0.00122060215448923,0.996318711694503,-0.750338746893537,3.48638909902945,0.638040552072508,-0.540178671995284,-2.9215102952565,0.151195775869483
-0.188167241744649,-0.981992438553972,0.0168505120703678,0.978458572840658,-0.188918422564839,-0.0832385178281968,0.084922967263473,0.000824765685361711,0.996387178456614,-0.753020528050041,3.47172988315121,0.638810296513928,-0.532596030859719,-2.94189683095066,0.156296422382307
-0.18450850035582,-0.982704174739768,0.0157834801446725,0.979234413513939,-0.185182210149886,-0.0825076507604962,0.0840034325873577,0.000232364012976386,0.996465438096328,-0.755665005169228,3.4569717387128,0.639598128989915,-0.525182791180053,-2.9610295950596,0.158137398738253
-0.180903544018215,-0.98339460262398,0.0144555626550481,0.979988825486025,-0.181479095642297,-0.0817755450448089,0.0830410120613379,-0.000627196044566878,0.996545933181683,-0.758272636294679,3.44212454505405,0.640377854409951,-0.517943654177148,-2.97667735542855,0.151046146098714
-0.177387779384232,-0.984058294884648,0.0127611909259883,0.980702524805758,-0.177836132318956,-0.0812211049016557,0.082195702836232,-0.00189269927699337,0.996614410955764,-0.760841822838344,3.42720423013912,0.641112130669208,-0.510086398601686,-2.98917211505157,0.137672328163706
-0.173988502445262,-0.984690056586355,0.0106533317237261,0.981371903880175,-0.174276920792435,-0.0808501153598953,0.08146893451774,-0.00361211005761471,0.996669336023476,-0.763373744099788,3.41224160434041,0.641737874612669,-0.503077449965971,-2.99376474606469,0.108322086015909
-0.170721319166563,-0.985285193627224,0.00820477915564435,0.982008715178794,-0.17082383811799,-0.080486642640462,0.0807038691446904,-0.00568362116990733,0.996721918067158,-0.765876604745619,3.39728215410153,0.642168939850053,-0.498509252068332,-2.98880893379183,0.0623901957102029
-0.167609073996336,-0.98583773311514,0.00558231855897295,0.982608462362969,-0.167513743029359,-0.080123377293872,0.0799237637175157,-0.00794417161803224,0.996769322426473,-0.768364634620781,3.38235077005515,0.642354529019724,-0.497503279816182,-2.98429875971741,0.0108885881738619
-0.164596740870617,-0.986356637531309,0.00291487438858563,0.983163905354695,-0.164300266140619,-0.0799634776246473,0.0793514215529683,-0.0102959285181972,0.996793532158727,-0.770856664948223,3.36743530881204,0.642277194467589,-0.499983839752187,-2.98236434292378,-0.041894844278106
-0.161626894475758,-0.986851892045769,0.00030024624436371,0.983669394819657,-0.161130063921115,-0.0801974076632574,0.0791913421861979,-0.0126667149041285,0.996778955263546,-0.773367605402375,3.35252268822822,0.641938521073091,-0.504817725935953,-2.98332752080878,-0.0932187637261426
-0.158665046686282,-0.987330090688078,-0.00216679069421993,0.98412052944961,-0.157971629721489,-0.080942867004802,0.0795750367631729,-0.0149751869774406,0.99671638759435,-0.775905243169346,3.33759992531408,0.641348823662582,-0.51027459446736,-2.98602299820241,-0.142179425839376
-0.1556993311337,-0.987794465858644,-0.00445101152052264,0.984521552038439,-0.154813232640674,-0.0821594581966515,0.0804675826425839,-0.0171742894578518,0.996609257394932,-0.778468454721399,3.32266238298756,0.6405193098656,-0.514734176753237,-2.98896296584037,-0.189315895884079
-0.152727727585821,-0.988246469913304,-0.00656931734385283,0.984883445708122,-0.15165157223201,-0.0837042353149289,0.0817241677630848,-0.0192539695505218,0.996468988508915,-0.781050315427031,3.30770954185487,0.639457212139262,-0.517718795267001,-2.99230442205051,-0.23532360977734
-0.149733040386781,-0.988689712016554,-0.00852466827232997,0.985224555240014,-0.148472152082464,-0.0853732733829409,0.0831420012307085,-0.0211819122985746,0.996312568535963,-0.783643856908719,3.29273832983396,0.638166858584939,-0.519474424694114,-2.99632015952743,-0.280695701690213
-0.146709668589832,-0.989125715529214,-0.010324341193646,0.985558433761777,-0.145272377065285,-0.0870086783190884,0.0845626796127855,-0.0229402558970647,0.996154053284974,-0.786243650719164,3.27774612980749,0.636649922538356,-0.520259571647554,-3.0005660580021,-0.326107233468785
-0.143661655718349,-0.989554285615661,-0.0119851781772991,0.985894578123574,-0.142058529384781,-0.0884943786665202,0.0858673948760685,-0.024529371143843,0.996004568487758,-0.788845514691756,3.26273358031851,0.634904789190328,-0.520364169854017,-3.00429753802432,-0.372045399666191
-0.14044642426744,-0.989975886146731,-0.0149180011558019,0.986496909401667,-0.138638909236449,-0.0871957601416862,0.0842534845062752,-0.0269628947578303,0.996079491132525,-0.791460169544107,3.24775857018485,0.633226703740975,-0.523550825223256,-2.99445313061317,-0.351280229883495
-0.137161264264273,-0.990386402934474,-0.0179321071806918,0.987140238802448,-0.135166377351632,-0.0853475211747993,0.082103206529788,-0.0294078784707364,0.996189861503006,-0.794081969923961,3.23278771311383,0.631382373967529,-0.525358862625842,-2.99379185091226,-0.38631822167853
-0.133368091687505,-0.990886747552831,-0.0188787087430555,0.98743647329165,-0.13122657826685,-0.0880272478822479,0.0847476449996198,-0.0303815516481014,0.995939153757132,-0.796510285407986,3.21798313055934,0.629981804646355,-0.48004076532662,-2.95401303359792,-0.280344365265367
-0.129471454710757,-0.991392640990042,-0.019436404139411,0.9877075911683,-0.127209314851756,-0.0908377925946149,0.0875834274483246,-0.0309583850634501,0.995676012380869,-0.798885964581108,3.2032447114652,0.628567031421244,-0.469682689466743,-2.94095669015497,-0.283996140188742
-0.125475347464961,-0.991901348818031,-0.0196888646579219,0.987984789902277,-0.123125676663529,-0.0934137177715491,0.0902329878719631,-0.0311734175078503,0.995432682776982,-0.801204347083969,3.18857390357661,0.627150352730256,-0.457317307197055,-2.92730098924024,-0.281600969376009
-0.121381531836865,-0.99241106290269,-0.0196673830818594,0.988284544147625,-0.118982501624678,-0.0955867360362016,0.0925212598695952,-0.0310394351669923,0.995226793216831,-0.803457863115886,3.17397121056504,0.625756970995092,-0.44401466458241,-2.91386555659905,-0.275285286658786
-0.117203882444629,-0.992917860321844,-0.0194260802478693,0.988615741902872,-0.114793005695051,-0.097270142928495,0.094351284049235,-0.0306053671336756,0.99506841307564,-0.805644170415526,3.15943425525738,0.624401291039421,-0.43049084772628,-2.90103191245383,-0.266651795454661
-0.11296133619402,-0.993417569220595,-0.0190070957567419,0.988979773199401,-0.110573047535113,-0.0984510505848397,0.0957013308565906,-0.0299187954744505,0.994960361496696,-0.807763722276397,3.14495896757551,0.623091858213498,-0.417432621390266,-2.88928601355876,-0.25701188498221
-0.108676875352867,-0.993905844482104,-0.0184528877917148,0.98937301919614,-0.106340226408466,-0.0991604010384759,0.0965938178676695,-0.0290332318509752,0.994900349682336,-0.809819711833426,3.13053932737449,0.621832087986712,-0.405083623548554,-2.87878127701787,-0.246819818852431
-0.104371144450285,-0.994379166960424,-0.017797093055616,0.98978885466241,-0.102109287349039,-0.0994571094650695,0.097080829169374,-0.0279958166904251,0.994882679945542,-0.811816076418475,3.11616908133059,0.620623763182845,-0.393608679422516,-2.86952675523514,-0.236512023753421
-0.100062039756632,-0.994834920869132,-0.0170607273892452,0.990217160176678,-0.0978923592976935,-0.0994337049634916,0.0972500071536117,-0.026843364365133,0.994897919335538,-0.813756866970389,3.10184244010228,0.619467322140964,-0.382805887138415,-2.86129494889701,-0.22603639151852
-0.0957651804665105,-0.995271247973581,-0.0162534047918664,0.990646177973938,-0.0937001745679081,-0.099198928177541,0.097206894178582,-0.0256011765951323,0.994934871979618,-0.815644653798158,3.08755568557396,0.618364414005631,-0.372352768762802,-2.853459419746,-0.215033051643259
-0.0914959038895096,-0.995686617418266,-0.0153837402998526,0.991063906134434,-0.0895436112513797,-0.0988649363607755,0.0970609784053305,-0.0242920064678376,0.994981941993304,-0.817480987701302,3.07330690350412,0.617317748033215,-0.362234809522424,-2.846162078319,-0.203566945570698
-0.0872671385436174,-0.996079989035137,-0.0144603587151511,0.991462790947322,-0.0854326319194356,-0.0985027896572724,0.0968812711382117,-0.0229329642017771,0.995031707261414,-0.819265985398706,3.05909395990529,0.616331909395726,-0.351661387966676,-2.83904064540683,-0.190465005295032
-0.0830879093162959,-0.996450898105144,-0.013490996660723,0.991841306618368,-0.081374995987329,-0.0981271242502846,0.0966810312885397,-0.0215341053567321,0.995082439044861,-0.820996669203532,3.04491590267512,0.615416668452931,-0.340527121764531,-2.83226221778093,-0.175301425937731
-0.078959495308932,-0.996799663240694,-0.0124831672182328,0.99220026902858,-0.0773711915789824,-0.0977359956886983,0.0964573700666339,-0.0201029867653549,0.995134084273542,-0.82267004888645,3.03077094554449,0.614583295542718,-0.328712128622845,-2.82577872270601,-0.157640581533127
-0.0748795956519132,-0.997126944299869,-0.0114412895344913,0.992540861379582,-0.0734184576661224,-0.0973260939615162,0.0962064688411547,-0.0186436859320756,0.995186780623609,-0.824282430742011,3.01665782270492,0.613843921626961,-0.3161136699958,-2.81951951963345,-0.137781880646475
-0.0708441780371815,-0.997433622445458,-0.0103571836696687,0.992863838865848,-0.0695134267520413,-0.0968983022233173,0.0959296612670393,-0.0171479537123152,0.995240396975862,-0.825829268895092,3.00257530094688,0.613208380582985,-0.302442169257465,-2.81355399164497,-0.116184846587485
-0.06684402914561,-0.997720895712207,-0.0092135783934323,0.993171988013617,-0.0656487291736356,-0.096434675210563,0.0956100308161282,-0.0155967502101468,0.995296671043474,-0.827305598889986,2.98852126715623,0.612684114134316,-0.287979442662907,-2.8081795160763,-0.0933539816718302
-0.0628672580195326,-0.99798984819746,-0.00799817253609667,0.993468282597898,-0.0618137309951419,-0.0959157658179483,0.0952285636827983,-0.0139758919311757,0.995357320314489,-0.828707434287758,2.9744924539723,0.612277788000132,-0.272602718180978,-2.80346803150618,-0.068915134131526
-0.0588986032671079,-0.998241521074558,-0.00669478423376611,0.993755115366496,-0.0579945710784848,-0.0953278574622599,0.0947719642938047,-0.0122676537355531,0.995423417172672,-0.830030071020578,2.96048516280856,0.611997818694673,-0.256309981637118,-2.79960751811705,-0.0428240728921386
-0.0549271757990612,-0.99847635550786,-0.00528893661158669,0.994032311733971,-0.054181187804756,-0.0946792591694933,0.0942484407698999,-0.0104578381995576,0.995493779504742,-0.831269261916506,2.94649448831244,0.611851304841754,-0.239251909863675,-2.79686296578092,-0.0156376463425888
-0.0509445043128117,-0.998694365806259,-0.00377109893221669,0.994297957640486,-0.0503653139010931,-0.0939941837966725,0.0936815291948216,-0.00853808306817207,0.995565604179474,-0.832421889219059,2.93251421807555,0.611842582772982,-0.221738780100713,-2.79548368201895,0.0122376007327607
-0.0469438527425415,-0.998895247051767,-0.00213544072193735,0.994548573494278,-0.0465400945529155,-0.0933121351138361,0.093109664644352,-0.00650423065366044,0.995634614370865,-0.833486140548092,2.91853665921298,0.611976786923931,-0.203914768545748,-2.79584449560635,0.0417329605648776
-0.0429218831314063,-0.999078360918787,-0.000375089700831381,0.994779013919186,-0.0427023781296951,-0.0926888362643582,0.0925873933882273,-0.00435151076044911,0.995695053186303,-0.834461020334168,2.90455223516543,0.612261610899456,-0.18603816931793,-2.79827548413036,0.0723316526345515
-0.0388819916936704,-0.999242642696783,0.00152700303982087,0.994984777886738,-0.0388571633550051,-0.0921705627067688,0.0921600916645231,-0.00206443027315697,0.995742062801424,-0.835345593445309,2.89055017324966,0.612702808794817,-0.167700856457144,-2.80291861806533,0.104379519897183
-0.0348309899242679,-0.999386730783145,0.00360062153973658,0.995162036903449,-0.0350144748591641,-0.0917960067569119,0.0918657849641181,0.000385856079164665,0.995771323481457,-0.836137307633755,2.87652037934381,0.613307259947592,-0.14892243506856,-2.80925944448528,0.137536232422535
-0.0307707685076334,-0.999509375282352,0.00584538519960285,0.995309790428148,-0.0311770483258231,-0.0915773592956609,0.0917146710364646,0.00300006339456136,0.995780808580032,-0.836835827332755,2.86245576172257,0.614077158542327,-0.130591639746754,-2.81676515132646,0.170271992100626
-0.0267025017425729,-0.999609549226405,0.00822955017426399,0.995428822164916,-0.0273441879533612,-0.091508225797137,0.0916975267063209,0.00574843287810687,0.995770314437717,-0.837444656289903,2.84835191154647,0.615006733681948,-0.113079445922071,-2.82485163928367,0.201194672387674
-0.0226223225615801,-0.999686821989011,0.0106999281974859,0.995523498510751,-0.0235079322633584,-0.09154420262156,0.0917670661775547,0.00858108747262742,0.995743526468012,-0.83797021623575,2.83420677604358,0.616078520911406,-0.0974999192188052,-2.83323040168329,0.226431295408556
-0.0185240845176832,-0.999741505725213,0.0131825651170653,0.99560191722869,-0.0196552131088543,-0.0915996452405931,0.0918350733834231,0.0114277875343157,0.995708654661961,-0.838423101672775,2.82002000339954,0.617259398342709,-0.0839867860687649,-2.84141527874172,0.244757078702496
-0.0144255509179042,-0.999774602113153,0.015577177221897,0.9956749959964,-0.015792851920667,-0.0915526524781277,0.0917780247569313,0.0141891084180551,0.995678393545836,-0.838819280995132,2.80579868974489,0.618491226126068,-0.0754000609234344,-2.84645084651625,0.244462383940187
-0.0103968658555845,-0.99978855056518,0.0177414582027079,0.99575907611787,-0.0119736234335453,-0.0912167455610979,0.091409887371484,0.0167178497615305,0.995673011580651,-0.839186761608769,2.79156635274392,0.619657468437089,-0.0724292902082054,-2.84535752844834,0.217628647641427
-0.00650339570694369,-0.999786329217765,0.0196214615548095,0.995853455188772,-0.00825583007448588,-0.0905965620670295,0.0907391956811543,0.0189509149924002,0.995694361331874,-0.839547578846817,2.77734762846821,0.62063761285016,-0.0722210141167207,-2.84207064788187,0.172160011863684
-0.00270325470449894,-0.999768880778753,0.0213278559729328,0.995931058527506,-0.00461283420881969,-0.0900002690042827,0.0900778500758311,0.0209977805246531,0.99571334938262,-0.839910446919129,2.76313866848288,0.621372773782153,-0.073029876050663,-2.84209120383234,0.121453968392369
0.00109811982568749,-0.999735039147218,0.0229922951042255,0.995986494773792,-0.00096431773427822,-0.0894984486989706,0.0894969069916013,0.0229982954285468,0.995721538406355,-0.840277197278075,2.74892182152902,0.621850929059285,-0.0736034823341482,-2.84506792315788,0.0697222152357683
0.00495939558439787,-0.999681818706139,0.024731877078463,0.996017337950523,0.00273646531726699,-0.0891177550184072,0.0890217214919533,0.02507534857094,0.995713995079237,-0.840646219111796,2.73468566855758,0.622074535363527,-0.0739808816584192,-2.8495890195245,0.0201380511471794
0.00890159666325111,-0.999606231188707,0.0266109779142646,0.996027129283104,0.00650540933384317,-0.0888123717815091,0.0886042849353385,0.0272958278516667,0.995692833394411,-0.841014305868037,2.7204224481859,0.622058251771171,-0.0730041849331106,-2.85604281506666,-0.0261399765769995
0.0129335656857239,-0.999505072957243,0.0286763319026269,0.996032505048505,0.0103527920970111,-0.0883859071492507,0.0880452824713111,0.0297057036363829,0.995673440142909,-0.841373426416466,2.70612334011174,0.621817719539292,-0.0704024074540899,-2.86378157134105,-0.0697012700224372
0.0170648185567101,-0.999375401655196,0.0309450890149333,0.996051270387828,0.0142949085290448,-0.0876214719628678,0.0871243865196189,0.0323181397463069,0.995673078433337,-0.841715656537594,2.69178301008084,0.621363610832845,-0.0662710442837203,-2.8725122701797,-0.111781816218874
0.0212915687110692,-0.999213921506009,0.033439619770643,0.996096124583408,0.0183353503525468,-0.0863500174717148,0.0856690124358739,0.0351476029912812,0.995703503213798,-0.842034795750796,2.67739678081404,0.620700920509118,-0.0612928485825459,-2.88212145692077,-0.153259042487052
0.0253912423005267,-0.999041402078933,0.035658964463319,0.996082284728346,0.0222612911402068,-0.085583391888438,0.0847075372372197,0.0376923314340099,0.995692684158257,-0.842291279870378,2.66300422441183,0.619948432350387,-0.00560263352114551,-2.83466071206125,-0.0369029375433334
0.0283071046773434,-0.998985556583088,0.0350223580469006,0.995590964037219,0.0250417999446214,-0.0903965739559618,0.0894278488628013,0.037426808492215,0.995289854190155,-0.842284096364767,2.6488321495307,0.619709647465913,0.00946212542664623,-2.83476314684133,-0.0565583215683022
0.0311308750693171,-0.998926587346453,0.0343007537787249,0.995100663514577,0.0277532902076578,-0.0948916453408745,0.0938378286740873,0.037086762800488,0.994896494081024,-0.842193707693282,2.6346531580383,0.619389986915387,0.0269334896029638,-2.83716178717815,-0.0707565489139275
0.033880209680846,-0.998866175657835,0.0334439010684127,0.994613179616696,0.0304181461094622,-0.0990926804563751,0.0979630252939739,0.0366210255721392,0.994516036150899,-0.842013462827608,2.62045817407094,0.619004815308221,0.0452782307467407,-2.84106420522095,-0.0831221705203253
0.0365565398422413,-0.998806684210514,0.0323855982060199,0.994121041803417,0.0330417879163265,-0.103109623677819,0.10191650326837,0.0359645356940921,0.994142634903995,-0.841740431761497,2.6062406877724,0.618560971503716,0.0638366529062029,-2.85138374836297,-0.0918260774099132
0.0390836911069735,-0.998735897296275,0.0316081087896709,0.993813657324778,0.0355612698558626,-0.105213167431586,0.103956142695866,0.0355246891336647,0.993947240479973,-0.841426553554468,2.59206361998275,0.618298397774295,0.0625090721775319,-2.8198481780667,-0.0167323447915316
0.0415829469194883,-0.998646988995145,0.0312257889639658,0.993687981009629,0.0380770683003356,-0.105519350200139,0.10418759485898,0.0354164967293872,0.993926866945913,-0.841078412685919,2.57797756720604,0.618234816405657,0.0768280044480183,-2.81465266686936,-0.00891920598535976
0.0441324973620789,-0.998552657008547,0.0307394511622682,0.99358101329615,0.0406631554885277,-0.105561725085906,0.104158977980694,0.0352008375878642,0.993937527382446,-0.840657919762663,2.56391805817924,0.618208995418466,0.0914077974418369,-2.80908363894005,-0.00142432608780462
0.0467683836581625,-0.998450034227229,0.0301703072846124,0.993479363731513,0.0433491690438371,-0.105449530026634,0.103978229113752,0.0349052817615594,0.993966875290879,-0.840163456545341,2.54988373575406,0.618220784043478,0.106463311318984,-2.80496651781273,0.0061609023882022
0.0495121314736749,-0.998336367691565,0.0295473481271218,0.993368969070997,0.0461492193806105,-0.105301191053974,0.103762421539586,0.0345651051636198,0.994001314577234,-0.839592912750205,2.53586604389997,0.618271464048198,0.121786435296717,-2.80234305043254,0.014183140672502
0.052370762373387,-0.998209817920024,0.02888706728805,0.993238456637285,0.0490651680122604,-0.105213960788066,0.10360825983103,0.0342018814687549,0.99402995920585,-0.838945257828437,2.52185811020883,0.618363523198977,0.137305434899549,-2.80105359233381,0.0227122050484671
0.0553424457087817,-0.998068983094874,0.028204940824886,0.993082133576416,0.0520920526506801,-0.10523447164286,0.103562008836656,0.0338337558453617,0.994047376783981,-0.838219816628047,2.50785343058959,0.618500639613955,0.152875558936589,-2.80103145007079,0.0323201447776842
0.0584267668700257,-0.997912362376928,0.0275178111123298,0.992897662468174,0.0552273692188379,-0.105376323500126,0.103636599608212,0.0334791682164353,0.994051608578339,-0.837416950603931,2.49384512252842,0.618687872631528,0.168227923650209,-2.80256086230673,0.0426580293285203
0.0616237690070375,-0.997738143931943,0.026853439939975,0.992683745869275,0.0584682831053161,-0.105642986315524,0.103833962557117,0.0331670923350115,0.994041474087338,-0.836537822378924,2.47982450247255,0.618926658618338,0.183400800592494,-2.80601455509742,0.0527860779178795
0.0649245539413254,-0.997545396955496,0.0262294359150444,0.992439764134582,0.061804158200233,-0.106035657180294,0.104154293526557,0.0329154529372157,0.994016325870919,-0.835582773600332,2.4657820377545,0.619215152942405,0.198640627295935,-2.81125725339166,0.0625509138882806
0.068316266830492,-0.997333880288962,0.0256518793484771,0.992167471288528,0.0652222375203228,-0.106535292977356,0.104578184165119,0.0327290537688826,0.993977973818394,-0.83455185532807,2.45170903577852,0.619550855315585,0.213647568038288,-2.81822526872787,0.0715670360147263
0.0717866922819197,-0.997103439603201,0.025127704684009,0.991867667494298,0.0687099152953656,-0.107132990808271,0.1050961511695,0.0326140808788086,0.993927120435793,-0.833446655738588,2.43759736338849,0.619929221172361,0.228411470314418,-2.82667731202554,0.0796297243318185
0.0753172180488374,-0.996854759812248,0.0246557195200004,0.99154353620134,0.0722495910140823,-0.107802654956363,0.10568222406217,0.0325666153900415,0.993866531823721,-0.832267352377624,2.42344064951063,0.620347317736484,0.243351495409655,-2.83616752243176,0.0876294691468045
0.0788897365954801,-0.996588859029361,0.0242292285979621,0.991199703906612,0.0758251003361399,-0.108506687049507,0.106299371754216,0.0325760681723695,0.993800404179375,-0.83101294569619,2.40923468826283,0.620805134346875,0.258426541876711,-2.8463189717915,0.0954443216739098
0.0824926334103028,-0.996306561653964,0.0238369595017667,0.990841342265182,0.079427468264374,-0.109200328494216,0.10690369446921,0.0326268676150094,0.993733911879064,-0.829682331220805,2.39497661014371,0.621301789027681,0.273891331690388,-2.85700487780562,0.103210634352915
0.0861136038396956,-0.996009130594173,0.0234576001922821,0.990472843250296,0.0830478466702732,-0.109848085768968,0.107461593220163,0.0326935304987361,0.993671544850769,-0.828273558749856,2.38066395639479,0.621838111221709,0.289657201674892,-2.86813528773729,0.111382896083737
0.0897479201718969,-0.995697034547062,0.0230808626140002,0.990099179420747,0.0866840748487255,-0.110406005624618,0.107930189174213,0.0327610525137409,0.993618532286416,-0.826785435349395,2.36629426441643,0.62241581107203,0.305617636295198,-2.87985116393981,0.119691765260211
0.0933929118633604,-0.995370509025551,0.0227005236921673,0.989725189656986,0.0903356017303103,-0.110831078757111,0.108267321810992,0.0328181172866273,0.993579970714807,-0.825216814444438,2.35186433655313,0.623034862716125,0.32188099917312,-2.89223964630461,0.127891060965507
0.0970435076908585,-0.995030282622802,0.0223000959334673,0.989354058978521,0.0940000693006834,-0.111096952947374,0.1084486219266,0.0328439284351657,0.993559345367536,-0.823566212180011,2.33737089799023,0.623695253979096,0.338393109276609,-2.90524163973295,0.136299078273645
0.100697503617012,-0.994676804875845,0.0218647343291174,0.988987864080921,0.0976775351520537,-0.111184998211436,0.108457445415055,0.0328200086624041,0.993559172654271,-0.821832752246555,2.32281038951056,0.624399411118556,0.354999529342798,-2.91912390529027,0.145490570607661
0.104360765373123,-0.994309542579896,0.0213860745648729,0.988628756209956,0.101375612292679,-0.111068301630299,0.108268245785598,0.0327340612641146,0.993582642857486,-0.82001614472864,2.30817810265247,0.625151961955325,0.371647696922581,-2.93395078993117,0.155681365663041
0.108033681961512,-0.993928584797144,0.0208492658140637,0.988276354394611,0.105096248289306,-0.110745771657479,0.107882208479141,0.0325691098843534,0.993630052974951,-0.818116125167522,2.29346961722591,0.62595613321346,0.388370824820554,-2.94956941705572,0.16595471023492
0.111710907653072,-0.993534759124298,0.0202325362510441,0.987930105845848,0.108836158707055,-0.110221579199826,0.107306938614134,0.0323012843353916,0.993701085817836,-0.816132340811181,2.27868113539614,0.626810860933824,0.405165621821187,-2.96585706490233,0.175969833596235
0.115376962434978,-0.993130249462948,0.0195054900204882,0.987591060949249,0.112582935472907,-0.109494196071935,0.106546012935322,0.0318965553307086,0.993796033844783,-0.814064253747225,2.26381085260172,0.627714011950721,0.4220771892911,-2.98228804018436,0.18507402012807
0.119008506997514,-0.992718289115759,0.018637964408778,0.987260609750283,0.116315895642082,-0.108568415556645,0.105609960220249,0.0313210931491963,0.993914244503125,-0.811912299487429,2.24885853101791,0.628658314679879,0.438620982596498,-2.99861331616214,0.192302173297016
0.1225868966324,-0.992301703734882,0.0176006118896145,0.98693321588011,0.120016728940347,-0.107511916395366,0.104571889944584,0.0305501806755849,0.994047989935148,-0.80967996560119,2.2338265526819,0.629630715767213,0.454116648371073,-3.01399603171708,0.195999059941309
0.126088120935081,-0.991884382193327,0.0163449723163472,0.986595188163821,0.123661116898153,-0.106479401104137,0.103594017448184,0.0295516586414926,0.994180556549203,-0.807373198721299,2.21872141633117,0.630609036889075,0.468381275533974,-3.02777634296893,0.194387388542567
0.129481307317917,-0.991471350826913,0.0148037679224018,0.986236549995016,0.127220875101143,-0.105604528276146,0.102820515993507,0.0282738293826037,0.994298009684658,-0.804998823184485,2.2035548284568,0.63155732108814,0.481090903295103,-3.03824348469879,0.183191521123252
0.13273982145224,-0.991066973327861,0.012899386790878,0.985853998792142,0.130675541753253,-0.104956161577283,0.102332951029325,0.0266487741978346,0.994393186806599,-0.802567724974494,2.18835018673962,0.632413326656894,0.490790517898093,-3.04247398877021,0.15647644142376
0.135859583235852,-0.990670659913223,0.0106685158330447,0.985459728509611,0.134020249593896,-0.104439916624599,0.102035763969033,0.0247025562622378,0.994473974815514,-0.800103762287348,2.17314836469058,0.633091365865005,0.493614031511013,-3.03664130275237,0.112254308197701
0.138839905184633,-0.990280488040563,0.00824837768699711,0.985066095196098,0.137242855787597,-0.103967238255025,0.101824696530037,0.0225599987014687,0.994546518587822,-0.797636442236199,2.15798213489876,0.633529149064502,0.492941485587421,-3.03006574806264,0.0623943803076363
0.141731775825693,-0.98988851717211,0.00572951063332151,0.984654784968437,0.140382358988949,-0.103671344755721,0.101818751514922,0.0203351138550936,0.994595106052932,-0.795178290521138,2.14284021504793,0.633711885285406,0.48998644001292,-3.02739415472173,0.0104293740179779
0.144607268666077,-0.98948388820914,0.00322068679937137,0.984202615302424,0.143497908827471,-0.103699383768715,0.102146707635662,0.0181654930201605,0.994603471229881,-0.792738904948927,2.12770268683352,0.633634291195675,0.485577983306249,-3.02809722261306,-0.0413792687526297
0.147499542067081,-0.989061796899503,0.00080436554379193,0.983693735519369,0.146614283514619,-0.104167588862581,0.102910251141226,0.0161559210019584,0.994559433330471,-0.790322111518763,2.11255645494718,0.633301968199043,0.481171588600818,-3.03081790107136,-0.0910333125560822
0.150413412309643,-0.988622095872832,-0.00146865563670331,0.983121527536558,0.149732706856161,-0.105129342201462,0.104153096408864,0.0143689961214091,0.994457472423486,-0.787925816918004,2.09739367678613,0.632727830269888,0.477482821358428,-3.0343352630185,-0.13832424447685
0.153345377640969,-0.988166124818347,-0.00359234152610085,0.982496390506607,0.152852613270075,-0.106474979492825,0.105764066665561,0.0127979833567807,0.994308892560236,-0.785544124723803,2.08221351761507,0.631920882062425,0.475486028275154,-3.03769098351712,-0.18428490671645
0.156293483511888,-0.98769491253549,-0.00557734374330329,0.981839813337873,0.155976769515097,-0.107989945440701,0.107531055776321,0.0114020666173399,0.994136341213057,-0.783168121080234,2.06701631337813,0.63088587090265,0.475165386815882,-3.04124080613319,-0.229662499242892
0.159262734834692,-0.987208350307592,-0.00741986360645049,0.981170080359589,0.15911155508792,-0.109493316894969,0.109273302778551,0.0101580569238162,0.99395983781006,-0.780790969480504,2.05179993732422,0.629624562595314,0.475821012882128,-3.04541668325071,-0.27485180464366
0.162249427108806,-0.986707678720244,-0.00911483172486332,0.98049942469814,0.162252860716058,-0.110882313089478,0.110887337281954,0.00905350451281815,0.993791745028381,-0.778409034550128,2.03656226834673,0.628136499171717,0.477025775046171,-3.04962457433208,-0.320468212760215
0.165300480002126,-0.986177865327832,-0.0113564628519397,0.979951358452262,0.165533641013331,-0.110878080613053,0.111225385495542,0.00719941874808116,0.993769129119564,-0.776032866390918,2.02133012555778,0.626558701368316,0.472500369424608,-3.04087006211148,-0.303292038725461
0.168453307806838,-0.985604243649929,-0.0144138124098555,0.979555396335712,0.169015146143773,-0.109110521415604,0.109975945545016,0.00426090052114273,0.99392511595604,-0.773673979753039,2.00612826253328,0.62494535804822,0.470948111534211,-3.04022624350738,-0.342020746740712
0.171640068383044,-0.9850047211414,-0.0174753041351641,0.979165895203686,0.172522704293312,-0.107098394821242,0.108507311253336,0.00127115399336755,0.994094838318808,-0.77132501250696,1.9909277261331,0.623138771454944,0.468495125583642,-3.03998627600408,-0.380590699496809
0.175187959506675,-0.984351799298623,-0.0189924738107561,0.978333651183404,0.176213860398279,-0.108682760204581,0.110328807688826,0.000458934745511643,0.993895036496743,-0.768882219080867,1.97589658593822,0.621596720970095,0.49550031210472,-2.99035685122561,-0.291616303807744
0.178872531709271,-0.983672469107278,-0.0198265206303926,0.977321345117933,0.179967026628441,-0.111601333788592,0.113347279529729,0.000585531305393082,0.993555258340622,-0.766396095982708,1.96098000893477,0.620104735190014,0.499653666722865,-2.97605091295952,-0.302951541856239
0.182630157143045,-0.982969638172692,-0.0204185242501834,0.976297474758846,0.183765593050207,-0.114339177845599,0.116144162493896,0.000947228353791946,0.993231914648859,-0.763881924985878,1.94613947658137,0.618577077321051,0.506335182640701,-2.95987228622485,-0.307293087483094
0.186468372576662,-0.982240810746329,-0.0207974934308706,0.975284084522032,0.187618773135239,-0.11670540024031,0.118534807152305,0.00147840171263901,0.992948797180269,-0.761329637464697,1.93138285431823,0.617042365329428,0.514860769877421,-2.94267666364892,-0.305613158824141
0.190387358911972,-0.981484628679424,-0.0209899316944382,0.974302101327829,0.191529206583938,-0.118541040882493,0.120366394457513,0.00211818113967521,0.992727275939348,-0.758731216370758,1.91671256534042,0.615528221339892,0.524693295670798,-2.92549076928786,-0.299395141630589
0.194376502016716,-0.980701866394672,-0.0210148688730787,0.973362145247874,0.195488724553662,-0.119792707502747,0.121589101741076,0.00282980960309293,0.992576486984962,-0.75608212128871,1.90212619962252,0.614051429043802,0.534989359930519,-2.9092495006005,-0.291068408465692
0.198413936977231,-0.979895657748777,-0.0208904173794338,0.972464828560212,0.199478278140544,-0.120501343409279,0.122245927648133,0.00359394980143795,0.992493333326865,-0.753381311717017,1.88761788387285,0.612619421031317,0.545332825969945,-2.89430293571781,-0.281567950382767
0.20247791011073,-0.979069513659544,-0.0206296713414458,0.971606574594807,0.203478514939828,-0.120735902539507,0.122406536268855,0.00440242891445335,0.992470280914404,-0.750628781157588,1.87318183499954,0.611237613148677,0.555682704529595,-2.88025591508989,-0.270984402457023
0.20654763152035,-0.978227255747239,-0.0202364034986264,0.970779856400297,0.207469841807867,-0.120593263276341,0.12216606042904,0.00526316002458333,0.992495719298478,-0.747824470900871,1.85881401512471,0.609911161875098,0.566046634673438,-2.86701247681564,-0.259454338471268
0.210604660372164,-0.97737259901933,-0.0197098887801479,0.969974348860779,0.211434231740383,-0.120188719106503,0.121636505957846,0.00619421783234811,0.992555384894875,-0.744968725533876,1.84451148667041,0.608644889818561,0.576218826835638,-2.85403046563637,-0.246889145364481
0.214628872021337,-0.976509752179544,-0.0190565262599084,0.969178491195458,0.215352501647089,-0.119650960039765,0.12094419993925,0.00721137522160012,0.992633112770508,-0.742062423150089,1.83027329989789,0.607444533295276,0.586298574315781,-2.84130254508786,-0.233043477115675
0.218604260555959,-0.975642106598303,-0.0182936354836272,0.968384977307448,0.219210779843713,-0.119067920640131,0.12017783902216,0.00831347296478837,0.992717569692019,-0.739105464455226,1.81609905510942,0.606318335738237,0.596520491415291,-2.82835549178933,-0.217067629256243
0.222519770774776,-0.974771997222801,-0.0174500729113899,0.967590744640391,0.22300150927067,-0.118484082261107,0.119386358100894,0.00948052178284055,0.99280260737275,-0.736096953557761,1.80198926914855,0.605277373263219,0.606916380114215,-2.81563082209519,-0.198996606957025
0.226373900333314,-0.973899911827405,-0.0165474768607086,0.966795483294243,0.226725879731694,-0.11790618703758,0.118580566408389,0.0106928575442772,0.992886857636762,-0.733035099853522,1.78794191240417,0.604331996024998,0.617946882220019,-2.80341383559302,-0.178826851779663
0.230172329500245,-0.973024907857856,-0.0155957500826801,0.966001430691255,0.230391127573932,-0.117307988805793,0.117736717445657,0.0119355361598459,0.992973115618796,-0.729916571959378,1.7739540602413,0.603491362778797,0.629552619147365,-2.79184916093698,-0.157236354321375
0.233923325018695,-0.972145443944351,-0.0145984187650114,0.965208882551036,0.234006271344578,-0.116674238870405,0.116840451286266,0.0132023024374017,0.993062942694759,-0.72673816449386,1.76002256742279,0.602761837422291,0.64194975873282,-2.7808479494689,-0.134384038866363
0.237640286339281,-0.971258771960396,-0.0135459292249856,0.964417894800158,0.237584092988882,-0.115982425168132,0.115867245146399,0.0144981601810066,0.993158892047768,-0.723495217893439,1.74614509812108,0.602149553044762,0.655408111919517,-2.77020529741931,-0.110357895239691
0.241335646927029,-0.970362162719355,-0.0124249219284453,0.96362809501773,0.241136087650419,-0.115214069128512,0.114795470358428,0.0158322580595732,0.993262976049104,-0.720182087866682,1.73232009986666,0.601661156588516,0.670036219689623,-2.75985650891036,-0.0847408855059647
0.245023113818295,-0.969452297339035,-0.0112212690393934,0.962836942397817,0.244674875343197,-0.114364451337879,0.113616442686831,0.0172176816052152,0.993375485600149,-0.716793149911854,1.7185456618531,0.601303909640383,0.685701426605913,-2.75002552588553,-0.0580173885621306
0.248711436412767,-0.968526795570449,-0.00992308719783064,0.962039619815586,0.248208003558918,-0.113457290970559,0.112349416120334,0.018671722773591,0.993493319286087,-0.713323432976833,1.70481875353643,0.601083324263018,0.702344945175324,-2.74086396569013,-0.0300087358809855
0.252406583377958,-0.967583727197507,-0.00852335204281303,0.96122959316635,0.251740349574877,-0.112536507930415,0.11103416541191,0.0202120572554757,0.993611033983008,-0.709768228614034,1.6911350888167,0.601005548329025,0.719879321401944,-2.73280833755449,-0.000956403076979192
0.25611329981147,-0.966621297829089,-0.00701742423445919,0.960401007859968,0.255275690900414,-0.111643296873903,0.109708166337963,0.0218537918568512,0.993723568212125,-0.706123081786476,1.67748793282158,0.60107632605593,0.738382087376812,-2.72625956904491,0.0297939874816942
0.259829618402406,-0.965639352559827,-0.00540464510391483,0.959549512402598,0.258811258412141,-0.11082177478754,0.108412649855986,0.0236087548795533,0.993825600417015,-0.702383666437477,1.66386924538231,0.601304076207352,0.757797460150479,-2.72167932444156,0.0622341134742319
0.263557906952701,-0.96463660939238,-0.00366626549572735,0.958667033554913,0.262345532150739,-0.110146904339468,0.107213564709574,0.0255153596980158,0.993908556136704,-0.69854442472558,1.65026750837756,0.601699679490321,0.778093302310933,-2.71939057509381,0.0964169865976509
0.267289717481158,-0.963614519170924,-0.00180703398767245,0.957754956823977,0.265869962297694,-0.109629402200893,0.106120919746982,0.0275721161830621,0.993970889312782,-0.694602031909702,1.63667318314326,0.602268179668566,0.799292223951849,-2.71871765000218,0.131877977308179
0.27103151331215,-0.962570456767277,0.000185877816522216,0.956806375215515,0.26938740627297,-0.109325137495768,0.105183074392571,0.0298084065383966,0.994006026018439,-0.69055241544779,1.62307815475734,0.603015334016798,0.820519931446276,-2.71954508416133,0.166783677023455
0.274772581082278,-0.961506551195445,0.00227611371073737,0.955827507713567,0.272891166622762,-0.109197924327061,0.104373388291524,0.0321801676115806,0.9940174206869,-0.686398506777807,1.60947630598172,0.603930041008052,0.841298835708725,-2.72151669293836,0.199539316368706
0.278516476907528,-0.960421238416635,0.00442909576285298,0.95481973509021,0.276388399133357,-0.109218708593183,0.103671816677827,0.0346481979727398,0.994007875624716,-0.682142902406126,1.59586167772001,0.605000195113393,0.861045171927045,-2.72470182027528,0.228557984560582
0.282269827539615,-0.95931246932342,0.00658260293191649,0.95379014448153,0.279895040421232,-0.10928461299515,0.102995654037726,0.0371261706643718,0.993988703507812,-0.677792421438443,1.58222916063091,0.606201199206527,0.877964717229313,-2.7277466555054,0.248684852509491
0.286035179230095,-0.958179710994487,0.00869009098503528,0.952744030052242,0.283421039974089,-0.109322126304874,0.102287288763659,0.0395494062980329,0.993968387333749,-0.67335707338238,1.56857728056741,0.607493868061597,0.894615914847213,-2.73218485841626,0.263994939588218
0.289780582558939,-0.957033658538632,0.0106672581277549,0.951700323173882,0.286948412652704,-0.109211278478106,0.101457916608467,0.0417993409069556,0.993961320302362,-0.668860720674235,1.55491425896351,0.608798072970644,0.903280658054702,-2.73299564672808,0.255157236268309
0.293436090587565,-0.955898056316767,0.0124163871764045,0.950684997533286,0.290421639886514,-0.108872891716737,0.100465398052377,0.043751308728495,0.993978131941906,-0.664339350918482,1.54125838054351,0.609991585613676,0.904071463071929,-2.7285333561325,0.217817480276272
0.296960120780139,-0.954787958551989,0.0139513752143159,0.949701562083237,0.293794101980214,-0.108406497122172,0.099406386328572,0.0454420493129972,0.994008747703626,-0.659821015864589,1.52762315737548,0.610965622230434,0.903254944056059,-2.72620427151823,0.171108882617023
0.300436502850969,-0.953677688398383,0.0153874756148549,0.948718077158208,0.297132851653088,-0.107916998391067,0.0983459090553009,0.0470205818724299,0.994040817598787,-0.655305035648932,1.51398895920631,0.611695197230043,0.903299510748647,-2.72809190594533,0.120094270185282
0.303954364930402,-0.952537141223538,0.0168742001127933,0.94770557874828,0.300508886469186,-0.107464157570974,0.097292754350698,0.0486559733510752,0.994065750445168,-0.650786200865001,1.50033984184852,0.612169296824395,0.904394245614304,-2.73174207677342,0.0698280908448074
0.307546526465075,-0.95135329940635,0.0184941549663182,0.946654049378706,0.303946062070386,-0.107064943594079,0.0962353617656499,0.0504350181972406,0.994080008895299,-0.646259180469439,1.48666923273965,0.612399410924025,0.906589657372353,-2.73671905191585,0.0227361730484859
0.311231937297821,-0.950117384016434,0.0202888589037071,0.945565555771713,0.307463713506134,-0.106638851340166,0.0950813385685005,0.0523738624390719,0.994090799469161,-0.641717360510447,1.4729710147915,0.612400281692381,0.910405925183258,-2.74272732799687,-0.0221064553328841
0.315019287722966,-0.948823683443954,0.022281519211291,0.944452002988263,0.311078077353616,-0.106022845846715,0.0936656949687249,0.0544430668297192,0.994114022665509,-0.637152109006856,1.45924092044547,0.612182421385357,0.915954770466447,-2.74942463095329,-0.0647107437556289
0.318903128281326,-0.947471121400241,0.024479969055398,0.943328929421444,0.314794833895637,-0.105046387225889,0.0918222505113927,0.0565922845022863,0.994165975904343,-0.63255575719479,1.44547556150764,0.611754583323976,0.922751084078989,-2.75684677482243,-0.106357912694295
0.32286935064499,-0.946061084920087,0.0269036431345367,0.942204960039995,0.3186062667769,-0.103633296032301,0.0894717591763705,0.0588087609996554,0.994251645178207,-0.627924285883017,1.43167172354866,0.611118771052979,0.929840675686122,-2.76476423061661,-0.148028625505516
0.326835468086483,-0.944624117282809,0.029391390718431,0.941070608752861,0.322429004740304,-0.102106053903267,0.0869752041803273,0.0610312538774249,0.994339227782923,-0.623250873675335,1.41784235240249,0.6103083693878,0.965323140345029,-2.70914952557942,-0.0465955301844288
0.329642974198009,-0.943661613639155,0.028952866970933,0.939714406310082,0.325001033855141,-0.106353949463001,0.0909524278685295,0.0622662584152536,0.99390672043597,-0.618397152970232,1.40430272489694,0.610010414470683,0.977467319905583,-2.70563687449651,-0.0690856788286124
0.332366336266723,-0.942723948974182,0.0283579714923296,0.938378639507117,0.327514574428774,-0.11036182516392,0.0947530866695557,0.0632910702015947,0.993486835846016,-0.613472979801774,1.39078586343901,0.609622996332486,0.992449870296513,-2.70117994876614,-0.085574780886981
0.335000363844497,-0.941815986141383,0.0275209824059353,0.937065401169547,0.329975739736109,-0.114124691090766,0.0984032019550679,0.0640207734578453,0.993085167752922,-0.608468901533435,1.3772859523302,0.609161439207801,1.00994540420145,-2.70060892534487,-0.0980608167922714
0.337506513812584,-0.940942339913741,0.0267743551132622,0.935903625508327,0.332379819785735,-0.116653586141075,0.100865042975486,0.0644295612033595,0.992811701557096,-0.603423733530101,1.36383508447675,0.608781497124532,0.998886739155583,-2.6699064522495,-0.0278503341248305
0.33993438065311,-0.940071243719396,0.0266584617308508,0.93502621345488,0.334798644348648,-0.116772633328777,0.100849377797863,0.0646213933165796,0.992800825202925,-0.598401383407975,1.3505135308082,0.608663309325153,1.01027209551621,-2.65869608661228,-0.0191159485749652
0.34237537524232,-0.939191454848739,0.0264294072349542,0.934174540797297,0.337268656306938,-0.116480817300841,0.100483977597625,0.0645698428991655,0.992841228814627,-0.593320118160503,1.33724749057786,0.608589925899088,1.02233615423506,-2.64781559808398,-0.010299224769546
0.344867290558483,-0.938287972274744,0.0261195901078386,0.933315386722901,0.339811092033984,-0.115977629898849,0.0999446887489974,0.0643747063311517,0.992908332312528,-0.588176872524874,1.32403396498016,0.608561068022055,1.03508213613111,-2.63775999210847,-0.00117165510643487
0.34743670511212,-0.937349295957998,0.0257688437435619,0.932424269049967,0.342438258042578,-0.115416731522776,0.099361554071331,0.0641275042069371,0.992982852206784,-0.582968511958587,1.31086768533258,0.608579489075326,1.04834099302249,-2.62898021018912,0.00865304807294067
0.350094241386061,-0.936370035418665,0.0254003724060541,0.93148512766538,0.345150481765523,-0.114919980313422,0.0988406752634182,0.0638928924613302,0.993049958061726,-0.577692205628672,1.29774232788753,0.608648414470384,1.06230483408179,-2.6213510598752,0.0189750345769054
0.352841462243776,-0.935348336514636,0.0250278225376969,0.930490819205236,0.347943943013,-0.114550634635235,0.0984364662939672,0.0637063725216737,0.99310208951733,-0.572344860431993,1.2846521998725,0.608771606099693,1.07669421613455,-2.61490464964501,0.030516686139203
0.355676002495773,-0.934284016143677,0.024656812994965,0.929439148729359,0.350814187163864,-0.114334049581923,0.0981705152164896,0.0635828849848712,0.993136328345273,-0.566924318541452,1.27159162809886,0.608955412375445,1.09162019735642,-2.60949369563518,0.0431562349367494
0.358589066411093,-0.933179782256829,0.0242770557835588,0.928332702519876,0.353753833929558,-0.114265560919648,0.0980422096984955,0.0635115656178932,0.993153566247537,-0.561427749825034,1.25855493509641,0.609203385872419,1.10709937453998,-2.60541944669453,0.0560361514412295
0.361572193716471,-0.932037969115775,0.0238908530111599,0.927173574205705,0.356754010335039,-0.11434919940465,0.0980546379610688,0.0634964584556419,0.993153305254488,-0.555852907756749,1.24553425259292,0.609513950706226,1.12288095000643,-2.6031647714651,0.0679990374087662
0.364623268710425,-0.930858191018724,0.0235138284478465,0.925962567786463,0.359811217009611,-0.114582769962863,0.0981997707391703,0.0635524690898121,0.99313538286548,-0.550198481221777,1.2325202309825,0.609881743809074,1.13894082493934,-2.60273787443984,0.0789603741134935
0.367737189734116,-0.92964122699797,0.0231635133812591,0.924703234501822,0.362919742310414,-0.114948635238579,0.0984544939976044,0.0636902638324835,0.993101335667526,-0.544463621764286,1.21950435130111,0.610301046851297,1.15499579523451,-2.6038544638865,0.0885182101512782
0.370909320232623,-0.928387775465166,0.0228563892908429,0.923400451890084,0.366075351862303,-0.115414220129414,0.0987819903310465,0.0639138101331193,0.993054451306929,-0.538648787640835,1.2064794262404,0.610764015202683,1.17091942052561,-2.60633148676526,0.096389238756428
0.374135615244742,-0.927098541838506,0.0226016620263868,0.922058078294835,0.369274700217615,-0.115952990605788,0.0991536265432258,0.0642221885340838,0.992997517037792,-0.532754586536177,1.19343972041567,0.611263082017287,1.18675069126322,-2.60967751887772,0.103055829397204
0.377411122949717,-0.925774858411429,0.0223999064090079,0.920680970022096,0.372514961743161,-0.116529630209074,0.0995359016285395,0.0646027461551713,0.99293458469136,-0.526780704649322,1.1803817857475,0.611794019169434,1.20286405860616,-2.61358724344672,0.109264612777659
0.380726994154372,-0.924419987972934,0.022240543120565,0.919275408163115,0.375790703500122,-0.117107092481288,0.099898347677596,0.0650310156694858,0.992870226732719,-0.520724835987799,1.16730319154788,0.612356743531364,1.21959351502179,-2.61792659868,0.115911470293463
0.384076995519626,-0.923036264382434,0.0221114483365442,0.917847427394229,0.379099803155893,-0.117641146173266,0.100204598389564,0.0654781939433707,0.992809974053193,-0.514584065269358,1.15420199480738,0.612954694964713,1.23678125327397,-2.62261745732387,0.123399115101469
0.387458374543898,-0.921624546456235,0.0220046214495793,0.916402025247022,0.382443364440247,-0.118086413777291,0.100415816079728,0.0659186495990559,0.992759485230979,-0.508355908279905,1.1410763067704,0.613591867814742,1.25459045706902,-2.62774320075629,0.131555834185025
0.390865162629166,-0.920187186495563,0.0219081366677858,0.914944704417157,0.385819311526618,-0.118404589067014,0.100501803475743,0.0663249625895561,0.992723721301963,-0.502037106901156,1.12792362863461,0.614270735213491,1.27302975414057,-2.63343351858495,0.140015650022781
0.394289906268844,-0.918727361200442,0.0218060908046003,0.913480201744013,0.389223715665531,-0.118569895779814,0.100445959780493,0.0666703453207639,0.992706237624498,-0.495624719314249,1.11474120227109,0.614992412779309,1.29200894725174,-2.63962498205258,0.14867142846123
0.397723120218596,-0.917249358476308,0.0216779615828034,0.912011924735177,0.39264974636937,-0.118576666409996,0.100252525077535,0.0669312412171709,0.99270823516515,-0.489116505436985,1.1015264724966,0.615757204949155,1.3113228223651,-2.64636801482219,0.157202693134156
0.401160929523013,-0.915754985203755,0.0215108274760004,0.910541532644672,0.396095525516926,-0.118416434647237,0.0999200978448514,0.0670905488123391,0.992730996950702,-0.482511114836853,1.08827624664603,0.616566248250127,1.33087095155587,-2.65385924136084,0.16657726122315
0.404602712465681,-0.914244716779226,0.0212895022648986,0.909070458369815,0.399563450349253,-0.118067569062354,0.0994361442570425,0.0671241162792742,0.992777319558127,-0.475806653080575,1.07498661110695,0.617424260506837,1.3510248128918,-2.6621259538228,0.176730384763063
0.408035873823593,-0.912724737210473,0.0209828443517662,0.907602567251434,0.403044095885506,-0.117528875985609,0.0988145009177435,0.0670000810141929,0.992847764540198,-0.46899999495451,1.06165408243207,0.61833384993405,1.37171500454081,-2.67097851906729,0.187115024735923
0.411442512774387,-0.911203762156291,0.02056118951131,0.906144023747545,0.406522233108141,-0.116801893029945,0.0980717436803648,0.0666886633618598,0.992942372582871,-0.462088675973858,1.04827571554787,0.619294836578956,1.39288444714106,-2.68048102456556,0.197202152006594
0.414806890585333,-0.909689723906468,0.0199962431947459,0.904697951492458,0.409982786187506,-0.115912603263324,0.0972463885616286,0.0661719067951425,0.993058114443871,-0.455072332944857,1.03484916921848,0.620303461529995,1.41352596715433,-2.69014674665676,0.205975221748962
0.418114636230591,-0.908190137509046,0.0192568195988042,0.903263339712148,0.413409604796475,-0.114925357489451,0.0964131220416418,0.0654459532234225,0.993187463223767,-0.447955020426873,1.02137484411579,0.62134897532192,1.43323698980082,-2.69952604892399,0.211644220308632
0.421349432535027,-0.90671375151755,0.0182983199059698,0.901834852327865,0.416782444692787,-0.113957417146414,0.0957003387098945,0.0645179556780471,0.993317108765341,-0.440743404806823,1.0078562013619,0.622407191190608,1.45105722106743,-2.70769642931612,0.210355335509464
0.424489525592787,-0.905272153410658,0.017057869774437,0.90040640853882,0.420075727663782,-0.113157776975192,0.095272987379604,0.0633933063262572,0.993430594751738,-0.433448370817947,0.994301254482195,0.623439616528393,1.46656105302584,-2.71394470260444,0.201344264112647
0.427522309636959,-0.903872312769675,0.0154763358414852,0.898975553270538,0.423278247698477,-0.11259875508742,0.0952241008600755,0.0620513274129199,0.993520006533177,-0.42609003112255,0.980728718277273,0.624384624247474,1.47551753016519,-2.71386858947551,0.17310592566407
0.430451451469209,-0.902511502065492,0.0135844237103116,0.897550697401131,0.426396601831697,-0.112199302765766,0.0954688091619133,0.0604890617043396,0.993592864251417,-0.418707354451007,0.967171669773094,0.625147529663084,1.47636650587547,-2.70827227679587,0.130319047089865
0.433288510051352,-0.901181676727776,0.0115174905076345,0.896141132588863,0.429435175992094,-0.111877165243807,0.0958756357988315,0.0587963872253512,0.993655296020414,-0.411331828622603,0.953643456859351,0.625676674568469,1.47339820840569,-2.70323062822943,0.0804386696847408
0.436066855671504,-0.899865399201624,0.00937873682692975,0.89472741965464,0.432412609679079,-0.111723674790431,0.0964807851487372,0.0571104045707076,0.993695053719628,-0.403974169825336,0.940134383291143,0.625949930091065,1.46962378928949,-2.70084671118581,0.02874349395265
0.438826692396092,-0.898542500104407,0.00724634713685648,0.893284921199914,0.435357147878814,-0.111831137648187,0.0973302809898808,0.0555475408721802,0.993700803615195,-0.39663545227325,0.926628502043472,0.625965403039654,1.4658894291235,-2.70209406127376,-0.0224410260947285
0.441589997527793,-0.89720186213336,0.00520506175130955,0.891793754197071,0.438276539813113,-0.112327977924196,0.0984996145093864,0.0542447530538758,0.993657553037074,-0.389313886115052,0.913110499504336,0.62572970118684,1.46287620918454,-2.70535837077974,-0.0714757491433975
0.444354531870479,-0.895844959775307,0.00329515573929958,0.890252963866427,0.44116427148968,-0.113241979354047,0.0999935514581295,0.0532531088872671,0.993561973940545,-0.38200463730959,0.899574744954761,0.625255087132541,1.4610164251609,-2.70895396306059,-0.117995910324279
0.447117252188622,-0.894474063744501,0.00152055374624752,0.888671735521282,0.444022247432652,-0.114484891013837,0.101728606010743,0.0525394430238521,0.993423825789303,-0.374701051721964,0.886021311945743,0.624551815278088,1.46066147230081,-2.71239067492305,-0.163158182651876
0.449877545159428,-0.893090242273296,-0.000116265013159104,0.887064953068149,0.446857507084863,-0.11590572634734,0.10356622711835,0.0520402490206205,0.993260212171182,-0.367395595771322,0.872449898553932,0.6236246486201,1.46173711093314,-2.71626808839269,-0.207630420853764
0.452636406747422,-0.891693736384525,-0.00160118062352058,0.885446518357,0.449675988916661,-0.117371070205954,0.105379060615713,0.0517086596657652,0.993086838146252,-0.360081840297881,0.858857860254938,0.622475586026691,1.46392466524498,-2.72061376591192,-0.252015263338633
0.455455934922689,-0.890250109545083,-0.00382541483602407,0.883916654408915,0.452719333768492,-0.117203041303387,0.10607185961531,0.0499994728690322,0.993100605835365,-0.352783129321789,0.845274959381335,0.621287034292522,1.45555134073614,-2.71226087317598,-0.228177997328827
0.458354784130626,-0.888743530591075,-0.00676968958510109,0.88245751406106,0.455992629308513,-0.115496570916553,0.105733758761053,0.0469644423880509,0.99328480981511,-0.345509052542086,0.831712888070357,0.620055956766071,1.45408950348643,-2.712937719505,-0.264188089035462
0.461279790080865,-0.887201456436673,-0.00972270330715986,0.880995666596241,0.45929755232923,-0.11354467782782,0.105202617370477,0.0438102056720075,0.993485317041665,-0.338243901799733,0.818144459308124,0.61864533131786,1.45181698952377,-2.71452247976794,-0.300050519121387
0.46421989772762,-0.885628777383835,-0.0127104375759696,0.879527370228219,0.462620760328203,-0.111416502964283,0.10455377359614,0.0405425798756062,0.993692511617069,-0.330992192061897,0.804568361856475,0.617054746437941,1.44875718441227,-2.71584812963045,-0.336253644923251
0.467416062100967,-0.883918993262582,-0.0144719811942772,0.877659045409165,0.465944375727182,-0.112296209818855,0.106003890973389,0.0397875869822442,0.993569385106361,-0.323715084522905,0.791152513917576,0.615658291408812,1.45796237121015,-2.66198571485118,-0.252466644037277
0.470754216682508,-0.882129280825282,-0.0154401873793183,0.875549093674582,0.469254686234474,-0.114951398480413,0.108647374755471,0.0405952134820779,0.993251114573293,-0.316429843546238,0.777878473030076,0.61436494738775,1.45673380797243,-2.64698883054387,-0.262757554349132
0.474146118660204,-0.880296831295648,-0.0162156396822845,0.873412325277598,0.472601796077055,-0.117466814028137,0.11106920460975,0.0415334943820535,0.99294440963821,-0.309144773208348,0.764689409586917,0.613044746573739,1.45755531387088,-2.62804639235153,-0.264090653599028
0.477603672697954,-0.878414219087541,-0.0168282955242431,0.871265685622853,0.47600878886787,-0.119631676309762,0.113096582094979,0.0424746115387616,0.992675712653969,-0.301852094462329,0.751602308082079,0.611734278109051,1.45972137378825,-2.60644004873768,-0.259173627503594
0.481124917785624,-0.876481038233281,-0.0173148232242159,0.869125410294741,0.479483702152709,-0.121311172403578,0.114629117879252,0.0433170750102217,0.99246349874783,-0.294546286109814,0.738628452930259,0.610459901182724,1.4627196702718,-2.58281102878588,-0.24995708764724
0.484698884769034,-0.874501547492185,-0.0177210196498396,0.867001892551355,0.483023644844008,-0.122457653227471,0.115649078751302,0.0439909303764375,0.992315518687777,-0.287224037335642,0.725776660011846,0.609240217858847,1.46626195854283,-2.55770427837691,-0.237411328467363
0.488312562600684,-0.872481420666047,-0.0180834675576727,0.864900710332699,0.486620653365154,-0.123073559241875,0.1161791826118,0.0444579611658775,0.992232778745304,-0.279883414884437,0.71305370548943,0.608089432672994,1.47001439157101,-2.53128046801936,-0.222573719768333
0.491950542086112,-0.870428196237069,-0.0184233367407632,0.862820911492007,0.490259325651345,-0.123230955137056,0.116295910647293,0.0447274949820746,0.992206990682562,-0.27252368155979,0.700463473004674,0.607014908245653,1.47390510479126,-2.50487656717231,-0.207211548105753
0.495593082220173,-0.868352231046487,-0.0187589896342201,0.860761460843007,0.493918444866878,-0.12302145076245,0.116091362223557,0.0448215646410697,0.992226699378829,-0.265144640184514,0.68800662240097,0.606017199790324,1.47768967484968,-2.47770335733215,-0.191884637728656
0.499217771995278,-0.866265894121188,-0.0191054130154437,0.858720434636183,0.497572462636197,-0.122559616368509,0.115675543060392,0.0447777300515574,0.992277241313694,-0.257746845101612,0.675686687906445,0.605095650886959,1.48143293408907,-2.4502658576237,-0.176774667510202
0.502805857809688,-0.864180046053724,-0.0194709361574637,0.856696706397864,0.501199327686928,-0.121942556858649,0.115139144513572,0.0446327450282373,0.992346157080244,-0.25033044428971,0.663504737933797,0.604249703196631,1.48512459796747,-2.4224493329568,-0.161576614495795
0.506340592700572,-0.862104702793485,-0.0198666958750576,0.85469089172969,0.504780255494313,-0.12124509580764,0.114554283106052,0.0444114296601025,0.992423770945459,-0.242895614028969,0.651462455892138,0.603480376310805,1.48881858860787,-2.39445326310394,-0.146107433470839
0.50981311582385,-0.86004573302935,-0.0202959117062328,0.852702919253849,0.508304512101616,-0.120516614925508,0.113966303923318,0.0441345678028932,0.992503814347789,-0.235441588102671,0.639560237816083,0.602791071228488,1.49287100066692,-2.36644617571937,-0.129387254334528
0.513226228638513,-0.858002484157647,-0.0207503112457426,0.85072863321698,0.511772348305574,-0.119790885022891,0.113400312443389,0.0438269402206505,0.992582272886554,-0.2279662510182,0.627797579955919,0.602188738754582,1.49733825594851,-2.33867205925717,-0.111351290496481
0.516588317022977,-0.855971025957929,-0.0212158769769159,0.848760068705547,0.515188633334522,-0.119109268547259,0.112884261464227,0.0435232673800908,0.992654455845657,-0.220466748040994,0.616172706907114,0.601679179620276,1.50261566332783,-2.31137009412339,-0.0923402865896335
0.519912993467205,-0.853944427804359,-0.0216654897442327,0.846790201433674,0.51856330199209,-0.118483992939884,0.11241367345607,0.043255243022644,0.992719572674562,-0.212938535810329,0.604683318783256,0.601265984506034,1.50882645864631,-2.28445030218769,-0.0728951022205708
0.523212783814473,-0.85191621570587,-0.0220713450088466,0.84481375122441,0.521905688216162,-0.117915980044078,0.111973695997098,0.0430489724035819,0.992778261939566,-0.205376523661824,0.593327728082236,0.600949990701272,1.51617340056506,-2.25784421400786,-0.0535421585611072
0.5265019944779,-0.849878654639317,-0.0224036202265992,0.842825379563759,0.52522714482335,-0.117396021669891,0.111539362442138,0.0429268998318826,0.992832438982946,-0.197774830647661,0.582103551831146,0.600730098428591,1.52469680194506,-2.23196849306083,-0.0344685691259905
0.52978943021549,-0.847826631763835,-0.0226530815549988,0.840821913837318,0.528536066026526,-0.116910804120723,0.111093063882932,0.0428909009137659,0.992884032390444,-0.190128563996106,0.571006604802842,0.60060293397614,1.53419545894467,-2.20685846845935,-0.0157056634971694
0.533088378513566,-0.845752160427049,-0.0228049079532497,0.838792559012426,0.531842744146487,-0.116491795608616,0.110651812633878,0.0429718353309816,0.992929805036149,-0.182431646350545,0.56003395682113,0.600571897984884,1.54474689058056,-2.18229960492897,0.00333220731677103
0.536399728305359,-0.843654042767375,-0.0228732943888944,0.836737004283316,0.53515028012626,-0.116126497164802,0.110211238705127,0.043151289703199,0.992971021258945,-0.174680534782788,0.549182246961809,0.600635712510436,1.55607483152623,-2.15846779778457,0.0230642891806731
0.539728409930885,-0.841528736226417,-0.0228610939950029,0.834645634255601,0.538461555390117,-0.115869834663387,0.109817615761513,0.0434573293245883,0.993001284891631,-0.166870535136853,0.53844806743329,0.60080104200302,1.56837243558461,-2.13534365681863,0.0439610856582162
0.543077457228485,-0.839373899897376,-0.0227668974898469,0.832511879739445,0.54177761612092,-0.115762622478196,0.10950271934039,0.043914358032452,0.993015953354052,-0.158996135500757,0.527828822444583,0.601075305143755,1.58156955565308,-2.11233378596116,0.0660142055119347
0.546436905589244,-0.837195213711801,-0.0226027066543931,0.830342073373601,0.545090146834402,-0.115796256457964,0.10926458436145,0.0445073697504444,0.993015782675289,-0.151054340364211,0.517324457082667,0.601459492261451,1.59556606697434,-2.08950666656974,0.0883499031690806
0.54980083123489,-0.834996513587776,-0.0223577340015338,0.828135725329289,0.548389807432927,-0.116016548548081,0.109134166999872,0.0452707565646584,0.992995615394805,-0.143040883789163,0.506932538504414,0.601955416398813,1.60984545206619,-2.06741129003239,0.109805684978697
0.553152464398648,-0.832788222895614,-0.0220482864655445,0.825902482049496,0.551661238872912,-0.116425803281252,0.109121222840396,0.0461914854877855,0.99295463410684,-0.134957069245427,0.496648746937822,0.602550232425583,1.62395900793533,-2.04632607308251,0.128276552785492
0.556491236209669,-0.830570956975514,-0.0216653975411175,0.823635780601807,0.554899006921546,-0.117094803599197,0.109277650662371,0.0473178353928187,0.992884392827006,-0.126803929410562,0.48646622137035,0.603224765861348,1.63747452886353,-2.02709755389298,0.141136641369018
0.559815903726527,-0.828345881124538,-0.0211956400909147,0.821329959509198,0.558096115250604,-0.118092437331118,0.109650588450179,0.0487014103101457,0.992776370128909,-0.118584732462638,0.47637504022976,0.603948997690219,1.65038258268149,-2.00977212622826,0.148148721684869
0.563123791122532,-0.826114927895464,-0.0206330264396666,0.818985718793672,0.561247084873272,-0.119432416593093,0.11024512816356,0.0503570812252489,0.992627914218956,-0.110303839707434,0.466365492153215,0.604688138252033,1.66197117026235,-1.99446395971124,0.14643915947701
0.566405349665571,-0.823884329150506,-0.0199897986593819,0.816615908361387,0.564345424001673,-0.121048340011248,0.111010981805086,0.0522384397603154,0.992445317047785,-0.101968896916075,0.456428111231403,0.605396000823803,1.67097816788517,-1.98043989509009,0.133949883939519
0.569641827878612,-0.821666458131904,-0.0192981738018196,0.814242815478427,0.567380167521014,-0.122834779055405,0.111878618926396,0.0542584286982007,0.992239485982252,-0.0935873999576554,0.446554606108913,0.606029476263942,1.67966801086881,-1.96854024247745,0.115209926178242
0.572807091600622,-0.819478590385911,-0.0186245996240686,0.811897356511126,0.57034055505561,-0.124636807360846,0.112759559693546,0.0562715839298938,0.992027615815073,-0.0851703775976679,0.436737062163279,0.606543707334479,1.68619311393112,-1.95856946416971,0.0882229616621339
0.575871706782134,-0.817341120673268,-0.0180352372980839,0.809610829978944,0.573212617112056,-0.126323392783575,0.113587328996848,0.0581445443710183,0.991825151249578,-0.076734316531483,0.426966071254084,0.606890305934128,1.68750695225231,-1.95005997697644,0.0485693782142668
0.578821819738957,-0.815265429509988,-0.0175379713757852,0.807400201592651,0.575987755717889,-0.127839820600689,0.114325043023084,0.0598363159708574,0.991639753049869,-0.0682911306045969,0.417229717816656,0.607027589967047,1.68958501422446,-1.94458240999071,0.0057954165788072
0.581672294102095,-0.813243560704956,-0.017095415933233,0.805256810766911,0.578675962190924,-0.129211452649954,0.114973088101126,0.0613925219740342,0.991469690539332,-0.0598371091218794,0.407515758437787,0.606946497140767,1.69201473699984,-1.94129276177966,-0.0384744096691268
0.584444275303983,-0.811262593704671,-0.0166701265733735,0.803164712448234,0.581291713491109,-0.130485204159386,0.115547971606377,0.0628724731670454,0.991310102024342,-0.0513678848773483,0.397811395567651,0.606645241735113,1.6955323184648,-1.94056975004229,-0.0821473555702539
0.587155600197942,-0.809310807627816,-0.0162578538868712,0.801113430933115,0.583853132014228,-0.131654058105891,0.116041251004837,0.0642770323987382,0.991162393945232,-0.0428794592194068,0.38810784401184,0.606130860400172,1.70004452837449,-1.94103419026082,-0.123071905231855
0.589816481051628,-0.807381052053261,-0.0158857000237345,0.799107810567709,0.586381647218363,-0.132601926438349,0.116375365819218,0.0655164146672323,0.991042064515727,-0.0343648041528715,0.378398311613105,0.605419029535059,1.70605215264232,-1.94300924162601,-0.161272109947363
0.592432541447785,-0.805469431785226,-0.0155781351035691,0.797154306145946,0.588893349388893,-0.133227757012223,0.116484745897029,0.066510281198606,0.99096300963668,-0.0258210453058108,0.368677928651903,0.604519014870146,1.71132357761905,-1.94517004323635,-0.1986226472075
0.595007397537952,-0.803573187764291,-0.0153729886960824,0.795242397055626,0.591394248337765,-0.133575345622731,0.116429063383399,0.0672530663936321,0.990919420669672,-0.0172531290945321,0.358949178937379,0.603433575507655,1.71572400020964,-1.94610369195017,-0.235468018411183
0.597540343398068,-0.801692500001499,-0.01531905522754,0.793357973532792,0.593883693792857,-0.133735874315358,0.116312784523714,0.0677590856512818,0.990898603525125,-0.00866757643955964,0.349220103596793,0.602164059449943,1.71814873079999,-1.94523250638899,-0.272386621792355
0.60002114906864,-0.799844637497675,-0.0149390942350304,0.791673077772817,0.59636878261708,-0.13265750280153,0.115014601681983,0.0677704285513654,0.991049348122433,-0.000130282227825148,0.3395444663296,0.600858330884395,1.68560264389322,-1.91597092266853,-0.221954879559273
0.602472781989465,-0.798022900471983,-0.0136380821290724,0.790346076029865,0.598884938078124,-0.129189438606087,0.111263772478151,0.067054315785381,0.991526142705519,0.0082613721787955,0.330001172469749,0.599713187020549,1.67002645317864,-1.90061256692453,-0.23443038257277
0.60496273478082,-0.796159023975023,-0.0122840575401789,0.788979748699244,0.601445392824158,-0.125596160741769,0.107382706563904,0.0662891242492546,0.992005396324676,0.0165591671379743,0.320541669954168,0.598528281551658,1.64817872302531,-1.88290150492145,-0.238216282263308
0.607518161113953,-0.794231464639471,-0.0108657486332735,0.787524480343795,0.604058871111245,-0.122139563987449,0.103570636649371,0.0656449602669498,0.992453456044964,0.0247332198954611,0.311178864279437,0.597342616272831,1.62065257533314,-1.86167126684025,-0.234884260740818
0.610144645945951,-0.792234801129429,-0.00935579515082254,0.785968014546971,0.606722610455529,-0.11891994816313,0.0998888939401337,0.0652050139287038,0.992859766042504,0.032757394191267,0.301931184553185,0.596186697951533,1.58802455059724,-1.83669388943659,-0.227015694416454
0.612840382630069,-0.79016895649869,-0.00772564583725824,0.784318628117999,0.609436116826665,-0.115896113370276,0.0962857985630814,0.0649664505187738,0.99323129496712,0.0406082066173894,0.292816539006389,0.5950801379907,1.55140195394799,-1.80848709471514,-0.215231582410086
0.615598462273931,-0.788037671484682,-0.00592971896230343,0.78260080401893,0.612200821183065,-0.112898786936375,0.092598675988893,0.0648597168031195,0.99358879942425,0.0482649429609762,0.283851348501862,0.594036148478714,1.51096930586632,-1.77733830166693,-0.201956784581068
0.618056656625975,-0.786119398825398,-0.00471804946100511,0.780908094762924,0.614628183580363,-0.111421467780879,0.0904904234384078,0.0651804168374181,0.993762042204691,0.0557489990416985,0.275138312565176,0.593245709731222,1.48841721642241,-1.69034410742173,-0.0806991170725644
0.619830300083586,-0.784720719683974,-0.00487762205962417,0.779367182540912,0.616303717282164,-0.112944777844871,0.0916362039618175,0.0662051369823516,0.993589294407209,0.0630836533765054,0.266796490783104,0.592907897152602,1.44565684503412,-1.64679770304388,-0.0546092496922011
0.621574648852561,-0.783339055675437,-0.00498796123985843,0.777874365560343,0.617965312154057,-0.114150533850844,0.0925009584161689,0.0670730708097765,0.99345094285739,0.0702083156858451,0.258668437259011,0.592698275161942,1.40442072724675,-1.60453107022917,-0.0293247220191031
0.623330906151444,-0.781941882282238,-0.00504719420375846,0.776410098794547,0.61966293678664,-0.114913894994465,0.092983546535189,0.0677106897459165,0.993362633970027,0.0771314667938835,0.250749501405873,0.592612785734989,1.36513701901473,-1.56314049554938,-0.00503175695579079
0.6251319276936,-0.780502507838907,-0.00509001328680328,0.774946619337352,0.621433494076478,-0.115230853583183,0.0931010749438059,0.0680899970412436,0.993325697919485,0.083862957635318,0.24303578350302,0.592646958186073,1.32777683112474,-1.52247736180729,0.0186171188810224
0.627001741420707,-0.779000675362136,-0.00517339740760465,0.773453898436329,0.623302089784281,-0.115167581654703,0.0929402133042823,0.0682088898596381,0.993332604969287,0.0904122969309453,0.235522687586328,0.592798641800794,1.2922565621966,-1.4829683671324,0.0420359699468521
0.628956154085007,-0.777422431220491,-0.00534038143012892,0.771908926747159,0.625284098880717,-0.114788520745668,0.0925784264645182,0.0680746584431509,0.993375596555101,0.0967886266983653,0.228203614273544,0.593067259709079,1.25857503296976,-1.44490699272878,0.0653988967732024
0.631003397484889,-0.775759664063251,-0.00562636427896693,0.770294497212274,0.627386018508722,-0.114162915801338,0.0920928874941876,0.0677032302940255,0.993446109600685,0.103001259518973,0.221069654962079,0.593450693515617,1.22678719778231,-1.40906135649677,0.0877770445592477
0.633148845527531,-0.774006463358519,-0.00604434333841137,0.768595750783658,0.629608173682052,-0.113376009411415,0.0915593320446356,0.0671382328631752,0.993533767117933,0.109059325771687,0.214108393778694,0.593941468408091,1.19670342539776,-1.37588094804293,0.108177774693255
0.635390804791035,-0.772162605543568,-0.00659058321921848,0.766805922559268,0.631943164675343,-0.112501172207853,0.0910340722753306,0.0664285121034661,0.993629735094864,0.11497105233494,0.20730691015902,0.594530082445435,1.16824958759482,-1.34507993530113,0.127043629402997
0.637721159653438,-0.770233162019735,-0.00725249304401421,0.764923019527032,0.634375646614286,-0.111625772921647,0.0905786770046993,0.065638518476478,0.993723849046752,0.120744456941753,0.200653575708177,0.595209494409249,1.14136195885006,-1.31663269577949,0.144486001892332
0.640129163361991,-0.768225571659701,-0.00800782502324815,0.762950313070466,0.636888619006807,-0.110813838329334,0.0902301169186631,0.0648255970101869,0.993808919246108,0.126385991600412,0.194136790541481,0.59597139632798,1.11537204080512,-1.29043500685822,0.159932171828545
0.642612700583342,-0.76614023380848,-0.00883511114093217,0.760886372331434,0.639475651039092,-0.110103678995938,0.0900046968179723,0.0640315068385723,0.993880838271212,0.131899816625605,0.187746420168331,0.596804390010498,1.090314333075,-1.26597277781913,0.17283377319142
0.645171013494174,-0.76397631530841,-0.00972383641802684,0.758730873449808,0.642134986532396,-0.10949940979353,0.0898989711898393,0.0632680702947729,0.99393929707009,0.13729046154741,0.181474723212529,0.597695784760951,1.0660687562845,-1.24292529886424,0.183350023564237
0.647801564035525,-0.761734418694561,-0.0106681305385298,0.756485290175691,0.644864058396959,-0.108997027187006,0.0899062810983145,0.0625381608608935,0.993984828382812,0.142561996423003,0.175315253169246,0.598633026826471,1.04268804962797,-1.22104328213433,0.19108013871827
0.650502061688168,-0.75941492075756,-0.0116638702938745,0.754152398842228,0.647661861375028,-0.108573811947205,0.0900068167416003,0.0618311527550901,0.994019960307147,0.147718521658761,0.16926204861903,0.599602029564163,1.02003508393944,-1.20045136451856,0.196096179026335
0.653270069490082,-0.757018391108655,-0.0127032213114253,0.751736297576014,0.650527485198333,-0.108196718565025,0.0901707004249706,0.0611322052996332,0.994048337989694,0.152763439087161,0.163309367334992,0.600589990856583,0.998037720696692,-1.18074814547583,0.198719618136211
0.656100758633919,-0.754547501273178,-0.0137790726248172,0.749244652207898,0.653458643710776,-0.107815824893841,0.0903562153803597,0.0604141480290625,0.994075392040292,0.157699724014652,0.15745341253677,0.601586670334356,0.97655648007538,-1.16174479069181,0.199724993644115
0.658985907416186,-0.75200801095316,-0.0148837256471213,0.746685339194321,0.656447561402407,-0.107413236433393,0.0905459996859527,0.0596703493462729,0.994103048657314,0.162530004092758,0.151690834220104,0.602586636800503,0.955657957651512,-1.14339057417182,0.200216897035536
0.661912946859233,-0.749409601613591,-0.0160156108058499,0.74406635596664,0.659480423637784,-0.107008545252487,0.0907552130659763,0.0589136643563049,0.994129102005098,0.167257118260314,0.146018800691146,0.603588885675705,0.935269140316192,-1.12549081245535,0.200689041288909
0.664870287282111,-0.746761405629354,-0.0171727735638331,0.741397093672326,0.662545649478817,-0.106600243202912,0.0909826938688403,0.0581434899121444,0.994153652106758,0.171883618090228,0.14043497608387,0.604593303280658,0.915423536646711,-1.10813299381115,0.20105559954578
0.667849048198776,-0.74407055360007,-0.0183482992474753,0.738686921174134,0.665634952904119,-0.10616846028181,0.0912100943222173,0.0573508564680372,0.994178856120022,0.176412289492526,0.134936225357732,0.605598811966557,0.896137744369203,-1.09148663855948,0.201086590781371
0.670844678641442,-0.74134057876952,-0.0195336481009815,0.73594409701201,0.668745602029963,-0.105667430359404,0.0913985952388607,0.056510760349294,0.994209651307564,0.180845903328952,0.129518656459787,0.606602747092916,0.877396001060754,-1.07567833902469,0.200351590722219
0.673854421878652,-0.738573677244316,-0.0207157282371813,0.733177744655978,0.671877241285152,-0.10503031650066,0.0914910534192374,0.0555868322974417,0.994253232943889,0.185187170469606,0.124178220136659,0.607600440719654,0.859198471973714,-1.06061112995226,0.198549978217551
0.676874946070282,-0.73577295680529,-0.0218738066269866,0.730401138161763,0.675029682757198,-0.104159035943688,0.0914028706023828,0.0545259885808349,0.994320085191347,0.189439672247221,0.118911511823828,0.608586249950429,0.841971622984116,-1.04617393673799,0.1955903248409
0.679900674304402,-0.732943948837693,-0.0229834928291945,0.727631384144578,0.678200542612855,-0.102939753290334,0.0910364865768939,0.0532652969750434,0.994422026229255,0.19360817499444,0.113715540434608,0.609555092303187,0.825546319540106,-1.03230640931605,0.191837465157292
0.682927396899591,-0.73009070534977,-0.0240360671871042,0.724877768706398,0.681386660311337,-0.101313570586556,0.0903459517586824,0.0517666022802146,0.994564139655749,0.197696522397801,0.108587806974322,0.610503731533401,0.809922573696852,-1.01885040687883,0.187540517771033
0.68595016375714,-0.727217675646813,-0.0250364747598344,0.722144412507815,0.68458240945675,-0.0992691903167025,0.089329840060844,0.0500137669970734,0.994745597017381,0.201708251508126,0.103526263860626,0.611430172770845,0.794847004067542,-1.00584383635028,0.183008918519779
0.688966195451686,-0.724327001864973,-0.0259995364214313,0.719427742416671,0.68778237218855,-0.096845918592078,0.0880301366923937,0.0480187762858573,0.994959743988634,0.205645638117875,0.0985287526257741,0.612332717108818,0.780169216103665,-0.993221075457512,0.17789806850603
0.691973791540774,-0.721419471380672,-0.0269484347136711,0.716720615220774,0.69098194525325,-0.0941037249612899,0.0865091413565085,0.0458028126523547,0.995197603903312,0.209510605000326,0.0935932717544214,0.613208286446393,0.765881774331442,-0.981049098202452,0.172247411041091
0.694973490962918,-0.718494209154588,-0.0278911862447261,0.714015657044392,0.694177856123647,-0.0910974509140761,0.0848144348226173,0.0433955698073029,0.995451322851509,0.213305258955559,0.0887162176021353,0.614051728557057,0.752058419102678,-0.969971215357355,0.164783589209912
0.697969678412059,-0.715547214673015,-0.028818598006435,0.711304278199235,0.697369973839678,-0.0878711750365979,0.0829731994853264,0.0408326237283028,0.995714891425568,0.217031917628058,0.08389190027849,0.614853536406711,0.73867564324831,-0.95990944779536,0.15569821322444
0.700966911261431,-0.712574116902856,-0.0297240178428892,0.708577191407506,0.700558780891531,-0.0844734179065963,0.0810169928697713,0.0381513097532219,0.99598229122332,0.220693079071557,0.0791155511170517,0.615606244037058,0.725892501356175,-0.950778511125351,0.145150362091182
0.703970597713391,-0.709569601902468,-0.030600287760496,0.705824701785267,0.703746195562026,-0.0809492593030609,0.0789739697925248,0.0353874594729367,0.996248382587024,0.224291739930571,0.0743827958897087,0.616303152009173,0.71365733874854,-0.94244681148122,0.133436328363145
0.706985494782701,-0.706528634976423,-0.0314451606008538,0.703037506048918,0.706934401649617,-0.0773434990986073,0.0768750626365799,0.0325736046923223,0.996508497215137,0.227830567526353,0.0696901615576515,0.616939405333912,0.701961637022215,-0.934693426079676,0.120953630371731
0.7100169760594,-0.703445222095244,-0.0322600870866438,0.700206038414738,0.710127175979656,-0.0736946246526748,0.0747488961457226,0.0297357267698714,0.996758942311763,0.231312319072669,0.0650350021642152,0.617512141470699,0.690831827073774,-0.927452584619368,0.10809042368959
0.713067509933058,-0.700316158324621,-0.0330454939032968,0.69732313625454,0.713325476906021,-0.0700514642311606,0.0726303650135452,0.0269080357187511,0.996995881481843,0.234739716501185,0.0604143876079472,0.618020101396216,0.680207592391632,-0.920912945705052,0.0950716807425325
0.716137859546934,-0.697140024861688,-0.0337986961195421,0.694383782348929,0.716528849004989,-0.0664648129041243,0.0705530221488136,0.0241287023983973,0.997216163520346,0.238115101744873,0.0558251593035673,0.618463199846947,0.670015199409212,-0.914843789667267,0.0821981031994262
0.719228892202332,-0.693915115105914,-0.0345197573709883,0.691384845476938,0.719738285268902,-0.0629586861601428,0.0685331749318262,0.0214152689856316,0.997418964221173,0.241440332216434,0.0512650886699587,0.618842587989936,0.660122845379778,-0.909266741689975,0.0696013646642333
0.722344192320682,-0.690637126872433,-0.0352026533939146,0.688321773202141,0.722957572942589,-0.0595439691389696,0.0665733006275225,0.0187804874897369,0.9976047759174,0.244716815063998,0.0467318100553814,0.619159530616744,0.650519266092318,-0.904108765114284,0.0572002314225403
0.72548637219788,-0.687302517138189,-0.0358437399090594,0.685191266726438,0.726189956201279,-0.0562234427459187,0.0646718776360947,0.0162295239577104,0.997774599193189,0.247946143172961,0.0422234368976325,0.619415534750446,0.641273471467563,-0.899294521837423,0.0452889992721453
0.728658304881683,-0.68390730065041,-0.0364400719541351,0.681990283828233,0.729439173775615,-0.0529881545766095,0.062819801741484,0.013758483877879,0.997930045960408,0.251130052947716,0.0377385946624822,0.619613200259013,0.632339675041001,-0.894669248486065,0.0338431175386011
0.731862094283859,-0.6804481206645,-0.0369895935986512,0.678716947238658,0.732708280009163,-0.0498184899113897,0.0610014793384542,0.0113548003137339,0.998073087518322,0.254269768771243,0.0332764545262799,0.61975453054605,0.623569057157469,-0.89021709561754,0.0227342684296838
0.735099479907133,-0.676921961886412,-0.0374888270837276,0.675369907477814,0.735999739110115,-0.0466891004759359,0.0591966444460501,0.00900230779820343,0.998205748200558,0.257365725222773,0.0288362079459535,0.619840668869507,0.614813027584693,-0.88590413064845,0.011724261609476
0.738370840910084,-0.67332712800933,-0.0379352076631052,0.671948780676031,0.73931446856789,-0.0435769745872014,0.0573876070395971,0.00668545083635368,0.998329588515428,0.260417552197044,0.0244172794282588,0.619872113496795,0.605886924631497,-0.881682762403223,0.000878861469299531
0.741675050105619,-0.669663438918188,-0.0383275178832784,0.668453968537501,0.74265171289647,-0.0404688185941409,0.0555644850357955,0.00439453162525516,0.998445429702847,0.26342440330991,0.0200191702655148,0.619849539548125,0.596840011410264,-0.877583791284988,-0.00990896655397648
0.745009004083266,-0.665932845357599,-0.0386656088635887,0.664887751534637,0.746008677827226,-0.0373541224724728,0.0537202168096406,0.00212086784259214,0.998553774328413,0.266385836988802,0.0156411547919616,0.619771896319968,0.587726234880309,-0.873651636737903,-0.0212673585816043
0.748365821919919,-0.662141678233146,-0.0389486139511774,0.661257451828934,0.749378658626327,-0.0342083088753579,0.0518380071263353,-0.000154732025626778,0.998655494690322,0.269301522863491,0.0112823628313212,0.619635180854597,0.578537613715595,-0.869893631016232,-0.0335852243809138
0.751735839398428,-0.658299859570478,-0.0391729837187498,0.657574369354073,0.752751784021719,-0.0309951676993828,0.0498916479236098,-0.00245897165678369,0.998751609223163,0.27217116204056,0.00694150359465925,0.619433896087762,0.569316752577525,-0.866510634633652,-0.047157209878919
0.755107339874524,-0.654420391200479,-0.0393301010503852,0.653852561686688,0.756115570256879,-0.0276780055435812,0.0478511529994521,-0.0048162221841448,0.998842866100818,0.27499463423128,0.00261668329322246,0.619162073114066,0.560084272523182,-0.863476161331454,-0.0617115793903559
0.758464109388061,-0.650521339008621,-0.0394231184028575,0.650109554940533,0.759453486385306,-0.0242480636799526,0.04571390756868,-0.00723805993584936,0.998928350355103,0.277771990959046,-0.00169288696952186,0.618811140428819,0.550900886050141,-0.860354005991254,-0.0791805255274397
0.761791572200262,-0.646628511921183,-0.0393086262193144,0.646345698945841,0.762749208281824,-0.0212339991443676,0.0437131327962863,-0.00923107989603673,0.999001476067522,0.280499929088487,-0.00596203517076112,0.618412759403157,0.538494529327271,-0.837282216302609,-0.0599114862253406
0.765088168680089,-0.64277096879475,-0.0385431682715311,0.642530292742616,0.765999760095317,-0.019979750799367,0.042366461426893,-0.00947888224296255,0.999057172406859,0.283159021256269,-0.0101189307011725,0.618089717444549,0.524859570836915,-0.824807190263326,-0.0689730343139311
0.768315388578454,-0.638968265178077,-0.0375635430818092,0.638743420952155,0.769178286365949,-0.019277084153988,0.041210506717065,-0.00918258560872761,0.999108289555072,0.285746258275818,-0.0141991100703102,0.617727423554049,0.509846347972318,-0.806229321334748,-0.0755578100804266
0.771479231216007,-0.635214569355825,-0.0363627100262357,0.634980305589241,0.772290940181832,-0.019149810099755,0.0402468298894826,-0.00831592395082058,0.999155162170867,0.288251152632751,-0.0181692381951953,0.617332292580509,0.491560977622967,-0.780680308530083,-0.0827285574620742
0.774585129320573,-0.631505278890954,-0.0349136100724415,0.631234925855185,0.775341838231585,-0.0196850772989452,0.0395012128425279,-0.00679092192012547,0.999196445932152,0.290661988940954,-0.0220000703749433,0.616902505962652,0.472793137372629,-0.751131762415892,-0.08896273906049
0.777767853751124,-0.627644432045597,-0.0337584447735661,0.627363855452819,0.77847790712748,-0.0196657312549739,0.0386232901594938,-0.00588345447660807,0.999236521760828,0.292948789334998,-0.0256983498456073,0.616575407299001,0.439627175891377,-0.729058677820577,-0.0318811165613563
0.781101644594541,-0.623516424828674,-0.033278954018591,0.623284135798243,0.781783146752102,-0.0182207990115141,0.0373778928504537,-0.00650994802202671,0.999279997649713,0.295090976977985,-0.0292638983053658,0.61645606789041,0.417335704765349,-0.697096944698398,-0.0154775581087976
0.78441296850535,-0.619369334413807,-0.0328317289892496,0.619187652869905,0.785066211968563,-0.0166641339045698,0.0360963346350246,-0.00725743846886007,0.999321962238791,0.297124326872935,-0.032672333276696,0.616420306614526,0.396220892011706,-0.666577081846795,0.001089304068989
0.787679065870658,-0.615235391871767,-0.0323589520460965,0.61509978778555,0.788303323164572,-0.0151697644630128,0.034841645416065,-0.00795507863481293,0.999361184191489,0.299055161974614,-0.0359320608445046,0.616463949478659,0.376299523770037,-0.637531614997542,0.0160571349012059
0.790890372951443,-0.61112900139736,-0.0318396234869993,0.611031035959288,0.791485395681238,-0.0138542960064097,0.0336673590774099,-0.00849776878832586,0.999396966604549,0.300888949038271,-0.0390508772182173,0.616576641227165,0.357367357366328,-0.610300460547256,0.0285959121090514
0.794041093939989,-0.607059492019228,-0.0312652248343545,0.606989539937683,0.794607231519206,-0.0127689476317689,0.0325950846114137,-0.00883859529226089,0.999429557143691,0.302630991796901,-0.0420373277704931,0.616745909288381,0.339655359165458,-0.584485114015555,0.038737020279677
0.797131841921988,-0.603027852643811,-0.0306306305820344,0.602977011673214,0.797669641232536,-0.0119107871107419,0.031615660481786,-0.00897509842569492,0.999459802903824,0.304287339968618,-0.0448978696164491,0.616960686696721,0.323053853978589,-0.559933712775869,0.0468677749095242
0.800168757654515,-0.599027016005549,-0.029943168989234,0.598988065419085,0.800678954908994,-0.0112476064716906,0.0307124853949048,-0.00893561756833844,0.999488318080577,0.305862788117056,-0.0476386640544801,0.61721217442915,0.307240684284317,-0.536572413245524,0.0535111367225266
0.803158640248122,-0.595048381385101,-0.0292168171736838,0.595015694767975,0.803642218934861,-0.0107474148164598,0.0298750995742821,-0.00875258569933801,0.999515317876121,0.307360893944512,-0.0502654015311629,0.617493337269389,0.292108665001591,-0.514293852676078,0.0587276046702254
0.806107299518056,-0.591084268248848,-0.028467692081202,0.591053661736284,0.806565455766747,-0.0103795236842149,0.0290962301997578,-0.0084589238384093,0.999540822575876,0.308784830227948,-0.0527829032535037,0.617797808856294,0.277553780163157,-0.49282930405088,0.062917470149199
0.809019431550996,-0.587128519868136,-0.0277066874663111,0.587097160663154,0.809453335508241,-0.0101104686264383,0.0283634150653039,-0.00808695196197733,0.999564964318877,0.310137355969322,-0.0551949528885572,0.618121316423423,0.263542195470424,-0.472112331371562,0.0663827788467239
0.81189873208344,-0.583176389032587,-0.026939712623117,0.583142660655075,0.812309370304959,-0.00990576796027406,0.027660190986748,-0.00766721524906828,0.999587978941775,0.311421179066299,-0.057505109515328,0.618460716324515,0.250072308233905,-0.452055055771809,0.0692984905557814
0.814747566379641,-0.579224982554867,-0.0261691165836129,0.579188434951469,0.815135650559974,-0.00972769266759969,0.0269659024866527,-0.0072312357507094,0.99961019869377,0.312638980974177,-0.0597174317647108,0.618812712971382,0.237132452723122,-0.43306124074012,0.0713456198462272
0.817566597909303,-0.575273799642253,-0.025395145760032,0.575234598284703,0.817932676376731,-0.00955478160051969,0.026268135054563,-0.00679649618275018,0.999631828585101,0.313793065058393,-0.0618368385275868,0.619173343018785,0.224551505848262,-0.414803448377882,0.0728321322822395
0.820356957071214,-0.571321547452454,-0.0246201624972655,0.571280237089779,0.820701552439214,-0.0093729682871185,0.0255607843288308,-0.00637583252588118,0.999652937305792,0.314884754759956,-0.0638672258511313,0.619540034373996,0.212148415415903,-0.397520986513695,0.0737482032554188
0.823120974839871,-0.567364903401073,-0.0238521941831927,0.567322050965277,0.823444824593751,-0.00918212057855597,0.0248505788104246,-0.00597387968231271,0.999673327389667,0.315914779907225,-0.0658133896211146,0.619909354766413,0.199884151244796,-0.381068432114243,0.073839384797743
0.825860244772904,-0.563401450400243,-0.0231011209801982,0.563357674315352,0.826164315311609,-0.00898080707388134,0.0241451215287256,-0.00559730226118817,0.999692794469261,0.316883658858595,-0.0676794870944702,0.620276917955214,0.187673987390592,-0.365520044474136,0.0730459102020246
0.828576650711089,-0.559428163109103,-0.0223799959063475,0.559384088985434,0.828862194711802,-0.008769445106251,0.0234558070918524,-0.00525285616683771,0.999711074568928,0.317791672345741,-0.0694699039469931,0.620638321801571,0.175547658216747,-0.350768422438986,0.0713770494909431
0.83127126218761,-0.555443286213875,-0.0216989506877474,0.555399590618088,0.831539699647252,-0.00854532923994757,0.022789984692366,-0.00494810170571707,0.999728029459628,0.318639346595514,-0.0711886566702252,0.620989048401974,0.163543632822669,-0.33687303603169,0.0687603184243846
0.833944372939867,-0.551446217678394,-0.0210677917714769,0.551403567080304,0.834197270530766,-0.00830783065160721,0.022156016181818,-0.00468858691005224,0.999743531161737,0.319427340688667,-0.0728398817945564,0.621324682647064,0.151677285966604,-0.323732375073343,0.0653801642588528
0.836594444160037,-0.547439278953707,-0.0204932149552983,0.547398309910413,0.836833426514393,-0.00805646171738939,0.021559830884824,-0.00447796011880508,0.999757531387182,0.320156801523516,-0.0744273593982897,0.621640970037217,0.140174892328644,-0.311389914187673,0.0609489977639696
0.839217439142721,-0.543428898584298,-0.0199780384970797,0.54339026094732,0.839444083911122,-0.00778808668546337,0.0210027175940826,-0.00431997338814767,0.999770085411436,0.320829558268633,-0.0759547961372774,0.621933089619052,0.12897196991107,-0.299678194082945,0.0557988820184215
0.841809395566319,-0.539421854917899,-0.0195193230723476,0.539386135026193,0.84202512629065,-0.00750226877162355,0.0204826482119833,-0.00421297189030466,0.99978133208721,0.321447095316359,-0.0774249980970897,0.622197849628839,0.118098946565117,-0.288483512869829,0.0499977473235638
0.844365723966085,-0.535426306080232,-0.019110074529094,0.535393896233134,0.844571764773661,-0.00720486109571481,0.0199975015322929,-0.00414787950427889,0.999791425762436,0.322011078778424,-0.078840368608436,0.622432433187847,0.107545187451692,-0.277733885145914,0.0437785494526639
0.846882578801502,-0.531449726805587,-0.0187372783718619,0.531420550609027,0.847079909173598,-0.00691562468953574,0.019547278913341,-0.00410065271819212,0.999800524371921,0.322523381807451,-0.0802030756091119,0.622634769643232,0.0974579011251493,-0.267418011684698,0.0370695134748366
0.849355483360023,-0.527501088190482,-0.0183811001879251,0.527474327527767,0.849544792034804,-0.00666934222180009,0.019133653216036,-0.00403091607435587,0.999808809238151,0.322986253151645,-0.0815151561993036,0.6228019285889,0.0877466680886566,-0.257469644680059,0.0296772101101319
0.851782824938724,-0.523584749484072,-0.0180285675279524,0.523559031714972,0.85196464151365,-0.0064953768328149,0.0187605823227706,-0.00390636893044611,0.99981637355701,0.323401596440928,-0.0827786362495299,0.622929817652721,0.0784629772731491,-0.248002712540316,0.0213140020749952
0.854165130606412,-0.519701604089172,-0.0176684001333935,0.519675099775761,0.85433984414983,-0.00642038714546292,0.0184315037147108,-0.00369775677755125,0.999823287519164,0.323771519887523,-0.083995827937831,0.6230135412268,0.0695663314673653,-0.238931343134713,0.0120333345580244
0.856504098503166,-0.515850366564562,-0.0172953335465654,0.515821051100887,0.856672000609729,-0.0064596139590925,0.0181486222192122,-0.00338861129841881,0.99982955788725,0.324097782612829,-0.0851686524505853,0.623048969821484,0.0609877129576073,-0.230262731511086,0.0020295385455871
0.858803168430968,-0.512026537835453,-0.0169098327954569,0.511992406970519,0.858964480362325,-0.00661790604461365,0.0179134892599073,-0.00297422731492235,0.99983511684398,0.324381854205778,-0.0862990817109474,0.623032843004637,0.0526837400171028,-0.221965607335777,-0.00857282747714494
0.861066501696619,-0.508224033399597,-0.016517007325556,0.508183345958862,0.861221377696391,-0.00688661664283095,0.0177247438910331,-0.00246383314675994,0.999839868669089,0.324624989480043,-0.087388977564126,0.622962819700027,0.0446044552348365,-0.21405459920255,-0.0194729082151447
0.863299168474049,-0.504434835148666,-0.0161258426307893,0.504386297105868,0.863447721368575,-0.00724539545143848,0.0175786519348365,-0.00187871018376325,0.999843718510148,0.324828258665705,-0.0884400232645049,0.622837991877393,0.0367365881443861,-0.206398894065787,-0.0304692707047919
0.865505351717092,-0.500652252598439,-0.0157419222835821,0.500595048645124,0.865647606281342,-0.00766935534255152,0.0174666373712761,-0.00124246025811915,0.999846674681397,0.324993223948052,-0.089453286789206,0.622657894204218,0.0293322834963686,-0.198937313131074,-0.0415949430653729
0.867689137437893,-0.496869722648262,-0.0153635766579756,0.496803597113499,0.867824948355806,-0.00812680172832598,0.0173708568405389,-0.000581142566431312,0.999848946394376,0.325122379700499,-0.0904293493391284,0.622422821202036,0.0224021244583503,-0.191483483258557,-0.0523592499144378
0.869855428411792,-0.493079166203756,-0.0149823068432849,0.493004429083179,0.869984441943361,-0.0085850847909457,0.0172675003085875,8.14389771569345e-05,0.999850902285329,0.325218322406326,-0.0913680838009323,0.622135299559245,0.0160750594725262,-0.184010765385971,-0.0625595049683954
0.87200800155718,-0.489274357351946,-0.0145824709186332,0.489191627320278,0.872129610843404,-0.00902738333463839,0.0171346718670277,0.000738327821891813,0.99985291812948,0.325284021752737,-0.0922693376837229,0.621798324032877,0.0102851473986637,-0.176482460658212,-0.0721330727695481
0.874149378373349,-0.485451206211553,-0.0141418060104214,0.485361014482244,0.874262628900763,-0.00946262798038799,0.0169572966670861,0.00140786905500521,0.99985522351712,0.325322537233839,-0.0931330411088424,0.621415517720876,0.00525088570672432,-0.169018788097016,-0.0808579915148383
0.876281412440348,-0.481606690202314,-0.0136338609323238,0.481509329396974,0.876384900157104,-0.00991324771707931,0.0167227962741087,0.00212196347677847,0.999857912583472,0.325337468871565,-0.093959534505493,0.620990550589417,0.000806586020773208,-0.161583243101517,-0.0890706496587211
0.878406655571043,-0.47773612883288,-0.0130360521734208,0.477631841970119,0.878498577260303,-0.0103958303110589,0.01641861701625,0.00290533292381177,0.999860984365265,0.325331366611096,-0.0947490696859204,0.62052651797043,-0.00317636003408563,-0.154255277416797,-0.0963911292044521
0.880527689207,-0.473834371725394,-0.0123278834915792,0.473723558083477,0.880605888484365,-0.0109206081969882,0.0160305663191129,0.00377588906915959,0.999864372605218,0.32530627245867,-0.0955021705719265,0.620027865376137,-0.00680968560467563,-0.146997224213794,-0.102968816320932
0.882645818195757,-0.469898157018297,-0.0114926782062102,0.469781766647733,0.882707947786812,-0.0114791393113636,0.0155387048005441,0.0047329636384343,0.999868065150757,0.325263728187362,-0.0962191363462465,0.619498111499828,-0.0101646334135651,-0.139804188484675,-0.10882615951635
0.884762335563774,-0.465923794995039,-0.0105179287484368,0.465803696406634,0.884806131293531,-0.012042692360598,0.0149173047717329,0.00575563052987522,0.999872165196907,0.325204413172848,-0.0968996466721972,0.618942235045486,-0.0135835674973985,-0.132349516229238,-0.113286198458099
0.886882376649971,-0.461899792674516,-0.00939316320190273,0.461779118058333,0.886906050799235,-0.0125579927127029,0.0141313875103178,0.00679989580384234,0.999877025090631,0.325127389925562,-0.0975420986561016,0.61836891393029,-0.017272100536109,-0.124588865753584,-0.115708849054906
0.889013418913547,-0.457809300745175,-0.00811080408223276,0.457692360684548,0.889016063891699,-0.0129669238262536,0.0131470134498964,0.00781551621612226,0.999883030030825,0.325031264498474,-0.0981452507436923,0.617787844943947,-0.0212159258742137,-0.116652244464571,-0.116483699050454
0.891163738442644,-0.453632956177157,-0.00665825464403292,0.453524812273706,0.891145461856236,-0.0132291520943637,0.0119346527821966,0.0087696569493339,0.999890322575411,0.324914978151878,-0.0987084539960704,0.617206843649341,-0.025319356985607,-0.108618822250716,-0.115667685248309
0.89334137035765,-0.449350664137068,-0.00501763361467059,0.449256935320229,0.893303566625516,-0.0133020269435731,0.0104595446454691,0.00962904427801931,0.999898934608944,0.324778078192017,-0.0992317041972019,0.616632743328622,-0.0294360728189998,-0.100713448410768,-0.113845997705569
0.895552066245954,-0.444945442726202,-0.0031701166834743,0.444871883843995,0.895497693439972,-0.0131486884815999,0.00868928119570117,0.0103650393571386,0.999908526992058,0.324620801769762,-0.0997166269191014,0.616069049215719,-0.0334527804157014,-0.0933614610866805,-0.111589388795909
0.897772909278156,-0.440456668641962,-0.00131393114825315,0.44040356463442,0.897703848588803,-0.013133944043888,0.00696445428826841,0.011212639193203,0.999912882754688,0.32445099498859,-0.100153616815378,0.615560626681385,-0.0277149321396826,-0.0697757074302818,-0.0508796722578802
0.899840703232486,-0.436218219232312,-0.000611568357476432,0.4361574691452,0.899737097669953,-0.0154860319418201,0.00730554001561808,0.0136682217658019,0.999879897187078,0.3243118620947,-0.100464565290771,0.615345480058493,-0.0274466592263379,-0.0547206148872634,-0.0345673953841516
0.901871013887891,-0.4320053915136,-0.000126538568878208,0.431933321095667,0.901725830377242,-0.0180036928917813,0.00789179549250104,0.0161823525377347,0.999837912378926,0.324182507299303,-0.100705110062212,0.615207304205193,-0.0237311705249663,-0.0419266476416974,-0.0215152850781132
0.90387787406277,-0.427790572051098,0.000123466441809414,0.427703981719709,0.903689034939599,-0.0203821527578331,0.00860771751826008,0.0184757839923434,0.999792254723447,0.324079256613434,-0.100884972342141,0.615123608738909,-0.0171355767148904,-0.030109497239078,-0.0125926901615483
0.905868073579288,-0.423559922969255,0.000157873461117591,0.423455598751468,0.905636556139474,-0.0225340646548676,0.00940155071176759,0.0204797421398206,0.999746063261117,0.324012330748044,-0.10100597820173,0.615075363674688,-0.00953877881384853,-0.0182679112777065,-0.00728033212821451
0.907815591796519,-0.419369523312061,0.000232826438598386,0.419255697018626,0.907555972554272,-0.0238079230193559,0.009773014302759,0.0217108175360614,0.999716524117389,0.323968551661021,-0.101086856764589,0.615115024126021,-0.00803222837889795,-0.0142783881750234,0.0228304717203316
0.909709610354944,-0.415244785592799,0.000439164942864991,0.415135049637724,0.909443847517845,-0.0239745442964791,0.00955590865074246,0.0219921861107428,0.999712472844032,0.323941034767664,-0.101141650887538,0.615253339909366,-0.00301775675079183,-0.00810168611060128,0.0320364203379091
0.911570781358752,-0.411142770901855,0.0005766351877178,0.411040999618128,0.911312079043778,-0.023570982623497,0.00916554449693514,0.0217236397514693,0.999721999492871,0.323936626882946,-0.10117244624344,0.615428285301278,0.00108153187363392,-0.00463651988864479,0.0372715763957544
0.913395509005742,-0.407072764562453,0.000639124107592654,0.406980399218392,0.913152472382944,-0.0227929119016249,0.0086947559012151,0.0210790543525658,0.999740003544632,0.323952454429315,-0.101190048819268,0.615621642257789,0.00530882566435303,-0.00255921851713041,0.039700073486976
0.915167305975382,-0.403073663169637,0.000651254767922642,0.402990912311863,0.914944191988366,-0.0218048192106603,0.00819308658657697,0.0202175074073728,0.999762034549431,0.323991057144705,-0.101199491768,0.615823291706343,0.0102181706871665,-0.00136861740258049,0.0408211240915996
0.916869653109969,-0.399186252867008,0.000612150310294286,0.399111991741504,0.91666725960678,-0.0207545949882486,0.00772381085572645,0.0192735748369001,0.999784412790513,0.3240541000489,-0.101203033024904,0.61602988787742,0.0149243766477939,5.00055379593912e-05,0.0418507309409677
0.918497596396378,-0.395426216290139,0.000522383518911867,0.39535835403804,0.91831382706737,-0.0197860281312805,0.00734420223091362,0.0183799479690258,0.999804100914898,0.324138763190866,-0.101198529328665,0.616243474781271,0.0187650420668312,0.00180110660993154,0.0437869539718212
0.920058339579611,-0.391781190875792,0.000387615731014435,0.391717576742896,0.919890192653417,-0.0189571498578679,0.00707049083744799,0.0175935197162522,0.999820221951583,0.324240030979694,-0.101184345319336,0.616470385944709,0.0215689869845153,0.00394040279449376,0.0472362816942362
0.921565646013919,-0.388222500415346,0.000224183416829809,0.388161595406758,0.921410528152071,-0.0182541628622702,0.00688011178887538,0.0169094287833517,0.999833353754511,0.324351970064248,-0.101157547364908,0.616717161896579,0.0229707188831348,0.00692436091407266,0.0515860933538273
0.923037262868023,-0.384710551720766,5.24577189229752e-05,0.38465150628537,0.922893188823602,-0.0176459835486556,0.00674018319516363,0.0163080782959653,0.999844296134547,0.324466803940439,-0.10111440761176,0.616986904770824,0.0225754371330091,0.0104075534651933,0.0563410543783053
0.924493416564439,-0.381197996595639,-0.000100600612393698,0.381140587689682,0.924358702798032,-0.0171125970298065,0.00661627875588363,0.0157821403178466,0.999853563729416,0.324573691122552,-0.101055869231904,0.6172775101687,0.0198337705427112,0.0127637306669356,0.0595955883626054
0.925955737647016,-0.377632002323175,-0.000206736452343464,0.377576533368648,0.925828837692764,-0.016641056029593,0.00647559787860924,0.0153308224781103,0.999861506666928,0.324663981997129,-0.100987318438549,0.617582100841193,0.0161659489423612,0.0145759217521533,0.0620924667275004
0.927433022454213,-0.373989201339668,-0.000257182349597653,0.373936014567863,0.927312296158825,-0.0162407635827589,0.00631235855659931,0.0149660507136967,0.999868077025909,0.324733831195634,-0.10091026163493,0.617898015411395,0.011640378067416,0.0162391114942369,0.0642472177960637
0.928928406458612,-0.370259298210666,-0.000260312905625767,0.370208402948017,0.928811925487961,-0.0159419402214809,0.00614443332962553,0.0147125511007402,0.999872885310511,0.324779479447106,-0.100824729839516,0.618224804152878,0.00654254748704691,0.0179909649167537,0.066487498949896
0.930441250130506,-0.366441029761233,-0.000227515070161573,0.366392242057921,0.930327151704718,-0.0157516907269414,0.0059837292176542,0.014572663054986,0.999875908538723,0.324798505489109,-0.100729800026341,0.618563076044392,0.000997944865337637,0.0200310294056447,0.068835150306538
0.931967477034649,-0.362541848219029,-0.000173319366708187,0.362494831841549,0.931854103914542,-0.0156660749963975,0.00584111614668676,0.0145374450147384,0.9998772644953,0.324789641515961,-0.100623916028904,0.61891244118041,-0.00452168286023597,0.0223662698221653,0.0708358558306394
0.933503212198604,-0.35856901833752,-0.000109102500617691,0.358523386259795,0.933389181661697,-0.0156721747603106,0.00572139141278741,0.0145909096829169,0.999877177974839,0.324753625102528,-0.100505586888774,0.619270001574091,-0.00985669337910053,0.0250137756759833,0.0720497431167618
0.935043838990649,-0.354532110139905,-4.52258319954901e-05,0.354487451178761,0.934928064882114,-0.0157531092985564,0.00562726598047197,0.0147138158046499,0.999875911051992,0.324691756041504,-0.10037346263688,0.619631968868794,-0.0148287129626907,0.0278616968140506,0.0726497259318621
0.936585373400003,-0.35043949286894,1.30742979563943e-05,0.350395428485272,0.936467013902838,-0.0158926262312342,0.00555716022806325,0.0148893824473218,0.999873704154948,0.324606553934158,-0.100226836356007,0.619994540039138,-0.0191396397593779,0.0307990904181816,0.0721903698640703
0.93812477667599,-0.346297414867735,6.19882831823381e-05,0.34625356371131,0.938003104440194,-0.0160824649160867,0.00551117082307792,0.0151088224717635,0.99987066687631,0.324500870427002,-0.10006539780581,0.620352546574534,-0.0230468999976301,0.0337984460045937,0.0707947633915142
0.939659532754265,-0.342111024280733,9.7824458976352e-05,0.34206697611262,0.939533881862465,-0.0163177414373086,0.00549056984338267,0.0153665838114582,0.999866852008186,0.324376826506387,-0.0998891944484804,0.620701070836048,-0.0265075006564116,0.0366454668071471,0.0684917407758273
0.941188631235889,-0.337881554106899,0.000125803896559318,0.337837020163779,0.941058402347243,-0.0165900927819008,0.00548709751802114,0.0156569079310122,0.999862367026016,0.32423622608715,-0.0996993280266776,0.621036315981245,-0.029694105370385,0.0392653495561919,0.0654951450382718
0.94271130325705,-0.333609616015296,0.000151041456157572,0.333564449011905,0.94257602480107,-0.0168877418738307,0.00549154502656894,0.0159706472110488,0.999857380510282,0.324080340610156,-0.0994969494518863,0.621354305370984,-0.0326177420447104,0.0416486625563199,0.0615338567068761
0.944226679607117,-0.329296136569857,0.000178768803151754,0.329250345467884,0.944086041553153,-0.0171975624370702,0.00549431773722535,0.0162972569674874,0.999852095006026,0.32391043141459,-0.0992831334239455,0.62165035484248,-0.0353113252749757,0.0438521598641291,0.056766113652293
0.945734151024345,-0.324941335772055,0.000209506407064914,0.324894976171251,0.945587930689611,-0.0175134175083572,0.00549272654917656,0.0166311046179322,0.999846606392322,0.32372726402995,-0.0990586297595997,0.621920798741076,-0.0379533041335253,0.0459317673696734,0.0513012497613109
0.947233633339232,-0.32054389161119,0.000239628278687555,0.320496979260664,0.947081672606006,-0.0178323217389181,0.00548909425567253,0.0169681750510943,0.999840962793427,0.323530936714751,-0.0988239322848129,0.622162482305362,-0.0405732226826816,0.0479375078414813,0.0452900005226156
0.948725184616445,-0.316101967690825,0.000264757398748449,0.316054470381499,0.948567428181177,-0.018149543950662,0.00548596631067261,0.0173026071947371,0.999835248407408,0.323321480710758,-0.0985792402854927,0.622372977034105,-0.0432091819932959,0.0499450143835259,0.0387975214793935
0.950208976099811,-0.311613257671864,0.000281748961209422,0.311565169337884,0.95004565774067,-0.018449755108222,0.00548151391535121,0.0176189060734859,0.999829749084298,0.323098860698128,-0.0983244803108456,0.622549944467253,-0.0458369043626195,0.0519580612849518,0.0319500882639931
0.951685190610398,-0.307075258422799,0.000289201353977764,0.307026630307893,0.951516855297237,-0.0187169005724123,0.00547231711726272,0.0179013896060844,0.999824781647034,0.322863070428266,-0.0980597492503183,0.622691715873307,-0.0484814282407599,0.0539251875153163,0.0246840189113132
0.95315412106797,-0.302484940443614,0.000286872739833205,0.302435874385144,0.952981547873825,-0.018939675205809,0.00545558209900148,0.0181391900820144,0.999820587109072,0.322614120539088,-0.097785438060552,0.622796625644716,-0.0510896061420823,0.0557789398847346,0.017266289090262
0.954614883286724,-0.297842821193852,0.000280126331028094,0.297793503426056,0.954438833178688,-0.0191191798396292,0.0054271470138187,0.0183348734326642,0.999817172532808,0.322352738071979,-0.0975025997070838,0.622864106909274,-0.0534062389261198,0.0572958294334179,0.00969545417184439
0.956065925992518,-0.293151611015407,0.000279490858452293,0.29310233288676,0.955886840494986,-0.0192709788244707,0.00538215685460418,0.0185062456372326,0.999814258380029,0.322080772306923,-0.0972130448069567,0.622893203796453,-0.0553116775125589,0.0584753330208005,0.00190350285010232
0.957505168714966,-0.288415958360831,0.000294698029501192,0.28836707900601,0.95732305607912,-0.0194163344861011,0.00531785950044073,0.0186762218378966,0.999811441776996,0.321800957381079,-0.0969183985377201,0.622882551287792,-0.0564848235952113,0.0593340053934298,-0.00622879681929709
0.958929743970413,-0.283643502028037,0.000331490738461773,0.283595344839248,0.958744048744276,-0.0195839062227573,0.00523703297169748,0.0188735994104143,0.999808161964558,0.3215170718819,-0.0966199807743797,0.622830395227867,-0.0569636235069534,0.0600106428110319,-0.0146878591249781
0.960336874993868,-0.278842123530495,0.000395818160465807,0.278795081590582,0.960146775950931,-0.0197856289243792,0.0051370232540262,0.0191112212073687,0.99980416693273,0.321232746324581,-0.096318480458645,0.622734746674958,-0.0566335874379196,0.0605738430354569,-0.0236644099379087
0.961723901885644,-0.274019872025929,0.000496262779659994,0.273974566249366,0.961528644593847,-0.0200150611787828,0.00500735362491236,0.0193849261131419,0.99979955543562,0.320951728461275,-0.0960142396595943,0.622593299296939,-0.0556859806232388,0.0611246708592941,-0.0329561169313122
0.963088682690484,-0.269183540911318,0.000640762009438502,0.269140783285348,0.962887445513438,-0.0202732840249476,0.00484025268528594,0.0196974255945165,0.999794270527138,0.32067634794443,-0.0957078081187065,0.622405945680189,-0.0544269810118962,0.0613949642752748,-0.041912958564612
0.964429767165091,-0.264337898782301,0.000836345171965091,0.264298544792499,0.964221029408375,-0.0205933403609548,0.00463717871727062,0.0200818752613617,0.999787584869672,0.320407933538652,-0.0954011079118396,0.622174917191986,-0.0528955115694241,0.0612136486188017,-0.0504363373010888
0.965746285933918,-0.259485879751451,0.00109060279625054,0.259450819426171,0.965527433002279,-0.0210249475413953,0.00440267009121818,0.0205877227892136,0.999778356520295,0.320147253052023,-0.0950964244207767,0.621902729801527,-0.0513939525867039,0.0605961467096498,-0.0583371231971679
0.967038104914341,-0.254627791134747,0.0014112496305102,0.254598065486459,0.966805427432816,-0.0216122774599072,0.00413868266876762,0.0212591972635579,0.999765431407526,0.319893778073417,-0.0947956246972671,0.621592528972669,-0.0500174288091432,0.0596862430942628,-0.0656592459606407
0.968305192522732,-0.249763445837202,0.00180976712386786,0.249740519448571,0.968054150466988,-0.0223793366567533,0.00383758766330253,0.0221220000715442,0.999747913243014,0.319646753922201,-0.0944998046799423,0.621246701856612,-0.0488340666570063,0.0585781021917061,-0.0725489549924299
0.969547563817933,-0.244892234165093,0.00230545881325978,0.24487836222797,0.969272968247321,-0.0233345395835212,0.00347982862472206,0.0231885029843912,0.999725054263464,0.319405128514359,-0.0942100159656458,0.620867816233614,-0.0478427324976205,0.0573318780689675,-0.0789562690352858
0.970765280292927,-0.240013006365112,0.00292016324464555,0.240011528673292,0.970461585791119,-0.0244699122944376,0.00303919096211091,0.024455414111576,0.999696301903197,0.319167860144559,-0.0939262562171614,0.620457479017584,-0.0471294331172418,0.0561783136738314,-0.0850798903864639
0.97195820466422,-0.235124927036344,0.00367655709329636,0.235140521443044,0.971619731701432,-0.0257688211591049,0.00248667677827353,0.0259107247021498,0.999661167988439,0.318933207873413,-0.0936478290710314,0.620017340713898,-0.0467848537180809,0.0552327923650332,-0.0909693170308891
0.973178272005034,-0.230015579260761,0.00410903816385714,0.230043684570355,0.972832288647387,-0.0260238612504499,0.0019884885190393,0.0262711146018655,0.999652876978297,0.318694863403151,-0.0934054335671082,0.619650877298825,-0.0476967142620477,0.0454462782866156,-0.0656485516198557
0.974391055725322,-0.224818416443425,0.00433014438133712,0.224854964715758,0.974057751262785,-0.0255292390713202,0.0015216324022914,0.0258491166726475,0.999664697687217,0.318457311873213,-0.0931835897512621,0.619337137160577,-0.0474171518360848,0.043296646283733,-0.0595076782576913
0.975575099586893,-0.219621911281842,0.0044092120538542,0.21966325391413,0.97526223603653,-0.0247310703546073,0.00113134693252349,0.0250955582910335,0.999684416707683,0.318219313402247,-0.0929712053139972,0.619063010535379,-0.0479003383504693,0.0417733080197047,-0.0494721698906131
0.97672454563413,-0.214454819463945,0.0042769573870282,0.214495512493499,0.976436429685132,-0.0237397115379237,0.000914918551086296,0.0241045471320073,0.999709024532442,0.317978402287846,-0.0927663161490083,0.618845757081175,-0.0484395837551004,0.0401211126799827,-0.0371611113766294
0.977838762920455,-0.209323117060074,0.00389697247221738,0.209357390604096,0.977578691896928,-0.0225695402818899,0.000914729270669493,0.022885231336966,0.999737680322701,0.317735471926223,-0.092570712917825,0.618693425639273,-0.0486715014957384,0.0380440504798588,-0.0236098662054247
0.978915352867132,-0.204235678578744,0.0035382928790653,0.204263680214906,0.978667639559702,-0.0220454127587603,0.00103964709430818,0.0223033377349995,0.999750709056912,0.317476493580232,-0.0923588416208038,0.618688697099881,-0.0537346966470181,0.0443385608016471,0.0180566988255745
0.979958146247747,-0.199177252859991,0.00323319436880301,0.199199558836212,0.979707705105881,-0.0221889232642804,0.00125194334447925,0.022388267001195,0.999748567460112,0.317207009660324,-0.0921416766259013,0.618843651992041,-0.0539245204611287,0.0425163802125779,0.0440519251667172
0.980972656093709,-0.194124412802753,0.00289142705942852,0.194139961512351,0.980716702125261,-0.0224594193276712,0.0015242507787165,0.0225934177702212,0.999743574189414,0.316938179733674,-0.0919333848897101,0.619129648565922,-0.0535221363791406,0.040827087220749,0.0703716727544952
0.981961184904998,-0.189065968281784,0.00250818213934919,0.189073675053779,0.981699503188348,-0.0227427096320627,0.00183759125783239,0.0228066893130416,0.999738204822116,0.316672490230785,-0.0917324878850289,0.619539429205943,-0.0526881718055478,0.0396205542046202,0.0927443407715328
0.982924007180936,-0.184000588291216,0.00204441088269673,0.183998449260941,0.98265669384486,-0.0230302564349213,0.00222862669367186,0.0230131603734857,0.999732678105845,0.316412671516049,-0.0915370893830129,0.620046875544413,-0.0511058709473498,0.0385424170673994,0.1092662283148
0.983860115372838,-0.17893316355432,0.00148201180431881,0.178918653953728,0.983587040171266,-0.0233377307061879,0.00271820638132819,0.0232262219823025,0.999726539592952,0.316161650628905,-0.0913469986178249,0.620618325811263,-0.0492910953393154,0.0375132775499885,0.118012108605496
0.984769044301856,-0.173865547427223,0.000837139559504609,0.173836596879781,0.984491376512767,-0.0236128599973633,0.00328130615249394,0.0233987390649746,0.999720827051284,0.315920036099053,-0.0911618955884813,0.621221603177009,-0.0473418506930279,0.036534351212049,0.122880235464706
0.985650452380092,-0.16879916903707,0.000162034919556087,0.168755515851038,0.985372795988751,-0.0237071464997663,0.00384208182766983,0.0233943039585713,0.999718932975426,0.31568760794831,-0.0909813269685936,0.621844585344966,-0.0457084448414692,0.0357239750199388,0.126131944876884
0.986502507084217,-0.163745387663621,-0.000501533094054595,0.163688328228712,0.986230887728994,-0.0235534984868571,0.00435140416913984,0.0231534901941716,0.999722452070366,0.315461898407688,-0.0908049156103436,0.622483216401071,-0.0446836965442913,0.03482048738105,0.129394096793354
0.987324669047775,-0.158709472265302,-0.00114074667256925,0.158640849358259,0.987064340626979,-0.0231747357593981,0.00480404044444388,0.0227000192928784,0.999730778919761,0.315239903763715,-0.090633405698902,0.623138536284065,-0.0442280157858032,0.033724816134713,0.132673884920631
0.988117304019006,-0.153691588727574,-0.00175757008553196,0.153613189914722,0.987871997000049,-0.0226253271215682,0.00521357674105689,0.0220864912905748,0.999742469599065,0.315018254119623,-0.0904683435890028,0.623808605757747,-0.0445533266518299,0.0322412685559336,0.135218834081437
0.988879641541401,-0.148699207351028,-0.00236649067753455,0.148612127124716,0.988650726177915,-0.0220040291616907,0.0056116144217101,0.02140764725647,0.999755081218658,0.31479304901944,-0.090310724456772,0.624488266074435,-0.0456418826962378,0.0308347904002383,0.136388632197369
0.989610812945623,-0.143741333284999,-0.0029779198368423,0.143646019243484,0.989397843772019,-0.0213945762935499,0.00602163238700017,0.0207445377082984,0.999766674829015,0.314561676092563,-0.0901595350775103,0.625171332050939,-0.0469132481493312,0.0296844492392854,0.13673289569226
0.990311841413114,-0.138814755110116,-0.0035945125797078,0.138711373544462,0.990113731063778,-0.0208315723932208,0.00645070588197375,0.0201311530391069,0.999776537567741,0.314323875510328,-0.0900134038659677,0.625853350034561,-0.0482074326096172,0.0288120058872439,0.135851472610436
0.99098422311917,-0.133911934452464,-0.00422650447698048,0.133800351030761,0.990799902631308,-0.020322869133961,0.00690909494361604,0.0195741348976179,0.999784535612584,0.314079665058305,-0.0898711277432692,0.626527861406496,-0.0494680514907185,0.0281240033247638,0.133765190629749
0.99162991819195,-0.129020342773842,-0.00488431132788517,0.128900240647167,0.991458674795903,-0.0198601141249041,0.0074049515683584,0.0190642944394014,0.999790837810488,0.313829354067319,-0.0897318437241637,0.627188882530844,-0.0506405554532739,0.0276202669899151,0.130443379954599
0.992250570164744,-0.124127802291945,-0.00557626271907499,0.123998803745727,0.992092158088358,-0.0194279831483415,0.00794371936620333,0.0185859774495557,0.999795708514932,0.313573623731635,-0.0895945904987933,0.627830304500775,-0.0516161754238079,0.0273120694428252,0.125939541230135
0.992847139289497,-0.119225818983455,-0.00630571902212749,0.119087653891292,0.99270180965993,-0.0190065196332196,0.00852576655376873,0.0181196353612489,0.999799474954376,0.313313425843949,-0.0894583832866572,0.628446196782869,-0.0524424542999893,0.0272030181627619,0.120223063320491
0.993420104994516,-0.114308696596581,-0.00707226095922127,0.114161298266513,0.993288511808003,-0.0185776825343733,0.00914838623959201,0.0176480648410676,0.999802406896771,0.313049384734044,-0.0893221982920877,0.62903074162482,-0.053157395338134,0.0273051701479844,0.113429549304688
0.993969372924701,-0.109375206585249,-0.00787082410623241,0.109218804972954,0.993852447109745,-0.0181263899950027,0.00980501544909767,0.0171574344936864,0.999804722990264,0.312781843482472,-0.0891851044655112,0.629578528663199,-0.0538604414202928,0.0275540407787549,0.105497986375022
0.994494386906725,-0.104428630716937,-0.00869341691181984,0.104263765898504,0.994393160727107,-0.017643951366304,0.0104872080020824,0.0166404022108925,0.999806539027716,0.312511002526067,-0.0890465829936316,0.630084287227596,-0.0544536886090604,0.0278615202306589,0.0966718066569426
0.994994751117681,-0.0994713456804884,-0.00953397276989024,0.0992987990492954,0.994910270288838,-0.0171260789779557,0.0111890015475855,0.016093646644074,0.999807881936357,0.312237583621896,-0.0889067062053332,0.630543608580036,-0.0548872435664708,0.0280685274738918,0.0868998336682291
0.995470085180318,-0.094506284610121,-0.0103861292251501,0.0943269578294301,0.995403211193989,-0.0165792693246625,0.0119052315280145,0.0155244746734174,0.999808609759077,0.311962360602568,-0.088765975414113,0.630952035388503,-0.0551806237054606,0.0282181608134882,0.076354379750442
0.995920087451406,-0.0895361809643489,-0.0112450748820444,0.0893510065357271,0.995871470397889,-0.0160128722782121,0.012632380687577,0.0149427824003849,0.999808549779556,0.311686097084106,-0.0886249673431528,0.631305687489202,-0.0552942834521049,0.0281426266101835,0.0649685682427045
0.996344672256803,-0.0845618760502805,-0.0121071542626879,0.0843716070170073,0.996314604963171,-0.015447972891231,0.0133688441853145,0.0143700054257997,0.999807369921432,0.311409618206366,-0.0884848291784199,0.631600794429275,-0.0552793540940189,0.0278883524844795,0.05299105901325
0.9967437375852,-0.0795847460821702,-0.0129688000880447,0.0793900094827603,0.996732317038064,-0.0148967971813103,0.0141119799820724,0.013818696138578,0.999804928802622,0.311133399626923,-0.0883462939557254,0.631835753058893,-0.0551992445425336,0.0275066297387171,0.0410110183774397
0.997117190708217,-0.0746065947992713,-0.0138262072388292,0.0744080281254445,0.997124489372736,-0.0143595976142544,0.0148577705136665,0.0132894208157307,0.999801299233876,0.310857663940617,-0.0882098373583029,0.632011217146829,-0.0550912780425937,0.0270697211507795,0.029201704883616
0.997464811616892,-0.0696319355344467,-0.0146745746038607,0.0694301536681448,0.997490820032345,-0.0138389924784082,0.0156013892873491,0.0127850500556823,0.99979654887751,0.310582431155509,-0.0880755744753787,0.632127825903891,-0.0550068045814569,0.0266373394397947,0.0174434190620738
0.997786355685655,-0.0646670200916126,-0.0155101553831738,0.0644625304360563,0.997830947853682,-0.0133409772956313,0.0163392342941685,0.0123116212536372,0.999790704800154,0.310307634727292,-0.0879435704355947,0.632185779795418,-0.0549053354425562,0.0261398879284872,0.00576379965502708
0.998081591348679,-0.0597189613432303,-0.0163334830019204,0.0595121090778315,0.998144609327884,-0.0128704212360982,0.0170717861981852,0.0118736904866216,0.999783761415553,0.310033350374295,-0.087814311061876,0.632185690418723,-0.0548110467643057,0.0255521299844535,-0.00578160725626792
0.998350300507582,-0.0547961630201292,-0.0171481192756684,0.0545871176614681,0.998431636415793,-0.0124303656219112,0.0178023611308768,0.0114737928494804,0.999775688850161,0.309759462601154,-0.0876882462148018,0.632128235426086,-0.0547492638620874,0.0248538766489051,-0.0171759105599264
0.998592293804451,-0.049907785081333,-0.0179622866763087,0.0496965376613226,0.998692017834852,-0.0120211337830388,0.0185387404869686,0.0111115481022422,0.999766397014787,0.309485814435782,-0.0875662336559874,0.63201372013567,-0.0547133870604601,0.0239055522806784,-0.0286558920054226
0.998807360868707,-0.0450645216149449,-0.01878948551994,0.0448508271716893,0.998925837156021,-0.01164367485628,0.0192940191899752,0.0107870641863145,0.999755660183896,0.30921237525962,-0.0874496502297779,0.631841848218586,-0.0546568426155998,0.0226846394362906,-0.0400781780980874
0.998995837560505,-0.0402691483535209,-0.0196395577258673,0.0400525431618601,0.999133670249904,-0.011300564553354,0.0200776075032082,0.0105026027173893,0.999743259548724,0.308939418218895,-0.0873398004296967,0.631612976467525,-0.0545090650224454,0.0212168727283409,-0.0514722245906951
0.999158154083928,-0.0355238322146402,-0.0205192707566004,0.0353036305992497,0.999316137782077,-0.0109959281020246,0.0208958559075312,0.0102622664699015,0.999728987822596,0.308667441138114,-0.0872379500665647,0.631327895442165,-0.0542670954554514,0.019479650787233,-0.0624883846415157
0.999294896520698,-0.0308286841504028,-0.0214313326987004,0.0306040304211454,0.999473963056026,-0.0107326834977766,0.0217509335355814,0.0100692306874234,0.999712712474786,0.308397091014279,-0.08714499598381,0.630988245777882,-0.0538401289262535,0.0177048869882841,-0.0733650956389945
0.999406456362701,-0.0262005851241812,-0.0223665893622525,0.0259706317593058,0.999607451249423,-0.0105104563485522,0.0226331894917979,0.00992334347802276,0.999694586355076,0.308129068865923,-0.0870603053323978,0.630593516770943,-0.0533677146422963,0.0162276585305794,-0.0846039172784611
0.999493294353774,-0.0216721693638656,-0.0233124777084067,0.021436777175088,0.999717144762343,-0.0103002452676449,0.0235291123119139,0.0097952816851759,0.999675163906017,0.307863520180364,-0.0869818009109543,0.630143092076182,-0.0528414360004958,0.0152568419273056,-0.0954798434692794
0.999556390772838,-0.0172829639535359,-0.0242553256452716,0.0170438469485842,0.999804427111722,-0.0100306933456266,0.0244239420727004,0.00961283957951756,0.99965547283494,0.30760052104211,-0.0869061275361267,0.629638788353408,-0.0523724674609184,0.0151596179707548,-0.106247468976536
0.999598012034276,-0.0130897157826169,-0.0251490293620598,0.0128491945563569,0.999870378666002,-0.00970175579768453,0.0252727627373092,0.00937471103743082,0.999636635111273,0.30733799408373,-0.086827317751767,0.629077812939095,-0.0528058477460452,0.0166403529215769,-0.118458794971089
0.999621899913728,-0.00913621932659038,-0.0259342767257292,0.00889525203217498,0.999916332008379,-0.0093916704687765,0.0260179112181272,0.00915742754961449,0.999619532530512,0.307072240509045,-0.0867399525276758,0.628454875782363,-0.0535064240709763,0.0182639206213205,-0.130629153142921
0.999630954298371,-0.00541099490428108,-0.0266209756146071,0.00517042295541751,0.999945249784767,-0.00909748093388237,0.0266687445334375,0.00895648184423469,0.999604201420734,0.306802344165995,-0.0866453925993311,0.627773132755562,-0.054505927898828,0.0194928904150651,-0.141917612845174
0.999627559572999,-0.00189677098223819,-0.0272239674179338,0.00165702541245632,0.999959674754409,-0.00882627508289135,0.0272396110272201,0.00877787701539125,0.999590392343879,0.306526588848397,-0.0865458487276544,0.627037931094177,-0.0558477228729322,0.0202478085982134,-0.151954730784064
0.999613500612759,0.00142707606744494,-0.0277635164668229,-0.00166555983685149,0.999961901797057,-0.00856859760067151,0.0277502306861707,0.00861152764090624,0.99957779401533,0.306243840498102,-0.0864440763561131,0.626255690034948,-0.0572471930533591,0.0203523951335086,-0.160750314070029
0.999590048831702,0.00458539331909665,-0.0282614303379048,-0.00482197079462898,0.999953857003457,-0.0083085775897448,0.0282220281746512,0.00844144727035881,0.999566035384202,0.305954063163333,-0.0863436656617388,0.625432258506433,-0.0586648488998612,0.0196890143750015,-0.168457207714795
0.999558235011138,0.00760099237158388,-0.0287325553403421,-0.00783536043226074,0.999936875265429,-0.00805311190208808,0.0286695299632774,0.00827468424642981,0.999554694677738,0.305657396784045,-0.0862488255512043,0.624572437474495,-0.0599762127861229,0.0180986645841972,-0.175353838898045
0.999519008890435,0.0104935761539642,-0.0291827984638693,-0.0107261980688891,0.999911846462763,-0.00782610876586334,0.0290981020286345,0.0081353649536524,0.999543453930544,0.305354781350765,-0.0861638417266092,0.623679263991509,-0.0610200920649849,0.0157941467956696,-0.181869909927349
0.999473244291505,0.0132776881464964,-0.0296131211272897,-0.0135096601879568,0.999879497890571,-0.00764714193053848,0.0295080163179614,0.00804317695840738,0.99953218271219,0.305047759363352,-0.0860919205600446,0.622753581607572,-0.0617321022093131,0.0128840167302225,-0.1884230996965
0.999421754663783,0.0159648650808273,-0.0300213155560672,-0.0161977309981018,0.999840457031815,-0.00752954134894647,0.0298963177545181,0.00801146462036389,0.999520898540575,0.304738136607803,-0.0860358212113056,0.621794790646211,-0.0620501308649643,0.00948537344348172,-0.195117040604329
0.999365209932557,0.018564334853902,-0.0304062928994694,-0.0187998101378696,0.999795311477783,-0.00747678311989827,0.030261267574842,0.00804366946574381,0.999509657315171,0.304427890948707,-0.0859975230382011,0.620801724151308,-0.0619869570635036,0.00579766468158508,-0.202176358107525
0.999321285932765,0.0209381733022173,-0.0303077610596828,-0.0211401405267023,0.999756300208139,-0.00635882478492413,0.0301672328892756,0.00699521928894293,0.999520387469362,0.304126699624699,-0.0860180268790378,0.619901947249573,-0.0597692332335979,-0.00860744703030799,-0.175351317187562
0.999282736970512,0.023167921228295,-0.0299542821426701,-0.0233227316159422,0.999716324464992,-0.00482916019395452,0.0298339032426851,0.00552431209904562,0.999539604114384,0.303828891680195,-0.0860774236806721,0.619029350995867,-0.0593391894711527,-0.0151175956050378,-0.173673925168082
0.999248893118371,0.0252738415898213,-0.0293748622635516,-0.0253763222501369,0.999673097011577,-0.00312111844355823,0.0292863768801676,0.00386420012087016,0.999563592817715,0.303533633540093,-0.0861684402526105,0.618166100865619,-0.058733450449683,-0.0212173429801112,-0.171541039116548
0.999217659217805,0.0271966133047279,-0.0287126058037908,-0.0272547554279827,0.999627182253398,-0.00163548362635777,0.0286574216190437,0.00241675916970065,0.99958637018582,0.303245697393794,-0.0862763325813585,0.617350049727914,-0.0552570717144198,-0.0166895274986588,-0.140015544771299
0.999182333512789,0.0287848252506986,-0.0283918691041295,-0.0288331312382847,0.999583402063834,-0.00129339146742659,0.0283428110626862,0.0021109603925484,0.999596032858918,0.30296928458196,-0.086368429376433,0.616674310534952,-0.0553468526510442,-0.0200251391627716,-0.129903275036076
0.999151103412146,0.0302262697987257,-0.027990090466915,-0.030268303650794,0.999541227352608,-0.0010791740109284,0.0279446299741966,0.0019254704612586,0.999607618127787,0.302691740179134,-0.0864757473972537,0.616055127840895,-0.0557148690324118,-0.0228266610549945,-0.117392697060351
0.999122459012949,0.0315291232015801,-0.0275722013277402,-0.031567597073433,0.999501157113181,-0.000961116237326391,0.0275281439789762,0.00183066096037649,0.999619352538516,0.302412457533854,-0.0865969512468026,0.615504421290209,-0.055960221085495,-0.0256848569846253,-0.102521727708778
0.999094892105161,0.0327141177799057,-0.0271879213486142,-0.0327521881834851,0.999463045940414,-0.00095601710390525,0.0271420474277376,0.00184561572160451,0.999629882988718,0.302133462601041,-0.0867328473866734,0.615031669756315,-0.0555064108821298,-0.0286946602654199,-0.0864331261558692
0.99906791280494,0.0338005211850379,-0.0268482843250717,-0.033842629725796,0.999426551704388,-0.00111541988476002,0.0267951864487403,0.00202299676135461,0.999638897536146,0.301857934131944,-0.0868833029374366,0.614641547167622,-0.0546576763282004,-0.0314263031984702,-0.069486753159252
0.99904164645325,0.0347918916277547,-0.0265577282338254,-0.0348422081657589,0.99939179701639,-0.0014340803622223,0.0264916813757278,0.00235803590175343,0.999646252673701,0.301588096291505,-0.0870464212251851,0.614336575170281,-0.0531588652678125,-0.0337553164170077,-0.0525371624319807
0.999016582966345,0.0356904924301758,-0.026306951711265,-0.0357529277181783,0.999358840852167,-0.00190666467724176,0.0262220349672937,0.00284534017373916,0.999652093941422,0.301327316541102,-0.0872204281574462,0.614115303905037,-0.0510628976322376,-0.0358083277942674,-0.0360600061205871
0.998993036004444,0.0364996078147382,-0.0260900870829215,-0.0365773539420306,0.999327675654681,-0.00250875451432737,0.0259809775263278,0.00346053463846818,0.999656447739318,0.301078307364981,-0.0874039724822212,0.613973586513796,-0.048462101084395,-0.037558797861501,-0.0208619794002946
0.998971316559241,0.03721811384018,-0.0259059972608192,-0.0373132605763222,0.999298497622915,-0.00319894259856822,0.0257687655323583,0.00416228912557157,0.999659264985912,0.300843373499333,-0.0875955154404106,0.613904345052381,-0.0454483075444058,-0.0390116833672167,-0.00705539787855323
0.998951625254775,0.0378466009318439,-0.0257543238845413,-0.0379601036006844,0.999271517959884,-0.00393242021850987,0.0255867335834298,0.00490593437128794,0.999660567829138,0.300623829812024,-0.0877936539555808,0.613900869186101,-0.0423720156128614,-0.0402037454055704,0.00546050999996097
0.998933962668704,0.0383876575164372,-0.0256383692422319,-0.0385192870140207,0.999246991327719,-0.00465991957371981,0.0254401799311993,0.00564252362890636,0.99966042192945,0.300419653210248,-0.0879974807661665,0.613956737136569,-0.0392980085833853,-0.0413226113294836,0.0166765117588954
0.998918268134512,0.0388463177586408,-0.0255588963717858,-0.0389951041680936,0.999225086419065,-0.00534869346031375,0.0253313133901206,0.00633957943459829,0.999659009009835,0.300230592739915,-0.0882062306515876,0.614064427859088,-0.0363517524640113,-0.0421131234437919,0.0260924211791106
0.99890439698032,0.0392292563770383,-0.025516095655263,-0.0393937532022306,0.999205893357667,-0.00597619343297721,0.0252613915298757,0.00697482067233378,0.999656548007646,0.300056088567885,-0.0884182651591987,0.614214975728185,-0.0334527453616386,-0.0426702546192244,0.0338770480677692
0.998892151626123,0.0395428024355849,-0.0255114914357343,-0.039721352091586,0.999189456737371,-0.00653021691019515,0.0252325901910901,0.00753633335371041,0.999653199900761,0.299896058952024,-0.0886323151973736,0.614400265390648,-0.0305594588485578,-0.0428901114830888,0.0399617209125006
0.998881399326369,0.0397926253537638,-0.0255440217516784,-0.0399835211372209,0.999175775453835,-0.00700626745825661,0.0252441699658482,0.00801977017639602,0.999649146035275,0.299750445756702,-0.0888466762863385,0.614612268598651,-0.0276905390385505,-0.0428091980675534,0.0446247441976539
0.998872098571254,0.0399828903736825,-0.0256105285620088,-0.0401845365498021,0.999164815750226,-0.00740769796190546,0.0252929578763932,0.0084284900298503,0.999644550246576,0.299619035299772,-0.0890598531690334,0.614844548369295,-0.0248850657808462,-0.0424090081764486,0.0481043255304976
0.998864235767043,0.040116770147511,-0.025707649804151,-0.0403278381699821,0.999156484927235,-0.007744940050612,0.0253752630342392,0.00877287756574849,0.999639501342939,0.299501552396492,-0.0892702326539018,0.61509170956511,-0.0221115877335965,-0.0416926429819757,0.0506114754094864
0.99885778865549,0.0401974203499745,-0.0258318686794546,-0.0404169766128791,0.999150600064635,-0.00803407691983019,0.0254869779247975,0.00906894633831417,0.99963401711255,0.299397745627826,-0.0894762456049129,0.615349343898434,-0.0194281150349106,-0.0406620436923279,0.0523195084318049
0.998852705198949,0.0402272336141396,-0.0259815894913291,-0.0404548204613871,0.999146945330151,-0.00829392180244773,0.025625784245159,0.00933548676725663,0.999628014747806,0.299307105832634,-0.0896765059132888,0.615613874291406,-0.0168431049986883,-0.0394103098044242,0.0533970292714917
0.99884889088811,0.0402085018707073,-0.0261566348926106,-0.0404440719057853,0.999145306567086,-0.0085401061259833,0.0257908941153982,0.00958815635441529,0.999621376841478,0.299229058239845,-0.0898701352220684,0.615882196651,-0.0144003546183756,-0.0380216996663743,0.053826012300562
0.998846180663715,0.0401436295348469,-0.0263589905208631,-0.0403874884046807,0.999145472465713,-0.00878496622808624,0.0259838056079505,0.00983940338820411,0.999613939472181,0.299163005592686,-0.0900565815283398,0.616151320041828,-0.0120286417351511,-0.0365437742642698,0.0537483261061249
0.998844349972014,0.0400365861240968,-0.0265901542025259,-0.0402890631772777,0.999147279359914,-0.0090280416469454,0.0262060282622844,0.0100889007929226,0.999605651326316,0.299108286043882,-0.0902358607904981,0.616418856681533,-0.00990690267652655,-0.0351974571733476,0.0531884056615313
0.998843053411687,0.0398930875084102,-0.0268532348193704,-0.0401543441414337,0.999150570931748,-0.00926095315472776,0.0264609768865254,0.0103285127588186,0.999596487852174,0.299063526331417,-0.0904088379038238,0.616682467576109,-0.00803476263252456,-0.0340197175647968,0.0521870736483822
0.998841983430845,0.0397194226507027,-0.0271488416001398,-0.0399892793449063,0.999155230569614,-0.00947009835514358,0.0267497602495739,0.0105447944349754,0.999586543345254,0.299027307844377,-0.0905759847754606,0.616940970921562,-0.00651279119855198,-0.032830450444292,0.0512414543369561
0.998840793207446,0.0395235888882158,-0.0274764580343873,-0.0398013416754032,0.999161146354869,-0.00963622413925124,0.0270725511460954,0.010718653657031,0.999576003832737,0.298997975158209,-0.0907370884700133,0.617195037002537,-0.00525841614118415,-0.031606442142114,0.0503975693680827
0.998839283182641,0.0393115832450368,-0.0278331779349109,-0.0395961487864994,0.999168219577943,-0.00974751182208743,0.027426836719995,0.0108382843759,0.999565055521311,0.298974259999136,-0.0908918437914405,0.617445595325816,-0.00427113413916994,-0.0302758116245212,0.0498879739540353
0.998837359002645,0.0390882791459718,-0.0282141222445094,-0.0393782632588611,0.999176352452047,-0.00979638113484302,0.027807960071486,0.0108960145938719,0.999553897607644,0.29895492340174,-0.0910396971923291,0.617694548194436,-0.00349432762229098,-0.0288520749916668,0.0497504816727847
0.998834964116004,0.0388573391048348,-0.0286150599697785,-0.0391512237465797,0.999185411094565,-0.00978242990938778,0.0282116312631404,0.0108913476429092,0.999542636613364,0.298939010578218,-0.0911801541323442,0.617943640452763,-0.00289898491524343,-0.0273107556720063,0.0499349102779505
0.998832113263043,0.0386205569457974,-0.0290320873462694,-0.0389167474776201,0.999195305536566,-0.00970711900890447,0.0286338310438569,0.0108256166053629,0.999531345053704,0.298925823386535,-0.091312680987215,0.618194333770888,-0.00238469611655337,-0.0256890525778057,0.0503811766377841
0.998828888033575,0.0383785502506592,-0.0294608097354907,-0.0386754573585631,0.999205948568077,-0.00957503756001901,0.0290699402771855,0.0107032344096272,0.999520074508488,0.298915249300481,-0.091436949302325,0.618447916424178,-0.00183540844414128,-0.0240095697106021,0.0510939781222681
0.998825455848537,0.0381303959246666,-0.0298961812877688,-0.0384265336711298,0.999217269170691,-0.00939417378424911,0.0295145770592177,0.0105319465292656,0.999508863314038,0.298907497158831,-0.0915527747630433,0.61870550883372,-0.00126291058843324,-0.0223210274052561,0.0519622550607614
0.998822015170894,0.0378748716185363,-0.0303327563837108,-0.0381689149156497,0.999229187968924,-0.00917408551989824,0.0299619082188709,0.0103210469839019,0.999497753896946,0.298902743001049,-0.0916603069263925,0.618967851190256,-0.000626294144106184,-0.0207065956466612,0.053002953304128
0.998818760761449,0.0376109214149177,-0.0307652684253447,-0.037901689792274,0.999241632905892,-0.0089230588061532,0.0304063325945906,0.0100785741991969,0.999486806956579,0.298901346567609,-0.0917599880885217,0.619235689536527,7.84933830483089e-05,-0.0191797081555131,0.0541441438632868
0.998815981701815,0.0373373360803693,-0.0311858626858512,-0.0376239535000779,0.999254488952085,-0.00865473466554388,0.0308394685437863,0.00981782274888623,0.999476131549127,0.298903420414852,-0.0918521942143485,0.619509765481128,0.000739751256785873,-0.017710681518707,0.0555310799642987
0.998814165803224,0.0370523817202821,-0.0315813742523304,-0.0373345037775839,0.999267598101628,-0.00839060259368662,0.0312473521837103,0.00955972766652438,0.999465964697372,0.298908693521476,-0.0919372128702771,0.619791421975089,0.00136532205061155,-0.0163079234575263,0.0571690861072136
0.998813728274578,0.0367557497426785,-0.0319398038674504,-0.0370334707052077,0.999280813085332,-0.00814730919046984,0.0316173727207707,0.00932048605879422,0.999456587492355,0.29891661975295,-0.0920151400702596,0.620083282111674,0.00176050000454537,-0.0148487167553479,0.0597512944208032
0.998815146075954,0.0364478463872406,-0.0322468364805443,-0.0367217771386714,0.999293956243992,-0.0079435570123699,0.031934543257241,0.00911830620033864,0.999448368570877,0.29892611684685,-0.0920856181148544,0.620389769596595,0.00202317771423479,-0.0133349146293804,0.0629135048857315
0.998818822071071,0.0361289414145725,-0.0324909259458767,-0.0364000991123164,0.999306910418797,-0.00779304650651629,0.032186852302945,0.00896651445666452,0.999441648200298,0.298936640511219,-0.0921483404155721,0.620713397479893,0.00216645615540625,-0.0117395020053696,0.0666281197448914
0.998825020142743,0.035800446501405,-0.0326635449262503,-0.0360699509986565,0.999319609447131,-0.00769914341911218,0.0323656881867767,0.00886826954560885,0.999436749386105,0.298947615512157,-0.092202926447899,0.621056692405515,0.00220853254967378,-0.0100870636340186,0.0707453171115968
0.998833833155564,0.0354643017354732,-0.0327606020423624,-0.0357332201070821,0.999332009671872,-0.00765972753808737,0.0324670713884322,0.0088214368214153,0.999433875515466,0.298958721590732,-0.0922491140792343,0.621421035461128,0.002234743159293,-0.00837881810198881,0.0750042229158697
0.998845185548389,0.0351231454744441,-0.0327820066314684,-0.0353923027548385,0.999344089705315,-0.00766650355547321,0.0324912328561792,0.00881788086998608,0.999433121706724,0.298969962131193,-0.0922866592603913,0.621806666141714,0.0022616837816604,-0.0066343671642913,0.0792378799220423
0.998858890606703,0.0347798727223326,-0.0327303698324,-0.035049773586943,0.999355837057313,-0.00770871655861163,0.0324411779602925,0.00884711212177887,0.999434489388701,0.298981500399781,-0.09231543300801,0.622212937984069,0.00237011162128275,-0.00487309404096671,0.0832217636429964
0.998874677596963,0.0344371755530241,-0.0326107251604994,-0.0347079766933934,0.999367256259281,-0.00777453989948207,0.0323223577329113,0.00889764332438515,0.999437890583431,0.298993814338882,-0.0923353905141499,0.622638363811233,0.00256987446897982,-0.00311019455992696,0.0868975337817226
0.998892244331683,0.0340971857139571,-0.0324294024058518,-0.0343687516897298,0.999378361144064,-0.00785367329949027,0.0321414548722121,0.0089595314271087,0.999443171808835,0.299007482787286,-0.0923465969198698,0.623081128393218,0.00292525868067868,-0.00137866070509861,0.0901312654069722
0.998911259292265,0.0337615791287087,-0.0321939720114863,-0.0340335470091409,0.999389171052408,-0.00793740896997209,0.0319063275404271,0.00902444224957643,0.999450121669394,0.299023305640092,-0.0923492533663586,0.623538934118083,0.00342633947052952,0.000308746125749592,0.0929198407657972
0.998931396392206,0.0334315449533401,-0.0319123346678307,-0.0337033999631076,0.999399707271102,-0.00801909828870117,0.0316250870804435,0.00908608323040505,0.99945850186923,0.299041996537067,-0.0923436391889503,0.624009516911508,0.00407396442753293,0.00192434356481713,0.0952351326481231
0.998952348406551,0.0331077248008272,-0.0315924701716922,-0.0333788781907607,0.999409992645874,-0.00809426280156469,0.0313058477566561,0.00914030404784899,0.999468057887869,0.299064253357054,-0.0923301319791942,0.624490520166744,0.00484838779192604,0.00346705860414137,0.0970929683052266
0.998973841361736,0.0327903792580814,-0.0312418837954639,-0.0330602345930481,0.999420045962953,-0.00816042989443996,0.0309561813476841,0.00918492000621861,0.9994785400802,0.299090672859491,-0.0923090618677953,0.624979578101288,0.00573771754869233,0.00495235406225255,0.0984466345724784
0.998995627474104,0.0324794247082098,-0.0308678353346454,-0.0327474553479204,0.99942987567895,-0.00821752813166247,0.030583336244743,0.00922011773148451,0.999489694280616,0.299121777837275,-0.0922806973746702,0.625474235210955,0.00671815849257281,0.00638507427097941,0.0993449762009606
0.999017492991246,0.0321746336380359,-0.0304769035130536,-0.0324404116158614,0.999439484678121,-0.00826656884837657,0.030193846917531,0.00924713018128505,0.999501286738407,0.299157930042878,-0.092245254179271,0.625972286653494,0.00774971186807903,0.00778842877960434,0.0998047248000823
0.999039259136965,0.0318754866552507,-0.0300751068752057,-0.0321387191854913,0.999448871749395,-0.00830996317545999,0.0297936475138618,0.00926855486860288,0.999513097692305,0.299199324315155,-0.0922028256515768,0.626471667642202,0.00881279842676208,0.0091819759070969,0.0998893793447719
0.999060790267704,0.0315813638533292,-0.0296674031023155,-0.0318419030892381,0.999458031082585,-0.00835088690966054,0.0293875918939817,0.00928771024989497,0.999524941100014,0.299246030514648,-0.0921533924390129,0.626970587715524,0.00986690845974576,0.0105955934043674,0.0996219167985555
0.999081999940834,0.0312914984336376,-0.0292574694736569,-0.0315493473498982,0.999466953610917,-0.00839329026718701,0.0289792352559515,0.00930863929322857,0.999536669241549,0.299297974791354,-0.0920968342226217,0.627467396712525,0.0109093725617622,0.0120310038954794,0.0990551370191634
0.999102844328616,0.0310049457675349,-0.0288478732738198,-0.0312602374618786,0.999475636243086,-0.00844097804196205,0.028571034428195,0.00933519653944946,0.999548172974806,0.299355036121205,-0.0920330088732692,0.627960656626429,0.0119066755406654,0.0135063004652678,0.0982025434431272
0.999123298283338,0.0307208107676048,-0.0284405803950045,-0.0309737863882695,0.999484076450525,-0.00849738069139184,0.0281648608055775,0.00937084348506584,0.999559366875315,0.299416959425057,-0.0919617086086354,0.628449013485601,0.0128551967866848,0.0150196413472068,0.0971012971557042
0.999143346306025,0.0304382815967171,-0.0280371993223068,-0.0306892782480873,0.999492268742158,-0.00856579974462825,0.0277622357351004,0.00941890323193451,0.999570178891356,0.299483449186319,-0.0918827236723286,0.628931232251724,0.013727492333682,0.0165828764168113,0.0957441482639321
0.99916297646174,0.0301566753875053,-0.027639128019707,-0.0304061004987202,0.999500208367587,-0.00864884533406496,0.0273644937935795,0.00948200415120578,0.999580550069227,0.299554128339972,-0.0917958228324643,0.629406106654921,0.0145346073867442,0.0181826212533322,0.0941726310561999
0.999182167967297,0.0298755812119345,-0.0272478414451904,-0.0301238523230821,0.999507900758257,-0.00874699051335122,0.0269731113776344,0.00956064689613732,0.999590438776571,0.299628636759632,-0.0917008504193422,0.629872575763631,0.0152537099819955,0.0198107140101031,0.092378169530087
0.999200901635066,0.0295945580248301,-0.0268648526328743,-0.0298420898475551,0.999515355851285,-0.00886019700740233,0.0265896191247927,0.00965482018447228,0.999599808224274,0.299706539119584,-0.0915976825397263,0.630329591861556,0.0158957409259958,0.0214594587042701,0.0904002885267209
0.999219160481648,0.0293132488602328,-0.0264915603090628,-0.0295604332318866,0.999522587486615,-0.00898765215196426,0.0262154556224725,0.00976373623771135,0.999608633086563,0.299787427934398,-0.0914862655304094,0.630776306166552,0.016444083032098,0.0231061584962383,0.088259351830218
0.999236931639008,0.0290312742864288,-0.0261292855234858,-0.0292784668934639,0.999529615254585,-0.00912795735039081,0.025851998472653,0.00988601751608548,0.999616897032379,0.299870849162591,-0.0913666345148612,0.631211989330688,0.0169125003834132,0.0247449294732162,0.0859953630598152
0.999254212904023,0.0287483969204312,-0.02577882208455,-0.0289959083002897,0.999536457326278,-0.00927942764805685,0.0255001038312148,0.010019987531912,0.999624601815331,0.299956387104497,-0.0912388911349627,0.631636118157327,0.0172870267541541,0.0263449782028326,0.0836425949386256
0.99927100995353,0.0284644143516578,-0.0254406325013758,-0.0287125077805426,0.999543132111718,-0.00944028311271669,0.025160297363211,0.0101638655989293,0.999631759835932,0.300043602005479,-0.0911032765639714,0.63204829248654,0.0175883358754292,0.0278921044003875,0.0812152062191512
0.999287331579704,0.0281792532339313,-0.025114908550379,-0.0284281408343111,0.999549656790347,-0.00960855967372342,0.0248328361855931,0.0103156821139904,0.999638393094975,0.300132129459507,-0.0909601435683856,0.632448202770311,0.0178093778256239,0.02934424769018,0.0787423933696024
0.999303187060689,0.027893014929271,-0.0248016138286461,-0.028142828681664,0.999556057372402,-0.00978107171711352,0.0245177797556046,0.0104722437087891,0.999644542118627,0.300221582398255,-0.0908099868007492,0.632835699703448,0.0179614491307903,0.0307041832202551,0.0762546002845499
0.999318581375808,0.0276060161933162,-0.0245006282976148,-0.0278568072483845,0.999562357766209,-0.00995445763386139,0.0242151028692813,0.0106301837609869,0.999650252831578,0.300311616200448,-0.090653324672207,0.6332107805059,0.0180401222367002,0.0319392119333283,0.0737804396213706
0.999333515529339,0.0273186224007093,-0.0242119311476639,-0.0275703642871981,0.999568583891744,-0.0101252708470378,0.0239248772795796,0.0107860542730947,0.999655571324631,0.30040187949961,-0.0904907810281169,0.633573556933925,0.0180556940692071,0.0330608911608463,0.0713347098911886
0.999347989987559,0.0270313153860462,-0.0239353900391601,-0.0272839151480333,0.999574757185555,-0.0102904213535656,0.0236470480614714,0.0109367630466743,0.999660544551019,0.30049205753839,-0.0903229564608009,0.633924211160709,0.0180047384680878,0.0340458911166957,0.0689344651221988
0.999361998265708,0.026744496470385,-0.0236712553726372,-0.0269978045311238,0.99958090226977,-0.0104469310351249,0.0233819368930435,0.0110793378005632,0.999665210608547,0.300581837097978,-0.0901505169653245,0.634262994722207,0.0178989593911867,0.0349118066141372,0.0665872325737748
0.999375534646637,0.026458525790559,-0.0234198027903684,-0.0267123485259746,0.999587042230705,-0.0105922349246041,0.0231298764799185,0.011211218375425,0.999669604117562,0.300670947393803,-0.0899740889493457,0.634590234404788,0.0177358923589141,0.0356354084769785,0.0643225510352957
0.999388594261308,0.0261737926756145,-0.0231812475371954,-0.0264278943374232,0.999593200552444,-0.0107237964458671,0.0228911349936339,0.0113298714157022,0.999673761760509,0.300759115703618,-0.0897943569204151,0.634906378087899,0.0175241679111568,0.0362394535461202,0.0621491869629212
0.999401184123743,0.0258905832361164,-0.0229554105115607,-0.0261447171661555,0.999599387461501,-0.0108405881248717,0.022665545137108,0.0114342593238523,0.999677713454367,0.300846107848967,-0.0896119355566555,0.635211941528636,0.0172652178438264,0.0367060534177316,0.0600960882274638
0.99941331703946,0.0256092635451426,-0.0227417533374066,-0.0258631725397878,0.999605608954892,-0.0109417938244591,0.0224525729118331,0.0115235483508872,0.999681494178543,0.300931710500526,-0.0894274908444364,0.635507513165383,0.016970747806741,0.0370537966554648,0.0581480812007292
0.999425011487582,0.025330116218152,-0.0225395569038433,-0.0255835591899967,0.999611857926057,-0.0110279187876758,0.0222514698889447,0.0115982199492227,0.99968512711843,0.301015766081121,-0.0892416324804625,0.635793586759564,0.0166470465730499,0.0372671734490645,0.0562961832772194
0.999436287860416,0.0250534491167159,-0.0223479572925045,-0.0253062111170323,0.999618119083492,-0.0111000756250976,0.0220613278542265,0.0116593605029959,0.999688630087373,0.301098142905972,-0.0890549862231633,0.636070597992838,0.0163003041705242,0.0373760144088298,0.0545191149304405
0.999447171264686,0.0247794985303857,-0.0221659266352622,-0.0250314019154126,0.999624370365373,-0.0111600667462518,0.0218810595988013,0.0117087413591012,0.999692014875891,0.301178742830015,-0.0888680527116372,0.636338859259734,0.0159373711730584,0.0373803018194346,0.0527923789334648
0.99945769600982,0.0245082516298876,-0.0219922597472008,-0.0247591465191748,0.999630598135133,-0.0112094574194249,0.0217094115623678,0.0117478880673073,0.999695297866092,0.301257495166323,-0.0886813177442148,0.636598600892921,0.0155616768837361,0.0373013009122625,0.0511112990151459
0.999467892474935,0.0242396402615377,-0.0218259421721516,-0.0244894017237233,0.999636791169828,-0.0112496641240328,0.0215453269857982,0.0117781823589505,0.999698491198919,0.301334351942912,-0.0884951827010288,0.636850041499059,0.0151805042480488,0.0371391687848983,0.0494709951179408
0.999477775292342,0.0239737937446363,-0.0216664235664468,-0.0242223038311143,0.999642944919186,-0.0112810757647351,0.021388237276228,0.0117999952028019,0.99970160719058,0.301409296207103,-0.0883100322790318,0.637093384433405,0.014796954877107,0.0369112181079017,0.0478727235359027
0.999487352086883,0.0237108585741868,-0.0215134424029996,-0.0239580176177462,0.999649049439023,-0.0113044835125564,0.0212378532384993,0.0118141077247842,0.99970464660743,0.301482325834281,-0.0881261823916167,0.637328816247822,0.0144154617424261,0.0366181440627885,0.0463039575924263
0.99949662485517,0.0234509961831865,-0.0213669764154878,-0.023696718010651,0.999655098067604,-0.0113203561327829,0.0210941332755704,0.0118209849617331,0.999707608181456,0.301553453877091,-0.0879439295862594,0.637556479748002,0.0140361413519328,0.0362757625648043,0.0447663825310391
0.999505597354811,0.0231942187849832,-0.0212270834397196,-0.0234384368574775,0.999661084321037,-0.0113294382812094,0.0209571117781179,0.0118213666318249,0.999710485469106,0.30162269605877,-0.0877635066557548,0.63777650549534,0.0136616947608607,0.0358856500957604,0.04324582970149
0.999514268908297,0.0229406464716678,-0.0210939087931729,-0.0231832987448401,0.999667007835039,-0.0113317300288729,0.0208269274743116,0.0118152522445236,0.999713278348537,0.301690076550625,-0.0875851342161657,0.637988976425019,0.0132911200740234,0.0354576832167445,0.0417459388763558
0.999522638158176,0.0226904268421564,-0.0209676021290327,-0.0229314635900302,0.999672862996829,-0.0113276195797219,0.020703714327139,0.0118030300111679,0.9997159820147,0.301755613856615,-0.0874089813871575,0.638193994355536,0.012924526217048,0.0349986298908385,0.0402636770891549
0.999530707885972,0.0224435564280497,-0.0208482797330843,-0.022682944689925,0.99967864460228,-0.0113177535908227,0.0205875693845045,0.0117853426343797,0.999718589246908,0.301819323743483,-0.0872351809771372,0.638391654812341,0.0125596698829533,0.0345185249155756,0.0388042373159182
0.999538483361824,0.0222000649344921,-0.0207358963068869,-0.0224377929269437,0.999684342716913,-0.0113031135189295,0.0204784210161141,0.0117631646914658,0.99972109221979,0.301881211576791,-0.0870638231073646,0.638582075860053,0.0121956471639563,0.0340221037637259,0.0373675952097825
0.999545967224782,0.0219599532869875,-0.0206305563741671,-0.0221960252627325,0.999689951625277,-0.0112843733537577,0.0203763555919722,0.0117371662288726,0.99972348330011,0.301941280156329,-0.0868949822633952,0.638765379511069,0.0118318603488636,0.0335121545495472,0.0359582651860269
0.999553162762545,0.0217232311512816,-0.0205323169598939,-0.0219576697580316,0.999695463471237,-0.011262373365577,0.020281408979427,0.0117081827529477,0.99972575384774,0.301999526827792,-0.0867287160706598,0.638941726262995,0.0114665686523445,0.0329929998359566,0.0345866474062805
0.999560075411676,0.0214898670483968,-0.0204411657507098,-0.0217227181145765,0.999700867839071,-0.0112382542916476,0.0201935425500432,0.0116773479887909,0.999727893170551,0.302055943156672,-0.0865650547176348,0.639111314975632,0.0110997955326623,0.0324713914403163,0.033255088744433
0.999566713356647,0.0212599850235129,-0.0203567823142941,-0.0214913219848055,0.999706146187919,-0.0112135789757033,0.020112399875126,0.0116462144450001,0.99972989205103,0.302110517995357,-0.0864039929704871,0.639274365252651,0.0107295632152387,0.0319542435828904,0.0319731526842418
0.999573084323011,0.0210337215986704,-0.0202788474202221,-0.0212636372144701,0.999711284493227,-0.0111895214067947,0.0200376353244195,0.0116159464793594,0.999731745498758,0.302163232805622,-0.0862454986353657,0.639431132528898,0.010355884630299,0.0314448052881347,0.0307415774512127
0.999579198496889,0.0208111368881825,-0.0202069917043057,-0.0210397398975476,0.999716271995527,-0.0111671326852227,0.0199688576879124,0.0115875833885739,0.999733450792687,0.302214067723899,-0.0860895155399388,0.639581885859763,0.00997729276693091,0.0309512969278599,0.029569439338164
0.999585063013506,0.0205924228259149,-0.0201408520783977,-0.0208198313755361,0.99972109906403,-0.0111471389917894,0.0199056881764837,0.0115618427755599,0.999735008574699,0.302262999446288,-0.0859359640135731,0.639726918376631,0.00959490110247696,0.0304713005826505,0.0284518252110761
0.999590683664114,0.0203778867622126,-0.0200800115292806,-0.0206042185637192,0.999725759208711,-0.0111298046679343,0.019847702871821,0.0115389820033798,0.999736425556776,0.302310007219125,-0.0857847694596184,0.639866513685673,0.00920737656005137,0.0300097066684878,0.0273964214682113
0.999596068916399,0.0201677142230184,-0.0200240432955354,-0.0203930841516654,0.999730249995918,-0.0111152760597146,0.0197944720986924,0.0115191382541937,0.999737709766024,0.30235506751927,-0.0856358443908209,0.640000980466096,0.00881630945835994,0.0295623715239174,0.0263991472389636
0.999601229200798,0.0199619953230714,-0.0199725141876221,-0.0201865073051098,0.999734575726745,-0.0111032886698914,0.0197455692010596,0.0115020363061445,0.999738873735406,0.302398163893324,-0.0854891191332765,0.640130623016429,0.00842171478446902,0.0291302599300406,0.0254687630923084
0.99960617566369,0.0197608043149115,-0.0199249639357376,-0.0199845551382149,0.999738738679364,-0.0110937793255106,0.0197005363109819,0.0114876018656313,0.999739928117526,0.302439280184102,-0.0853445159033841,0.64025576664393,0.00802446627067478,0.028713463237717,0.0245975524312155
0.99961092310432,0.0195641125186306,-0.0198808428364652,-0.0197871952421571,0.999742740619391,-0.0110869059380044,0.0196588228278965,0.0114759783978431,0.999740882731537,0.302478403651336,-0.0852019579595327,0.640376712146314,0.0076245342079427,0.0283122164838093,0.0237911114716173
0.999615485793361,0.0193719201613962,-0.0198395884877725,-0.0195944240920196,0.999746582606563,-0.0110828295575724,0.0196198651016194,0.0114673133627983,0.99974174746163,0.302515522753735,-0.0850613703488891,0.640493774274275,0.00722293234492941,0.0279250145890396,0.023042413759311
0.999619876836936,0.019184255876956,-0.019800660568698,-0.0194062682352895,0.999750264259491,-0.0110817808251843,0.0195831199171456,0.0114618253138367,0.999742530842209,0.302550629034013,-0.0849226834681686,0.640607243878764,0.00681927708104946,0.0275520390029257,0.0223552936753455
0.999624107384019,0.019001190337307,-0.019763570084122,-0.0192227955259782,0.999753785098061,-0.0110839214300727,0.0195480962978752,0.0114596661324415,0.999743241029047,0.30258371566292,-0.0847858271820623,0.640717416964349,0.00641548835129489,0.0271926153150959,0.0217219592540999
0.999628184312899,0.018822835213306,-0.019728000451887,-0.019044111291834,0.999757147022176,-0.0110891299561221,0.0195144805824077,0.0114607090798192,0.999743885800252,0.302614783947258,-0.0846507400265089,0.640824553703629,0.00601190262371815,0.0268438355478892,0.0211409068703209
0.999632114189586,0.0186492716523639,-0.0196936778610606,-0.0188702784358849,0.999760359794969,-0.0110966469884433,0.0194820140799423,0.0114641898741379,0.999744479093493,0.302643838003817,-0.0845173771834887,0.640928894639666,0.00561012380760247,0.0265023566719405,0.020601492312287
0.999635903642745,0.018480468752668,-0.0196604278446381,-0.0187012462886414,0.999763436858525,-0.0111055710380776,0.0194505407535147,0.01146920204338,0.999745034430721,0.302670889559451,-0.084385710286038,0.641030636105047,0.00521098959134296,0.0261649415024365,0.0201011300666487
0.999639558554654,0.0183163999567332,-0.0196281039655355,-0.018536972293741,0.999766389520537,-0.0111151717598871,0.0194199287032153,0.0114750110107005,0.999745562876609,0.302695955138672,-0.0842557157184884,0.641129963283131,0.00481600921011606,0.0258340515438336,0.0196347785799811
0.999643087551769,0.0181569785044753,-0.0195964701299591,-0.0183773609829631,0.999769225264664,-0.0111251434595321,0.0193899487690974,0.0114813041629131,0.999746072531146,0.302719058356613,-0.0841273641980644,0.641227034743025,0.00442616860410902,0.0255070338813435,0.0191982684896486
0.99964649916501,0.0180021457836596,-0.019565261417209,-0.018222348490489,0.999771948726766,-0.0111353740205006,0.019360338907959,0.0114879626683383,0.999746569882137,0.302740226070909,-0.0840006334246958,0.641321989492121,0.00404185536556436,0.0251864461219463,0.0187874001774186
0.999649800674737,0.0178518513695765,-0.0195342625567913,-0.0180718881639728,0.999774559262154,-0.011146188153597,0.0193308786439719,0.0114953057743183,0.999747055547556,0.302759486571348,-0.0838754917093537,0.641414946953374,0.00366331484650004,0.024870970520888,0.0183988796831086
0.999652998803663,0.017706122344946,-0.0195032103600916,-0.0179260027614841,0.999777059218201,-0.0111575214990177,0.0193013058583983,0.0115032644284822,0.999747535380633,0.302776869845963,-0.0837519205472985,0.641506003394094,0.00329105743595036,0.0245577614525118,0.018025729564638
0.999656097619286,0.0175649898801533,-0.0194719701902545,-0.017784716639917,0.999779453166707,-0.0111691038010436,0.0192714905136553,0.0115115661919105,0.999748015000376,0.302792406657004,-0.0836299041990575,0.641595234013948,0.00292461506356763,0.0242497486620758,0.0176690837504043
0.99965910302178,0.017428329333649,-0.0194404496431368,-0.0176479039742078,0.999781745309198,-0.0111809316163986,0.0192413417153433,0.0115202032591144,0.999748496215854,0.302806124662938,-0.0835094123822506,0.641682713496634,0.002563451763793,0.0239479858935861,0.017324215085458
0.999662021816067,0.01729595952909,-0.0194085528203763,-0.0175153858264914,0.999783938624559,-0.0111931821978089,0.0192107625554636,0.0115293474374,0.999748978869049,0.302818049626621,-0.0833904090747731,0.641768497760713,0.00220738510758235,0.0236548030896224,0.0169912865087989
0.999664858717444,0.0171677525615726,-0.0193762358939517,-0.017387036196357,0.999786035545151,-0.0112059850623123,0.0191797084894432,0.0115391247889435,0.999749462306115,0.3028282066634,-0.0832728546695982,0.641852635179343,0.00185624299930239,0.0233678340107947,0.0166642126152749
0.999667620247662,0.0170434957432796,-0.0193434299240349,-0.0172626390134373,0.999788042843696,-0.0112192103583082,0.0191481153816502,0.0115493999680082,0.999749949256168,0.30283662114919,-0.0831567195789939,0.641935147022642,0.00151046277171389,0.0230872588822822,0.0163409683911916
0.999670311567728,0.016922912737061,-0.0193101837012204,-0.0171419158962492,0.99978996822782,-0.0112327267580132,0.0191160374943914,0.0115600370028857,0.999750440187452,0.302843320805309,-0.0830419700231364,0.642016050436768,0.00117034692968075,0.0228137030791398,0.0160206948351977
0.999672935686642,0.0168057460507516,-0.0192766323648171,-0.0170246147836381,0.999791814982554,-0.0112467410994793,0.0190836093839556,0.0115712399321609,0.999750930111752,0.302848336699903,-0.0829285654765304,0.642095359087477,0.000837215116604543,0.0225497589580805,0.0157030248808398
0.99967549334522,0.0166918201796475,-0.0192429505035261,-0.0169105722131581,0.999793581082441,-0.0112617837740221,0.0190509987248545,0.0115835385543268,0.99975140964249,0.302851703690947,-0.0828164558777196,0.642173081993375,0.000510629000423893,0.0222956434088555,0.0153860360161355
0.999677989393275,0.0165808223344986,-0.019209212720207,-0.016799488832524,0.999795265082743,-0.0112785235333739,0.0190182727287278,0.0115975966837427,0.999751869742476,0.302853456125275,-0.0827055845984337,0.64224921843685,0.000191639945278596,0.0220552285280113,0.015068240665186
0.999680427366783,0.016472587416745,-0.0191754270764274,-0.0166912084583221,0.999796865127008,-0.0112974352137153,0.0189854338893407,0.0116138859132054,0.999752304800558,0.302853631444108,-0.0825958899015561,0.642323755332105,-0.000120420183660658,0.0218238748571137,0.0147454539971462
0.999682808364606,0.0163670720243157,-0.0191416199315574,-0.016585684729596,0.999798384585789,-0.0113183586131697,0.0189525122953075,0.0116322453978898,0.999752715997661,0.302852266748139,-0.0824873254033135,0.642396671654703,-0.00042399570025537,0.0216038944209772,0.0144208103897229
0.999685130421559,0.0162642254466403,-0.0191079822234395,-0.0164828685906229,0.999799825229244,-0.0113412748224369,0.0189197002369139,0.0116526581600354,0.999753099770514,0.302849402781348,-0.0823798295463078,0.642467960383243,-0.000720513615743728,0.0213964757067785,0.014094215499379
0.999687396802006,0.0161638612673679,-0.019074544926638,-0.0163825757776056,0.999801189568688,-0.0113662899808299,0.0188870295737593,0.0116752270199166,0.999753454201542,0.302845077689386,-0.0822733370847507,0.642537609422141,-0.00100794373703461,0.0212027358861188,0.0137648204047626
0.999689606930117,0.0160659161482316,-0.019041432042409,-0.0162847343933583,0.999802485301193,-0.0113928842395918,0.0188546339568145,0.0116994326305576,0.999753782715764,0.302839340180351,-0.0821677816180748,0.642605603910926,-0.00128543618075178,0.0210213606274741,0.0134323793133973
0.99969176001544,0.0159703837634687,-0.0190087295650961,-0.0161893296530985,0.999803718921048,-0.0114205620275918,0.0188226077527724,0.0117247803429447,0.999754089245598,0.302832243097276,-0.0820630945838596,0.642671928345891,-0.00155149075832454,0.0208562222836568,0.0130967992287764
0.999693858913579,0.0158772169983027,-0.0189763650593551,-0.0160963136694595,0.999804891707164,-0.0114493320626287,0.0187908790835202,0.0117512764759738,0.999754375016411,0.302823841350698,-0.0819591964616867,0.642736568937011,-0.00180768933165956,0.0207051479594075,0.0127590362953302
0.999695909153922,0.0157862306061721,-0.0189442377561921,-0.0160055014496733,0.999806006248074,-0.0114792767028245,0.0187593481832096,0.0117789979847293,0.999754640930572,0.302814185008395,-0.0818560176504872,0.642799516207976,-0.00205303788984486,0.0205687902700801,0.0124195195334693
0.999697915544259,0.0156972817947046,-0.0189122447298328,-0.0159167564895745,0.999807060530626,-0.0115108025767701,0.0187279074996392,0.0118083469362746,0.999754884170774,0.302803326799382,-0.0817534788470352,0.642860770735463,-0.00228874410547905,0.0204495673412757,0.0120828252818131
0.999699880163239,0.0156102622923958,-0.0188803949314999,-0.0158299856253286,0.999808047072939,-0.0115447201481273,0.0186965546748242,0.0118401317289672,0.999755095072755,0.302791315850952,-0.0816514909132418,0.642920352305037,-0.00251387394222488,0.0203485446567159,0.0117504156427804
0.999701804247327,0.0155251927172169,-0.0188486332589972,-0.0157452142520283,0.999808962242592,-0.0115813318555808,0.0186652300493893,0.011874654120632,0.999755270942204,0.302778203233022,-0.0815499703735411,0.642978282884706,-0.00272973919219949,0.0202617961670237,0.011422442015267
0.999703687747501,0.0154420290075924,-0.0188170253806304,-0.015662399081053,0.999809806777705,-0.011620650849002,0.0186340000824418,0.0119119272688031,0.999755410102727,0.302764036774002,-0.0814488451956996,0.643034595876615,-0.00293506719845109,0.0201909228107989,0.0111044685381918
0.999705527496543,0.0153608209368655,-0.0187857252456233,-0.0155815885679216,0.999810581921344,-0.0116625201309261,0.0186030210062374,0.0119517972811538,0.999755511188206,0.302748867428345,-0.0813480412463416,0.643089338119736,-0.00313126873747691,0.0201324814493894,0.0107932420220395
0.999707322193699,0.0152816982183837,-0.0187547234548043,-0.0155029071334898,0.99981128905334,-0.0117066712565218,0.0185722864159028,0.0119939977096935,0.999755577226867,0.302732740758283,-0.0812474959717489,0.643142545991134,-0.0033177929769777,0.0200879604050755,0.0104914821330093
0.999709073958758,0.0152046481766912,-0.0187239450529385,-0.0154263435188743,0.99981192696343,-0.0117532390136136,0.0185417197195973,0.0120386616987308,0.999755607763389,0.302715702262595,-0.0811471387085774,0.643194268498153,-0.00349640594672112,0.0200571020503992,0.0101988448229138
0.99971078464789,0.0151296696200336,-0.0186933184825326,-0.015351898744924,0.999812493696198,-0.011802400345541,0.0185112469495267,0.0120859648427198,0.99975560172984,0.302697792688859,-0.0810469027357089,0.643244557978921,-0.00366587021020869,0.0200393789652189,0.00991906522750158
0.999712454273463,0.0150567620153966,-0.0186628692365466,-0.015279568255623,0.99981299204822,-0.0118539329131057,0.0184808972847772,0.0121356849496995,0.999755560917943,0.30267905611416,-0.0809467321569892,0.643293474592604,-0.00382757757541821,0.0200299971967214,0.00964885918182371
0.999714083589817,0.014985837217475,-0.018632652926076,-0.0152092553420215,0.999813429414521,-0.0119073470729732,0.018450735056183,0.0121873313430953,0.999755489772685,0.302659533942655,-0.0808465895142672,0.643341070643518,-0.00397962894608597,0.0200283131908207,0.00939172805521724
0.999715669298823,0.0149168926925937,-0.0186028726492478,-0.0151409519803938,0.99981381112904,-0.011962217551637,0.0184209698858093,0.0122404815274126,0.99975538932303,0.302639273305363,-0.0807464394221097,0.643387411078817,-0.00412335184905125,0.0200326059637249,0.00914608233470906
0.999717210729028,0.0148497320381545,-0.018573745733372,-0.0150744554982462,0.999814146206754,-0.0120180629175961,0.0183918287183287,0.0122946534418386,0.99975526111801,0.302618319692987,-0.0806462606384524,0.643432553036781,-0.00425620951279512,0.0200391285819312,0.00891259204000667
0.999718705364533,0.0147842152538869,-0.0185455418790749,-0.0150096195534348,0.999814443403258,-0.0120743564256706,0.0183635907469898,0.0123493215019985,0.999755106410224,0.302596726322638,-0.0805460408074748,0.643476552473467,-0.00437971619506495,0.0200495252880571,0.00868846837769823
0.999720150931297,0.0147203812409464,-0.0185183746054162,-0.0149464861540705,0.999814701288286,-0.0121311845861272,0.0183363675124467,0.0124045743150542,0.999754922049655,0.302574542585635,-0.080445755988248,0.643519458930725,-0.00449182752224579,0.0200653074520167,0.00847599398913072
0.999721546470761,0.0146581853155873,-0.0184923531591806,-0.0148850114323503,0.999814921188454,-0.0121885111307573,0.0183102691615595,0.0124603760850023,0.999754706451063,0.302551824265415,-0.0803453938690854,0.643561315843288,-0.00459397940805644,0.0200788612946436,0.00826688220736056
0.999722894835057,0.0145975917852858,-0.0184673727607357,-0.0148251451385548,0.999815113035777,-0.0122456039816916,0.0182852020561598,0.0125159921430861,0.999754470520857,0.302528621689728,-0.0802449703569035,0.643602132166975,-0.00468523791327483,0.0200902868178791,0.00805997247414296
0.999724198452471,0.0145385909559815,-0.0184433294602318,-0.0147668735902406,0.99981527929232,-0.012302306206155,0.0182610643976154,0.0125712635257875,0.999754218225875,0.302504987923736,-0.0801444900776128,0.643641926350987,-0.00476675249551663,0.0201019372614555,0.00785863106869988
0.999725458146882,0.0144811993190521,-0.018420184561782,-0.0147102154524083,0.999815418346858,-0.012358753870917,0.0182378149555245,0.012626325759304,0.999753948731121,0.302480971270915,-0.0800439495434927,0.643680724463419,-0.00483827570202101,0.0201144191364408,0.00766104868261831
0.999726676506057,0.01442542380368,-0.0183978104740195,-0.0146551795290374,0.999815528117234,-0.0124151298272977,0.0182153230859461,0.0126813596960735,0.999753662219416,0.302456619370045,-0.0799433457840161,0.643718546182723,-0.00490114353114662,0.02012709108188,0.00746842810645361
0.99972785612598,0.0143711077707965,-0.0183762060064591,-0.0146016100248667,0.999815610647744,-0.0124714750435252,0.0181935887178253,0.012736403201835,0.999753358265451,0.302431975639769,-0.0798426799107902,0.643755415463154,-0.00495483191895733,0.0201391314974709,0.00727979826344426
0.999728997450242,0.0143181832504308,-0.0183554157006131,-0.0145494341962918,0.999815671003256,-0.0125274890092699,0.0181726613819497,0.012791154940688,0.999753039872138,0.302407085667831,-0.0797419595857768,0.643791351460876,-0.00499976476594131,0.0201484896940159,0.00709518199909296
0.999730098420246,0.0142666780752813,-0.0183355449698846,-0.0144986732223605,0.999815714807178,-0.012582722257293,0.0181526523526889,0.0128451672355503,0.99975271086967,0.302381993805842,-0.0796411994862614,0.643826369425587,-0.0050354680751439,0.0201551356826638,0.00691208722039972
0.999731161284216,0.0142165151814974,-0.0183165458918253,-0.0144492484382687,0.999815744355105,-0.012637110398277,0.0181335152930224,0.0128983733758682,0.999752373134155,0.302356743655853,-0.0795404119447119,0.643860475056908,-0.00506340191974016,0.0201595368541283,0.00673033930595467
0.999732187095904,0.0141676737798942,-0.0182983907518523,-0.0144011431886408,0.999815757203309,-0.0126908913333397,0.0181152189967783,0.0129510102942153,0.999752024340565,0.302331374794797,-0.0794396012462018,0.643893679183107,-0.00508269598805548,0.0201650646104186,0.00655183663695741
0.999733177226282,0.0141201428211642,-0.0182810262226742,-0.0143543543357398,0.999815747740045,-0.0127445314789572,0.0180977032976067,0.0130035432757394,0.999751659662352,0.302305927050237,-0.0793387674562342,0.643925992697254,-0.00509544504887827,0.0201678182678856,0.00637338961676586
0.999734133636019,0.014073842663782,-0.0182644188441488,-0.0143087957608029,0.999815721766646,-0.0127976901086285,0.0180809404322623,0.0130556294722226,0.999751284136294,0.302280434167163,-0.0792379347484743,0.643957418103942,-0.00510036268436173,0.0201641291130474,0.00619718879979863
0.999735056068707,0.0140286438149742,-0.0182486936521704,-0.0142643313614743,0.999815687428841,-0.0128499035795625,0.0180650634681487,0.01310680448876,0.999750901553975,0.302254932431832,-0.079137128932954,0.643987967471999,-0.00509950121836134,0.0201579961179332,0.00602274438256161
0.999735946542866,0.0139845545015415,-0.0182337441419254,-0.0142209700008135,0.99981564356548,-0.0129012748975033,0.0180499640519239,0.01315716979971,0.999750512718341,0.302229450760776,-0.0790363618980823,0.644017646656642,-0.00509204474218002,0.0201481215183207,0.00584895620359532
0.999736803738897,0.0139416522929165,-0.0182195933345781,-0.0141787880178344,0.999815590583159,-0.0129517102034255,0.0180356652297414,0.0132066331133872,0.999750118590405,0.302204022131191,-0.0789356542538388,0.644046464596517,-0.00507844154542765,0.0201343282205318,0.00567888337674236
0.999737625878885,0.0138999524194341,-0.0182063374896731,-0.0141378013596169,0.999815529064177,-0.0130011697488084,0.0180222633086531,0.0132551561612372,0.999749718109675,0.302178677779815,-0.0788350242522056,0.644074438201799,-0.0050582018774877,0.0201171507945406,0.00551071781325714
0.999738413435178,0.0138594900465815,-0.018193934092506,-0.0140980420150062,0.999815460863653,-0.0130494991989913,0.0180097171953605,0.0133025844725776,0.999749314244773,0.302153448626062,-0.0787344955996662,0.644101572246974,-0.00503266471411276,0.0200930524212857,0.00534287582441757
0.999739169165647,0.0138201676999726,-0.0181823156040739,-0.0140594073232508,0.999815390964682,-0.0130964520332696,0.0179979638209559,0.0133486686559162,0.999748911649027,0.302128360816489,-0.0786341000453888,0.644127869924482,-0.00500152922021176,0.020064623682296,0.00517643196255351
0.999739894046298,0.013781948523114,-0.0181714651914028,-0.014021867057274,0.999815315218092,-0.0131424008299917,0.0179869813066079,0.0133937802824396,0.999748505951983,0.302103442564702,-0.078533852389417,0.644153347564713,-0.00496488585080346,0.0200341787157587,0.00501562326023112
0.999740586222556,0.0137448322518977,-0.0181614934889238,-0.0139854262098371,0.999815231149301,-0.0131875477477372,0.0179768771790383,0.0134381229432105,0.999748092640668,0.302078722568176,-0.0784337643583049,0.644178031657105,-0.00492209318866116,0.020000441735331,0.00485843596053066
0.999741245000231,0.0137088590635121,-0.0181524166039906,-0.0139501245168357,0.999815139022081,-0.0132318482541506,0.0179676673876397,0.0134816529191658,0.999747672146934,0.302054230784054,-0.0783338496953988,0.644201940640562,-0.00487375205535813,0.0199652934870485,0.00470592887450513
0.999741866859976,0.0136741653019395,-0.018144333843549,-0.0139161015439168,0.999815035848116,-0.0132753986701106,0.0179594477963639,0.0135244702419804,0.999747241526339,0.302029996956852,-0.0782341115857326,0.644225103470471,-0.00481862050997562,0.0199299464704233,0.00456032189367511
0.999742450728545,0.01364077144259,-0.0181372976414165,-0.01388337920796,0.999814921117816,-0.0133182315621681,0.0179522698578841,0.0135666084422956,0.999746799515919,0.302006051853111,-0.0781345528578222,0.644247547043162,-0.00475875738367693,0.0198932851624555,0.0044173058836038
0.999743000293697,0.0136086476752128,-0.0181311354362781,-0.0138519272600062,0.999814794154629,-0.0133604453788506,0.0179459598500674,0.0136081629175168,0.999746348043878,0.301982419115742,-0.0780351774914975,0.644269285046746,-0.00469339231438132,0.0198570091704251,0.00427867101761777
0.999743519703952,0.0135776227528124,-0.0181257543383952,-0.0138215776568504,0.999814654218601,-0.013402283417952,0.0179404236580187,0.0136493725175104,0.999745885627367,0.301959125026099,-0.0779359841074613,0.644290340165206,-0.00462358219611636,0.0198202059184406,0.00414391413218302
0.999744013910962,0.013547548936623,-0.0181209979584138,-0.0137921849431316,0.999814500214881,-0.0134439873014404,0.0179355034413167,0.0136904739829066,0.999745411911668,0.301936191378483,-0.0778369710273624,0.644310730997441,-0.00454910126574186,0.0197854867488919,0.00401301558331943
0.999744487160798,0.0135183472433494,-0.0181166961502554,-0.0137636729942844,0.999814329439143,-0.0134858427198068,0.0179310261083648,0.0137317491953934,0.999744926152034,0.301913640765799,-0.0777381316524767,0.644330475624517,-0.00447050735528707,0.0197499955897512,0.0038852793658943
0.999744940693318,0.0134900148413579,-0.0181127871321219,-0.0137360376884199,0.999814142375254,-0.013527822258474,0.0179269302094899,0.013773169788197,0.999744429825568,0.301891494197027,-0.0776394643566729,0.644349593861988,-0.00438735739504776,0.0197176210833467,0.00376293437007532
0.999745373730427,0.0134626143756436,-0.0181092716248144,-0.0137093443441714,0.999813936205954,-0.0135700717024408,0.0179232135026487,0.0138148826462321,0.99974392092936,0.301869773522057,-0.0775409556726254,0.644368112253658,-0.00430031443900604,0.0196857878168398,0.00364503870138266
0.999745785360613,0.0134361737380724,-0.0181061837219425,-0.0136836148072778,0.999813715660227,-0.0136122247813518,0.0179199146063381,0.0138565223982186,0.999743403802961,0.301848498850827,-0.0774426068470356,0.644386050491355,-0.00420879895769416,0.019653707123652,0.00353079006429636
0.999746175644084,0.0134106814169801,-0.0181035330518815,-0.0136588335239378,0.999813484258919,-0.0136540455838339,0.0179170464026204,0.0138978529986587,0.999742881510158,0.301827690601433,-0.0773444128680347,0.64440342854694,-0.00411402956938282,0.019624467880037,0.00342118577521137
0.999746546135547,0.0133860895210869,-0.0181012733634388,-0.0136349560652634,0.999813239620278,-0.0136957604061627,0.0179145600878957,0.0139390992297969,0.999742351833471,0.301807365086269,-0.0772463580473065,0.64442027041234,-0.00401554034280398,0.0195978408101365,0.00331626704921147
0.999746899068568,0.0133623644510352,-0.0180993099056288,-0.0136119521987777,0.999812978670612,-0.0137376285848607,0.0179123577487854,0.0139805185195365,0.999741812940623,0.301787538343266,-0.0771484257433481,0.644436596645078,-0.00391487683023093,0.0195759424345057,0.00321468826452538
0.999747238037605,0.0133394863435373,-0.0180974622605109,-0.0135898054516312,0.999812697145008,-0.0137799787885109,0.0179102547152978,0.0140224367253191,0.999741263549884,0.301768221161488,-0.0770505954005107,0.644452424268108,-0.00381151779564408,0.0195564635662828,0.00311698218947015
0.999747562452713,0.0133174436385443,-0.0180957747773383,-0.013568498740868,0.999812400022357,-0.0138224673432191,0.0179083000806057,0.0140645105307469,0.999740707549589,0.301749427616504,-0.0769528587703609,0.644467775132236,-0.00370547047606251,0.0195384062388167,0.00302413695338669
0.999747872735269,0.0132962402612472,-0.0180942243884432,-0.0135480335939412,0.999812088936539,-0.0138649775366598,0.0179064722109516,0.0141066229576689,0.999740146959043,0.301731168934663,-0.0768552057843446,0.644482666952005,-0.00359777899155054,0.0195233379454382,0.00293265091983063
0.999748172714716,0.0132757725036297,-0.0180926785750035,-0.0135283048478114,0.999811765039873,-0.0139075323403448,0.0179046396649361,0.0141487933155067,0.999739583854808,0.301713453904244,-0.0767576274381105,0.644497108660439,-0.00348782451670311,0.0195077596029654,0.00284468009052165
0.999748462538616,0.0132559298542331,-0.0180912126562136,-0.0135091951932253,0.999811436078669,-0.013949692883382,0.0179028851558633,0.014190581736102,0.999739022992044,0.301696292708327,-0.0766601306730934,0.644511113871574,-0.00337647292498085,0.0194907128013791,0.00275735316647331
0.99974874563902,0.0132366336419576,-0.0180896965987481,-0.0134906210923927,0.999811105626964,-0.0139912904168689,0.0179010819714243,0.014231816286626,0.999738469135522,0.301679690241948,-0.0765627199382488,0.644524684871727,-0.00326441231635635,0.0194736373423989,0.00267129092341477
0.999749023452902,0.0132178415874283,-0.0180880836115834,-0.0134725392018504,0.999810774674153,-0.0140323031938776,0.0178991841273447,0.0142724738304176,0.999737923507124,0.301663649588942,-0.076465396601903,0.644537831553619,-0.00315174382690993,0.0194554642196743,0.00258780701652751
0.999749295070265,0.0131995322481116,-0.0180864411905522,-0.0134549271467693,0.999810445104439,-0.0140726257514138,0.0178972607396599,0.0143124494233268,0.99973738644182,0.301648173320182,-0.0763681648622606,0.644550568350472,-0.00303870834535118,0.019437294512366,0.00250739036852914
0.999749559555251,0.0131818208175612,-0.0180847385664094,-0.0134379033321502,0.999810112559261,-0.0141124618077364,0.0178952765588423,0.0143519484451674,0.999736855703895,0.301633261987262,-0.0762710194603458,0.644562907407031,-0.00292587527739556,0.0194212913657058,0.002428376224834
0.999749816515372,0.0131648482997066,-0.0180828965247793,-0.0134216126745261,0.999809771187831,-0.0141520935042133,0.0178931464727466,0.0143912545173348,0.999736328790107,0.301618914820651,-0.0761739515799463,0.644574857124463,-0.00281295246980143,0.0194058764475724,0.00235196950869417
0.999750064016328,0.0131487154271622,-0.0180809508036593,-0.0134061591294299,0.999809417500973,-0.0141916726907737,0.0178909026252239,0.0144305217847851,0.999735802922089,0.301605131377867,-0.0760769526069923,0.644586433834666,-0.0027005259161974,0.0193945305238962,0.00227932538273299
0.999750301492754,0.0131334648193266,-0.0180789039210796,-0.0133915907148677,0.999809046626387,-0.0142314996455309,0.0178885427934638,0.0144700513431981,0.999735273785442,0.301591908304595,-0.075980003153244,0.644597656988034,-0.00258881191837379,0.0193855185280289,0.00221052382505439
0.99975053029715,0.0131189446761258,-0.0180767934422079,-0.0133777555313651,0.999808661100704,-0.0142715396843534,0.0178861071088857,0.01450980629105,0.999734741165818,0.301579241485164,-0.0758830958614748,0.644608544028839,-0.00247807663973287,0.0193775381137096,0.00214472105397283
0.999750751348705,0.0131050484574279,-0.018074647510489,-0.0133645428775255,0.999808266052917,-0.0143115382099499,0.0178836285852379,0.0145495304800032,0.999734208173071,0.301567126553177,-0.0757862256390997,0.644619108726076,-0.00236797474411155,0.0193707574355718,0.00208155421215702
0.999750965131167,0.0130917616986872,-0.0180724512705148,-0.0133519382020078,0.999807861597993,-0.0143515028167325,0.0178810924037126,0.0145892310446336,0.999733674971478,0.301555558838114,-0.0756893837829208,0.644629362858594,-0.00225938941024818,0.0193664322101189,0.00202038036986312
0.999751175330792,0.0130789173733516,-0.0180701229946151,-0.0133397800515113,0.999807444455487,-0.0143918129353658,0.017878414160008,0.0146292833635248,0.999733137579921,0.301544530769817,-0.0755925565230099,0.644639316316869,-0.00215200136280155,0.0193649331987404,0.00196133948020167
0.999751383087588,0.0130664872603584,-0.0180676209039677,-0.0133280450770566,0.99980701046584,-0.014432776509879,0.0178755483518281,0.0146699943433889,0.999732592265095,0.301534035578791,-0.0754957283485276,0.644648979691341,-0.00204638116718924,0.0193669281793509,0.00190430950149209
0.999751589828579,0.0130543637649609,-0.0180649445590109,-0.0133166302104494,0.999806557238371,-0.0144746489765836,0.0178724926931363,0.0147116175130147,0.99973203525499,0.301524064960276,-0.0753988820625765,0.644658364492242,-0.00194203567797713,0.0193720765672242,0.00185006986362054
0.999751794485568,0.0130425346490382,-0.0180621624623433,-0.0133055243110932,0.999806084722401,-0.0145174369249674,0.0178693157589863,0.0147541601588208,0.999731465100661,0.301514612682438,-0.0753020039655044,0.644667482741568,-0.00183910856567895,0.0193794967318502,0.0017974120960444
0.999751995478414,0.0130309550223421,-0.0180593950102561,-0.0132946767376289,0.99980559960273,-0.0145607202249418,0.0178661441663476,0.014797202919227,0.999730885627925,0.301505672763131,-0.0752050897416229,0.644676342038616,-0.00173694136287713,0.0193859043200059,0.00174660617186014
0.999752191199069,0.0130195335492518,-0.0180567975793306,-0.0132839869965685,0.99980511252424,-0.0146038577049966,0.0178631431202914,0.0148401050047732,0.99973030333251,0.301497241045467,-0.0751081492219941,0.644684947179958,-0.00163595462075053,0.0193898900148204,0.00169525558403038
0.999752381629199,0.0130082798580896,-0.0180543646212759,-0.0132734586570181,0.999804628383571,-0.0146465135124285,0.0178603113641613,0.0148825306289939,0.999729723255267,0.301489311306429,-0.0750111903888467,0.64469329433269,-0.001536111757947,0.0193937189835338,0.00164357844168018
0.999752566404346,0.0129973505790882,-0.0180520039288605,-0.0132632466745935,0.99980414546399,-0.0146886691251876,0.0178575545798467,0.0149244628360498,0.999729147396175,0.301481876203263,-0.0749142148015087,0.644701380007547,-0.00143828820435141,0.0193962382763284,0.00159039675035106
0.999752745931682,0.0129867984665822,-0.0180496556102887,-0.0132534018589684,0.999803664042132,-0.0147302650042007,0.0178548128308964,0.0149658422254702,0.999728577777617,0.301474926840077,-0.0748172307637368,0.644709202704196,-0.00134158033727263,0.0193971221465164,0.00153911512417688
0.999752918073818,0.0129766525367821,-0.0180474178714021,-0.0132439533876399,0.999803184904168,-0.0147712272390813,0.0178521847837008,0.0150065966968591,0.999728013788764,0.301468457398612,-0.0747202480584755,0.644716772821409,-0.00124647996897123,0.0193955320943914,0.00148905685628893
0.999753083485124,0.0129668609414572,-0.0180452924418125,-0.0132348525743678,0.999802706194286,-0.0148117306185657,0.0178496705661581,0.0150469001427908,0.999727452887422,0.3014624587737,-0.0746232741108283,0.644724099382061,-0.00115326826446525,0.0193942201010585,0.00144214720703418
0.999753243542407,0.012957277272182,-0.0180433087910589,-0.0132259605603773,0.999802223910293,-0.0148521726117149,0.0178472965373765,0.015087147832663,0.999726888693399,0.301456922246363,-0.0745263086230983,0.64473119927707,-0.00106155804576486,0.0193916927438969,0.0013982479016787
0.999753397636832,0.0129478585229417,-0.0180415318994873,-0.0132172334182181,0.999801740247998,-0.0148924456635696,0.0178451297103347,0.0151272322896134,0.999726321644517,0.301451840486986,-0.074429362392927,0.644738083189225,-0.000971394477986789,0.0193862995833115,0.00135541038808234
0.999753547711804,0.0129385500109123,-0.0180398936049173,-0.0132086156685873,0.999801255785508,-0.0149325617976297,0.0178431025828236,0.0151671636549356,0.999725752812682,0.301447204537448,-0.074332445778887,0.644744754205174,-0.000883340539672526,0.0193803734318259,0.00131306596752761
0.999753694895099,0.0129293425202155,-0.0180383382159235,-0.0132001012187256,0.999800767307523,-0.0149727425378106,0.0178411566724946,0.015207162565157,0.99972517990461,0.301443005604905,-0.0742355622625263,0.644751218580841,-0.000796344610587384,0.0193726765645422,0.00127312932893152
0.999753837733246,0.0129202187912509,-0.018036958835492,-0.0131916730350027,0.999800276045683,-0.0150129204857953,0.0178393862053774,0.0152471625347615,0.999724602245265,0.30143923857553,-0.0741387206983897,0.644757488742202,-0.000710703314096683,0.0193638226873212,0.00123522174247583
0.999753976155156,0.0129111831043043,-0.0180357565076701,-0.0131833377821156,0.999799779933972,-0.015053227192354,0.0178377904147201,0.0152872952097194,0.999724017836069,0.301435898175223,-0.0740419238716194,0.644763571353641,-0.0006258492707206,0.0193557562045007,0.00119898568232609
0.99975410990018,0.0129022940325494,-0.0180347039453573,-0.0131751624594904,0.999799270611732,-0.0150941570952263,0.0178363345972507,0.0153280557458203,0.99972341968926,0.301432978440931,-0.0739451603464035,0.644769481743506,-0.000542544502583479,0.0193504311152895,0.00116625424939028
0.999754239077247,0.0128935974724562,-0.0180337625384467,-0.0131671952337874,0.999798744956568,-0.0151358697453081,0.0178349773408923,0.0153696040121363,0.999722806009626,0.30143047188439,-0.0738484208339711,0.644775232916267,-0.000460519999391019,0.0193449553397011,0.00113447846702309
0.999754364394856,0.012885125630731,-0.0180328702905883,-0.0131594615895851,0.999798207457397,-0.0151780412322273,0.0178336604237363,0.0154116158288233,0.999722182735502,0.301428370609016,-0.0737517115298173,0.644780828537027,-0.000380596309055637,0.0193392513857024,0.00110476096339485
0.999754486843574,0.0128768520776637,-0.0180319914793526,-0.0131519358282859,0.999797657306742,-0.0152207433431981,0.0178323475770894,0.0154541620452494,0.999721549360305,0.301426664752115,-0.0736550270314927,0.644786281561746,-0.000302237849538586,0.0193353607967357,0.00107751642648711
0.999754606748529,0.0128688095129869,-0.0180310850148561,-0.0131446533976863,0.999797091078301,-0.0152641658279427,0.0178309947044243,0.0154974324675637,0.999720903659999,0.301425345406072,-0.0735583566874122,0.644791605702769,-0.000226129546363919,0.0193329490364062,0.00105259924792098
0.999754725255665,0.0128609836332941,-0.0180300978631297,-0.013137596703043,0.999796511026093,-0.0153081707894489,0.0178295508030373,0.0155412882360144,0.999720248608643,0.301424401785906,-0.0734616973751663,0.644796808873182,-0.000151715457479891,0.019331139102106,0.00102952609584048
0.999754842206654,0.0128533688728953,-0.0180290430407593,-0.0131307567193015,0.999795920338207,-0.0153525536330859,0.0178280316447661,0.015585524812965,0.999719587036274,0.301423826192771,-0.073365049823861,0.644801898431267,-7.91334763964972e-05,0.0193269033438072,0.00100596679220834
0.999754959352513,0.0128459373179602,-0.0180278435892497,-0.0131240957230508,0.999795326886302,-0.0153968323938497,0.0178263670305425,0.0156296586890162,0.999718927703061,0.301423608263811,-0.0732684294994021,0.644806866834506,-8.5774350679856e-06,0.0193217693433774,0.000981760995565409
0.999755077864658,0.0128387246509021,-0.0180264093254866,-0.01311765160798,0.999794727035131,-0.0154412113851256,0.0178244635297484,0.0156738936479355,0.999718269092743,0.301423737728023,-0.0731718331549322,0.644811716102444,5.96656829080586e-05,0.0193166601734485,0.000958448105435348
0.999755198096044,0.0128316663588196,-0.0180247668056082,-0.0131113615945219,0.999794120425504,-0.0154857663591934,0.0178223476870561,0.0157183046493497,0.99971760953875,0.301424203925985,-0.0730752672993793,0.644816451443387,0.00012663925100839,0.0193089526816997,0.000936137570332546
0.999755317220447,0.0128248701236481,-0.0180229963035022,-0.0131053314488389,0.999793508401104,-0.0155303202358242,0.0178201003661755,0.0157627175741602,0.999716950320248,0.30142500246412,-0.0729787470301583,0.644821075361777,0.00019218112645353,0.019298979615877,0.00091331579606373
0.999755437823842,0.0128183066378816,-0.0180209754617752,-0.0130995348441418,0.999792886998931,-0.0155751498615483,0.0178175960366088,0.0158074071649911,0.999716289329226,0.301426124654428,-0.0728822814531619,0.644825583294657,0.000256456782294126,0.0192866636158679,0.000890159094416157
0.999755559465783,0.0128119899533984,-0.0180187188971101,-0.0130939843873673,0.99979225745967,-0.0156201631412817,0.0178148502694364,0.015852281764178,0.999715627702572,0.30142756564234,-0.0727858869286383,0.64482997452341,0.000319456445147103,0.0192700483016511,0.000866145910432265
0.999755683766068,0.0128059054913082,-0.0180161472571265,-0.0130886588208859,0.999791624774404,-0.0156650579707823,0.0178117878864877,0.0158970379475299,0.99971497157779,0.301429317270644,-0.0726895886267764,0.644834240269352,0.00038067942520351,0.0192481073244065,0.000839601861838366
0.999755813623179,0.0127999889720331,-0.0180131454491282,-0.0130834881299705,0.999790993280076,-0.0157096178945559,0.0178082976448772,0.0159414565945481,0.999714326443628,0.301431370368884,-0.0725934124944557,0.644838370697082,0.000440052453933509,0.0192214892864986,0.000813338510381513
0.999755947419965,0.0127942010010339,-0.0180098311806069,-0.0130784347677392,0.999790363496463,-0.015753844090797,0.0178044978147323,0.0159855397267748,0.999713690201954,0.301433716979445,-0.0724973794780899,0.644842373840893,0.000498244745725776,0.0191905839120525,0.00078836934515439
0.999756082161615,0.0127885959543537,-0.0180063320633229,-0.0130735521293749,0.999789737425747,-0.015797568574871,0.0178005172840252,0.0160291219869811,0.999713063250025,0.3014363519697,-0.0724015134614555,0.644846255110811,0.0005554389739,0.0191548255625395,0.000764761756104781
0.999756214750065,0.0127832285847452,-0.0180027813288133,-0.0130688958447968,0.999789115519908,-0.015840721237297,0.017796489261109,0.016072135977214,0.999712444363433,0.30143927063679,-0.0723058378926895,0.644850021058378,0.000611711190858895,0.0191143176427016,0.000741637922218475
0.999756343942687,0.0127781711912307,-0.0179991968531655,-0.0130645368372105,0.999788498416528,-0.0158832084684937,0.0177924316376534,0.0161144895988692,0.999711834781097,0.301442468228273,-0.0722103770906472,0.644853670273573,0.000666971980755831,0.0190689524674488,0.00071830304315599
0.999756468992067,0.0127734432119655,-0.0179956066034159,-0.0130604949697007,0.999787885972426,-0.0159250285379341,0.0177883720351424,0.0161561818292036,0.999711234111652,0.301445939790945,-0.0721151542158319,0.644857203976367,0.00072143390425512,0.0190196919295495,0.000695683490655778
0.999756588354864,0.0127691182188329,-0.0179920443795813,-0.0130568476427151,0.99978727432709,-0.0159663653736182,0.0177843406028528,0.0161973983566009,0.999710638892975,0.301449682002648,-0.0720201834177748,0.644860628034534,0.000775135344514711,0.0189681271576008,0.000674456020031333
0.999756701803463,0.0127651881226222,-0.0179885288797266,-0.0130535916367066,0.999786659483862,-0.0160074752376244,0.0177803527649143,0.016238395557909,0.999710044745605,0.301453690973866,-0.071925476948557,0.644863949808378,0.000828356988224693,0.0189140279580464,0.000655010112083865
0.999756807867627,0.0127616482750491,-0.0179851454160879,-0.0130507262608109,0.999786039171994,-0.0160485021370394,0.0177764919598686,0.0162793184771695,0.999709447851485,0.301457965486845,-0.0718310457968958,0.644867180188439,0.00088117700568975,0.0188581834924454,0.000637907724194815
0.999756909032378,0.012758294113568,-0.0179819012714871,-0.0130480508009013,0.999785412658018,-0.0160896552646158,0.0177727660290376,0.016320372776036,0.999708844724367,0.301462502228382,-0.0717368992958054,0.644870327826013,0.000933192735477052,0.0187999009947452,0.000620853899624644
0.999757009037222,0.0127550406484574,-0.0179786489761032,-0.0130454810271634,0.999784778157977,-0.0161311124345495,0.017769026583346,0.0163617328441202,0.99970823513294,0.301467296381371,-0.0716430465774882,0.644873389932187,0.000984073108110694,0.0187420634186213,0.000605378445879733
0.999757110212747,0.0127517202577658,-0.0179753778687642,-0.0130428592905893,0.999784128445437,-0.0161734452150677,0.0177652582470129,0.0164039671746378,0.999707609984215,0.301472342252623,-0.0715494814939636,0.644876381334785,0.0010339971380581,0.0186829074049582,0.00059059000109475
0.999757212996001,0.0127483781812486,-0.0179720314994331,-0.013040224317137,0.999783467992556,-0.0162163398624946,0.017761407946092,0.0164467620681108,0.999706975270878,0.301477636087784,-0.0714562201027945,0.644879296610928,0.00108336204378487,0.0186224975426987,0.000577175469395469
0.999757314764521,0.0127449754843687,-0.0179687833405097,-0.0130375448397134,0.999782792718734,-0.0162600678990473,0.0177576462231852,0.0164903906391573,0.999706323385613,0.301483175746248,-0.0713632548711788,0.644882156803962,0.00113226829188593,0.0185638202006067,0.000567476524025221
0.999757415212925,0.0127414764596277,-0.017965675729028,-0.0130347869497735,0.999782101949927,-0.0163046910354358,0.0177540152063088,0.0165349145209693,0.99970565245268,0.301488958784063,-0.0712705833097567,0.644884970344492,0.0011808214504036,0.0185044072681074,0.000557708949329199
0.999757513627912,0.0127379561108526,-0.0179626951946188,-0.013032015844798,0.999781403552121,-0.0163496689377241,0.0177505072478993,0.0165797944942101,0.999704971432559,0.301494984436607,-0.071178212349357,0.644887732975995,0.00122937640189368,0.0184444800357357,0.000548010475548923
0.999757609278695,0.0127344182047134,-0.0179598797973805,-0.0130292335561211,0.999780699651027,-0.0163948674359868,0.0177471620911327,0.0166248969407632,0.999704281795082,0.301501253098774,-0.0710861397923921,0.644890450445857,0.00127798589955208,0.0183842040368192,0.000539123055489732
0.999757701750336,0.0127308625495707,-0.0179572528419531,-0.013026434766537,0.999779995413217,-0.0164399747208517,0.0177440071054722,0.0166699103264842,0.999703588220803,0.301507764750873,-0.0709943727061229,0.64489312314281,0.00132660651733175,0.018322294178396,0.000530055935348608
0.999757790739327,0.0127273005299434,-0.0179548232305381,-0.0130236257642839,0.999779295667075,-0.016484693730811,0.0177410548719981,0.0167145378837484,0.999702895462128,0.30151451992829,-0.0709029212355139,0.644895749689596,0.00137544176209114,0.0182577294904878,0.000520761705621973
0.999757875291803,0.0127238038235253,-0.0179525933580787,-0.0130208756889146,0.999778601995734,-0.0165288773893125,0.0177383084964131,0.0167586338261069,0.99970220596134,0.301521519365049,-0.0708117981665281,0.644898329232047,0.00142407946012958,0.0181912244126613,0.000510886863581529
0.999757958141718,0.0127203458470413,-0.01795042990666,-0.0130181579389118,0.999777912768625,-0.0165726492718959,0.0177356335150398,0.0168023195286657,0.999701520136024,0.301528760611307,-0.0707210125695124,0.644900857973748,0.00147227973805889,0.0181222918978076,0.000501181039371253
0.999758038724567,0.0127169615077536,-0.0179483396339981,-0.013015504559598,0.999777230422869,-0.016615840906715,0.017733038280738,0.0168454272130004,0.999700840719535,0.301536242468549,-0.0706305817874661,0.644903341265447,0.00152036742183117,0.0180486019502761,0.000492313792479701
0.999758116885601,0.0127136350823774,-0.0179463423668627,-0.0130128927019379,0.999776562353247,-0.0166580308755763,0.0177305483526134,0.0168875354068005,0.999700174453821,0.30154396438231,-0.0705405338669174,0.644905780925301,0.00156817570371078,0.0179695598834057,0.000483940657894721
0.999758193015181,0.0127103801339194,-0.0179444068130568,-0.0130103356017332,0.99977590834197,-0.0166992295187365,0.017728132066055,0.0169286542832096,0.999699521855246,0.301551924255542,-0.0704508916714069,0.64490818195715,0.00161565574398627,0.0178866252573084,0.000477225164594729
0.999758267013757,0.0127071919814828,-0.0179425418933593,-0.0130078326294738,0.999775264851274,-0.0167396559656889,0.0177257955514784,0.0169690030205598,0.999698879217415,0.301560120979075,-0.0703616697718776,0.644910556052698,0.00166280683500571,0.0178024516008806,0.000473460085241396
0.999758338533588,0.0127041721217641,-0.0179406951721736,-0.013005495051261,0.99977462044952,-0.0167799107116154,0.0177234768324922,0.0170091832760644,0.99969823749632,0.301568552378138,-0.0702728680684713,0.644912919466259,0.00170963785100149,0.0177179918858456,0.000472698366713501
0.999758407233378,0.0127013928515194,-0.0179388345722632,-0.0130033992075462,0.999773969812637,-0.0168202524989745,0.0177211392192725,0.0170494546748992,0.999697592935013,0.301577217240043,-0.07018449150722,0.644915284272716,0.00175600409613096,0.017632633806312,0.000473627809652445
0.999758473395322,0.0126989675583112,-0.0179368641966037,-0.0130016573211182,0.999773311019542,-0.0168607081679813,0.017718684521111,0.0170898448200847,0.99969694679081,0.301586112429555,-0.070096541505981,0.644917658943352,0.00180202377127149,0.0175478777333634,0.000477788580970334
0.999758535781965,0.0126968950674911,-0.0179348539650009,-0.0130002714167257,0.999772642108616,-0.0169013914885449,0.0177161811401965,0.0171304683766298,0.999696295871404,0.301595237516407,-0.070009012765724,0.644920064452993,0.00184770633552172,0.0174632490526205,0.000484472727916066
0.999758595339311,0.0126952368282791,-0.0179327077442805,-0.012999296795962,0.999771966628503,-0.0169420490669359,0.0177135351632124,0.0171710717676526,0.999695646167558,0.301604589201417,-0.0699219098127915,0.64492250439936,0.00189279439321966,0.0173783322987908,0.000492440330331324
0.999758652923088,0.0126939507968349,-0.0179304076523551,-0.0129986916171611,0.999771284621428,-0.0169827106983121,0.0177107289983797,0.01721168381037,0.999694997496116,0.301614164935744,-0.0698352295406888,0.644924990484774,0.0019370859250372,0.0172937492991055,0.000502476416686317
0.999758710340483,0.0126929533953456,-0.0179279121048085,-0.0129983720528557,0.999770596707745,-0.0170234039667521,0.0177077221095683,0.0172523300670744,0.999694350131552,0.301623959516614,-0.0697489720789491,0.644927531151893,0.00198057081402364,0.0172097701823011,0.000514865163105564
0.999758766852545,0.0126922005591588,-0.0179252934828353,-0.0129982983033546,0.999769900473283,-0.0170643004210261,0.0177045853579433,0.0172931822579915,0.999693699842455,0.301633970822628,-0.0696631308916926,0.644930141766343,0.00202380910373372,0.017126944218557,0.000530181213620457
0.999758820729526,0.0126916873271363,-0.0179226517652508,-0.0129984675669728,0.999769195501093,-0.0171054251045392,0.0177014184295665,0.0173342666382761,0.999693044381972,0.30164419771598,-0.0695777030933426,0.644932833700053,0.00206672505160222,0.0170441434673156,0.000546964075791092
0.999758873268041,0.012691254079024,-0.0179200276707339,-0.0129987217884673,0.99976848298051,-0.0171468268410412,0.0176982641432497,0.0173756297368551,0.999692382154413,0.301654638447538,-0.069492688368459,0.644935613320686,0.00210953888126503,0.0169624659856182,0.000566110973448676
0.999758923547677,0.0126907686478743,-0.0179175661828396,-0.012998934803466,0.999767761138942,-0.017188702138406,0.0176952671854807,0.0174174676217219,0.999691707148199,0.301665294012488,-0.0694080794280636,0.644938494557958,0.00215262878377731,0.0168803889146786,0.000586062019275223
0.999758972154839,0.0126901510442378,-0.0179152913002802,-0.0129990209530464,0.999767036975201,-0.0172307060821637,0.0176924574370472,0.0174594342491984,0.999691024819937,0.301676165688753,-0.0693238870202076,0.644941470895317,0.00219603636671278,0.0167966624888205,0.000604546882404286
0.999759019208077,0.0126893829188521,-0.0179132094623888,-0.0129989597233444,0.999766312985356,-0.017272708698329,0.0176898433632279,0.0175013993956256,0.999690337284991,0.301687255697309,-0.0692401152695985,0.644944536947769,0.00224005024418027,0.0167113389811222,0.000621550408042765
0.999759064654682,0.0126884553307051,-0.0179113299929654,-0.0129987357456194,0.999765595845357,-0.0173143360541091,0.0176874393231964,0.0175429890640041,0.999689650854148,0.301698567141667,-0.0691567772089774,0.64494768223608,0.002284371202121,0.0166235508152943,0.000636193417109252
0.999759111071027,0.0126873066268538,-0.0179095527868972,-0.0129982850431493,0.999764887013627,-0.0173555547467627,0.0176851467737055,0.0175841674578874,0.999688967948735,0.301710099821452,-0.0690738810954205,0.644950895369101,0.00232858004167159,0.0165350924667814,0.000648959365005157
0.999759160478663,0.0126859302672687,-0.0179077696057617,-0.0129976028631374,0.999764182982456,-0.0173965728013789,0.0176828549394946,0.0176251410966128,0.99968828693874,0.301721853018822,-0.0689914263796772,0.644954168927443,0.0023724154187816,0.0164469394418917,0.000660317625703904
0.999759213177009,0.0126844292765137,-0.0179058906960064,-0.0129967927822495,0.999763480322545,-0.0174375110244293,0.0176804707251666,0.0176660314525065,0.999687607349244,0.301733824007285,-0.0689094116313248,0.644957496594102,0.00241585147175369,0.0163592152573357,0.000671000016618874
0.999759268167819,0.0126828842108296,-0.0179039146736817,-0.0129959365555105,0.999762776760781,-0.0174784391928599,0.017677990428579,0.0177069097153638,0.999686927994329,0.301746011487302,-0.0688278343317104,0.644960877639866,0.00245882105228165,0.0162717694583765,0.000681548007055828
0.999759324871107,0.0126813112789516,-0.017901862403522,-0.0129950492124777,0.999762073627134,-0.0175192703255289,0.0176754357579546,0.0177476894558139,0.99968625002535,0.301758412218079,-0.0687466925798646,0.644964312520791,0.00250136259989954,0.0161857797812616,0.000693340344904388
0.999759381057463,0.0126797201895545,-0.017899851494168,-0.0129941448828084,0.999761368428109,-0.0175601366031131,0.0176729224058515,0.0177885045653089,0.999685569026065,0.301771025560312,-0.0686659754566444,0.644967812195088,0.00254380958110768,0.0161010051822632,0.00070700810222128
0.99975943610406,0.012678036299306,-0.017897969619102,-0.0129931466066046,0.999760666028923,-0.0176008182384627,0.0176705422144341,0.017829135060277,0.999684887292416,0.301783850750863,-0.0685856829702762,0.644971381743687,0.00258614047563738,0.0160162467108094,0.000720973555847835
0.999759490704873,0.0126762810318872,-0.0178961628494529,-0.0129920736241077,0.999759967436553,-0.0176412452567498,0.0176682418049812,0.0178695106386171,0.999684207047934,0.301796886364613,-0.0685058133727623,0.644975016802324,0.00262751804233904,0.0159315549624476,0.00073183569183477
0.999759550526355,0.0126744685362159,-0.0178941045784801,-0.0129909373671361,0.999759269407406,-0.017681594393394,0.0176656921082717,0.0179098040551489,0.999683531044221,0.301810125620195,-0.0684263661960821,0.644978697954367,0.00266823279175562,0.015848204709447,0.000741827812352647
0.999759613371291,0.0126726500899293,-0.0178918811583908,-0.0129897954103257,0.999758566410823,-0.0177221359709852,0.0176629750292991,0.017950287682219,0.999682852951495,0.301823569064495,-0.0683473300075166,0.644982435734861,0.00270879689335784,0.0157662476252399,0.000753287795230735
0.999759679216499,0.0126708495618459,-0.0178894769153449,-0.0129886688655496,0.999757860616386,-0.0177627311201879,0.0176600762746001,0.0179908228585593,0.999682175493215,0.301837213124305,-0.0682687049719036,0.644986228468971,0.00274854792150933,0.0156836343629762,0.000763780465027499
0.999759748745973,0.0126690315353673,-0.0178868786361719,-0.012987518439604,0.999757156173622,-0.017803175121651,0.0176569859310761,0.0180312040526166,0.999681502543807,0.301851054174942,-0.0681904957622977,0.644990072198498,0.00278756890976389,0.0155996937822917,0.00077410358035458
0.999759820507733,0.0126671673646525,-0.0178841876891765,-0.0129863130465591,0.999756457800466,-0.0178432272787903,0.0176538089885038,0.0180711913614371,0.999680836602851,0.301865088616181,-0.0681127106745493,0.644993968625735,0.0028259831435201,0.0155140017376303,0.000784655383398807
0.99975989338041,0.0126652370508576,-0.0178814808792849,-0.0129850313345533,0.999755768594199,-0.0178827325614226,0.0176506246130644,0.018110630388484,0.999680179116152,0.301879313648143,-0.0680353576769295,0.644997917561429,0.00286365382251349,0.0154271348444336,0.000795196894028439
0.999759967702536,0.0126631927419731,-0.0178787731403892,-0.0129836282057627,0.999755086687373,-0.0179218314169961,0.0176474467853111,0.0181496609418563,0.999679527363473,0.301893724695458,-0.0679584408987631,0.6450019196036,0.00290049674169691,0.0153393679435205,0.00080589670071845
0.999760044672168,0.0126609583660321,-0.0178760513077768,-0.0129820310375904,0.999754409319978,-0.0179607325964645,0.0176442610285528,0.0181884902758933,0.999678877877411,0.301908317021426,-0.0678819624180627,0.64500597617609,0.0029359470150408,0.0152528380592282,0.000816983236550474
0.999760126358836,0.0126585963868859,-0.01787315530278,-0.0129803087831863,0.999753726020589,-0.0179999692178048,0.0176408992643944,0.0182276505744076,0.999678223943925,0.301923083492511,-0.0678059107964179,0.645010087695306,0.0029701688749258,0.0151682573831374,0.000827826661848282
0.999760215807102,0.012656048060098,-0.0178699562628609,-0.0129784052940225,0.999753032391131,-0.0180398231910098,0.017637230093191,0.0182674210615318,0.999677562738306,0.301938017450803,-0.0677302792124358,0.645014253752708,0.00300294021289569,0.0150844727927847,0.000839048866673614
0.999760311914323,0.0126533386135638,-0.0178664977795563,-0.0129763400501013,0.999752334771681,-0.0180799258150184,0.017633301445859,0.0183074340229025,0.999676900073027,0.301953112596779,-0.0676550674157654,0.645018478243378,0.00303502677766422,0.0149999172741229,0.000851262464602637
0.99976041009701,0.012650534619234,-0.0178629890137502,-0.0129741726006824,0.999751643486269,-0.0181196631268892,0.0176293291983983,0.0183470793411869,0.999676243306633,0.301968367233675,-0.0675802819956242,0.645022767167605,0.0030665215745324,0.0149141896902699,0.000864713000865816
0.999760508719543,0.0126475694227148,-0.0178595686548612,-0.0129718360447548,0.999750962326932,-0.0181588765071563,0.0176254552981786,0.0183861990109909,0.999675592885742,0.301983778244858,-0.0675059253603602,0.645027124589043,0.00309770112356973,0.0148289022581533,0.000878816327492637
0.999760606661751,0.012644437342397,-0.0178563034142694,-0.0129693278874518,0.99975028938295,-0.0181976760289791,0.0176217451313999,0.0184249038804036,0.999674945677605,0.301999343782114,-0.0674319933879784,0.645031553024928,0.00312800304600521,0.0147436213691587,0.000892153863426147
0.999760706705436,0.0126412140953206,-0.0178529838975102,-0.0129667189641002,0.999749624855364,-0.018236002875236,0.017617988737496,0.0184631337468979,0.999674306544432,0.302015057752916,-0.0673584901459023,0.645036043456907,0.0031574147565374,0.0146578867307494,0.000904352917825543
0.999760808940285,0.0126379167849994,-0.0178495928917875,-0.0129640278449941,0.999748966703968,-0.0182739584213061,0.01761416728379,0.0185009900730971,0.999673673994276,0.302030917113372,-0.0672854148659368,0.645040595991104,0.00318597995796257,0.0145722315781768,0.000916846245760758
0.999760912633562,0.0126346227859015,-0.0178461165849721,-0.0129613327847406,0.999748312769573,-0.0183116074345128,0.0176102646927764,0.0185385388164892,0.99967304712891,0.302046917742809,-0.067212767800112,0.645045210248778,0.00321402632526224,0.0144869229093527,0.000929206026691687
0.999761016939451,0.0126313825425774,-0.0178425666107673,-0.0129586860520026,0.999747660726661,-0.0183490415928372,0.0176062904668254,0.01857587270179,0.999672424091695,0.30206305639174,-0.0671405474259783,0.645049886513531,0.00324108483496477,0.0144007575793682,0.000941228757100666
0.99976112118543,0.0126282799354331,-0.0178389212657284,-0.0129561679390126,0.999747012877552,-0.0183860804617868,0.017602223677383,0.0186128124764511,0.99967180861187,0.302079328235354,-0.0670687581918906,0.645054622673927,0.00326742146050461,0.0143159215228787,0.000953933031710855
0.999761225048607,0.012625248315175,-0.0178352458432391,-0.0129537207430537,0.999746361919376,-0.0184231633517183,0.0175981251336494,0.0186497971558215,0.99967119147139,0.302095730507767,-0.066997386899536,0.645059424638267,0.00329302691262971,0.0142327530327138,0.000967103726917947
0.999761328829407,0.0126222636810377,-0.017831540506237,-0.0129513208087634,0.999745707791175,-0.0184603099224221,0.0175939951849405,0.0186868459802541,0.999670572299067,0.302112258290704,-0.0669264292044875,0.645064293851366,0.00331796947563689,0.0141510614690734,0.000981447713857807
0.999761430516986,0.0126192512876536,-0.0178279709324487,-0.0129488998022553,0.999745047889316,-0.0184977083634996,0.0175899984235455,0.0187241479840601,0.999669944650598,0.302128909975109,-0.0668558737524428,0.645069240350939,0.00334245381471693,0.0140715185678659,0.000997526987307814
0.999761529398266,0.012616187805165,-0.0178245936981896,-0.0129464345475725,0.999744383455662,-0.0185353063466278,0.0175861925312489,0.0187616511566207,0.999669308460619,0.302145683877084,-0.0667857149390167,0.645074267158733,0.00336708026603378,0.0139916455322077,0.00101346545934069
0.999761624466462,0.0126129961256829,-0.0178215199383936,-0.0129438438478566,0.999743722067083,-0.0185727513820207,0.0175826946348776,0.0187990030637148,0.999668668276238,0.302162581659724,-0.0667159587714607,0.645079372900385,0.00339186256252886,0.013910907094569,0.00102891870785416
0.999761716144342,0.0126096586971179,-0.0178187384419175,-0.0129411090920461,0.99974306491643,-0.0186099932017808,0.0175794945202367,0.0188361529789064,0.999668025253068,0.302179603439011,-0.066646606498703,0.645084555449233,0.00341693638235952,0.0138299991628146,0.00104444705436618
0.999761804189716,0.0126060979130806,-0.0178163177657408,-0.0129381558462627,0.999742411034656,-0.018647136560623,0.0175766608495995,0.0188732051866802,0.999667376240397,0.30219675151646,-0.066577655799242,0.645089816016097,0.00344203877051683,0.0137512942143175,0.00106003665100662
0.999761892179799,0.0126022612572503,-0.0178140943152069,-0.0129349383717101,0.999741750572707,-0.0186847405959811,0.0175740238530378,0.0189107158252418,0.999666713716421,0.302214023637344,-0.066509091594385,0.64509515204038,0.00346652493116512,0.0136746519310901,0.00107403218347037
0.999761984245759,0.0125981351271113,-0.0178118457297631,-0.0129314411681755,0.999741081228573,-0.0187229360207887,0.0175713598305837,0.0189488125022011,0.999666039144304,0.302231416202787,-0.0664409077642271,0.645100553908003,0.00349014839741307,0.0135993481589124,0.0010869559885037
0.999762080942538,0.012593722195878,-0.0178095387559434,-0.0129276627302328,0.99974040673117,-0.0187615214022829,0.017568638131049,0.0189872933892121,0.99966535682896,0.30224892583303,-0.0663730990485855,0.645106018901998,0.00351360544928848,0.0135236941610064,0.00109912436053027
0.999762181170202,0.0125890117084134,-0.0178072425155098,-0.0129235841316037,0.999739737419695,-0.0187999573720905,0.0175659350731497,0.0190256197850291,0.999664675637187,0.302266552230626,-0.0663056720100944,0.645111542120307,0.00353649705840351,0.0134473882731325,0.00111005791968261
0.999762285604799,0.0125840316800735,-0.0178048990152534,-0.0129192306090204,0.999739074778277,-0.0188381485806344,0.0175631934094974,0.0190636960778862,0.999663998416023,0.302284290920096,-0.0662386251384123,0.645117117202077,0.0035589533092986,0.0133713986228642,0.0011203219675217
0.999762390762649,0.0125788480476464,-0.017802657058639,-0.0129146672646764,0.999738421938799,-0.0188758859067021,0.0175605633735363,0.019101316214187,0.99966332649192,0.30230214247763,-0.0661719594005425,0.645122744367738,0.00358159781247106,0.013294720044786,0.00113070397203629
0.999762492862906,0.0125735657974318,-0.0178006546982254,-0.0129099971543175,0.999737782558963,-0.0189129082259796,0.0175581843601014,0.0191382226767918,0.999662662399047,0.302320108541442,-0.0661056792760012,0.645128422310629,0.00360488771151802,0.0132172174269612,0.00114094487626361
0.999762589300593,0.0125681177933512,-0.0177990856536632,-0.0129051557639381,0.999737158765964,-0.0189491513600242,0.0175562521536484,0.0191743526015629,0.999662003985661,0.302338192988975,-0.0660397882258557,0.645134152238501,0.00362889807300003,0.0131392159214535,0.00115116857308902
0.999762678956782,0.0125625817845058,-0.0177979578622402,-0.0129002229136809,0.999736547591361,-0.0189847217226064,0.0175547718280762,0.0192098138724731,0.999661349176335,0.302356399219526,-0.0659742874630408,0.645139931918117,0.00365368026188159,0.0130612298768364,0.00116097049386135
0.999762760571993,0.0125570327164048,-0.0177972891988141,-0.0128952764574956,0.999735945375272,-0.0190197626088001,0.0175537579609566,0.0192447513356107,0.999660694999798,0.30237473176539,-0.0659091762978885,0.645145760170635,0.00367944341596038,0.0129832574870983,0.00117063274333103
0.99976283288541,0.0125515952009308,-0.0177970626467589,-0.0128904413381895,0.99973534989711,-0.0190543089145043,0.0175531906799699,0.0192792018510787,0.999660041150459,0.302393195496044,-0.065844454051735,0.645151636457604,0.00370607809952575,0.012906268105899,0.00118015116298067
0.999762896542781,0.0125463831285627,-0.0177971617619289,-0.0128858349639621,0.999734753471972,-0.0190886866394161,0.0175529471505636,0.0193134919351112,0.999659383528011,0.302411792646143,-0.0657801100814664,0.645157560575891,0.00373248077479903,0.0128320581217211,0.0011897248884865
0.9997629559534,0.0125413459036227,-0.0177973747009232,-0.0128814076597079,0.999734151328993,-0.0191231797356661,0.0175528128806694,0.0193479019385529,0.999658720489424,0.302430520991908,-0.065716133323817,0.645163529726621,0.00375865417256253,0.0127584701907493,0.00119761196297742
0.999763013643134,0.0125365573389965,-0.0177975077267844,-0.0128772264914474,0.999733545868626,-0.0191576173579173,0.0175525949388363,0.0193822598019545,0.999658058746031,0.302449379229896,-0.0656525241518097,0.645169535337799,0.00378430575159383,0.012686156813704,0.00120560001576917
0.999763069573568,0.0125319938775263,-0.0177975797874618,-0.0128732730656731,0.999732932084549,-0.0191922730860112,0.0175523091761181,0.0194168389570768,0.999657392713874,0.302468363763241,-0.0655892697970538,0.645175585095078,0.00380915104801129,0.012615677267681,0.0012143357906821
0.999763124904473,0.0125276886000806,-0.0177975026220832,-0.0128695794477411,0.999732308766493,-0.019227187346452,0.0175518661709212,0.0194516792785789,0.999656723164087,0.302487469977469,-0.0655263639412149,0.645181677854399,0.00383282540404537,0.0125482213903256,0.0012236110482203
0.999763180850943,0.0125236006741025,-0.0177972368911727,-0.0128661126986889,0.999731666793333,-0.0192628542705598,0.0175512210068,0.0194872737133702,0.999656041248384,0.30250669100812,-0.0654637830574842,0.645187820221776,0.00385512010249198,0.0124846217351064,0.00123335851349497
0.999763239887949,0.0125196590154896,-0.0177966937066002,-0.0128628026970794,0.999731004000008,-0.0192994286939383,0.0175502842007382,0.0195237747188465,0.999655345479231,0.302526020289913,-0.0654015126086033,0.645194010148393,0.0038761480316801,0.0124253465475595,0.00124329504796246
0.999763302357,0.0125157629666542,-0.0177959247466593,-0.0128595550183105,0.999730315716735,-0.0193372097689525,0.0175491055315443,0.0195614803703594,0.999654629049835,0.302545452266765,-0.0653395250767741,0.64520025131956,0.00389642548847502,0.012369883860857,0.00125302315416286
0.999763367143476,0.0125119480536865,-0.0177949676549439,-0.0128563974187221,0.999729610809531,-0.0193757145942015,0.0175477281535395,0.0195999088397352,0.999653900512634,0.302564983974297,-0.0652778125313112,0.645206535403936,0.00391595780354823,0.0123154899960602,0.00126007564884003
0.999763433898368,0.0125082419338643,-0.0177938226209925,-0.01285334812399,0.999728899372053,-0.0194144070820594,0.0175461586037215,0.0196385244880646,0.999653170191635,0.302584612997154,-0.065216369940205,0.645212847786753,0.00393566556036944,0.0122616285735731,0.00126487009384333
0.999763499743947,0.0125046899629241,-0.0177926194998865,-0.0128504466592319,0.9997281901465,-0.0194528107753619,0.0175445319229335,0.0196768532884439,0.999652445024905,0.302604341246354,-0.0651551951173969,0.645219179769701,0.00395529391798707,0.0122089487764059,0.00126741614010801
0.99976356551599,0.0125012466866273,-0.0177913433454252,-0.0128476488328372,0.999727482000733,-0.0194910146462874,0.0175428329018666,0.0197149832298631,0.999651723576779,0.302624166734765,-0.0650942799434773,0.645225517923894,0.00397500499225801,0.0121569389024729,0.00126790805263402
0.999763628264659,0.0124978871059469,-0.0177901775419077,-0.012844929747739,0.999726779191297,-0.0195288183864976,0.0175412479277058,0.0197527159065321,0.999651006519503,0.302644092743878,-0.0650336258780878,0.645231856220837,0.00399529651777788,0.0121050900137254,0.00126748709295367
0.999763686052912,0.0124946622324165,-0.017789195192361,-0.0128423434278401,0.999726079338053,-0.0195663105016268,0.017539847923386,0.0197901416635274,0.999650290865642,0.302664120601952,-0.0649732275934078,0.645238189582529,0.00401572729763195,0.0120546773780544,0.00126568624965721
0.999763739870252,0.0124914842899834,-0.0177884024263221,-0.0128398078296565,0.999725377287565,-0.0196038093781445,0.017538636650127,0.0198275774483478,0.999649570298005,0.302684250639462,-0.0649130766548446,0.645244509746974,0.0040360716574794,0.0120064804482908,0.00126239258339613
0.999763789692948,0.0124884449963706,-0.0177877362350428,-0.0128374151058757,0.999724669986568,-0.0196414101745813,0.0175375480667699,0.0198651192248961,0.999648844067749,0.302704482119198,-0.0648531622192139,0.645250810107269,0.00405648173937884,0.0119589630987453,0.00125751072108852
0.999763834832635,0.012485620747523,-0.0177871817692855,-0.0128352349787723,0.999723963697977,-0.0196787487164693,0.0175365704681469,0.0199024039391041,0.999648119596921,0.302724815971346,-0.0647934879262523,0.645257081200995,0.00407673827810704,0.0119108988906,0.0012507486191903
0.999763876177525,0.0124830401440515,-0.0177866691443883,-0.0128332918755917,0.999723261276858,-0.0197156658928833,0.0175356354354727,0.0199392720711146,0.999647401296651,0.302745249558444,-0.0647340536835084,0.645263314042335,0.00409648080569929,0.0118627461886252,0.00124222148129631
0.999763915044846,0.0124806886665597,-0.01778613461692,-0.0128315687733506,0.999722564381671,-0.0197520912551515,0.0175346804081958,0.0199756520931225,0.999646691739855,0.302765780301296,-0.0646748600771408,0.645269500080041,0.00411529023994769,0.011815212894419,0.0012320797670728
0.999763954271772,0.0124784510074097,-0.0177854996928726,-0.0128299543582367,0.999721868219453,-0.0197883418954813,0.0175336251253144,0.0200118580912062,0.99964598609993,0.302786402104298,-0.0646159016998378,0.645275632572338,0.0041332770800308,0.0117678443112322,0.00122113708553381
0.999763992222946,0.0124763542640298,-0.0177848373260944,-0.0128284750815139,0.999721174841735,-0.0198242982257723,0.0175325434983117,0.020047771879683,0.999645285469371,0.302807113389597,-0.0645571815095183,0.645281711104523,0.00415097850712498,0.0117208752294678,0.00121092021018393
0.99976402714266,0.0124743060828015,-0.0177843110421476,-0.0128270482901686,0.99972047807633,-0.0198603259539538,0.0175315961524601,0.0200837596726358,0.999644579705087,0.302827912347096,-0.0644986900022182,0.645287742628691,0.00416848486038552,0.0116765367481834,0.00120243327759854
0.999764056580811,0.0124722952285777,-0.0177840664869638,-0.0128256712123622,0.99971977169015,-0.0198967396762969,0.0175309248767409,0.0201201377610875,0.999643859946852,0.302848799280731,-0.0644404137679996,0.645293735211528,0.00418624283430855,0.0116343484130556,0.00119485979132976
0.999764079730534,0.0124702500394288,-0.0177841992935649,-0.0128242699476859,0.999719061364369,-0.0199332999037905,0.0175306297909683,0.02015666660685,0.999643129226842,0.302869776492895,-0.0643823491577457,0.645299688710607,0.00420479157326279,0.0115902146314419,0.00118629996784399
0.999764096119778,0.0124680593763315,-0.0177848138924962,-0.0128227215196705,0.999718364598921,-0.0199692087095953,0.0175308277794129,0.0201925476115984,0.999642401610857,0.302890848884737,-0.064324514966607,0.645305594632971,0.00422409255585227,0.0115437443411559,0.00117597374656201
0.99976410782283,0.012465694245995,-0.0177858139028598,-0.0128209971991974,0.999717679365879,-0.0200045893264776,0.0175314215065398,0.020227902270582,0.999641676416951,0.302912018816097,-0.0642669122100065,0.645311445578748,0.00424392892467018,0.0114971734317769,0.00116438857349878
0.999764116055194,0.0124631691908486,-0.0177871206803607,-0.0128191111296717,0.99971700421855,-0.0200395076320019,0.0175323312261251,0.0202627957105681,0.99964095377879,0.302933289166085,-0.0642095431540018,0.645317236281584,0.00426398104846391,0.0114509649774575,0.00115202227574484
0.99976412260871,0.0124605420927722,-0.017788592839006,-0.0128171231020509,0.999716332998542,-0.0200742345142956,0.0175334109580696,0.020297498040456,0.999640230819805,0.302954659537857,-0.0641524016465969,0.645322964794618,0.00428420376428864,0.0114057694691786,0.00113981337125594
0.999764127962202,0.0124577773895108,-0.0177902282866684,-0.0128150002000527,0.999715663085423,-0.0201089221875694,0.017534657391892,0.0203321608341678,0.999639504534491,0.302976131718048,-0.064095484856597,0.645328632677233,0.00430426731529512,0.0113613300910949,0.00112719577657794
0.999764134617316,0.0124549351546755,-0.0177918442883995,-0.01281279986685,0.999714992507676,-0.0201436321191138,0.0175358858476519,0.0203668442737448,0.999638776939884,0.302997702125896,-0.0640387866152103,0.645334235230605,0.00432372549774038,0.0113184564401672,0.00111420456591744
0.999764142307922,0.0124521459785984,-0.017793364376425,-0.0128106530899962,0.99971431732196,-0.0201784763769648,0.017537015786967,0.0204016617464272,0.999638047132697,0.303019368706897,-0.0639822953187273,0.645339775599359,0.00434243828713289,0.0112797883010096,0.00110277332114302
0.999764150297914,0.0124494363312673,-0.0177948114382629,-0.0128085955318425,0.99971362699025,-0.0202139528668038,0.0175380631653349,0.0204371119543203,0.99963730462372,0.303041126609343,-0.0639259860794557,0.645345263745602,0.0043606848089807,0.0112436217607103,0.00109299508750194
0.999764155822228,0.0124468095703306,-0.0177963385163296,-0.0128066276256508,0.999712928427651,-0.0202497166268932,0.0175391853267415,0.0204728519296039,0.999636553609332,0.303062975871623,-0.0638698585624699,0.645350704367526,0.00437861972527325,0.0112081637117335,0.00108323943439901
0.999764159227712,0.0124443760404117,-0.01779784898999,-0.012804855788722,0.999712222494439,-0.0202856565942442,0.0175402848305179,0.0205087712989929,0.999635798032398,0.303084913032706,-0.0638139010336318,0.645356095485839,0.0043961906334413,0.011175869276084,0.00107397462290256
0.999764158931755,0.0124421703781543,-0.0177994076239069,-0.0128033184576881,0.999711505816288,-0.0203219136648501,0.0175414238861057,0.0205450124071897,0.999635033856475,0.303106938309151,-0.0637580955780598,0.645361444156159,0.00441362570993455,0.011147323052885,0.00106572719026484
0.999764155865931,0.01244015782981,-0.0178009864572889,-0.0128019828351319,0.999710775850489,-0.0203586316805232,0.0175425733908157,0.0205817181397383,0.999634258615242,0.303129049915672,-0.0637024246032532,0.645366752965828,0.00443100732391124,0.0111217276496923,0.00105866664761022
0.999764148273924,0.0124383740373143,-0.0178026592795254,-0.0128008847668447,0.999710033622002,-0.0203957354533089,0.017543807320561,0.0206188148738783,0.999633472477736,0.303151249009446,-0.0636468755492944,0.645372031751408,0.00444832574268822,0.0110985132321016,0.00105326088795851
0.999764137372126,0.0124368069882424,-0.0178043662202981,-0.0128000085909749,0.999709282112439,-0.0204330868520476,0.0175450678152082,0.0206561634910638,0.999632679290343,0.303173533792375,-0.0635914393574708,0.645377285676945,0.00446559314611852,0.011075417103068,0.00104871727006968
0.999764123189758,0.0124353637635566,-0.0178061705788074,-0.0127992549975758,0.99970853156102,-0.0204702465939038,0.0175464256793397,0.0206933238552008,0.999631886893222,0.303195905556795,-0.0635361217093927,0.645382519161884,0.004482786657156,0.0110523374349156,0.00104531761039217
0.999764106778452,0.012434045457803,-0.0178080125516028,-0.0127986257024629,0.999707779803662,-0.0205073201604243,0.0175478197395862,0.0207304007097591,0.999631094208659,0.303218362001817,-0.0634809172225204,0.645387738446311,0.00449968706864233,0.0110287029456506,0.00104267524153603
0.999764089285703,0.0124326851155071,-0.0178099442881868,-0.0127979494583618,0.999707035349714,-0.0205440006314961,0.0175493095132226,0.0207670848484891,0.999630306624657,0.303240903289364,-0.063425839142617,0.645392945897214,0.00451670544645574,0.0110020237561366,0.00104114291543022
0.999764069745931,0.0124311512759816,-0.017812111694193,-0.0127970937376468,0.999706304768392,-0.0205800534060767,0.0175510466047648,0.0208031412118638,0.999629526414059,0.303263529700553,-0.0633709007491986,0.645398150065473,0.00453364160504967,0.01097284970062,0.00104093143893989
0.999764047692886,0.0124295150153189,-0.0178144912141963,-0.0127961255174767,0.999705591528558,-0.0206152719671055,0.0175530086446084,0.0208383642117299,0.999628758322059,0.303286239833388,-0.0633161123101306,0.645403354768336,0.00455009869470249,0.0109426576933328,0.00104135955050515
0.999764024378945,0.0124277565541344,-0.0178170262571152,-0.0127950302236645,0.999704888414715,-0.0206500189176045,0.0175551348383051,0.0208731154060212,0.999627995953523,0.303309031347313,-0.063261474478043,0.645408564073896,0.00456649694954796,0.010912688265123,0.00104324180273671
0.999763997559565,0.0124259876454682,-0.0178197647221772,-0.0127939240037655,0.999704190000511,-0.0206844870375894,0.0175574682772019,0.0209075901637899,0.999627234513565,0.303331905559798,-0.0632069857039741,0.645413787395503,0.00458290487191338,0.0108827381222613,0.00104630486989052
0.999763967932843,0.0124242810185573,-0.0178226166527298,-0.0127928776482425,0.999703495490335,-0.0207186723967253,0.0175599175583299,0.0209417846798607,0.999626475714688,0.303354860907453,-0.0631526464963229,0.645419026780195,0.00459913823569272,0.010853514437221,0.00105008247551154
0.999763934443052,0.0124227757890903,-0.0178255442733887,-0.0127920320535789,0.999702800070979,-0.0207527214163332,0.0175624401177273,0.0209758473473116,0.999625717218787,0.303377897408623,-0.0630984489475544,0.645424288116182,0.00461515816409032,0.0108257749341666,0.00105475430363853
0.999763898688439,0.0124214369274564,-0.0178284823793235,-0.0127913516973561,0.999702103182983,-0.0207866835564554,0.0175649708524429,0.0210098261815488,0.999624959173576,0.303401012357352,-0.0630443895062021,0.645429572252934,0.00463048963523799,0.0107975338095249,0.00105868458041713
0.999763863186391,0.0124202763725741,-0.0178312815425913,-0.0127908405058528,0.999701410552476,-0.0208202819035565,0.0175673636546898,0.0210434425467556,0.999624210020948,0.303424201882538,-0.062990475448222,0.645434872679733,0.00464491866648062,0.0107680741985715,0.00106174572436525
0.999763828117048,0.012419303041676,-0.0178339255551167,-0.0127905062893157,0.999700723003877,-0.0208534739165747,0.0175696026594059,0.0210766538493497,0.9996234709754,0.303447461866049,-0.062936710066737,0.645440189163718,0.00465903698500485,0.0107380450453697,0.00106548510900181
0.999763791888706,0.012418413260087,-0.0178365759163082,-0.012790250409167,0.999700039893235,-0.0208863527676612,0.0175718502949273,0.0211095535141338,0.999622737250232,0.303470792836083,-0.0628830954317084,0.645445526139296,0.00467302245992969,0.0107081809288676,0.0010693249067807
0.999763755269349,0.0124176311103937,-0.0178391728321369,-0.0127901006209706,0.9996993550157,-0.0209191994899356,0.0175740426719101,0.0211424222548046,0.999622004062218,0.30349419208006,-0.062829627043668,0.645450879849654,0.00468641505178936,0.0106796733249795,0.00107221778347496
0.999763718494148,0.0124170450019129,-0.0178416416333901,-0.012790147762513,0.999698662418667,-0.0209522428045666,0.017576100334458,0.0211754894099026,0.999621267953661,0.303517657275576,-0.0627762973726644,0.645456247426533,0.0046994725581133,0.010652400993315,0.00107532845212424
0.999763678896647,0.0124167439899619,-0.017844069819675,-0.0127904809212216,0.999697963099291,-0.0209853799806776,0.0175781101613784,0.0212086549271118,0.999620529500739,0.303541187301286,-0.0627231015074898,0.645461632930045,0.00471234433701514,0.0106265785684308,0.00107927185682558
0.999763635137286,0.0124167759997844,-0.0178464991203005,-0.0127911500514679,0.999697255034357,-0.0210186763887155,0.0175801119860068,0.0212419855602976,0.999619786574884,0.303564781112703,-0.0626700303121403,0.645467038865942,0.00472493362603987,0.0106022330106702,0.00108339094053988
0.999763587356373,0.0124171228563631,-0.0178489343179661,-0.0127921365508644,0.99969653908079,-0.0210521018512254,0.0175821113288797,0.0212754508732557,0.999619039710308,0.303588436748284,-0.0626170772744654,0.645472465282954,0.00473702716706486,0.0105794643410735,0.00108714731096677
0.999763537140129,0.0124177914146488,-0.0178512817870225,-0.0127934455135913,0.999695814878136,-0.0210856697078816,0.0175840142444261,0.0213090631310102,0.999618290284612,0.303612151072824,-0.0625642355848129,0.64547790788317,0.00474829371042494,0.0105568969268645,0.00108986726688409
0.999763485772345,0.012418766684436,-0.0178534800632208,-0.0127950537075505,0.999695091020275,-0.0211189864952406,0.017585764610934,0.0213424277907364,0.99961754769464,0.30363591971879,-0.0625115115324355,0.645483361538369,0.00475901663264626,0.0105320512593478,0.00109166753667524
0.999763433250093,0.0124199536631038,-0.0178555953973608,-0.0127968600163275,0.999694377868667,-0.0211516247957748,0.0175874361323763,0.0213751165794498,0.99961681982723,0.303659741499,-0.0624589186616896,0.645488823030298,0.0047693758186814,0.010504554611358,0.00109317458588742
0.999763377585002,0.0124214243767054,-0.0178576889961073,-0.0127989369883184,0.999693675488762,-0.0211835407743405,0.0175890889984944,0.0214070877099824,0.999616106584913,0.303683613924948,-0.0624064666103206,0.645494293436292,0.00477952254086984,0.0104767878614622,0.00109572760930297
0.999763316487158,0.0124231050979334,-0.0178599402665599,-0.0128012233052274,0.999692974407314,-0.0212152210110487,0.0175908978875181,0.0214388288015843,0.99961539450487,0.303707537996873,-0.0623541513204011,0.645499780245328,0.00479008177080089,0.0104489113131469,0.00109933190172901
0.999763248227051,0.0124249193999216,-0.0178624990525169,-0.0128036459438153,0.999692275379286,-0.0212466749758961,0.0175930140976792,0.0214703499014665,0.999614680729564,0.303731516298241,-0.0623019789547357,0.645505285516513,0.00480126815455863,0.0104201360301763,0.00110301775813571
0.999763171608058,0.0124268142215553,-0.0178654690534327,-0.0128061566029059,0.99969157602283,-0.0212780446012464,0.0175955406071555,0.0215017933506424,0.999613960403439,0.303755552781285,-0.0622499501250496,0.645510809001914,0.0048135048906891,0.0103915267467459,0.00110669727171088
0.999763086189302,0.0124286878538708,-0.017868945449368,-0.0128086574550941,0.999690875436185,-0.0213094313352863,0.0175985734489903,0.0215332600380496,0.999613229666702,0.303779653066465,-0.0621980660583922,0.645516349128389,0.00482644841021579,0.0103615127441235,0.00110904565842754
0.999762995195279,0.0124304914751074,-0.0178727815365133,-0.012811092924463,0.999690178744166,-0.0213406284007354,0.0176019696694837,0.0215645404343516,0.999612495549955,0.303803817975922,-0.0621463367637293,0.645521896106558,0.00483934134884022,0.0103301373687601,0.00110961408604166
0.999762901435097,0.0124322865472621,-0.017876777262235,-0.0128135196559908,0.999689485873595,-0.021371606112164,0.0176055283391988,0.0215956033718605,0.999611762279187,0.303828047232003,-0.0620947659923819,0.64552744179329,0.00485221814866196,0.0102980766015452,0.00110852439171779
